t,x,y,z,K11,K12,K13,K21,K22,K23,K31,K32,K33,D11,D12,D13,D21,D22,D23,D31,D32,D33
0.0,0.08539518713951111,-0.08199436962604523,0.005,200.0,0.0,0.0,0.0,200.0,0.0,0.0,0.0,200.0,10.0,0.0,0.0,0.0,10.0,0.0,0.0,0.0,10.0
0.0010001666944490749,0.0853724561148553,-0.08199436962604523,0.005,200.0,0.0,0.0,0.0,200.0,0.0,0.0,0.0,200.0,10.0,0.0,0.0,0.0,10.0,0.0,0.0,0.0,10.0
0.0020003333888981498,0.0853497250901995,-0.08199436962604523,0.005,200.0,0.0,0.0,0.0,200.0,0.0,0.0,0.0,200.0,10.0,0.0,0.0,0.0,10.0,0.0,0.0,0.0,10.0
0.0030005000833472247,0.0853269940655437,-0.08199436962604523,0.005,200.0,0.0,0.0,0.0,200.0,0.0,0.0,0.0,200.0,10.0,0.0,0.0,0.0,10.0,0.0,0.0,0.0,10.0
0.0040006667777962995,0.0853042630408879,-0.08199436962604523,0.005,200.0,0.0,0.0,0.0,200.0,0.0,0.0,0.0,200.0,10.0,0.0,0.0,0.0,10.0,0.0,0.0,0.0,10.0
0.005000833472245374,0.08528153201623209,-0.08199436962604523,0.005,200.0,0.0,0.0,0.0,200.0,0.0,0.0,0.0,200.0,10.0,0.0,0.0,0.0,10.0,0.0,0.0,0.0,10.0
0.006001000166694449,0.08525880099157628,-0.08199436962604523,0.005,200.0,0.0,0.0,0.0,200.0,0.0,0.0,0.0,200.0,10.0,0.0,0.0,0.0,10.0,0.0,0.0,0.0,10.0
0.007001166861143524,0.08523606996692047,-0.08199436962604523,0.005,200.0,0.0,0.0,0.0,200.0,0.0,0.0,0.0,200.0,10.0,0.0,0.0,0.0,10.0,0.0,0.0,0.0,10.0
0.008001333555592599,0.08521333894226467,-0.08199436962604523,0.005,200.0,0.0,0.0,0.0,200.0,0.0,0.0,0.0,200.0,10.0,0.0,0.0,0.0,10.0,0.0,0.0,0.0,10.0
0.009001500250041674,0.08519060791760887,-0.08199436962604523,0.005,200.0,0.0,0.0,0.0,200.0,0.0,0.0,0.0,200.0,10.0,0.0,0.0,0.0,10.0,0.0,0.0,0.0,10.0
0.010001666944490749,0.08516787689295306,-0.08199436962604523,0.005,200.0,0.0,0.0,0.0,200.0,0.0,0.0,0.0,200.0,10.0,0.0,0.0,0.0,10.0,0.0,0.0,0.0,10.0
0.011001833638939824,0.08514514586829726,-0.08199436962604523,0.005,200.0,0.0,0.0,0.0,200.0,0.0,0.0,0.0,200.0,10.0,0.0,0.0,0.0,10.0,0.0,0.0,0.0,10.0
0.012002000333388899,0.08512241484364146,-0.08199436962604523,0.005,200.0,0.0,0.0,0.0,200.0,0.0,0.0,0.0,200.0,10.0,0.0,0.0,0.0,10.0,0.0,0.0,0.0,10.0
0.013002167027837973,0.08509968381898565,-0.08199436962604523,0.005,200.0,0.0,0.0,0.0,200.0,0.0,0.0,0.0,200.0,10.0,0.0,0.0,0.0,10.0,0.0,0.0,0.0,10.0
0.014002333722287048,0.08507695279432985,-0.08199436962604523,0.005,200.0,0.0,0.0,0.0,200.0,0.0,0.0,0.0,200.0,10.0,0.0,0.0,0.0,10.0,0.0,0.0,0.0,10.0
0.015002500416736123,0.08505422176967405,-0.08199436962604523,0.005,200.0,0.0,0.0,0.0,200.0,0.0,0.0,0.0,200.0,10.0,0.0,0.0,0.0,10.0,0.0,0.0,0.0,10.0
0.016002667111185198,0.08503149074501823,-0.08199436962604523,0.005,200.0,0.0,0.0,0.0,200.0,0.0,0.0,0.0,200.0,10.0,0.0,0.0,0.0,10.0,0.0,0.0,0.0,10.0
0.017002833805634273,0.08500875972036243,-0.08199436962604523,0.005,200.0,0.0,0.0,0.0,200.0,0.0,0.0,0.0,200.0,10.0,0.0,0.0,0.0,10.0,0.0,0.0,0.0,10.0
0.018003000500083348,0.08498602869570662,-0.08199436962604523,0.005,200.0,0.0,0.0,0.0,200.0,0.0,0.0,0.0,200.0,10.0,0.0,0.0,0.0,10.0,0.0,0.0,0.0,10.0
0.019003167194532423,0.08496329767105082,-0.08199436962604523,0.005,200.0,0.0,0.0,0.0,200.0,0.0,0.0,0.0,200.0,10.0,0.0,0.0,0.0,10.0,0.0,0.0,0.0,10.0
0.020003333888981498,0.08494056664639502,-0.08199436962604523,0.005,200.0,0.0,0.0,0.0,200.0,0.0,0.0,0.0,200.0,10.0,0.0,0.0,0.0,10.0,0.0,0.0,0.0,10.0
0.021003500583430573,0.08481286328759745,-0.08221831338756143,0.005,200.0,0.0,0.0,0.0,200.0,0.0,0.0,0.0,200.0,10.0,0.0,0.0,0.0,10.0,0.0,0.0,0.0,10.0
0.022003667277879647,0.08467803680612596,-0.0824574533328948,0.005,200.0,0.0,0.0,0.0,200.0,0.0,0.0,0.0,200.0,10.0,0.0,0.0,0.0,10.0,0.0,0.0,0.0,10.0
0.023003833972328722,0.08454321032465448,-0.08269659327822818,0.005,200.0,0.0,0.0,0.0,200.0,0.0,0.0,0.0,200.0,10.0,0.0,0.0,0.0,10.0,0.0,0.0,0.0,10.0
0.024004000666777797,0.084408383843183,-0.08293573322356154,0.005,200.0,0.0,0.0,0.0,200.0,0.0,0.0,0.0,200.0,10.0,0.0,0.0,0.0,10.0,0.0,0.0,0.0,10.0
0.025004167361226872,0.08427355736171152,-0.08317487316889492,0.005,200.0,0.0,0.0,0.0,200.0,0.0,0.0,0.0,200.0,10.0,0.0,0.0,0.0,10.0,0.0,0.0,0.0,10.0
0.026004334055675947,0.08413873088024004,-0.08341401311422829,0.005,200.0,0.0,0.0,0.0,200.0,0.0,0.0,0.0,200.0,10.0,0.0,0.0,0.0,10.0,0.0,0.0,0.0,10.0
0.027004500750125022,0.08400390439876856,-0.08365315305956167,0.005,200.0,0.0,0.0,0.0,200.0,0.0,0.0,0.0,200.0,10.0,0.0,0.0,0.0,10.0,0.0,0.0,0.0,10.0
0.028004667444574097,0.08386907791729709,-0.08389229300489504,0.005,200.0,0.0,0.0,0.0,200.0,0.0,0.0,0.0,200.0,10.0,0.0,0.0,0.0,10.0,0.0,0.0,0.0,10.0
0.02900483413902317,0.0837342514358256,-0.0841314329502284,0.005,200.0,0.0,0.0,0.0,200.0,0.0,0.0,0.0,200.0,10.0,0.0,0.0,0.0,10.0,0.0,0.0,0.0,10.0
0.030005000833472247,0.08359942495435412,-0.08437057289556178,0.005,200.0,0.0,0.0,0.0,200.0,0.0,0.0,0.0,200.0,10.0,0.0,0.0,0.0,10.0,0.0,0.0,0.0,10.0
0.03100516752792132,0.08346459847288264,-0.08460971284089515,0.005,200.0,0.0,0.0,0.0,200.0,0.0,0.0,0.0,200.0,10.0,0.0,0.0,0.0,10.0,0.0,0.0,0.0,10.0
0.032005334222370396,0.08332977199141116,-0.08484885278622853,0.005,200.0,0.0,0.0,0.0,200.0,0.0,0.0,0.0,200.0,10.0,0.0,0.0,0.0,10.0,0.0,0.0,0.0,10.0
0.033005500916819475,0.08319494550993968,-0.0850879927315619,0.005,200.0,0.0,0.0,0.0,200.0,0.0,0.0,0.0,200.0,10.0,0.0,0.0,0.0,10.0,0.0,0.0,0.0,10.0
0.034005667611268546,0.0830601190284682,-0.08532713267689528,0.005,200.0,0.0,0.0,0.0,200.0,0.0,0.0,0.0,200.0,10.0,0.0,0.0,0.0,10.0,0.0,0.0,0.0,10.0
0.03500583430571762,0.08292529254699671,-0.08556627262222864,0.005,200.0,0.0,0.0,0.0,200.0,0.0,0.0,0.0,200.0,10.0,0.0,0.0,0.0,10.0,0.0,0.0,0.0,10.0
0.036006001000166696,0.08279046606552523,-0.08580541256756201,0.005,200.0,0.0,0.0,0.0,200.0,0.0,0.0,0.0,200.0,10.0,0.0,0.0,0.0,10.0,0.0,0.0,0.0,10.0
0.037006167694615774,0.08265563958405375,-0.08604455251289539,0.005,200.0,0.0,0.0,0.0,200.0,0.0,0.0,0.0,200.0,10.0,0.0,0.0,0.0,10.0,0.0,0.0,0.0,10.0
0.038006334389064846,0.08252081310258227,-0.08628369245822876,0.005,200.0,0.0,0.0,0.0,200.0,0.0,0.0,0.0,200.0,10.0,0.0,0.0,0.0,10.0,0.0,0.0,0.0,10.0
0.03900650108351392,0.0823859866211108,-0.08652283240356214,0.005,200.0,0.0,0.0,0.0,200.0,0.0,0.0,0.0,200.0,10.0,0.0,0.0,0.0,10.0,0.0,0.0,0.0,10.0
0.040006667777962995,0.08225116013963932,-0.0867619723488955,0.005,200.0,0.0,0.0,0.0,200.0,0.0,0.0,0.0,200.0,10.0,0.0,0.0,0.0,10.0,0.0,0.0,0.0,10.0
0.041006834472412074,0.08202120863928321,-0.08726675316236837,0.005,200.0,0.0,0.0,0.0,200.0,0.0,0.0,0.0,200.0,10.0,0.0,0.0,0.0,10.0,0.0,0.0,0.0,10.0
0.042007001166861145,0.08177740751931938,-0.08781020965779258,0.005,200.0,0.0,0.0,0.0,200.0,0.0,0.0,0.0,200.0,10.0,0.0,0.0,0.0,10.0,0.0,0.0,0.0,10.0
0.043007167861310217,0.08153360639935554,-0.0883536661532168,0.005,200.0,0.0,0.0,0.0,200.0,0.0,0.0,0.0,200.0,10.0,0.0,0.0,0.0,10.0,0.0,0.0,0.0,10.0
0.044007334555759295,0.08128980527939171,-0.08889712264864101,0.005,200.0,0.0,0.0,0.0,200.0,0.0,0.0,0.0,200.0,10.0,0.0,0.0,0.0,10.0,0.0,0.0,0.0,10.0
0.04500750125020837,0.08104600415942788,-0.08944057914406524,0.005,200.0,0.0,0.0,0.0,200.0,0.0,0.0,0.0,200.0,10.0,0.0,0.0,0.0,10.0,0.0,0.0,0.0,10.0
0.046007667944657445,0.08080220303946405,-0.08998403563948945,0.005,200.0,0.0,0.0,0.0,200.0,0.0,0.0,0.0,200.0,10.0,0.0,0.0,0.0,10.0,0.0,0.0,0.0,10.0
0.047007834639106516,0.08055840191950021,-0.09052749213491365,0.005,200.0,0.0,0.0,0.0,200.0,0.0,0.0,0.0,200.0,10.0,0.0,0.0,0.0,10.0,0.0,0.0,0.0,10.0
0.048008001333555594,0.08031460079953638,-0.09107094863033788,0.005,200.0,0.0,0.0,0.0,200.0,0.0,0.0,0.0,200.0,10.0,0.0,0.0,0.0,10.0,0.0,0.0,0.0,10.0
0.04900816802800467,0.08007079967957255,-0.09161440512576209,0.005,200.0,0.0,0.0,0.0,200.0,0.0,0.0,0.0,200.0,10.0,0.0,0.0,0.0,10.0,0.0,0.0,0.0,10.0
0.050008334722453744,0.07982699855960872,-0.0921578616211863,0.005,200.0,0.0,0.0,0.0,200.0,0.0,0.0,0.0,200.0,10.0,0.0,0.0,0.0,10.0,0.0,0.0,0.0,10.0
0.051008501416902816,0.07958319743964488,-0.09270131811661052,0.005,200.0,0.0,0.0,0.0,200.0,0.0,0.0,0.0,200.0,10.0,0.0,0.0,0.0,10.0,0.0,0.0,0.0,10.0
0.052008668111351894,0.07933939631968105,-0.09324477461203473,0.005,200.0,0.0,0.0,0.0,200.0,0.0,0.0,0.0,200.0,10.0,0.0,0.0,0.0,10.0,0.0,0.0,0.0,10.0
0.05300883480580097,0.07909559519971723,-0.09378823110745894,0.005,200.0,0.0,0.0,0.0,200.0,0.0,0.0,0.0,200.0,10.0,0.0,0.0,0.0,10.0,0.0,0.0,0.0,10.0
0.054009001500250044,0.0788517940797534,-0.09433168760288316,0.005,200.0,0.0,0.0,0.0,200.0,0.0,0.0,0.0,200.0,10.0,0.0,0.0,0.0,10.0,0.0,0.0,0.0,10.0
0.055009168194699115,0.07860799295978957,-0.09487514409830737,0.005,200.0,0.0,0.0,0.0,200.0,0.0,0.0,0.0,200.0,10.0,0.0,0.0,0.0,10.0,0.0,0.0,0.0,10.0
0.056009334889148193,0.07836419183982574,-0.09541860059373158,0.005,200.0,0.0,0.0,0.0,200.0,0.0,0.0,0.0,200.0,10.0,0.0,0.0,0.0,10.0,0.0,0.0,0.0,10.0
0.05700950158359727,0.0781203907198619,-0.09596205708915581,0.005,200.0,0.0,0.0,0.0,200.0,0.0,0.0,0.0,200.0,10.0,0.0,0.0,0.0,10.0,0.0,0.0,0.0,10.0
0.05800966827804634,0.07787658959989807,-0.09650551358458001,0.005,200.0,0.0,0.0,0.0,200.0,0.0,0.0,0.0,200.0,10.0,0.0,0.0,0.0,10.0,0.0,0.0,0.0,10.0
0.059009834972495415,0.07763278847993424,-0.09704897008000422,0.005,200.0,0.0,0.0,0.0,200.0,0.0,0.0,0.0,200.0,10.0,0.0,0.0,0.0,10.0,0.0,0.0,0.0,10.0
0.06001000166694449,0.07738898735997041,-0.09759242657542845,0.005,200.0,0.0,0.0,0.0,200.0,0.0,0.0,0.0,200.0,10.0,0.0,0.0,0.0,10.0,0.0,0.0,0.0,10.0
0.06101016836139357,0.07728984184435236,-0.09818730714455666,0.005,200.0,0.0,0.0,0.0,200.0,0.0,0.0,0.0,200.0,10.0,0.0,0.0,0.0,10.0,0.0,0.0,0.0,10.0
0.06201033505584264,0.07722476810331165,-0.09879429999550773,0.005,200.0,0.0,0.0,0.0,200.0,0.0,0.0,0.0,200.0,10.0,0.0,0.0,0.0,10.0,0.0,0.0,0.0,10.0
0.06301050175029171,0.07715969436227092,-0.0994012928464588,0.005,200.0,0.0,0.0,0.0,200.0,0.0,0.0,0.0,200.0,10.0,0.0,0.0,0.0,10.0,0.0,0.0,0.0,10.0
0.06401066844474079,0.07709462062123021,-0.10000828569740985,0.005,200.0,0.0,0.0,0.0,200.0,0.0,0.0,0.0,200.0,10.0,0.0,0.0,0.0,10.0,0.0,0.0,0.0,10.0
0.06501083513918987,0.0770295468801895,-0.10061527854836091,0.005,200.0,0.0,0.0,0.0,200.0,0.0,0.0,0.0,200.0,10.0,0.0,0.0,0.0,10.0,0.0,0.0,0.0,10.0
0.06601100183363895,0.07696447313914877,-0.10122227139931199,0.005,200.0,0.0,0.0,0.0,200.0,0.0,0.0,0.0,200.0,10.0,0.0,0.0,0.0,10.0,0.0,0.0,0.0,10.0
0.06701116852808801,0.07689939939810805,-0.10182926425026305,0.005,200.0,0.0,0.0,0.0,200.0,0.0,0.0,0.0,200.0,10.0,0.0,0.0,0.0,10.0,0.0,0.0,0.0,10.0
0.06801133522253709,0.07683432565706733,-0.10243625710121411,0.005,200.0,0.0,0.0,0.0,200.0,0.0,0.0,0.0,200.0,10.0,0.0,0.0,0.0,10.0,0.0,0.0,0.0,10.0
0.06901150191698617,0.07676925191602661,-0.10304324995216518,0.005,200.0,0.0,0.0,0.0,200.0,0.0,0.0,0.0,200.0,10.0,0.0,0.0,0.0,10.0,0.0,0.0,0.0,10.0
0.07001166861143523,0.07670417817498588,-0.10365024280311624,0.005,200.0,0.0,0.0,0.0,200.0,0.0,0.0,0.0,200.0,10.0,0.0,0.0,0.0,10.0,0.0,0.0,0.0,10.0
0.07101183530588431,0.07663910443394517,-0.1042572356540673,0.005,200.0,0.0,0.0,0.0,200.0,0.0,0.0,0.0,200.0,10.0,0.0,0.0,0.0,10.0,0.0,0.0,0.0,10.0
0.07201200200033339,0.07657403069290444,-0.10486422850501838,0.005,200.0,0.0,0.0,0.0,200.0,0.0,0.0,0.0,200.0,10.0,0.0,0.0,0.0,10.0,0.0,0.0,0.0,10.0
0.07301216869478247,0.07650895695186373,-0.10547122135596944,0.005,200.0,0.0,0.0,0.0,200.0,0.0,0.0,0.0,200.0,10.0,0.0,0.0,0.0,10.0,0.0,0.0,0.0,10.0
0.07401233538923155,0.076443883210823,-0.1060782142069205,0.005,200.0,0.0,0.0,0.0,200.0,0.0,0.0,0.0,200.0,10.0,0.0,0.0,0.0,10.0,0.0,0.0,0.0,10.0
0.07501250208368061,0.07637880946978229,-0.10668520705787157,0.005,200.0,0.0,0.0,0.0,200.0,0.0,0.0,0.0,200.0,10.0,0.0,0.0,0.0,10.0,0.0,0.0,0.0,10.0
0.07601266877812969,0.07631373572874156,-0.10729219990882263,0.005,200.0,0.0,0.0,0.0,200.0,0.0,0.0,0.0,200.0,10.0,0.0,0.0,0.0,10.0,0.0,0.0,0.0,10.0
0.07701283547257877,0.07624866198770085,-0.1078991927597737,0.005,200.0,0.0,0.0,0.0,200.0,0.0,0.0,0.0,200.0,10.0,0.0,0.0,0.0,10.0,0.0,0.0,0.0,10.0
0.07801300216702783,0.07618358824666012,-0.10850618561072477,0.005,200.0,0.0,0.0,0.0,200.0,0.0,0.0,0.0,200.0,10.0,0.0,0.0,0.0,10.0,0.0,0.0,0.0,10.0
0.07901316886147691,0.0761185145056194,-0.10911317846167583,0.005,200.0,0.0,0.0,0.0,200.0,0.0,0.0,0.0,200.0,10.0,0.0,0.0,0.0,10.0,0.0,0.0,0.0,10.0
0.08001333555592599,0.07605344076457869,-0.10972017131262689,0.005,200.0,0.0,0.0,0.0,200.0,0.0,0.0,0.0,200.0,10.0,0.0,0.0,0.0,10.0,0.0,0.0,0.0,10.0
0.08101350225037507,0.07603690028190613,-0.1102250472920838,0.005,200.0,0.0,0.0,0.0,200.0,0.0,0.0,0.0,200.0,10.0,0.0,0.0,0.0,10.0,0.0,0.0,0.0,10.0
0.08201366894482415,0.07603690028190613,-0.1106951211090584,0.005,200.0,0.0,0.0,0.0,200.0,0.0,0.0,0.0,200.0,10.0,0.0,0.0,0.0,10.0,0.0,0.0,0.0,10.0
0.08301383563927321,0.07603690028190613,-0.11116519492603298,0.005,200.0,0.0,0.0,0.0,200.0,0.0,0.0,0.0,200.0,10.0,0.0,0.0,0.0,10.0,0.0,0.0,0.0,10.0
0.08401400233372229,0.07603690028190613,-0.11163526874300758,0.005,200.0,0.0,0.0,0.0,200.0,0.0,0.0,0.0,200.0,10.0,0.0,0.0,0.0,10.0,0.0,0.0,0.0,10.0
0.08501416902817137,0.07603690028190613,-0.11210534255998217,0.005,200.0,0.0,0.0,0.0,200.0,0.0,0.0,0.0,200.0,10.0,0.0,0.0,0.0,10.0,0.0,0.0,0.0,10.0
0.08601433572262043,0.07603690028190613,-0.11257541637695676,0.005,200.0,0.0,0.0,0.0,200.0,0.0,0.0,0.0,200.0,10.0,0.0,0.0,0.0,10.0,0.0,0.0,0.0,10.0
0.08701450241706951,0.07603690028190613,-0.11304549019393136,0.005,200.0,0.0,0.0,0.0,200.0,0.0,0.0,0.0,200.0,10.0,0.0,0.0,0.0,10.0,0.0,0.0,0.0,10.0
0.08801466911151859,0.07603690028190613,-0.11351556401090596,0.005,200.0,0.0,0.0,0.0,200.0,0.0,0.0,0.0,200.0,10.0,0.0,0.0,0.0,10.0,0.0,0.0,0.0,10.0
0.08901483580596767,0.07603690028190613,-0.11398563782788054,0.005,200.0,0.0,0.0,0.0,200.0,0.0,0.0,0.0,200.0,10.0,0.0,0.0,0.0,10.0,0.0,0.0,0.0,10.0
0.09001500250041675,0.07603690028190613,-0.11445571164485514,0.005,200.0,0.0,0.0,0.0,200.0,0.0,0.0,0.0,200.0,10.0,0.0,0.0,0.0,10.0,0.0,0.0,0.0,10.0
0.09101516919486581,0.07603690028190613,-0.11492578546182973,0.005,200.0,0.0,0.0,0.0,200.0,0.0,0.0,0.0,200.0,10.0,0.0,0.0,0.0,10.0,0.0,0.0,0.0,10.0
0.09201533588931489,0.07603690028190613,-0.11539585927880433,0.005,200.0,0.0,0.0,0.0,200.0,0.0,0.0,0.0,200.0,10.0,0.0,0.0,0.0,10.0,0.0,0.0,0.0,10.0
0.09301550258376397,0.07603690028190613,-0.11586593309577892,0.005,200.0,0.0,0.0,0.0,200.0,0.0,0.0,0.0,200.0,10.0,0.0,0.0,0.0,10.0,0.0,0.0,0.0,10.0
0.09401566927821303,0.07603690028190613,-0.1163360069127535,0.005,200.0,0.0,0.0,0.0,200.0,0.0,0.0,0.0,200.0,10.0,0.0,0.0,0.0,10.0,0.0,0.0,0.0,10.0
0.09501583597266211,0.07603690028190613,-0.1168060807297281,0.005,200.0,0.0,0.0,0.0,200.0,0.0,0.0,0.0,200.0,10.0,0.0,0.0,0.0,10.0,0.0,0.0,0.0,10.0
0.09601600266711119,0.07603690028190613,-0.1172761545467027,0.005,200.0,0.0,0.0,0.0,200.0,0.0,0.0,0.0,200.0,10.0,0.0,0.0,0.0,10.0,0.0,0.0,0.0,10.0
0.09701616936156027,0.07603690028190613,-0.11774622836367729,0.005,200.0,0.0,0.0,0.0,200.0,0.0,0.0,0.0,200.0,10.0,0.0,0.0,0.0,10.0,0.0,0.0,0.0,10.0
0.09801633605600935,0.07603690028190613,-0.11821630218065188,0.005,200.0,0.0,0.0,0.0,200.0,0.0,0.0,0.0,200.0,10.0,0.0,0.0,0.0,10.0,0.0,0.0,0.0,10.0
0.09901650275045841,0.07603690028190613,-0.11868637599762648,0.005,200.0,0.0,0.0,0.0,200.0,0.0,0.0,0.0,200.0,10.0,0.0,0.0,0.0,10.0,0.0,0.0,0.0,10.0
0.10001666944490749,0.07603690028190613,-0.11915644981460106,0.005,200.0,0.0,0.0,0.0,200.0,0.0,0.0,0.0,200.0,10.0,0.0,0.0,0.0,10.0,0.0,0.0,0.0,10.0
0.10101683613935657,0.07603690028190613,-0.11977224679395823,0.005,200.0,0.0,0.0,0.0,200.0,0.0,0.0,0.0,200.0,10.0,0.0,0.0,0.0,10.0,0.0,0.0,0.0,10.0
0.10201700283380563,0.07603690028190613,-0.1204559050499151,0.005,200.0,0.0,0.0,0.0,200.0,0.0,0.0,0.0,200.0,10.0,0.0,0.0,0.0,10.0,0.0,0.0,0.0,10.0
0.10301716952825471,0.07603690028190613,-0.12113956330587197,0.005,200.0,0.0,0.0,0.0,200.0,0.0,0.0,0.0,200.0,10.0,0.0,0.0,0.0,10.0,0.0,0.0,0.0,10.0
0.10401733622270379,0.07603690028190613,-0.12182322156182884,0.005,200.0,0.0,0.0,0.0,200.0,0.0,0.0,0.0,200.0,10.0,0.0,0.0,0.0,10.0,0.0,0.0,0.0,10.0
0.10501750291715287,0.07603690028190613,-0.12250687981778571,0.005,200.0,0.0,0.0,0.0,200.0,0.0,0.0,0.0,200.0,10.0,0.0,0.0,0.0,10.0,0.0,0.0,0.0,10.0
0.10601766961160194,0.07603690028190613,-0.12319053807374258,0.005,200.0,0.0,0.0,0.0,200.0,0.0,0.0,0.0,200.0,10.0,0.0,0.0,0.0,10.0,0.0,0.0,0.0,10.0
0.10701783630605101,0.07603690028190613,-0.12387419632969945,0.005,200.0,0.0,0.0,0.0,200.0,0.0,0.0,0.0,200.0,10.0,0.0,0.0,0.0,10.0,0.0,0.0,0.0,10.0
0.10801800300050009,0.07603690028190613,-0.12455785458565632,0.005,200.0,0.0,0.0,0.0,200.0,0.0,0.0,0.0,200.0,10.0,0.0,0.0,0.0,10.0,0.0,0.0,0.0,10.0
0.10901816969494917,0.07603690028190613,-0.1252415128416132,0.005,200.0,0.0,0.0,0.0,200.0,0.0,0.0,0.0,200.0,10.0,0.0,0.0,0.0,10.0,0.0,0.0,0.0,10.0
0.11001833638939823,0.07603690028190613,-0.12592517109757007,0.005,200.0,0.0,0.0,0.0,200.0,0.0,0.0,0.0,200.0,10.0,0.0,0.0,0.0,10.0,0.0,0.0,0.0,10.0
0.11101850308384731,0.07603690028190613,-0.12660882935352694,0.005,200.0,0.0,0.0,0.0,200.0,0.0,0.0,0.0,200.0,10.0,0.0,0.0,0.0,10.0,0.0,0.0,0.0,10.0
0.11201866977829639,0.07603690028190613,-0.1272924876094838,0.005,200.0,0.0,0.0,0.0,200.0,0.0,0.0,0.0,200.0,10.0,0.0,0.0,0.0,10.0,0.0,0.0,0.0,10.0
0.11301883647274547,0.07603690028190613,-0.1279761458654407,0.005,200.0,0.0,0.0,0.0,200.0,0.0,0.0,0.0,200.0,10.0,0.0,0.0,0.0,10.0,0.0,0.0,0.0,10.0
0.11401900316719454,0.07603690028190613,-0.12865980412139755,0.005,200.0,0.0,0.0,0.0,200.0,0.0,0.0,0.0,200.0,10.0,0.0,0.0,0.0,10.0,0.0,0.0,0.0,10.0
0.11501916986164361,0.07603690028190613,-0.12934346237735442,0.005,200.0,0.0,0.0,0.0,200.0,0.0,0.0,0.0,200.0,10.0,0.0,0.0,0.0,10.0,0.0,0.0,0.0,10.0
0.11601933655609269,0.07603690028190613,-0.1300271206333113,0.005,200.0,0.0,0.0,0.0,200.0,0.0,0.0,0.0,200.0,10.0,0.0,0.0,0.0,10.0,0.0,0.0,0.0,10.0
0.11701950325054176,0.07603690028190613,-0.13071077888926816,0.005,200.0,0.0,0.0,0.0,200.0,0.0,0.0,0.0,200.0,10.0,0.0,0.0,0.0,10.0,0.0,0.0,0.0,10.0
0.11801966994499083,0.07603690028190613,-0.13139443714522503,0.005,200.0,0.0,0.0,0.0,200.0,0.0,0.0,0.0,200.0,10.0,0.0,0.0,0.0,10.0,0.0,0.0,0.0,10.0
0.11901983663943991,0.07603690028190613,-0.13207809540118193,0.005,200.0,0.0,0.0,0.0,200.0,0.0,0.0,0.0,200.0,10.0,0.0,0.0,0.0,10.0,0.0,0.0,0.0,10.0
0.12002000333388899,0.07603690028190613,-0.1327617536571388,0.005,200.0,0.0,0.0,0.0,200.0,0.0,0.0,0.0,200.0,10.0,0.0,0.0,0.0,10.0,0.0,0.0,0.0,10.0
0.12102017002833806,0.07603690028190613,-0.13337143095140955,0.005,200.0,0.0,0.0,0.0,200.0,0.0,0.0,0.0,200.0,10.0,0.0,0.0,0.0,10.0,0.0,0.0,0.0,10.0
0.12202033672278714,0.07603690028190613,-0.13393551997739805,0.005,200.0,0.0,0.0,0.0,200.0,0.0,0.0,0.0,200.0,10.0,0.0,0.0,0.0,10.0,0.0,0.0,0.0,10.0
0.12302050341723621,0.07603690028190613,-0.13449960900338653,0.005,200.0,0.0,0.0,0.0,200.0,0.0,0.0,0.0,200.0,10.0,0.0,0.0,0.0,10.0,0.0,0.0,0.0,10.0
0.12402067011168529,0.07603690028190613,-0.13506369802937504,0.005,200.0,0.0,0.0,0.0,200.0,0.0,0.0,0.0,200.0,10.0,0.0,0.0,0.0,10.0,0.0,0.0,0.0,10.0
0.12502083680613435,0.07603690028190613,-0.13562778705536355,0.005,200.0,0.0,0.0,0.0,200.0,0.0,0.0,0.0,200.0,10.0,0.0,0.0,0.0,10.0,0.0,0.0,0.0,10.0
0.12602100350058343,0.07603690028190613,-0.13619187608135205,0.005,200.0,0.0,0.0,0.0,200.0,0.0,0.0,0.0,200.0,10.0,0.0,0.0,0.0,10.0,0.0,0.0,0.0,10.0
0.1270211701950325,0.07603690028190613,-0.13675596510734056,0.005,200.0,0.0,0.0,0.0,200.0,0.0,0.0,0.0,200.0,10.0,0.0,0.0,0.0,10.0,0.0,0.0,0.0,10.0
0.12802133688948159,0.07603690028190613,-0.13732005413332907,0.005,200.0,0.0,0.0,0.0,200.0,0.0,0.0,0.0,200.0,10.0,0.0,0.0,0.0,10.0,0.0,0.0,0.0,10.0
0.12902150358393066,0.07603690028190613,-0.13788414315931755,0.005,200.0,0.0,0.0,0.0,200.0,0.0,0.0,0.0,200.0,10.0,0.0,0.0,0.0,10.0,0.0,0.0,0.0,10.0
0.13002167027837974,0.07603690028190613,-0.13844823218530605,0.005,200.0,0.0,0.0,0.0,200.0,0.0,0.0,0.0,200.0,10.0,0.0,0.0,0.0,10.0,0.0,0.0,0.0,10.0
0.13102183697282882,0.07603690028190613,-0.13901232121129456,0.005,200.0,0.0,0.0,0.0,200.0,0.0,0.0,0.0,200.0,10.0,0.0,0.0,0.0,10.0,0.0,0.0,0.0,10.0
0.1320220036672779,0.07603690028190613,-0.13957641023728307,0.005,200.0,0.0,0.0,0.0,200.0,0.0,0.0,0.0,200.0,10.0,0.0,0.0,0.0,10.0,0.0,0.0,0.0,10.0
0.13302217036172695,0.07603690028190613,-0.14014049926327157,0.005,200.0,0.0,0.0,0.0,200.0,0.0,0.0,0.0,200.0,10.0,0.0,0.0,0.0,10.0,0.0,0.0,0.0,10.0
0.13402233705617603,0.07603690028190613,-0.14070458828926008,0.005,200.0,0.0,0.0,0.0,200.0,0.0,0.0,0.0,200.0,10.0,0.0,0.0,0.0,10.0,0.0,0.0,0.0,10.0
0.1350225037506251,0.07603690028190613,-0.14126867731524856,0.005,200.0,0.0,0.0,0.0,200.0,0.0,0.0,0.0,200.0,10.0,0.0,0.0,0.0,10.0,0.0,0.0,0.0,10.0
0.13602267044507418,0.07603690028190613,-0.14183276634123707,0.005,200.0,0.0,0.0,0.0,200.0,0.0,0.0,0.0,200.0,10.0,0.0,0.0,0.0,10.0,0.0,0.0,0.0,10.0
0.13702283713952326,0.07603690028190613,-0.14239685536722557,0.005,200.0,0.0,0.0,0.0,200.0,0.0,0.0,0.0,200.0,10.0,0.0,0.0,0.0,10.0,0.0,0.0,0.0,10.0
0.13802300383397234,0.07603690028190613,-0.14296094439321408,0.005,200.0,0.0,0.0,0.0,200.0,0.0,0.0,0.0,200.0,10.0,0.0,0.0,0.0,10.0,0.0,0.0,0.0,10.0
0.13902317052842142,0.07603690028190613,-0.14352503341920259,0.005,200.0,0.0,0.0,0.0,200.0,0.0,0.0,0.0,200.0,10.0,0.0,0.0,0.0,10.0,0.0,0.0,0.0,10.0
0.14002333722287047,0.07603690028190613,-0.1440891224451911,0.005,200.0,0.0,0.0,0.0,200.0,0.0,0.0,0.0,200.0,10.0,0.0,0.0,0.0,10.0,0.0,0.0,0.0,10.0
0.14102350391731955,0.07603690028190613,-0.1447099614369907,0.005,200.0,0.0,0.0,0.0,200.0,0.0,0.0,0.0,200.0,10.0,0.0,0.0,0.0,10.0,0.0,0.0,0.0,10.0
0.14202367061176863,0.07603690028190613,-0.145376268774892,0.005,200.0,0.0,0.0,0.0,200.0,0.0,0.0,0.0,200.0,10.0,0.0,0.0,0.0,10.0,0.0,0.0,0.0,10.0
0.1430238373062177,0.07603690028190613,-0.14604257611279328,0.005,200.0,0.0,0.0,0.0,200.0,0.0,0.0,0.0,200.0,10.0,0.0,0.0,0.0,10.0,0.0,0.0,0.0,10.0
0.14402400400066678,0.07603690028190613,-0.1467088834506946,0.005,200.0,0.0,0.0,0.0,200.0,0.0,0.0,0.0,200.0,10.0,0.0,0.0,0.0,10.0,0.0,0.0,0.0,10.0
0.14502417069511586,0.07603690028190613,-0.1473751907885959,0.005,200.0,0.0,0.0,0.0,200.0,0.0,0.0,0.0,200.0,10.0,0.0,0.0,0.0,10.0,0.0,0.0,0.0,10.0
0.14602433738956494,0.07603690028190613,-0.1480414981264972,0.005,200.0,0.0,0.0,0.0,200.0,0.0,0.0,0.0,200.0,10.0,0.0,0.0,0.0,10.0,0.0,0.0,0.0,10.0
0.14702450408401402,0.07603690028190613,-0.1487078054643985,0.005,200.0,0.0,0.0,0.0,200.0,0.0,0.0,0.0,200.0,10.0,0.0,0.0,0.0,10.0,0.0,0.0,0.0,10.0
0.1480246707784631,0.07603690028190613,-0.14937411280229979,0.005,200.0,0.0,0.0,0.0,200.0,0.0,0.0,0.0,200.0,10.0,0.0,0.0,0.0,10.0,0.0,0.0,0.0,10.0
0.14902483747291215,0.07603690028190613,-0.15004042014020108,0.005,200.0,0.0,0.0,0.0,200.0,0.0,0.0,0.0,200.0,10.0,0.0,0.0,0.0,10.0,0.0,0.0,0.0,10.0
0.15002500416736123,0.07603690028190613,-0.15070672747810238,0.005,200.0,0.0,0.0,0.0,200.0,0.0,0.0,0.0,200.0,10.0,0.0,0.0,0.0,10.0,0.0,0.0,0.0,10.0
0.1510251708618103,0.07603690028190613,-0.15137303481600367,0.005,200.0,0.0,0.0,0.0,200.0,0.0,0.0,0.0,200.0,10.0,0.0,0.0,0.0,10.0,0.0,0.0,0.0,10.0
0.15202533755625938,0.07603690028190613,-0.15203934215390497,0.005,200.0,0.0,0.0,0.0,200.0,0.0,0.0,0.0,200.0,10.0,0.0,0.0,0.0,10.0,0.0,0.0,0.0,10.0
0.15302550425070846,0.07603690028190613,-0.15270564949180626,0.005,200.0,0.0,0.0,0.0,200.0,0.0,0.0,0.0,200.0,10.0,0.0,0.0,0.0,10.0,0.0,0.0,0.0,10.0
0.15402567094515754,0.07603690028190613,-0.15337195682970756,0.005,200.0,0.0,0.0,0.0,200.0,0.0,0.0,0.0,200.0,10.0,0.0,0.0,0.0,10.0,0.0,0.0,0.0,10.0
0.15502583763960662,0.07603690028190613,-0.15403826416760885,0.005,200.0,0.0,0.0,0.0,200.0,0.0,0.0,0.0,200.0,10.0,0.0,0.0,0.0,10.0,0.0,0.0,0.0,10.0
0.15602600433405567,0.07603690028190613,-0.15470457150551017,0.005,200.0,0.0,0.0,0.0,200.0,0.0,0.0,0.0,200.0,10.0,0.0,0.0,0.0,10.0,0.0,0.0,0.0,10.0
0.15702617102850475,0.07603690028190613,-0.15537087884341147,0.005,200.0,0.0,0.0,0.0,200.0,0.0,0.0,0.0,200.0,10.0,0.0,0.0,0.0,10.0,0.0,0.0,0.0,10.0
0.15802633772295382,0.07603690028190613,-0.15603718618131276,0.005,200.0,0.0,0.0,0.0,200.0,0.0,0.0,0.0,200.0,10.0,0.0,0.0,0.0,10.0,0.0,0.0,0.0,10.0
0.1590265044174029,0.07603690028190613,-0.15670349351921406,0.005,200.0,0.0,0.0,0.0,200.0,0.0,0.0,0.0,200.0,10.0,0.0,0.0,0.0,10.0,0.0,0.0,0.0,10.0
0.16002667111185198,0.07603690028190613,-0.15736980085711536,0.005,200.0,0.0,0.0,0.0,200.0,0.0,0.0,0.0,200.0,10.0,0.0,0.0,0.0,10.0,0.0,0.0,0.0,10.0
0.16102683780630106,0.07603690028190613,-0.15800936758309567,0.005,200.0,0.0,0.0,0.0,200.0,0.0,0.0,0.0,200.0,10.0,0.0,0.0,0.0,10.0,0.0,0.0,0.0,10.0
0.16202700450075014,0.07603690028190613,-0.15862128415253188,0.005,200.0,0.0,0.0,0.0,200.0,0.0,0.0,0.0,200.0,10.0,0.0,0.0,0.0,10.0,0.0,0.0,0.0,10.0
0.16302717119519922,0.07603690028190613,-0.15923320072196806,0.005,200.0,0.0,0.0,0.0,200.0,0.0,0.0,0.0,200.0,10.0,0.0,0.0,0.0,10.0,0.0,0.0,0.0,10.0
0.1640273378896483,0.07603690028190613,-0.15984511729140424,0.005,200.0,0.0,0.0,0.0,200.0,0.0,0.0,0.0,200.0,10.0,0.0,0.0,0.0,10.0,0.0,0.0,0.0,10.0
0.16502750458409735,0.07603690028190613,-0.16045703386084043,0.005,200.0,0.0,0.0,0.0,200.0,0.0,0.0,0.0,200.0,10.0,0.0,0.0,0.0,10.0,0.0,0.0,0.0,10.0
0.16602767127854642,0.07603690028190613,-0.1610689504302766,0.005,200.0,0.0,0.0,0.0,200.0,0.0,0.0,0.0,200.0,10.0,0.0,0.0,0.0,10.0,0.0,0.0,0.0,10.0
0.1670278379729955,0.07603690028190613,-0.1616808669997128,0.005,200.0,0.0,0.0,0.0,200.0,0.0,0.0,0.0,200.0,10.0,0.0,0.0,0.0,10.0,0.0,0.0,0.0,10.0
0.16802800466744458,0.07603690028190613,-0.162292783569149,0.005,200.0,0.0,0.0,0.0,200.0,0.0,0.0,0.0,200.0,10.0,0.0,0.0,0.0,10.0,0.0,0.0,0.0,10.0
0.16902817136189366,0.07603690028190613,-0.16290470013858518,0.005,200.0,0.0,0.0,0.0,200.0,0.0,0.0,0.0,200.0,10.0,0.0,0.0,0.0,10.0,0.0,0.0,0.0,10.0
0.17002833805634274,0.07603690028190613,-0.16351661670802137,0.005,200.0,0.0,0.0,0.0,200.0,0.0,0.0,0.0,200.0,10.0,0.0,0.0,0.0,10.0,0.0,0.0,0.0,10.0
0.17102850475079182,0.07603690028190613,-0.16412853327745755,0.005,200.0,0.0,0.0,0.0,200.0,0.0,0.0,0.0,200.0,10.0,0.0,0.0,0.0,10.0,0.0,0.0,0.0,10.0
0.17202867144524087,0.07603690028190613,-0.16474044984689373,0.005,200.0,0.0,0.0,0.0,200.0,0.0,0.0,0.0,200.0,10.0,0.0,0.0,0.0,10.0,0.0,0.0,0.0,10.0
0.17302883813968994,0.07603690028190613,-0.16535236641632992,0.005,200.0,0.0,0.0,0.0,200.0,0.0,0.0,0.0,200.0,10.0,0.0,0.0,0.0,10.0,0.0,0.0,0.0,10.0
0.17402900483413902,0.07603690028190613,-0.1659642829857661,0.005,200.0,0.0,0.0,0.0,200.0,0.0,0.0,0.0,200.0,10.0,0.0,0.0,0.0,10.0,0.0,0.0,0.0,10.0
0.1750291715285881,0.07603690028190613,-0.16657619955520228,0.005,200.0,0.0,0.0,0.0,200.0,0.0,0.0,0.0,200.0,10.0,0.0,0.0,0.0,10.0,0.0,0.0,0.0,10.0
0.17602933822303718,0.07603690028190613,-0.16718811612463846,0.005,200.0,0.0,0.0,0.0,200.0,0.0,0.0,0.0,200.0,10.0,0.0,0.0,0.0,10.0,0.0,0.0,0.0,10.0
0.17702950491748626,0.07603690028190613,-0.16780003269407467,0.005,200.0,0.0,0.0,0.0,200.0,0.0,0.0,0.0,200.0,10.0,0.0,0.0,0.0,10.0,0.0,0.0,0.0,10.0
0.17802967161193534,0.07603690028190613,-0.16841194926351086,0.005,200.0,0.0,0.0,0.0,200.0,0.0,0.0,0.0,200.0,10.0,0.0,0.0,0.0,10.0,0.0,0.0,0.0,10.0
0.17902983830638441,0.07603690028190613,-0.16902386583294704,0.005,200.0,0.0,0.0,0.0,200.0,0.0,0.0,0.0,200.0,10.0,0.0,0.0,0.0,10.0,0.0,0.0,0.0,10.0
0.1800300050008335,0.07603690028190613,-0.16963578240238322,0.005,200.0,0.0,0.0,0.0,200.0,0.0,0.0,0.0,200.0,10.0,0.0,0.0,0.0,10.0,0.0,0.0,0.0,10.0
0.18103017169528254,0.07603690028190613,-0.17028302832094108,0.005,200.0,0.0,0.0,0.0,200.0,0.0,0.0,0.0,200.0,10.0,0.0,0.0,0.0,10.0,0.0,0.0,0.0,10.0
0.18203033838973162,0.07603690028190613,-0.17097747204184113,0.005,200.0,0.0,0.0,0.0,200.0,0.0,0.0,0.0,200.0,10.0,0.0,0.0,0.0,10.0,0.0,0.0,0.0,10.0
0.1830305050841807,0.07603690028190613,-0.1716719157627412,0.005,200.0,0.0,0.0,0.0,200.0,0.0,0.0,0.0,200.0,10.0,0.0,0.0,0.0,10.0,0.0,0.0,0.0,10.0
0.18403067177862978,0.07603690028190613,-0.1723663594836413,0.005,200.0,0.0,0.0,0.0,200.0,0.0,0.0,0.0,200.0,10.0,0.0,0.0,0.0,10.0,0.0,0.0,0.0,10.0
0.18503083847307886,0.07603690028190613,-0.17306080320454137,0.005,200.0,0.0,0.0,0.0,200.0,0.0,0.0,0.0,200.0,10.0,0.0,0.0,0.0,10.0,0.0,0.0,0.0,10.0
0.18603100516752794,0.07603690028190613,-0.17375524692544145,0.005,200.0,0.0,0.0,0.0,200.0,0.0,0.0,0.0,200.0,10.0,0.0,0.0,0.0,10.0,0.0,0.0,0.0,10.0
0.187031171861977,0.07603690028190613,-0.17444969064634153,0.005,200.0,0.0,0.0,0.0,200.0,0.0,0.0,0.0,200.0,10.0,0.0,0.0,0.0,10.0,0.0,0.0,0.0,10.0
0.18803133855642606,0.07603690028190613,-0.17514413436724158,0.005,200.0,0.0,0.0,0.0,200.0,0.0,0.0,0.0,200.0,10.0,0.0,0.0,0.0,10.0,0.0,0.0,0.0,10.0
0.18903150525087514,0.07603690028190613,-0.17583857808814166,0.005,200.0,0.0,0.0,0.0,200.0,0.0,0.0,0.0,200.0,10.0,0.0,0.0,0.0,10.0,0.0,0.0,0.0,10.0
0.19003167194532422,0.07603690028190613,-0.17653302180904173,0.005,200.0,0.0,0.0,0.0,200.0,0.0,0.0,0.0,200.0,10.0,0.0,0.0,0.0,10.0,0.0,0.0,0.0,10.0
0.1910318386397733,0.07603690028190613,-0.17722746552994179,0.005,200.0,0.0,0.0,0.0,200.0,0.0,0.0,0.0,200.0,10.0,0.0,0.0,0.0,10.0,0.0,0.0,0.0,10.0
0.19203200533422238,0.07603690028190613,-0.1779219092508419,0.005,200.0,0.0,0.0,0.0,200.0,0.0,0.0,0.0,200.0,10.0,0.0,0.0,0.0,10.0,0.0,0.0,0.0,10.0
0.19303217202867146,0.07603690028190613,-0.17861635297174194,0.005,200.0,0.0,0.0,0.0,200.0,0.0,0.0,0.0,200.0,10.0,0.0,0.0,0.0,10.0,0.0,0.0,0.0,10.0
0.19403233872312053,0.07603690028190613,-0.17931079669264202,0.005,200.0,0.0,0.0,0.0,200.0,0.0,0.0,0.0,200.0,10.0,0.0,0.0,0.0,10.0,0.0,0.0,0.0,10.0
0.1950325054175696,0.07603690028190613,-0.18000524041354207,0.005,200.0,0.0,0.0,0.0,200.0,0.0,0.0,0.0,200.0,10.0,0.0,0.0,0.0,10.0,0.0,0.0,0.0,10.0
0.1960326721120187,0.07603690028190613,-0.18069968413444215,0.005,200.0,0.0,0.0,0.0,200.0,0.0,0.0,0.0,200.0,10.0,0.0,0.0,0.0,10.0,0.0,0.0,0.0,10.0
0.19703283880646774,0.07603690028190613,-0.18139412785534226,0.005,200.0,0.0,0.0,0.0,200.0,0.0,0.0,0.0,200.0,10.0,0.0,0.0,0.0,10.0,0.0,0.0,0.0,10.0
0.19803300550091682,0.07603690028190613,-0.1820885715762423,0.005,200.0,0.0,0.0,0.0,200.0,0.0,0.0,0.0,200.0,10.0,0.0,0.0,0.0,10.0,0.0,0.0,0.0,10.0
0.1990331721953659,0.07603690028190613,-0.1827830152971424,0.005,200.0,0.0,0.0,0.0,200.0,0.0,0.0,0.0,200.0,10.0,0.0,0.0,0.0,10.0,0.0,0.0,0.0,10.0
0.20003333888981498,0.07603690028190613,-0.18347745901804244,0.005,200.0,0.0,0.0,0.0,200.0,0.0,0.0,0.0,200.0,10.0,0.0,0.0,0.0,10.0,0.0,0.0,0.0,10.0
0.20103350558426406,0.07601862089656596,-0.18422053369070454,0.005,200.0,0.0,0.0,0.0,200.0,0.0,0.0,0.0,200.0,10.0,0.0,0.0,0.0,10.0,0.0,0.0,0.0,10.0
0.20203367227871313,0.07596847836246767,-0.18504837791230963,0.005,200.0,0.0,0.0,0.0,200.0,0.0,0.0,0.0,200.0,10.0,0.0,0.0,0.0,10.0,0.0,0.0,0.0,10.0
0.2030338389731622,0.07591833582836939,-0.18587622213391466,0.005,200.0,0.0,0.0,0.0,200.0,0.0,0.0,0.0,200.0,10.0,0.0,0.0,0.0,10.0,0.0,0.0,0.0,10.0
0.20403400566761126,0.07586819329427111,-0.18670406635551975,0.005,200.0,0.0,0.0,0.0,200.0,0.0,0.0,0.0,200.0,10.0,0.0,0.0,0.0,10.0,0.0,0.0,0.0,10.0
0.20503417236206034,0.07581805076017283,-0.1875319105771248,0.005,200.0,0.0,0.0,0.0,200.0,0.0,0.0,0.0,200.0,10.0,0.0,0.0,0.0,10.0,0.0,0.0,0.0,10.0
0.20603433905650942,0.07576790822607454,-0.18835975479872988,0.005,200.0,0.0,0.0,0.0,200.0,0.0,0.0,0.0,200.0,10.0,0.0,0.0,0.0,10.0,0.0,0.0,0.0,10.0
0.2070345057509585,0.07571776569197626,-0.18918759902033494,0.005,200.0,0.0,0.0,0.0,200.0,0.0,0.0,0.0,200.0,10.0,0.0,0.0,0.0,10.0,0.0,0.0,0.0,10.0
0.20803467244540758,0.07566762315787798,-0.19001544324194,0.005,200.0,0.0,0.0,0.0,200.0,0.0,0.0,0.0,200.0,10.0,0.0,0.0,0.0,10.0,0.0,0.0,0.0,10.0
0.20903483913985665,0.07561748062377971,-0.1908432874635451,0.005,200.0,0.0,0.0,0.0,200.0,0.0,0.0,0.0,200.0,10.0,0.0,0.0,0.0,10.0,0.0,0.0,0.0,10.0
0.21003500583430573,0.07556733808968143,-0.19167113168515013,0.005,200.0,0.0,0.0,0.0,200.0,0.0,0.0,0.0,200.0,10.0,0.0,0.0,0.0,10.0,0.0,0.0,0.0,10.0
0.2110351725287548,0.07551719555558314,-0.19249897590675522,0.005,200.0,0.0,0.0,0.0,200.0,0.0,0.0,0.0,200.0,10.0,0.0,0.0,0.0,10.0,0.0,0.0,0.0,10.0
0.2120353392232039,0.07546705302148486,-0.19332682012836025,0.005,200.0,0.0,0.0,0.0,200.0,0.0,0.0,0.0,200.0,10.0,0.0,0.0,0.0,10.0,0.0,0.0,0.0,10.0
0.21303550591765294,0.07541691048738658,-0.19415466434996534,0.005,200.0,0.0,0.0,0.0,200.0,0.0,0.0,0.0,200.0,10.0,0.0,0.0,0.0,10.0,0.0,0.0,0.0,10.0
0.21403567261210202,0.0753667679532883,-0.1949825085715704,0.005,200.0,0.0,0.0,0.0,200.0,0.0,0.0,0.0,200.0,10.0,0.0,0.0,0.0,10.0,0.0,0.0,0.0,10.0
0.2150358393065511,0.07531662541919001,-0.19581035279317546,0.005,200.0,0.0,0.0,0.0,200.0,0.0,0.0,0.0,200.0,10.0,0.0,0.0,0.0,10.0,0.0,0.0,0.0,10.0
0.21603600600100017,0.07526648288509173,-0.19663819701478055,0.005,200.0,0.0,0.0,0.0,200.0,0.0,0.0,0.0,200.0,10.0,0.0,0.0,0.0,10.0,0.0,0.0,0.0,10.0
0.21703617269544925,0.07521634035099345,-0.1974660412363856,0.005,200.0,0.0,0.0,0.0,200.0,0.0,0.0,0.0,200.0,10.0,0.0,0.0,0.0,10.0,0.0,0.0,0.0,10.0
0.21803633938989833,0.07516619781689518,-0.19829388545799068,0.005,200.0,0.0,0.0,0.0,200.0,0.0,0.0,0.0,200.0,10.0,0.0,0.0,0.0,10.0,0.0,0.0,0.0,10.0
0.2190365060843474,0.0751160552827969,-0.1991217296795957,0.005,200.0,0.0,0.0,0.0,200.0,0.0,0.0,0.0,200.0,10.0,0.0,0.0,0.0,10.0,0.0,0.0,0.0,10.0
0.22003667277879646,0.07506591274869862,-0.1999495739012008,0.005,200.0,0.0,0.0,0.0,200.0,0.0,0.0,0.0,200.0,10.0,0.0,0.0,0.0,10.0,0.0,0.0,0.0,10.0
0.22103683947324554,0.07502589947701613,-0.2008184202861182,0.005,200.0,0.0,0.0,0.0,200.0,0.0,0.0,0.0,200.0,10.0,0.0,0.0,0.0,10.0,0.0,0.0,0.0,10.0
0.22203700616769462,0.07500940860361034,-0.2017824828058387,0.005,200.0,0.0,0.0,0.0,200.0,0.0,0.0,0.0,200.0,10.0,0.0,0.0,0.0,10.0,0.0,0.0,0.0,10.0
0.2230371728621437,0.07499291773020456,-0.20274654532555922,0.005,200.0,0.0,0.0,0.0,200.0,0.0,0.0,0.0,200.0,10.0,0.0,0.0,0.0,10.0,0.0,0.0,0.0,10.0
0.22403733955659277,0.07497642685679877,-0.2037106078452797,0.005,200.0,0.0,0.0,0.0,200.0,0.0,0.0,0.0,200.0,10.0,0.0,0.0,0.0,10.0,0.0,0.0,0.0,10.0
0.22503750625104185,0.07495993598339298,-0.2046746703650002,0.005,200.0,0.0,0.0,0.0,200.0,0.0,0.0,0.0,200.0,10.0,0.0,0.0,0.0,10.0,0.0,0.0,0.0,10.0
0.22603767294549093,0.0749434451099872,-0.20563873288472073,0.005,200.0,0.0,0.0,0.0,200.0,0.0,0.0,0.0,200.0,10.0,0.0,0.0,0.0,10.0,0.0,0.0,0.0,10.0
0.22703783963994,0.07492695423658141,-0.2066027954044412,0.005,200.0,0.0,0.0,0.0,200.0,0.0,0.0,0.0,200.0,10.0,0.0,0.0,0.0,10.0,0.0,0.0,0.0,10.0
0.2280380063343891,0.07491046336317563,-0.2075668579241617,0.005,200.0,0.0,0.0,0.0,200.0,0.0,0.0,0.0,200.0,10.0,0.0,0.0,0.0,10.0,0.0,0.0,0.0,10.0
0.22903817302883814,0.07489397248976984,-0.2085309204438822,0.005,200.0,0.0,0.0,0.0,200.0,0.0,0.0,0.0,200.0,10.0,0.0,0.0,0.0,10.0,0.0,0.0,0.0,10.0
0.23003833972328722,0.07487748161636405,-0.20949498296360272,0.005,200.0,0.0,0.0,0.0,200.0,0.0,0.0,0.0,200.0,10.0,0.0,0.0,0.0,10.0,0.0,0.0,0.0,10.0
0.2310385064177363,0.07486099074295828,-0.2104590454833232,0.005,200.0,0.0,0.0,0.0,200.0,0.0,0.0,0.0,200.0,10.0,0.0,0.0,0.0,10.0,0.0,0.0,0.0,10.0
0.23203867311218537,0.0748444998695525,-0.2114231080030437,0.005,200.0,0.0,0.0,0.0,200.0,0.0,0.0,0.0,200.0,10.0,0.0,0.0,0.0,10.0,0.0,0.0,0.0,10.0
0.23303883980663445,0.07482800899614671,-0.21238717052276423,0.005,200.0,0.0,0.0,0.0,200.0,0.0,0.0,0.0,200.0,10.0,0.0,0.0,0.0,10.0,0.0,0.0,0.0,10.0
0.23403900650108353,0.07481151812274092,-0.2133512330424847,0.005,200.0,0.0,0.0,0.0,200.0,0.0,0.0,0.0,200.0,10.0,0.0,0.0,0.0,10.0,0.0,0.0,0.0,10.0
0.2350391731955326,0.07479502724933514,-0.21431529556220524,0.005,200.0,0.0,0.0,0.0,200.0,0.0,0.0,0.0,200.0,10.0,0.0,0.0,0.0,10.0,0.0,0.0,0.0,10.0
0.23603933988998166,0.07477853637592935,-0.21527935808192572,0.005,200.0,0.0,0.0,0.0,200.0,0.0,0.0,0.0,200.0,10.0,0.0,0.0,0.0,10.0,0.0,0.0,0.0,10.0
0.23703950658443074,0.07476204550252356,-0.21624342060164622,0.005,200.0,0.0,0.0,0.0,200.0,0.0,0.0,0.0,200.0,10.0,0.0,0.0,0.0,10.0,0.0,0.0,0.0,10.0
0.23803967327887982,0.07474555462911778,-0.21720748312136676,0.005,200.0,0.0,0.0,0.0,200.0,0.0,0.0,0.0,200.0,10.0,0.0,0.0,0.0,10.0,0.0,0.0,0.0,10.0
0.2390398399733289,0.07472906375571199,-0.21817154564108723,0.005,200.0,0.0,0.0,0.0,200.0,0.0,0.0,0.0,200.0,10.0,0.0,0.0,0.0,10.0,0.0,0.0,0.0,10.0
0.24004000666777797,0.0747125728823062,-0.21913560816080774,0.005,200.0,0.0,0.0,0.0,200.0,0.0,0.0,0.0,200.0,10.0,0.0,0.0,0.0,10.0,0.0,0.0,0.0,10.0
0.24104017336222705,0.0746999979019165,-0.22011631622396322,0.005,200.0,0.0,0.0,0.0,200.0,0.0,0.0,0.0,200.0,10.0,0.0,0.0,0.0,10.0,0.0,0.0,0.0,10.0
0.24204034005667613,0.0746999979019165,-0.2211504775815297,0.005,200.0,0.0,0.0,0.0,200.0,0.0,0.0,0.0,200.0,10.0,0.0,0.0,0.0,10.0,0.0,0.0,0.0,10.0
0.2430405067511252,0.0746999979019165,-0.22218463893909612,0.005,200.0,0.0,0.0,0.0,200.0,0.0,0.0,0.0,200.0,10.0,0.0,0.0,0.0,10.0,0.0,0.0,0.0,10.0
0.24404067344557429,0.0746999979019165,-0.2232188002966626,0.005,200.0,0.0,0.0,0.0,200.0,0.0,0.0,0.0,200.0,10.0,0.0,0.0,0.0,10.0,0.0,0.0,0.0,10.0
0.24504084014002334,0.0746999979019165,-0.2242529616542291,0.005,200.0,0.0,0.0,0.0,200.0,0.0,0.0,0.0,200.0,10.0,0.0,0.0,0.0,10.0,0.0,0.0,0.0,10.0
0.24604100683447241,0.0746999979019165,-0.22528712301179554,0.005,200.0,0.0,0.0,0.0,200.0,0.0,0.0,0.0,200.0,10.0,0.0,0.0,0.0,10.0,0.0,0.0,0.0,10.0
0.2470411735289215,0.0746999979019165,-0.22632128436936202,0.005,200.0,0.0,0.0,0.0,200.0,0.0,0.0,0.0,200.0,10.0,0.0,0.0,0.0,10.0,0.0,0.0,0.0,10.0
0.24804134022337057,0.0746999979019165,-0.22735544572692845,0.005,200.0,0.0,0.0,0.0,200.0,0.0,0.0,0.0,200.0,10.0,0.0,0.0,0.0,10.0,0.0,0.0,0.0,10.0
0.24904150691781965,0.0746999979019165,-0.22838960708449493,0.005,200.0,0.0,0.0,0.0,200.0,0.0,0.0,0.0,200.0,10.0,0.0,0.0,0.0,10.0,0.0,0.0,0.0,10.0
0.2500416736122687,0.0746999979019165,-0.22942376844206142,0.005,200.0,0.0,0.0,0.0,200.0,0.0,0.0,0.0,200.0,10.0,0.0,0.0,0.0,10.0,0.0,0.0,0.0,10.0
0.2510418403067178,0.0746999979019165,-0.23045792979962787,0.005,200.0,0.0,0.0,0.0,200.0,0.0,0.0,0.0,200.0,10.0,0.0,0.0,0.0,10.0,0.0,0.0,0.0,10.0
0.25204200700116686,0.0746999979019165,-0.23149209115719435,0.005,200.0,0.0,0.0,0.0,200.0,0.0,0.0,0.0,200.0,10.0,0.0,0.0,0.0,10.0,0.0,0.0,0.0,10.0
0.25304217369561594,0.0746999979019165,-0.23252625251476078,0.005,200.0,0.0,0.0,0.0,200.0,0.0,0.0,0.0,200.0,10.0,0.0,0.0,0.0,10.0,0.0,0.0,0.0,10.0
0.254042340390065,0.0746999979019165,-0.23356041387232726,0.005,200.0,0.0,0.0,0.0,200.0,0.0,0.0,0.0,200.0,10.0,0.0,0.0,0.0,10.0,0.0,0.0,0.0,10.0
0.2550425070845141,0.0746999979019165,-0.23459457522989371,0.005,200.0,0.0,0.0,0.0,200.0,0.0,0.0,0.0,200.0,10.0,0.0,0.0,0.0,10.0,0.0,0.0,0.0,10.0
0.25604267377896317,0.0746999979019165,-0.2356287365874602,0.005,200.0,0.0,0.0,0.0,200.0,0.0,0.0,0.0,200.0,10.0,0.0,0.0,0.0,10.0,0.0,0.0,0.0,10.0
0.25704284047341225,0.0746999979019165,-0.23666289794502668,0.005,200.0,0.0,0.0,0.0,200.0,0.0,0.0,0.0,200.0,10.0,0.0,0.0,0.0,10.0,0.0,0.0,0.0,10.0
0.2580430071678613,0.0746999979019165,-0.2376970593025931,0.005,200.0,0.0,0.0,0.0,200.0,0.0,0.0,0.0,200.0,10.0,0.0,0.0,0.0,10.0,0.0,0.0,0.0,10.0
0.2590431738623104,0.0746999979019165,-0.2387312206601596,0.005,200.0,0.0,0.0,0.0,200.0,0.0,0.0,0.0,200.0,10.0,0.0,0.0,0.0,10.0,0.0,0.0,0.0,10.0
0.2600433405567595,0.0746999979019165,-0.23976538201772604,0.005,200.0,0.0,0.0,0.0,200.0,0.0,0.0,0.0,200.0,10.0,0.0,0.0,0.0,10.0,0.0,0.0,0.0,10.0
0.26104350725120856,0.0746999979019165,-0.24078062433047104,0.005,200.0,0.0,0.0,0.0,200.0,0.0,0.0,0.0,200.0,10.0,0.0,0.0,0.0,10.0,0.0,0.0,0.0,10.0
0.26204367394565764,0.0746999979019165,-0.241706001180314,0.005,200.0,0.0,0.0,0.0,200.0,0.0,0.0,0.0,200.0,10.0,0.0,0.0,0.0,10.0,0.0,0.0,0.0,10.0
0.2630438406401067,0.0746999979019165,-0.242631378030157,0.005,200.0,0.0,0.0,0.0,200.0,0.0,0.0,0.0,200.0,10.0,0.0,0.0,0.0,10.0,0.0,0.0,0.0,10.0
0.2640440073345558,0.0746999979019165,-0.24355675487999998,0.005,200.0,0.0,0.0,0.0,200.0,0.0,0.0,0.0,200.0,10.0,0.0,0.0,0.0,10.0,0.0,0.0,0.0,10.0
0.2650441740290048,0.0746999979019165,-0.24448213172984293,0.005,200.0,0.0,0.0,0.0,200.0,0.0,0.0,0.0,200.0,10.0,0.0,0.0,0.0,10.0,0.0,0.0,0.0,10.0
0.2660443407234539,0.0746999979019165,-0.24540750857968593,0.005,200.0,0.0,0.0,0.0,200.0,0.0,0.0,0.0,200.0,10.0,0.0,0.0,0.0,10.0,0.0,0.0,0.0,10.0
0.267044507417903,0.0746999979019165,-0.24633288542952889,0.005,200.0,0.0,0.0,0.0,200.0,0.0,0.0,0.0,200.0,10.0,0.0,0.0,0.0,10.0,0.0,0.0,0.0,10.0
0.26804467411235205,0.0746999979019165,-0.2472582622793719,0.005,200.0,0.0,0.0,0.0,200.0,0.0,0.0,0.0,200.0,10.0,0.0,0.0,0.0,10.0,0.0,0.0,0.0,10.0
0.26904484080680113,0.0746999979019165,-0.24818363912921487,0.005,200.0,0.0,0.0,0.0,200.0,0.0,0.0,0.0,200.0,10.0,0.0,0.0,0.0,10.0,0.0,0.0,0.0,10.0
0.2700450075012502,0.0746999979019165,-0.24910901597905782,0.005,200.0,0.0,0.0,0.0,200.0,0.0,0.0,0.0,200.0,10.0,0.0,0.0,0.0,10.0,0.0,0.0,0.0,10.0
0.2710451741956993,0.0746999979019165,-0.25003439282890083,0.005,200.0,0.0,0.0,0.0,200.0,0.0,0.0,0.0,200.0,10.0,0.0,0.0,0.0,10.0,0.0,0.0,0.0,10.0
0.27204534089014837,0.0746999979019165,-0.2509597696787438,0.005,200.0,0.0,0.0,0.0,200.0,0.0,0.0,0.0,200.0,10.0,0.0,0.0,0.0,10.0,0.0,0.0,0.0,10.0
0.27304550758459745,0.0746999979019165,-0.2518851465285868,0.005,200.0,0.0,0.0,0.0,200.0,0.0,0.0,0.0,200.0,10.0,0.0,0.0,0.0,10.0,0.0,0.0,0.0,10.0
0.2740456742790465,0.0746999979019165,-0.25281052337842974,0.005,200.0,0.0,0.0,0.0,200.0,0.0,0.0,0.0,200.0,10.0,0.0,0.0,0.0,10.0,0.0,0.0,0.0,10.0
0.2750458409734956,0.0746999979019165,-0.25373590022827275,0.005,200.0,0.0,0.0,0.0,200.0,0.0,0.0,0.0,200.0,10.0,0.0,0.0,0.0,10.0,0.0,0.0,0.0,10.0
0.2760460076679447,0.0746999979019165,-0.2546612770781157,0.005,200.0,0.0,0.0,0.0,200.0,0.0,0.0,0.0,200.0,10.0,0.0,0.0,0.0,10.0,0.0,0.0,0.0,10.0
0.27704617436239376,0.0746999979019165,-0.25558665392795865,0.005,200.0,0.0,0.0,0.0,200.0,0.0,0.0,0.0,200.0,10.0,0.0,0.0,0.0,10.0,0.0,0.0,0.0,10.0
0.27804634105684284,0.0746999979019165,-0.25651203077780166,0.005,200.0,0.0,0.0,0.0,200.0,0.0,0.0,0.0,200.0,10.0,0.0,0.0,0.0,10.0,0.0,0.0,0.0,10.0
0.2790465077512919,0.0746999979019165,-0.2574374076276446,0.005,200.0,0.0,0.0,0.0,200.0,0.0,0.0,0.0,200.0,10.0,0.0,0.0,0.0,10.0,0.0,0.0,0.0,10.0
0.28004667444574094,0.0746999979019165,-0.2583627844774876,0.005,200.0,0.0,0.0,0.0,200.0,0.0,0.0,0.0,200.0,10.0,0.0,0.0,0.0,10.0,0.0,0.0,0.0,10.0
0.28104684114019,0.0746999979019165,-0.2593094573098037,0.005,200.0,0.0,0.0,0.0,200.0,0.0,0.0,0.0,200.0,10.0,0.0,0.0,0.0,10.0,0.0,0.0,0.0,10.0
0.2820470078346391,0.0746999979019165,-0.26042778866750876,0.005,200.0,0.0,0.0,0.0,200.0,0.0,0.0,0.0,200.0,10.0,0.0,0.0,0.0,10.0,0.0,0.0,0.0,10.0
0.2830471745290882,0.0746999979019165,-0.2615461200252138,0.005,200.0,0.0,0.0,0.0,200.0,0.0,0.0,0.0,200.0,10.0,0.0,0.0,0.0,10.0,0.0,0.0,0.0,10.0
0.28404734122353725,0.0746999979019165,-0.2626644513829189,0.005,200.0,0.0,0.0,0.0,200.0,0.0,0.0,0.0,200.0,10.0,0.0,0.0,0.0,10.0,0.0,0.0,0.0,10.0
0.28504750791798633,0.0746999979019165,-0.263782782740624,0.005,200.0,0.0,0.0,0.0,200.0,0.0,0.0,0.0,200.0,10.0,0.0,0.0,0.0,10.0,0.0,0.0,0.0,10.0
0.2860476746124354,0.0746999979019165,-0.264901114098329,0.005,200.0,0.0,0.0,0.0,200.0,0.0,0.0,0.0,200.0,10.0,0.0,0.0,0.0,10.0,0.0,0.0,0.0,10.0
0.2870478413068845,0.0746999979019165,-0.2660194454560341,0.005,200.0,0.0,0.0,0.0,200.0,0.0,0.0,0.0,200.0,10.0,0.0,0.0,0.0,10.0,0.0,0.0,0.0,10.0
0.28804800800133357,0.0746999979019165,-0.2671377768137392,0.005,200.0,0.0,0.0,0.0,200.0,0.0,0.0,0.0,200.0,10.0,0.0,0.0,0.0,10.0,0.0,0.0,0.0,10.0
0.28904817469578264,0.0746999979019165,-0.26825610817144424,0.005,200.0,0.0,0.0,0.0,200.0,0.0,0.0,0.0,200.0,10.0,0.0,0.0,0.0,10.0,0.0,0.0,0.0,10.0
0.2900483413902317,0.0746999979019165,-0.26937443952914936,0.005,200.0,0.0,0.0,0.0,200.0,0.0,0.0,0.0,200.0,10.0,0.0,0.0,0.0,10.0,0.0,0.0,0.0,10.0
0.2910485080846808,0.0746999979019165,-0.27049277088685436,0.005,200.0,0.0,0.0,0.0,200.0,0.0,0.0,0.0,200.0,10.0,0.0,0.0,0.0,10.0,0.0,0.0,0.0,10.0
0.2920486747791299,0.0746999979019165,-0.2716111022445595,0.005,200.0,0.0,0.0,0.0,200.0,0.0,0.0,0.0,200.0,10.0,0.0,0.0,0.0,10.0,0.0,0.0,0.0,10.0
0.29304884147357896,0.0746999979019165,-0.2727294336022646,0.005,200.0,0.0,0.0,0.0,200.0,0.0,0.0,0.0,200.0,10.0,0.0,0.0,0.0,10.0,0.0,0.0,0.0,10.0
0.29404900816802804,0.0746999979019165,-0.2738477649599696,0.005,200.0,0.0,0.0,0.0,200.0,0.0,0.0,0.0,200.0,10.0,0.0,0.0,0.0,10.0,0.0,0.0,0.0,10.0
0.2950491748624771,0.0746999979019165,-0.2749660963176747,0.005,200.0,0.0,0.0,0.0,200.0,0.0,0.0,0.0,200.0,10.0,0.0,0.0,0.0,10.0,0.0,0.0,0.0,10.0
0.2960493415569262,0.0746999979019165,-0.2760844276753798,0.005,200.0,0.0,0.0,0.0,200.0,0.0,0.0,0.0,200.0,10.0,0.0,0.0,0.0,10.0,0.0,0.0,0.0,10.0
0.2970495082513752,0.0746999979019165,-0.27720275903308483,0.005,200.0,0.0,0.0,0.0,200.0,0.0,0.0,0.0,200.0,10.0,0.0,0.0,0.0,10.0,0.0,0.0,0.0,10.0
0.2980496749458243,0.0746999979019165,-0.2783210903907899,0.005,200.0,0.0,0.0,0.0,200.0,0.0,0.0,0.0,200.0,10.0,0.0,0.0,0.0,10.0,0.0,0.0,0.0,10.0
0.2990498416402734,0.0746999979019165,-0.279439421748495,0.005,200.0,0.0,0.0,0.0,200.0,0.0,0.0,0.0,200.0,10.0,0.0,0.0,0.0,10.0,0.0,0.0,0.0,10.0
0.30005000833472245,0.0746999979019165,-0.28055775310620007,0.005,200.0,0.0,0.0,0.0,200.0,0.0,0.0,0.0,200.0,10.0,0.0,0.0,0.0,10.0,0.0,0.0,0.0,10.0
0.30105017502917153,0.0746999979019165,-0.2816649530009044,0.005,200.0,0.0,0.0,0.0,200.0,0.0,0.0,0.0,200.0,10.0,0.0,0.0,0.0,10.0,0.0,0.0,0.0,10.0
0.3020503417236206,0.0746999979019165,-0.28254554811309307,0.005,200.0,0.0,0.0,0.0,200.0,0.0,0.0,0.0,200.0,10.0,0.0,0.0,0.0,10.0,0.0,0.0,0.0,10.0
0.3030505084180697,0.0746999979019165,-0.2834261432252818,0.005,200.0,0.0,0.0,0.0,200.0,0.0,0.0,0.0,200.0,10.0,0.0,0.0,0.0,10.0,0.0,0.0,0.0,10.0
0.30405067511251876,0.0746999979019165,-0.2843067383374705,0.005,200.0,0.0,0.0,0.0,200.0,0.0,0.0,0.0,200.0,10.0,0.0,0.0,0.0,10.0,0.0,0.0,0.0,10.0
0.30505084180696784,0.0746999979019165,-0.28518733344965924,0.005,200.0,0.0,0.0,0.0,200.0,0.0,0.0,0.0,200.0,10.0,0.0,0.0,0.0,10.0,0.0,0.0,0.0,10.0
0.3060510085014169,0.0746999979019165,-0.28606792856184793,0.005,200.0,0.0,0.0,0.0,200.0,0.0,0.0,0.0,200.0,10.0,0.0,0.0,0.0,10.0,0.0,0.0,0.0,10.0
0.307051175195866,0.0746999979019165,-0.28694852367403667,0.005,200.0,0.0,0.0,0.0,200.0,0.0,0.0,0.0,200.0,10.0,0.0,0.0,0.0,10.0,0.0,0.0,0.0,10.0
0.3080513418903151,0.0746999979019165,-0.28782911878622536,0.005,200.0,0.0,0.0,0.0,200.0,0.0,0.0,0.0,200.0,10.0,0.0,0.0,0.0,10.0,0.0,0.0,0.0,10.0
0.30905150858476416,0.0746999979019165,-0.2887097138984141,0.005,200.0,0.0,0.0,0.0,200.0,0.0,0.0,0.0,200.0,10.0,0.0,0.0,0.0,10.0,0.0,0.0,0.0,10.0
0.31005167527921323,0.0746999979019165,-0.2895903090106028,0.005,200.0,0.0,0.0,0.0,200.0,0.0,0.0,0.0,200.0,10.0,0.0,0.0,0.0,10.0,0.0,0.0,0.0,10.0
0.3110518419736623,0.0746999979019165,-0.29047090412279153,0.005,200.0,0.0,0.0,0.0,200.0,0.0,0.0,0.0,200.0,10.0,0.0,0.0,0.0,10.0,0.0,0.0,0.0,10.0
0.31205200866811134,0.0746999979019165,-0.29135149923498027,0.005,200.0,0.0,0.0,0.0,200.0,0.0,0.0,0.0,200.0,10.0,0.0,0.0,0.0,10.0,0.0,0.0,0.0,10.0
0.3130521753625604,0.0746999979019165,-0.29223209434716896,0.005,200.0,0.0,0.0,0.0,200.0,0.0,0.0,0.0,200.0,10.0,0.0,0.0,0.0,10.0,0.0,0.0,0.0,10.0
0.3140523420570095,0.0746999979019165,-0.29311268945935764,0.005,200.0,0.0,0.0,0.0,200.0,0.0,0.0,0.0,200.0,10.0,0.0,0.0,0.0,10.0,0.0,0.0,0.0,10.0
0.31505250875145857,0.0746999979019165,-0.2939932845715464,0.005,200.0,0.0,0.0,0.0,200.0,0.0,0.0,0.0,200.0,10.0,0.0,0.0,0.0,10.0,0.0,0.0,0.0,10.0
0.31605267544590765,0.0746999979019165,-0.2948738796837351,0.005,200.0,0.0,0.0,0.0,200.0,0.0,0.0,0.0,200.0,10.0,0.0,0.0,0.0,10.0,0.0,0.0,0.0,10.0
0.3170528421403567,0.0746999979019165,-0.2957544747959238,0.005,200.0,0.0,0.0,0.0,200.0,0.0,0.0,0.0,200.0,10.0,0.0,0.0,0.0,10.0,0.0,0.0,0.0,10.0
0.3180530088348058,0.0746999979019165,-0.2966350699081125,0.005,200.0,0.0,0.0,0.0,200.0,0.0,0.0,0.0,200.0,10.0,0.0,0.0,0.0,10.0,0.0,0.0,0.0,10.0
0.3190531755292549,0.0746999979019165,-0.29751566502030125,0.005,200.0,0.0,0.0,0.0,200.0,0.0,0.0,0.0,200.0,10.0,0.0,0.0,0.0,10.0,0.0,0.0,0.0,10.0
0.32005334222370396,0.0746999979019165,-0.29839626013248993,0.005,200.0,0.0,0.0,0.0,200.0,0.0,0.0,0.0,200.0,10.0,0.0,0.0,0.0,10.0,0.0,0.0,0.0,10.0
0.32105350891815304,0.0746999979019165,-0.2992768552446787,0.005,200.0,0.0,0.0,0.0,200.0,0.0,0.0,0.0,200.0,10.0,0.0,0.0,0.0,10.0,0.0,0.0,0.0,10.0
0.3220536756126021,0.07475236910226882,-0.3004008916531588,0.005,200.0,0.0,0.0,0.0,200.0,0.0,0.0,0.0,200.0,10.0,0.0,0.0,0.0,10.0,0.0,0.0,0.0,10.0
0.3230538423070512,0.0748056309692938,-0.30152906821973924,0.005,200.0,0.0,0.0,0.0,200.0,0.0,0.0,0.0,200.0,10.0,0.0,0.0,0.0,10.0,0.0,0.0,0.0,10.0
0.3240540090015003,0.07485889283631877,-0.3026572447863196,0.005,200.0,0.0,0.0,0.0,200.0,0.0,0.0,0.0,200.0,10.0,0.0,0.0,0.0,10.0,0.0,0.0,0.0,10.0
0.32505417569594935,0.07491215470334374,-0.30378542135289993,0.005,200.0,0.0,0.0,0.0,200.0,0.0,0.0,0.0,200.0,10.0,0.0,0.0,0.0,10.0,0.0,0.0,0.0,10.0
0.32605434239039843,0.07496541657036872,-0.30491359791948036,0.005,200.0,0.0,0.0,0.0,200.0,0.0,0.0,0.0,200.0,10.0,0.0,0.0,0.0,10.0,0.0,0.0,0.0,10.0
0.3270545090848475,0.0750186784373937,-0.3060417744860607,0.005,200.0,0.0,0.0,0.0,200.0,0.0,0.0,0.0,200.0,10.0,0.0,0.0,0.0,10.0,0.0,0.0,0.0,10.0
0.3280546757792966,0.07507194030441866,-0.30716995105264105,0.005,200.0,0.0,0.0,0.0,200.0,0.0,0.0,0.0,200.0,10.0,0.0,0.0,0.0,10.0,0.0,0.0,0.0,10.0
0.3290548424737456,0.07512520217144364,-0.30829812761922143,0.005,200.0,0.0,0.0,0.0,200.0,0.0,0.0,0.0,200.0,10.0,0.0,0.0,0.0,10.0,0.0,0.0,0.0,10.0
0.3300550091681947,0.07517846403846862,-0.3094263041858018,0.005,200.0,0.0,0.0,0.0,200.0,0.0,0.0,0.0,200.0,10.0,0.0,0.0,0.0,10.0,0.0,0.0,0.0,10.0
0.33105517586264377,0.0752317259054936,-0.31055448075238223,0.005,200.0,0.0,0.0,0.0,200.0,0.0,0.0,0.0,200.0,10.0,0.0,0.0,0.0,10.0,0.0,0.0,0.0,10.0
0.33205534255709285,0.07528498777251856,-0.31168265731896255,0.005,200.0,0.0,0.0,0.0,200.0,0.0,0.0,0.0,200.0,10.0,0.0,0.0,0.0,10.0,0.0,0.0,0.0,10.0
0.3330555092515419,0.07533824963954354,-0.3128108338855429,0.005,200.0,0.0,0.0,0.0,200.0,0.0,0.0,0.0,200.0,10.0,0.0,0.0,0.0,10.0,0.0,0.0,0.0,10.0
0.334055675945991,0.07539151150656852,-0.3139390104521233,0.005,200.0,0.0,0.0,0.0,200.0,0.0,0.0,0.0,200.0,10.0,0.0,0.0,0.0,10.0,0.0,0.0,0.0,10.0
0.3350558426404401,0.07544477337359348,-0.3150671870187037,0.005,200.0,0.0,0.0,0.0,200.0,0.0,0.0,0.0,200.0,10.0,0.0,0.0,0.0,10.0,0.0,0.0,0.0,10.0
0.33605600933488916,0.07549803524061846,-0.31619536358528405,0.005,200.0,0.0,0.0,0.0,200.0,0.0,0.0,0.0,200.0,10.0,0.0,0.0,0.0,10.0,0.0,0.0,0.0,10.0
0.33705617602933824,0.07555129710764344,-0.3173235401518644,0.005,200.0,0.0,0.0,0.0,200.0,0.0,0.0,0.0,200.0,10.0,0.0,0.0,0.0,10.0,0.0,0.0,0.0,10.0
0.3380563427237873,0.07560455897466842,-0.3184517167184448,0.005,200.0,0.0,0.0,0.0,200.0,0.0,0.0,0.0,200.0,10.0,0.0,0.0,0.0,10.0,0.0,0.0,0.0,10.0
0.3390565094182364,0.07565782084169338,-0.3195798932850252,0.005,200.0,0.0,0.0,0.0,200.0,0.0,0.0,0.0,200.0,10.0,0.0,0.0,0.0,10.0,0.0,0.0,0.0,10.0
0.3400566761126855,0.07571108270871836,-0.32070806985160555,0.005,200.0,0.0,0.0,0.0,200.0,0.0,0.0,0.0,200.0,10.0,0.0,0.0,0.0,10.0,0.0,0.0,0.0,10.0
0.34105684280713455,0.07576434457574334,-0.32183624641818587,0.005,200.0,0.0,0.0,0.0,200.0,0.0,0.0,0.0,200.0,10.0,0.0,0.0,0.0,10.0,0.0,0.0,0.0,10.0
0.34205700950158363,0.07592070427094326,-0.3227438320217778,0.005,200.0,0.0,0.0,0.0,200.0,0.0,0.0,0.0,200.0,10.0,0.0,0.0,0.0,10.0,0.0,0.0,0.0,10.0
0.3430571761960327,0.07608606159478391,-0.323632166050418,0.005,200.0,0.0,0.0,0.0,200.0,0.0,0.0,0.0,200.0,10.0,0.0,0.0,0.0,10.0,0.0,0.0,0.0,10.0
0.34405734289048173,0.07625141891862457,-0.32452050007905814,0.005,200.0,0.0,0.0,0.0,200.0,0.0,0.0,0.0,200.0,10.0,0.0,0.0,0.0,10.0,0.0,0.0,0.0,10.0
0.3450575095849308,0.07641677624246522,-0.32540883410769833,0.005,200.0,0.0,0.0,0.0,200.0,0.0,0.0,0.0,200.0,10.0,0.0,0.0,0.0,10.0,0.0,0.0,0.0,10.0
0.3460576762793799,0.07658213356630586,-0.3262971681363385,0.005,200.0,0.0,0.0,0.0,200.0,0.0,0.0,0.0,200.0,10.0,0.0,0.0,0.0,10.0,0.0,0.0,0.0,10.0
0.34705784297382897,0.07674749089014651,-0.3271855021649787,0.005,200.0,0.0,0.0,0.0,200.0,0.0,0.0,0.0,200.0,10.0,0.0,0.0,0.0,10.0,0.0,0.0,0.0,10.0
0.34805800966827805,0.07691284821398717,-0.3280738361936189,0.005,200.0,0.0,0.0,0.0,200.0,0.0,0.0,0.0,200.0,10.0,0.0,0.0,0.0,10.0,0.0,0.0,0.0,10.0
0.3490581763627271,0.07707820553782782,-0.32896217022225904,0.005,200.0,0.0,0.0,0.0,200.0,0.0,0.0,0.0,200.0,10.0,0.0,0.0,0.0,10.0,0.0,0.0,0.0,10.0
0.3500583430571762,0.07724356286166847,-0.32985050425089923,0.005,200.0,0.0,0.0,0.0,200.0,0.0,0.0,0.0,200.0,10.0,0.0,0.0,0.0,10.0,0.0,0.0,0.0,10.0
0.3510585097516253,0.07740892018550911,-0.33073883827953937,0.005,200.0,0.0,0.0,0.0,200.0,0.0,0.0,0.0,200.0,10.0,0.0,0.0,0.0,10.0,0.0,0.0,0.0,10.0
0.35205867644607436,0.07757427750934977,-0.33162717230817956,0.005,200.0,0.0,0.0,0.0,200.0,0.0,0.0,0.0,200.0,10.0,0.0,0.0,0.0,10.0,0.0,0.0,0.0,10.0
0.35305884314052344,0.07773963483319041,-0.33251550633681975,0.005,200.0,0.0,0.0,0.0,200.0,0.0,0.0,0.0,200.0,10.0,0.0,0.0,0.0,10.0,0.0,0.0,0.0,10.0
0.3540590098349725,0.07790499215703106,-0.33340384036545995,0.005,200.0,0.0,0.0,0.0,200.0,0.0,0.0,0.0,200.0,10.0,0.0,0.0,0.0,10.0,0.0,0.0,0.0,10.0
0.3550591765294216,0.07807034948087171,-0.33429217439410014,0.005,200.0,0.0,0.0,0.0,200.0,0.0,0.0,0.0,200.0,10.0,0.0,0.0,0.0,10.0,0.0,0.0,0.0,10.0
0.3560593432238707,0.07823570680471237,-0.3351805084227403,0.005,200.0,0.0,0.0,0.0,200.0,0.0,0.0,0.0,200.0,10.0,0.0,0.0,0.0,10.0,0.0,0.0,0.0,10.0
0.35705950991831975,0.07840106412855302,-0.33606884245138047,0.005,200.0,0.0,0.0,0.0,200.0,0.0,0.0,0.0,200.0,10.0,0.0,0.0,0.0,10.0,0.0,0.0,0.0,10.0
0.35805967661276883,0.07856642145239366,-0.3369571764800206,0.005,200.0,0.0,0.0,0.0,200.0,0.0,0.0,0.0,200.0,10.0,0.0,0.0,0.0,10.0,0.0,0.0,0.0,10.0
0.3590598433072179,0.07873177877623432,-0.3378455105086608,0.005,200.0,0.0,0.0,0.0,200.0,0.0,0.0,0.0,200.0,10.0,0.0,0.0,0.0,10.0,0.0,0.0,0.0,10.0
0.360060010001667,0.07889713610007497,-0.338733844537301,0.005,200.0,0.0,0.0,0.0,200.0,0.0,0.0,0.0,200.0,10.0,0.0,0.0,0.0,10.0,0.0,0.0,0.0,10.0
0.361060176696116,0.07906249342391562,-0.3396221785659411,0.005,200.0,0.0,0.0,0.0,200.0,0.0,0.0,0.0,200.0,10.0,0.0,0.0,0.0,10.0,0.0,0.0,0.0,10.0
0.3620603433905651,0.07926677477659831,-0.3404165689180962,0.005,200.0,0.0,0.0,0.0,200.0,0.0,0.0,0.0,200.0,10.0,0.0,0.0,0.0,10.0,0.0,0.0,0.0,10.0
0.36306051008501417,0.07947759414975057,-0.3411951796683416,0.005,200.0,0.0,0.0,0.0,200.0,0.0,0.0,0.0,200.0,10.0,0.0,0.0,0.0,10.0,0.0,0.0,0.0,10.0
0.36406067677946324,0.07968841352290283,-0.34197379041858705,0.005,200.0,0.0,0.0,0.0,200.0,0.0,0.0,0.0,200.0,10.0,0.0,0.0,0.0,10.0,0.0,0.0,0.0,10.0
0.3650608434739123,0.07989923289605509,-0.34275240116883243,0.005,200.0,0.0,0.0,0.0,200.0,0.0,0.0,0.0,200.0,10.0,0.0,0.0,0.0,10.0,0.0,0.0,0.0,10.0
0.3660610101683614,0.08011005226920735,-0.34353101191907787,0.005,200.0,0.0,0.0,0.0,200.0,0.0,0.0,0.0,200.0,10.0,0.0,0.0,0.0,10.0,0.0,0.0,0.0,10.0
0.3670611768628105,0.08032087164235961,-0.3443096226693233,0.005,200.0,0.0,0.0,0.0,200.0,0.0,0.0,0.0,200.0,10.0,0.0,0.0,0.0,10.0,0.0,0.0,0.0,10.0
0.36806134355725956,0.08053169101551187,-0.34508823341956874,0.005,200.0,0.0,0.0,0.0,200.0,0.0,0.0,0.0,200.0,10.0,0.0,0.0,0.0,10.0,0.0,0.0,0.0,10.0
0.36906151025170864,0.08074251038866413,-0.34586684416981417,0.005,200.0,0.0,0.0,0.0,200.0,0.0,0.0,0.0,200.0,10.0,0.0,0.0,0.0,10.0,0.0,0.0,0.0,10.0
0.3700616769461577,0.08095332976181639,-0.34664545492005955,0.005,200.0,0.0,0.0,0.0,200.0,0.0,0.0,0.0,200.0,10.0,0.0,0.0,0.0,10.0,0.0,0.0,0.0,10.0
0.3710618436406068,0.08116414913496865,-0.347424065670305,0.005,200.0,0.0,0.0,0.0,200.0,0.0,0.0,0.0,200.0,10.0,0.0,0.0,0.0,10.0,0.0,0.0,0.0,10.0
0.37206201033505587,0.08137496850812091,-0.3482026764205504,0.005,200.0,0.0,0.0,0.0,200.0,0.0,0.0,0.0,200.0,10.0,0.0,0.0,0.0,10.0,0.0,0.0,0.0,10.0
0.37306217702950495,0.08158578788127317,-0.3489812871707958,0.005,200.0,0.0,0.0,0.0,200.0,0.0,0.0,0.0,200.0,10.0,0.0,0.0,0.0,10.0,0.0,0.0,0.0,10.0
0.374062343723954,0.08179660725442543,-0.34975989792104123,0.005,200.0,0.0,0.0,0.0,200.0,0.0,0.0,0.0,200.0,10.0,0.0,0.0,0.0,10.0,0.0,0.0,0.0,10.0
0.3750625104184031,0.08200742662757769,-0.35053850867128666,0.005,200.0,0.0,0.0,0.0,200.0,0.0,0.0,0.0,200.0,10.0,0.0,0.0,0.0,10.0,0.0,0.0,0.0,10.0
0.37606267711285213,0.08221824600072994,-0.35131711942153204,0.005,200.0,0.0,0.0,0.0,200.0,0.0,0.0,0.0,200.0,10.0,0.0,0.0,0.0,10.0,0.0,0.0,0.0,10.0
0.3770628438073012,0.08242906537388221,-0.35209573017177753,0.005,200.0,0.0,0.0,0.0,200.0,0.0,0.0,0.0,200.0,10.0,0.0,0.0,0.0,10.0,0.0,0.0,0.0,10.0
0.3780630105017503,0.08263988474703447,-0.3528743409220229,0.005,200.0,0.0,0.0,0.0,200.0,0.0,0.0,0.0,200.0,10.0,0.0,0.0,0.0,10.0,0.0,0.0,0.0,10.0
0.37906317719619936,0.08285070412018672,-0.35365295167226835,0.005,200.0,0.0,0.0,0.0,200.0,0.0,0.0,0.0,200.0,10.0,0.0,0.0,0.0,10.0,0.0,0.0,0.0,10.0
0.38006334389064844,0.08306152349333899,-0.3544315624225138,0.005,200.0,0.0,0.0,0.0,200.0,0.0,0.0,0.0,200.0,10.0,0.0,0.0,0.0,10.0,0.0,0.0,0.0,10.0
0.3810635105850975,0.08327234286649125,-0.3552101731727592,0.005,200.0,0.0,0.0,0.0,200.0,0.0,0.0,0.0,200.0,10.0,0.0,0.0,0.0,10.0,0.0,0.0,0.0,10.0
0.3820636772795466,0.08352855996482271,-0.3559846960319879,0.005,200.0,0.0,0.0,0.0,200.0,0.0,0.0,0.0,200.0,10.0,0.0,0.0,0.0,10.0,0.0,0.0,0.0,10.0
0.3830638439739957,0.08379665326130233,-0.3567581494851278,0.005,200.0,0.0,0.0,0.0,200.0,0.0,0.0,0.0,200.0,10.0,0.0,0.0,0.0,10.0,0.0,0.0,0.0,10.0
0.38406401066844476,0.08406474655778196,-0.3575316029382678,0.005,200.0,0.0,0.0,0.0,200.0,0.0,0.0,0.0,200.0,10.0,0.0,0.0,0.0,10.0,0.0,0.0,0.0,10.0
0.38506417736289383,0.08433283985426156,-0.35830505639140775,0.005,200.0,0.0,0.0,0.0,200.0,0.0,0.0,0.0,200.0,10.0,0.0,0.0,0.0,10.0,0.0,0.0,0.0,10.0
0.3860643440573429,0.08460093315074117,-0.3590785098445477,0.005,200.0,0.0,0.0,0.0,200.0,0.0,0.0,0.0,200.0,10.0,0.0,0.0,0.0,10.0,0.0,0.0,0.0,10.0
0.387064510751792,0.0848690264472208,-0.3598519632976877,0.005,200.0,0.0,0.0,0.0,200.0,0.0,0.0,0.0,200.0,10.0,0.0,0.0,0.0,10.0,0.0,0.0,0.0,10.0
0.38806467744624107,0.0851371197437004,-0.3606254167508276,0.005,200.0,0.0,0.0,0.0,200.0,0.0,0.0,0.0,200.0,10.0,0.0,0.0,0.0,10.0,0.0,0.0,0.0,10.0
0.38906484414069015,0.08540521304018002,-0.36139887020396755,0.005,200.0,0.0,0.0,0.0,200.0,0.0,0.0,0.0,200.0,10.0,0.0,0.0,0.0,10.0,0.0,0.0,0.0,10.0
0.3900650108351392,0.08567330633665962,-0.3621723236571075,0.005,200.0,0.0,0.0,0.0,200.0,0.0,0.0,0.0,200.0,10.0,0.0,0.0,0.0,10.0,0.0,0.0,0.0,10.0
0.3910651775295883,0.08594139963313925,-0.3629457771102475,0.005,200.0,0.0,0.0,0.0,200.0,0.0,0.0,0.0,200.0,10.0,0.0,0.0,0.0,10.0,0.0,0.0,0.0,10.0
0.3920653442240374,0.08620949292961887,-0.36371923056338745,0.005,200.0,0.0,0.0,0.0,200.0,0.0,0.0,0.0,200.0,10.0,0.0,0.0,0.0,10.0,0.0,0.0,0.0,10.0
0.3930655109184864,0.08647758622609847,-0.36449268401652735,0.005,200.0,0.0,0.0,0.0,200.0,0.0,0.0,0.0,200.0,10.0,0.0,0.0,0.0,10.0,0.0,0.0,0.0,10.0
0.3940656776129355,0.0867456795225781,-0.36526613746966735,0.005,200.0,0.0,0.0,0.0,200.0,0.0,0.0,0.0,200.0,10.0,0.0,0.0,0.0,10.0,0.0,0.0,0.0,10.0
0.39506584430738456,0.08701377281905771,-0.3660395909228073,0.005,200.0,0.0,0.0,0.0,200.0,0.0,0.0,0.0,200.0,10.0,0.0,0.0,0.0,10.0,0.0,0.0,0.0,10.0
0.39606601100183364,0.08728186611553732,-0.36681304437594725,0.005,200.0,0.0,0.0,0.0,200.0,0.0,0.0,0.0,200.0,10.0,0.0,0.0,0.0,10.0,0.0,0.0,0.0,10.0
0.3970661776962827,0.08754995941201694,-0.36758649782908726,0.005,200.0,0.0,0.0,0.0,200.0,0.0,0.0,0.0,200.0,10.0,0.0,0.0,0.0,10.0,0.0,0.0,0.0,10.0
0.3980663443907318,0.08781805270849656,-0.36835995128222715,0.005,200.0,0.0,0.0,0.0,200.0,0.0,0.0,0.0,200.0,10.0,0.0,0.0,0.0,10.0,0.0,0.0,0.0,10.0
0.3990665110851809,0.08808614600497616,-0.3691334047353671,0.005,200.0,0.0,0.0,0.0,200.0,0.0,0.0,0.0,200.0,10.0,0.0,0.0,0.0,10.0,0.0,0.0,0.0,10.0
0.40006667777962995,0.08835423930145578,-0.36990685818850705,0.005,200.0,0.0,0.0,0.0,200.0,0.0,0.0,0.0,200.0,10.0,0.0,0.0,0.0,10.0,0.0,0.0,0.0,10.0
0.40106684447407903,0.08862233259793541,-0.37068031164164705,0.005,200.0,0.0,0.0,0.0,200.0,0.0,0.0,0.0,200.0,10.0,0.0,0.0,0.0,10.0,0.0,0.0,0.0,10.0
0.4020670111685281,0.08895493035098676,-0.37157461686538923,0.005,200.0,0.0,0.0,0.0,200.0,0.0,0.0,0.0,200.0,10.0,0.0,0.0,0.0,10.0,0.0,0.0,0.0,10.0
0.4030671778629772,0.08931149535625055,-0.37251382572866715,0.005,200.0,0.0,0.0,0.0,200.0,0.0,0.0,0.0,200.0,10.0,0.0,0.0,0.0,10.0,0.0,0.0,0.0,10.0
0.40406734455742627,0.08966806036151437,-0.3734530345919451,0.005,200.0,0.0,0.0,0.0,200.0,0.0,0.0,0.0,200.0,10.0,0.0,0.0,0.0,10.0,0.0,0.0,0.0,10.0
0.40506751125187535,0.09002462536677816,-0.374392243455223,0.005,200.0,0.0,0.0,0.0,200.0,0.0,0.0,0.0,200.0,10.0,0.0,0.0,0.0,10.0,0.0,0.0,0.0,10.0
0.4060676779463244,0.09038119037204195,-0.3753314523185009,0.005,200.0,0.0,0.0,0.0,200.0,0.0,0.0,0.0,200.0,10.0,0.0,0.0,0.0,10.0,0.0,0.0,0.0,10.0
0.4070678446407735,0.09073775537730575,-0.37627066118177876,0.005,200.0,0.0,0.0,0.0,200.0,0.0,0.0,0.0,200.0,10.0,0.0,0.0,0.0,10.0,0.0,0.0,0.0,10.0
0.4080680113352225,0.09109432038256957,-0.37720987004505674,0.005,200.0,0.0,0.0,0.0,200.0,0.0,0.0,0.0,200.0,10.0,0.0,0.0,0.0,10.0,0.0,0.0,0.0,10.0
0.4090681780296716,0.09145088538783334,-0.37814907890833466,0.005,200.0,0.0,0.0,0.0,200.0,0.0,0.0,0.0,200.0,10.0,0.0,0.0,0.0,10.0,0.0,0.0,0.0,10.0
0.4100683447241207,0.09180745039309714,-0.3790882877716125,0.005,200.0,0.0,0.0,0.0,200.0,0.0,0.0,0.0,200.0,10.0,0.0,0.0,0.0,10.0,0.0,0.0,0.0,10.0
0.41106851141856976,0.09216401539836096,-0.3800274966348905,0.005,200.0,0.0,0.0,0.0,200.0,0.0,0.0,0.0,200.0,10.0,0.0,0.0,0.0,10.0,0.0,0.0,0.0,10.0
0.41206867811301884,0.09252058040362475,-0.3809667054981684,0.005,200.0,0.0,0.0,0.0,200.0,0.0,0.0,0.0,200.0,10.0,0.0,0.0,0.0,10.0,0.0,0.0,0.0,10.0
0.4130688448074679,0.09287714540888854,-0.3819059143614463,0.005,200.0,0.0,0.0,0.0,200.0,0.0,0.0,0.0,200.0,10.0,0.0,0.0,0.0,10.0,0.0,0.0,0.0,10.0
0.414069011501917,0.09323371041415233,-0.3828451232247242,0.005,200.0,0.0,0.0,0.0,200.0,0.0,0.0,0.0,200.0,10.0,0.0,0.0,0.0,10.0,0.0,0.0,0.0,10.0
0.4150691781963661,0.09359027541941616,-0.38378433208800217,0.005,200.0,0.0,0.0,0.0,200.0,0.0,0.0,0.0,200.0,10.0,0.0,0.0,0.0,10.0,0.0,0.0,0.0,10.0
0.41606934489081515,0.09394684042467995,-0.38472354095128003,0.005,200.0,0.0,0.0,0.0,200.0,0.0,0.0,0.0,200.0,10.0,0.0,0.0,0.0,10.0,0.0,0.0,0.0,10.0
0.41706951158526423,0.09430340542994374,-0.38566274981455795,0.005,200.0,0.0,0.0,0.0,200.0,0.0,0.0,0.0,200.0,10.0,0.0,0.0,0.0,10.0,0.0,0.0,0.0,10.0
0.4180696782797133,0.09465997043520756,-0.3866019586778359,0.005,200.0,0.0,0.0,0.0,200.0,0.0,0.0,0.0,200.0,10.0,0.0,0.0,0.0,10.0,0.0,0.0,0.0,10.0
0.4190698449741624,0.09501653544047134,-0.3875411675411138,0.005,200.0,0.0,0.0,0.0,200.0,0.0,0.0,0.0,200.0,10.0,0.0,0.0,0.0,10.0,0.0,0.0,0.0,10.0
0.42007001166861146,0.09537310044573513,-0.3884803764043917,0.005,200.0,0.0,0.0,0.0,200.0,0.0,0.0,0.0,200.0,10.0,0.0,0.0,0.0,10.0,0.0,0.0,0.0,10.0
0.42107017836306054,0.09572966545099895,-0.3894195852676697,0.005,200.0,0.0,0.0,0.0,200.0,0.0,0.0,0.0,200.0,10.0,0.0,0.0,0.0,10.0,0.0,0.0,0.0,10.0
0.4220703450575096,0.09621349006896221,-0.39056336193665764,0.005,200.0,0.0,0.0,0.0,200.0,0.0,0.0,0.0,200.0,10.0,0.0,0.0,0.0,10.0,0.0,0.0,0.0,10.0
0.4230705117519587,0.09676126424104578,-0.3918099364979622,0.005,200.0,0.0,0.0,0.0,200.0,0.0,0.0,0.0,200.0,10.0,0.0,0.0,0.0,10.0,0.0,0.0,0.0,10.0
0.4240706784464078,0.09730903841312934,-0.3930565110592668,0.005,200.0,0.0,0.0,0.0,200.0,0.0,0.0,0.0,200.0,10.0,0.0,0.0,0.0,10.0,0.0,0.0,0.0,10.0
0.4250708451408568,0.09785681258521295,-0.3943030856205715,0.005,200.0,0.0,0.0,0.0,200.0,0.0,0.0,0.0,200.0,10.0,0.0,0.0,0.0,10.0,0.0,0.0,0.0,10.0
0.4260710118353059,0.09840458675729652,-0.39554966018187604,0.005,200.0,0.0,0.0,0.0,200.0,0.0,0.0,0.0,200.0,10.0,0.0,0.0,0.0,10.0,0.0,0.0,0.0,10.0
0.42707117852975496,0.09895236092938009,-0.3967962347431806,0.005,200.0,0.0,0.0,0.0,200.0,0.0,0.0,0.0,200.0,10.0,0.0,0.0,0.0,10.0,0.0,0.0,0.0,10.0
0.42807134522420404,0.0995001351014637,-0.39804280930448527,0.005,200.0,0.0,0.0,0.0,200.0,0.0,0.0,0.0,200.0,10.0,0.0,0.0,0.0,10.0,0.0,0.0,0.0,10.0
0.4290715119186531,0.10004790927354726,-0.3992893838657899,0.005,200.0,0.0,0.0,0.0,200.0,0.0,0.0,0.0,200.0,10.0,0.0,0.0,0.0,10.0,0.0,0.0,0.0,10.0
0.4300716786131022,0.10059568344563083,-0.40053595842709444,0.005,200.0,0.0,0.0,0.0,200.0,0.0,0.0,0.0,200.0,10.0,0.0,0.0,0.0,10.0,0.0,0.0,0.0,10.0
0.43107184530755127,0.1011434576177144,-0.401782532988399,0.005,200.0,0.0,0.0,0.0,200.0,0.0,0.0,0.0,200.0,10.0,0.0,0.0,0.0,10.0,0.0,0.0,0.0,10.0
0.43207201200200035,0.10169123178979801,-0.40302910754970367,0.005,200.0,0.0,0.0,0.0,200.0,0.0,0.0,0.0,200.0,10.0,0.0,0.0,0.0,10.0,0.0,0.0,0.0,10.0
0.43307217869644943,0.10223900596188157,-0.4042756821110082,0.005,200.0,0.0,0.0,0.0,200.0,0.0,0.0,0.0,200.0,10.0,0.0,0.0,0.0,10.0,0.0,0.0,0.0,10.0
0.4340723453908985,0.10278678013396514,-0.4055222566723128,0.005,200.0,0.0,0.0,0.0,200.0,0.0,0.0,0.0,200.0,10.0,0.0,0.0,0.0,10.0,0.0,0.0,0.0,10.0
0.4350725120853476,0.10333455430604875,-0.4067688312336175,0.005,200.0,0.0,0.0,0.0,200.0,0.0,0.0,0.0,200.0,10.0,0.0,0.0,0.0,10.0,0.0,0.0,0.0,10.0
0.43607267877979666,0.10388232847813232,-0.40801540579492207,0.005,200.0,0.0,0.0,0.0,200.0,0.0,0.0,0.0,200.0,10.0,0.0,0.0,0.0,10.0,0.0,0.0,0.0,10.0
0.43707284547424574,0.10443010265021588,-0.40926198035622663,0.005,200.0,0.0,0.0,0.0,200.0,0.0,0.0,0.0,200.0,10.0,0.0,0.0,0.0,10.0,0.0,0.0,0.0,10.0
0.4380730121686948,0.10497787682229945,-0.4105085549175312,0.005,200.0,0.0,0.0,0.0,200.0,0.0,0.0,0.0,200.0,10.0,0.0,0.0,0.0,10.0,0.0,0.0,0.0,10.0
0.4390731788631439,0.10552565099438306,-0.41175512947883586,0.005,200.0,0.0,0.0,0.0,200.0,0.0,0.0,0.0,200.0,10.0,0.0,0.0,0.0,10.0,0.0,0.0,0.0,10.0
0.4400733455575929,0.10607342516646663,-0.41300170404014047,0.005,200.0,0.0,0.0,0.0,200.0,0.0,0.0,0.0,200.0,10.0,0.0,0.0,0.0,10.0,0.0,0.0,0.0,10.0
0.441073512252042,0.10662119933855019,-0.41424827860144503,0.005,200.0,0.0,0.0,0.0,200.0,0.0,0.0,0.0,200.0,10.0,0.0,0.0,0.0,10.0,0.0,0.0,0.0,10.0
0.4420736789464911,0.10720170817488058,-0.4155280215230699,0.005,200.0,0.0,0.0,0.0,200.0,0.0,0.0,0.0,200.0,10.0,0.0,0.0,0.0,10.0,0.0,0.0,0.0,10.0
0.44307384564094016,0.10780385826146292,-0.4168296924162396,0.005,200.0,0.0,0.0,0.0,200.0,0.0,0.0,0.0,200.0,10.0,0.0,0.0,0.0,10.0,0.0,0.0,0.0,10.0
0.44407401233538923,0.10840600834804529,-0.4181313633094094,0.005,200.0,0.0,0.0,0.0,200.0,0.0,0.0,0.0,200.0,10.0,0.0,0.0,0.0,10.0,0.0,0.0,0.0,10.0
0.4450741790298383,0.10900815843462769,-0.41943303420257927,0.005,200.0,0.0,0.0,0.0,200.0,0.0,0.0,0.0,200.0,10.0,0.0,0.0,0.0,10.0,0.0,0.0,0.0,10.0
0.4460743457242874,0.10961030852121005,-0.420734705095749,0.005,200.0,0.0,0.0,0.0,200.0,0.0,0.0,0.0,200.0,10.0,0.0,0.0,0.0,10.0,0.0,0.0,0.0,10.0
0.44707451241873647,0.1102124586077924,-0.4220363759889188,0.005,200.0,0.0,0.0,0.0,200.0,0.0,0.0,0.0,200.0,10.0,0.0,0.0,0.0,10.0,0.0,0.0,0.0,10.0
0.44807467911318555,0.11081460869437476,-0.42333804688208854,0.005,200.0,0.0,0.0,0.0,200.0,0.0,0.0,0.0,200.0,10.0,0.0,0.0,0.0,10.0,0.0,0.0,0.0,10.0
0.4490748458076346,0.11141675878095716,-0.42463971777525844,0.005,200.0,0.0,0.0,0.0,200.0,0.0,0.0,0.0,200.0,10.0,0.0,0.0,0.0,10.0,0.0,0.0,0.0,10.0
0.4500750125020837,0.11201890886753953,-0.4259413886684282,0.005,200.0,0.0,0.0,0.0,200.0,0.0,0.0,0.0,200.0,10.0,0.0,0.0,0.0,10.0,0.0,0.0,0.0,10.0
0.4510751791965328,0.11262105895412187,-0.4272430595615979,0.005,200.0,0.0,0.0,0.0,200.0,0.0,0.0,0.0,200.0,10.0,0.0,0.0,0.0,10.0,0.0,0.0,0.0,10.0
0.45207534589098186,0.11322320904070428,-0.4285447304547678,0.005,200.0,0.0,0.0,0.0,200.0,0.0,0.0,0.0,200.0,10.0,0.0,0.0,0.0,10.0,0.0,0.0,0.0,10.0
0.45307551258543094,0.11382535912728664,-0.42984640134793756,0.005,200.0,0.0,0.0,0.0,200.0,0.0,0.0,0.0,200.0,10.0,0.0,0.0,0.0,10.0,0.0,0.0,0.0,10.0
0.45407567927988,0.114427509213869,-0.43114807224110735,0.005,200.0,0.0,0.0,0.0,200.0,0.0,0.0,0.0,200.0,10.0,0.0,0.0,0.0,10.0,0.0,0.0,0.0,10.0
0.4550758459743291,0.11502965930045135,-0.4324497431342771,0.005,200.0,0.0,0.0,0.0,200.0,0.0,0.0,0.0,200.0,10.0,0.0,0.0,0.0,10.0,0.0,0.0,0.0,10.0
0.4560760126687782,0.11563180938703375,-0.43375141402744694,0.005,200.0,0.0,0.0,0.0,200.0,0.0,0.0,0.0,200.0,10.0,0.0,0.0,0.0,10.0,0.0,0.0,0.0,10.0
0.4570761793632272,0.11623395947361612,-0.43505308492061673,0.005,200.0,0.0,0.0,0.0,200.0,0.0,0.0,0.0,200.0,10.0,0.0,0.0,0.0,10.0,0.0,0.0,0.0,10.0
0.4580763460576763,0.11683610956019846,-0.43635475581378647,0.005,200.0,0.0,0.0,0.0,200.0,0.0,0.0,0.0,200.0,10.0,0.0,0.0,0.0,10.0,0.0,0.0,0.0,10.0
0.45907651275212535,0.11743825964678088,-0.43765642670695637,0.005,200.0,0.0,0.0,0.0,200.0,0.0,0.0,0.0,200.0,10.0,0.0,0.0,0.0,10.0,0.0,0.0,0.0,10.0
0.46007667944657443,0.11804040973336323,-0.4389580976001261,0.005,200.0,0.0,0.0,0.0,200.0,0.0,0.0,0.0,200.0,10.0,0.0,0.0,0.0,10.0,0.0,0.0,0.0,10.0
0.4610768461410235,0.11864255981994559,-0.44025976849329584,0.005,200.0,0.0,0.0,0.0,200.0,0.0,0.0,0.0,200.0,10.0,0.0,0.0,0.0,10.0,0.0,0.0,0.0,10.0
0.4620770128354726,0.11912399172226493,-0.4413265016282035,0.005,200.0,0.0,0.0,0.0,200.0,0.0,0.0,0.0,200.0,10.0,0.0,0.0,0.0,10.0,0.0,0.0,0.0,10.0
0.46307717952992167,0.11950195089521597,-0.4421918595417437,0.005,200.0,0.0,0.0,0.0,200.0,0.0,0.0,0.0,200.0,10.0,0.0,0.0,0.0,10.0,0.0,0.0,0.0,10.0
0.46407734622437075,0.11987991006816698,-0.4430572174552838,0.005,200.0,0.0,0.0,0.0,200.0,0.0,0.0,0.0,200.0,10.0,0.0,0.0,0.0,10.0,0.0,0.0,0.0,10.0
0.4650775129188198,0.12025786924111799,-0.44392257536882396,0.005,200.0,0.0,0.0,0.0,200.0,0.0,0.0,0.0,200.0,10.0,0.0,0.0,0.0,10.0,0.0,0.0,0.0,10.0
0.4660776796132689,0.12063582841406903,-0.44478793328236416,0.005,200.0,0.0,0.0,0.0,200.0,0.0,0.0,0.0,200.0,10.0,0.0,0.0,0.0,10.0,0.0,0.0,0.0,10.0
0.467077846307718,0.12101378758702004,-0.44565329119590424,0.005,200.0,0.0,0.0,0.0,200.0,0.0,0.0,0.0,200.0,10.0,0.0,0.0,0.0,10.0,0.0,0.0,0.0,10.0
0.46807801300216706,0.12139174675997105,-0.44651864910944433,0.005,200.0,0.0,0.0,0.0,200.0,0.0,0.0,0.0,200.0,10.0,0.0,0.0,0.0,10.0,0.0,0.0,0.0,10.0
0.46907817969661614,0.12176970593292206,-0.4473840070229845,0.005,200.0,0.0,0.0,0.0,200.0,0.0,0.0,0.0,200.0,10.0,0.0,0.0,0.0,10.0,0.0,0.0,0.0,10.0
0.4700783463910652,0.12214766510587312,-0.4482493649365247,0.005,200.0,0.0,0.0,0.0,200.0,0.0,0.0,0.0,200.0,10.0,0.0,0.0,0.0,10.0,0.0,0.0,0.0,10.0
0.4710785130855143,0.12252562427882413,-0.44911472285006476,0.005,200.0,0.0,0.0,0.0,200.0,0.0,0.0,0.0,200.0,10.0,0.0,0.0,0.0,10.0,0.0,0.0,0.0,10.0
0.4720786797799633,0.12290358345177514,-0.44998008076360485,0.005,200.0,0.0,0.0,0.0,200.0,0.0,0.0,0.0,200.0,10.0,0.0,0.0,0.0,10.0,0.0,0.0,0.0,10.0
0.4730788464744124,0.12328154262472618,-0.45084543867714505,0.005,200.0,0.0,0.0,0.0,200.0,0.0,0.0,0.0,200.0,10.0,0.0,0.0,0.0,10.0,0.0,0.0,0.0,10.0
0.4740790131688615,0.1236595017976772,-0.4517107965906852,0.005,200.0,0.0,0.0,0.0,200.0,0.0,0.0,0.0,200.0,10.0,0.0,0.0,0.0,10.0,0.0,0.0,0.0,10.0
0.47507917986331055,0.1240374609706282,-0.4525761545042253,0.005,200.0,0.0,0.0,0.0,200.0,0.0,0.0,0.0,200.0,10.0,0.0,0.0,0.0,10.0,0.0,0.0,0.0,10.0
0.47607934655775963,0.12441542014357924,-0.4534415124177655,0.005,200.0,0.0,0.0,0.0,200.0,0.0,0.0,0.0,200.0,10.0,0.0,0.0,0.0,10.0,0.0,0.0,0.0,10.0
0.4770795132522087,0.12479337931653026,-0.45430687033130557,0.005,200.0,0.0,0.0,0.0,200.0,0.0,0.0,0.0,200.0,10.0,0.0,0.0,0.0,10.0,0.0,0.0,0.0,10.0
0.4780796799466578,0.12517133848948128,-0.4551722282448457,0.005,200.0,0.0,0.0,0.0,200.0,0.0,0.0,0.0,200.0,10.0,0.0,0.0,0.0,10.0,0.0,0.0,0.0,10.0
0.47907984664110687,0.12554929766243228,-0.4560375861583858,0.005,200.0,0.0,0.0,0.0,200.0,0.0,0.0,0.0,200.0,10.0,0.0,0.0,0.0,10.0,0.0,0.0,0.0,10.0
0.48008001333555594,0.12592725683538333,-0.456902944071926,0.005,200.0,0.0,0.0,0.0,200.0,0.0,0.0,0.0,200.0,10.0,0.0,0.0,0.0,10.0,0.0,0.0,0.0,10.0
0.481080180030005,0.12630521600833433,-0.4577683019854661,0.005,200.0,0.0,0.0,0.0,200.0,0.0,0.0,0.0,200.0,10.0,0.0,0.0,0.0,10.0,0.0,0.0,0.0,10.0
0.4820803467244541,0.126706882876582,-0.45857988003592304,0.005,200.0,0.0,0.0,0.0,200.0,0.0,0.0,0.0,200.0,10.0,0.0,0.0,0.0,10.0,0.0,0.0,0.0,10.0
0.4830805134189032,0.12713476177413657,-0.4593319972518445,0.005,200.0,0.0,0.0,0.0,200.0,0.0,0.0,0.0,200.0,10.0,0.0,0.0,0.0,10.0,0.0,0.0,0.0,10.0
0.48408068011335226,0.1275626406716911,-0.4600841144677658,0.005,200.0,0.0,0.0,0.0,200.0,0.0,0.0,0.0,200.0,10.0,0.0,0.0,0.0,10.0,0.0,0.0,0.0,10.0
0.48508084680780134,0.12799051956924562,-0.4608362316836872,0.005,200.0,0.0,0.0,0.0,200.0,0.0,0.0,0.0,200.0,10.0,0.0,0.0,0.0,10.0,0.0,0.0,0.0,10.0
0.4860810135022504,0.12841839846680014,-0.46158834889960854,0.005,200.0,0.0,0.0,0.0,200.0,0.0,0.0,0.0,200.0,10.0,0.0,0.0,0.0,10.0,0.0,0.0,0.0,10.0
0.4870811801966995,0.12884627736435472,-0.4623404661155299,0.005,200.0,0.0,0.0,0.0,200.0,0.0,0.0,0.0,200.0,10.0,0.0,0.0,0.0,10.0,0.0,0.0,0.0,10.0
0.48808134689114857,0.12927415626190925,-0.4630925833314513,0.005,200.0,0.0,0.0,0.0,200.0,0.0,0.0,0.0,200.0,10.0,0.0,0.0,0.0,10.0,0.0,0.0,0.0,10.0
0.4890815135855976,0.12970203515946377,-0.46384470054737265,0.005,200.0,0.0,0.0,0.0,200.0,0.0,0.0,0.0,200.0,10.0,0.0,0.0,0.0,10.0,0.0,0.0,0.0,10.0
0.49008168028004667,0.13012991405701832,-0.4645968177632941,0.005,200.0,0.0,0.0,0.0,200.0,0.0,0.0,0.0,200.0,10.0,0.0,0.0,0.0,10.0,0.0,0.0,0.0,10.0
0.49108184697449575,0.13055779295457284,-0.4653489349792154,0.005,200.0,0.0,0.0,0.0,200.0,0.0,0.0,0.0,200.0,10.0,0.0,0.0,0.0,10.0,0.0,0.0,0.0,10.0
0.49208201366894483,0.1309856718521274,-0.46610105219513676,0.005,200.0,0.0,0.0,0.0,200.0,0.0,0.0,0.0,200.0,10.0,0.0,0.0,0.0,10.0,0.0,0.0,0.0,10.0
0.4930821803633939,0.13141355074968192,-0.46685316941105814,0.005,200.0,0.0,0.0,0.0,200.0,0.0,0.0,0.0,200.0,10.0,0.0,0.0,0.0,10.0,0.0,0.0,0.0,10.0
0.494082347057843,0.13184142964723647,-0.46760528662697953,0.005,200.0,0.0,0.0,0.0,200.0,0.0,0.0,0.0,200.0,10.0,0.0,0.0,0.0,10.0,0.0,0.0,0.0,10.0
0.49508251375229206,0.132269308544791,-0.4683574038429009,0.005,200.0,0.0,0.0,0.0,200.0,0.0,0.0,0.0,200.0,10.0,0.0,0.0,0.0,10.0,0.0,0.0,0.0,10.0
0.49608268044674114,0.13269718744234554,-0.46910952105882225,0.005,200.0,0.0,0.0,0.0,200.0,0.0,0.0,0.0,200.0,10.0,0.0,0.0,0.0,10.0,0.0,0.0,0.0,10.0
0.4970828471411902,0.1331250663399001,-0.46986163827474364,0.005,200.0,0.0,0.0,0.0,200.0,0.0,0.0,0.0,200.0,10.0,0.0,0.0,0.0,10.0,0.0,0.0,0.0,10.0
0.4980830138356393,0.13355294523745462,-0.47061375549066503,0.005,200.0,0.0,0.0,0.0,200.0,0.0,0.0,0.0,200.0,10.0,0.0,0.0,0.0,10.0,0.0,0.0,0.0,10.0
0.4990831805300884,0.13398082413500914,-0.47136587270658636,0.005,200.0,0.0,0.0,0.0,200.0,0.0,0.0,0.0,200.0,10.0,0.0,0.0,0.0,10.0,0.0,0.0,0.0,10.0
0.5000833472245374,0.13440870303256372,-0.4721179899225078,0.005,200.0,0.0,0.0,0.0,200.0,0.0,0.0,0.0,200.0,10.0,0.0,0.0,0.0,10.0,0.0,0.0,0.0,10.0
0.5010835139189865,0.13483658193011824,-0.47287010713842914,0.005,200.0,0.0,0.0,0.0,200.0,0.0,0.0,0.0,200.0,10.0,0.0,0.0,0.0,10.0,0.0,0.0,0.0,10.0
0.5020836806134356,0.13530901488730818,-0.47359714871804937,0.005,200.0,0.0,0.0,0.0,200.0,0.0,0.0,0.0,200.0,10.0,0.0,0.0,0.0,10.0,0.0,0.0,0.0,10.0
0.5030838473078847,0.13584519999487077,-0.4742883097123933,0.005,200.0,0.0,0.0,0.0,200.0,0.0,0.0,0.0,200.0,10.0,0.0,0.0,0.0,10.0,0.0,0.0,0.0,10.0
0.5040840140023337,0.1363813851024334,-0.4749794707067372,0.005,200.0,0.0,0.0,0.0,200.0,0.0,0.0,0.0,200.0,10.0,0.0,0.0,0.0,10.0,0.0,0.0,0.0,10.0
0.5050841806967828,0.13691757020999598,-0.47567063170108104,0.005,200.0,0.0,0.0,0.0,200.0,0.0,0.0,0.0,200.0,10.0,0.0,0.0,0.0,10.0,0.0,0.0,0.0,10.0
0.5060843473912319,0.13745375531755857,-0.47636179269542495,0.005,200.0,0.0,0.0,0.0,200.0,0.0,0.0,0.0,200.0,10.0,0.0,0.0,0.0,10.0,0.0,0.0,0.0,10.0
0.507084514085681,0.1379899404251212,-0.47705295368976885,0.005,200.0,0.0,0.0,0.0,200.0,0.0,0.0,0.0,200.0,10.0,0.0,0.0,0.0,10.0,0.0,0.0,0.0,10.0
0.50808468078013,0.13852612553268379,-0.4777441146841127,0.005,200.0,0.0,0.0,0.0,200.0,0.0,0.0,0.0,200.0,10.0,0.0,0.0,0.0,10.0,0.0,0.0,0.0,10.0
0.5090848474745792,0.13906231064024638,-0.47843527567845656,0.005,200.0,0.0,0.0,0.0,200.0,0.0,0.0,0.0,200.0,10.0,0.0,0.0,0.0,10.0,0.0,0.0,0.0,10.0
0.5100850141690282,0.13959849574780894,-0.47912643667280047,0.005,200.0,0.0,0.0,0.0,200.0,0.0,0.0,0.0,200.0,10.0,0.0,0.0,0.0,10.0,0.0,0.0,0.0,10.0
0.5110851808634773,0.1401346808553716,-0.4798175976671444,0.005,200.0,0.0,0.0,0.0,200.0,0.0,0.0,0.0,200.0,10.0,0.0,0.0,0.0,10.0,0.0,0.0,0.0,10.0
0.5120853475579263,0.14067086596293416,-0.48050875866148823,0.005,200.0,0.0,0.0,0.0,200.0,0.0,0.0,0.0,200.0,10.0,0.0,0.0,0.0,10.0,0.0,0.0,0.0,10.0
0.5130855142523754,0.14120705107049675,-0.48119991965583214,0.005,200.0,0.0,0.0,0.0,200.0,0.0,0.0,0.0,200.0,10.0,0.0,0.0,0.0,10.0,0.0,0.0,0.0,10.0
0.5140856809468245,0.1417432361780594,-0.48189108065017605,0.005,200.0,0.0,0.0,0.0,200.0,0.0,0.0,0.0,200.0,10.0,0.0,0.0,0.0,10.0,0.0,0.0,0.0,10.0
0.5150858476412735,0.14227942128562196,-0.4825822416445199,0.005,200.0,0.0,0.0,0.0,200.0,0.0,0.0,0.0,200.0,10.0,0.0,0.0,0.0,10.0,0.0,0.0,0.0,10.0
0.5160860143357227,0.14281560639318455,-0.48327340263886376,0.005,200.0,0.0,0.0,0.0,200.0,0.0,0.0,0.0,200.0,10.0,0.0,0.0,0.0,10.0,0.0,0.0,0.0,10.0
0.5170861810301717,0.14335179150074714,-0.48396456363320767,0.005,200.0,0.0,0.0,0.0,200.0,0.0,0.0,0.0,200.0,10.0,0.0,0.0,0.0,10.0,0.0,0.0,0.0,10.0
0.5180863477246208,0.14388797660830976,-0.4846557246275516,0.005,200.0,0.0,0.0,0.0,200.0,0.0,0.0,0.0,200.0,10.0,0.0,0.0,0.0,10.0,0.0,0.0,0.0,10.0
0.5190865144190698,0.14442416171587236,-0.48534688562189543,0.005,200.0,0.0,0.0,0.0,200.0,0.0,0.0,0.0,200.0,10.0,0.0,0.0,0.0,10.0,0.0,0.0,0.0,10.0
0.520086681113519,0.14496034682343492,-0.48603804661623934,0.005,200.0,0.0,0.0,0.0,200.0,0.0,0.0,0.0,200.0,10.0,0.0,0.0,0.0,10.0,0.0,0.0,0.0,10.0
0.521086847807968,0.14549653193099757,-0.48672920761058325,0.005,200.0,0.0,0.0,0.0,200.0,0.0,0.0,0.0,200.0,10.0,0.0,0.0,0.0,10.0,0.0,0.0,0.0,10.0
0.5220870145024171,0.14601930765275817,-0.4873549672370554,0.005,200.0,0.0,0.0,0.0,200.0,0.0,0.0,0.0,200.0,10.0,0.0,0.0,0.0,10.0,0.0,0.0,0.0,10.0
0.5230871811968661,0.14651694077614008,-0.4878580992987681,0.005,200.0,0.0,0.0,0.0,200.0,0.0,0.0,0.0,200.0,10.0,0.0,0.0,0.0,10.0,0.0,0.0,0.0,10.0
0.5240873478913153,0.14701457389952202,-0.48836123136048076,0.005,200.0,0.0,0.0,0.0,200.0,0.0,0.0,0.0,200.0,10.0,0.0,0.0,0.0,10.0,0.0,0.0,0.0,10.0
0.5250875145857643,0.14751220702290396,-0.4888643634221935,0.005,200.0,0.0,0.0,0.0,200.0,0.0,0.0,0.0,200.0,10.0,0.0,0.0,0.0,10.0,0.0,0.0,0.0,10.0
0.5260876812802134,0.14800984014628588,-0.4893674954839062,0.005,200.0,0.0,0.0,0.0,200.0,0.0,0.0,0.0,200.0,10.0,0.0,0.0,0.0,10.0,0.0,0.0,0.0,10.0
0.5270878479746625,0.14850747326966782,-0.4898706275456189,0.005,200.0,0.0,0.0,0.0,200.0,0.0,0.0,0.0,200.0,10.0,0.0,0.0,0.0,10.0,0.0,0.0,0.0,10.0
0.5280880146691116,0.14900510639304976,-0.4903737596073316,0.005,200.0,0.0,0.0,0.0,200.0,0.0,0.0,0.0,200.0,10.0,0.0,0.0,0.0,10.0,0.0,0.0,0.0,10.0
0.5290881813635606,0.1495027395164317,-0.4908768916690443,0.005,200.0,0.0,0.0,0.0,200.0,0.0,0.0,0.0,200.0,10.0,0.0,0.0,0.0,10.0,0.0,0.0,0.0,10.0
0.5300883480580096,0.1500003726398136,-0.491380023730757,0.005,200.0,0.0,0.0,0.0,200.0,0.0,0.0,0.0,200.0,10.0,0.0,0.0,0.0,10.0,0.0,0.0,0.0,10.0
0.5310885147524588,0.15049800576319555,-0.4918831557924697,0.005,200.0,0.0,0.0,0.0,200.0,0.0,0.0,0.0,200.0,10.0,0.0,0.0,0.0,10.0,0.0,0.0,0.0,10.0
0.5320886814469078,0.1509956388865775,-0.4923862878541824,0.005,200.0,0.0,0.0,0.0,200.0,0.0,0.0,0.0,200.0,10.0,0.0,0.0,0.0,10.0,0.0,0.0,0.0,10.0
0.5330888481413569,0.1514932720099594,-0.4928894199158951,0.005,200.0,0.0,0.0,0.0,200.0,0.0,0.0,0.0,200.0,10.0,0.0,0.0,0.0,10.0,0.0,0.0,0.0,10.0
0.534089014835806,0.15199090513334132,-0.4933925519776078,0.005,200.0,0.0,0.0,0.0,200.0,0.0,0.0,0.0,200.0,10.0,0.0,0.0,0.0,10.0,0.0,0.0,0.0,10.0
0.5350891815302551,0.1524885382567233,-0.49389568403932055,0.005,200.0,0.0,0.0,0.0,200.0,0.0,0.0,0.0,200.0,10.0,0.0,0.0,0.0,10.0,0.0,0.0,0.0,10.0
0.5360893482247041,0.1529861713801052,-0.4943988161010332,0.005,200.0,0.0,0.0,0.0,200.0,0.0,0.0,0.0,200.0,10.0,0.0,0.0,0.0,10.0,0.0,0.0,0.0,10.0
0.5370895149191532,0.15348380450348711,-0.4949019481627459,0.005,200.0,0.0,0.0,0.0,200.0,0.0,0.0,0.0,200.0,10.0,0.0,0.0,0.0,10.0,0.0,0.0,0.0,10.0
0.5380896816136023,0.15398143762686908,-0.4954050802244586,0.005,200.0,0.0,0.0,0.0,200.0,0.0,0.0,0.0,200.0,10.0,0.0,0.0,0.0,10.0,0.0,0.0,0.0,10.0
0.5390898483080514,0.154479070750251,-0.4959082122861713,0.005,200.0,0.0,0.0,0.0,200.0,0.0,0.0,0.0,200.0,10.0,0.0,0.0,0.0,10.0,0.0,0.0,0.0,10.0
0.5400900150025004,0.1549767038736329,-0.49641134434788403,0.005,200.0,0.0,0.0,0.0,200.0,0.0,0.0,0.0,200.0,10.0,0.0,0.0,0.0,10.0,0.0,0.0,0.0,10.0
0.5410901816969496,0.15547433699701482,-0.4969144764095967,0.005,200.0,0.0,0.0,0.0,200.0,0.0,0.0,0.0,200.0,10.0,0.0,0.0,0.0,10.0,0.0,0.0,0.0,10.0
0.5420903483913986,0.15601283233848132,-0.49739094761376146,0.005,200.0,0.0,0.0,0.0,200.0,0.0,0.0,0.0,200.0,10.0,0.0,0.0,0.0,10.0,0.0,0.0,0.0,10.0
0.5430905150858477,0.15665420432312527,-0.49780029618833477,0.005,200.0,0.0,0.0,0.0,200.0,0.0,0.0,0.0,200.0,10.0,0.0,0.0,0.0,10.0,0.0,0.0,0.0,10.0
0.5440906817802967,0.15729557630776922,-0.49820964476290813,0.005,200.0,0.0,0.0,0.0,200.0,0.0,0.0,0.0,200.0,10.0,0.0,0.0,0.0,10.0,0.0,0.0,0.0,10.0
0.5450908484747458,0.15793694829241323,-0.4986189933374815,0.005,200.0,0.0,0.0,0.0,200.0,0.0,0.0,0.0,200.0,10.0,0.0,0.0,0.0,10.0,0.0,0.0,0.0,10.0
0.5460910151691949,0.15857832027705718,-0.4990283419120548,0.005,200.0,0.0,0.0,0.0,200.0,0.0,0.0,0.0,200.0,10.0,0.0,0.0,0.0,10.0,0.0,0.0,0.0,10.0
0.5470911818636439,0.1592196922617011,-0.49943769048662817,0.005,200.0,0.0,0.0,0.0,200.0,0.0,0.0,0.0,200.0,10.0,0.0,0.0,0.0,10.0,0.0,0.0,0.0,10.0
0.548091348558093,0.15986106424634505,-0.4998470390612015,0.005,200.0,0.0,0.0,0.0,200.0,0.0,0.0,0.0,200.0,10.0,0.0,0.0,0.0,10.0,0.0,0.0,0.0,10.0
0.5490915152525421,0.16050243623098906,-0.5002563876357748,0.005,200.0,0.0,0.0,0.0,200.0,0.0,0.0,0.0,200.0,10.0,0.0,0.0,0.0,10.0,0.0,0.0,0.0,10.0
0.5500916819469912,0.161143808215633,-0.5006657362103483,0.005,200.0,0.0,0.0,0.0,200.0,0.0,0.0,0.0,200.0,10.0,0.0,0.0,0.0,10.0,0.0,0.0,0.0,10.0
0.5510918486414402,0.16178518020027696,-0.5010750847849216,0.005,200.0,0.0,0.0,0.0,200.0,0.0,0.0,0.0,200.0,10.0,0.0,0.0,0.0,10.0,0.0,0.0,0.0,10.0
0.5520920153358894,0.16242655218492097,-0.5014844333594949,0.005,200.0,0.0,0.0,0.0,200.0,0.0,0.0,0.0,200.0,10.0,0.0,0.0,0.0,10.0,0.0,0.0,0.0,10.0
0.5530921820303384,0.16306792416956492,-0.5018937819340683,0.005,200.0,0.0,0.0,0.0,200.0,0.0,0.0,0.0,200.0,10.0,0.0,0.0,0.0,10.0,0.0,0.0,0.0,10.0
0.5540923487247875,0.16370929615420884,-0.5023031305086416,0.005,200.0,0.0,0.0,0.0,200.0,0.0,0.0,0.0,200.0,10.0,0.0,0.0,0.0,10.0,0.0,0.0,0.0,10.0
0.5550925154192365,0.16435066813885285,-0.5027124790832149,0.005,200.0,0.0,0.0,0.0,200.0,0.0,0.0,0.0,200.0,10.0,0.0,0.0,0.0,10.0,0.0,0.0,0.0,10.0
0.5560926821136857,0.1649920401234968,-0.5031218276577883,0.005,200.0,0.0,0.0,0.0,200.0,0.0,0.0,0.0,200.0,10.0,0.0,0.0,0.0,10.0,0.0,0.0,0.0,10.0
0.5570928488081347,0.16563341210814075,-0.5035311762323617,0.005,200.0,0.0,0.0,0.0,200.0,0.0,0.0,0.0,200.0,10.0,0.0,0.0,0.0,10.0,0.0,0.0,0.0,10.0
0.5580930155025838,0.1662747840927847,-0.503940524806935,0.005,200.0,0.0,0.0,0.0,200.0,0.0,0.0,0.0,200.0,10.0,0.0,0.0,0.0,10.0,0.0,0.0,0.0,10.0
0.5590931821970329,0.1669161560774287,-0.5043498733815084,0.005,200.0,0.0,0.0,0.0,200.0,0.0,0.0,0.0,200.0,10.0,0.0,0.0,0.0,10.0,0.0,0.0,0.0,10.0
0.5600933488914819,0.16755752806207266,-0.5047592219560817,0.005,200.0,0.0,0.0,0.0,200.0,0.0,0.0,0.0,200.0,10.0,0.0,0.0,0.0,10.0,0.0,0.0,0.0,10.0
0.561093515585931,0.1681989000467166,-0.505168570530655,0.005,200.0,0.0,0.0,0.0,200.0,0.0,0.0,0.0,200.0,10.0,0.0,0.0,0.0,10.0,0.0,0.0,0.0,10.0
0.56209368228038,0.16880391962648653,-0.5055428837950895,0.005,200.0,0.0,0.0,0.0,200.0,0.0,0.0,0.0,200.0,10.0,0.0,0.0,0.0,10.0,0.0,0.0,0.0,10.0
0.5630938489748292,0.16928060420117075,-0.5057935117979728,0.005,200.0,0.0,0.0,0.0,200.0,0.0,0.0,0.0,200.0,10.0,0.0,0.0,0.0,10.0,0.0,0.0,0.0,10.0
0.5640940156692782,0.16975728877585497,-0.5060441398008563,0.005,200.0,0.0,0.0,0.0,200.0,0.0,0.0,0.0,200.0,10.0,0.0,0.0,0.0,10.0,0.0,0.0,0.0,10.0
0.5650941823637273,0.1702339733505392,-0.5062947678037396,0.005,200.0,0.0,0.0,0.0,200.0,0.0,0.0,0.0,200.0,10.0,0.0,0.0,0.0,10.0,0.0,0.0,0.0,10.0
0.5660943490581763,0.17071065792522347,-0.5065453958066231,0.005,200.0,0.0,0.0,0.0,200.0,0.0,0.0,0.0,200.0,10.0,0.0,0.0,0.0,10.0,0.0,0.0,0.0,10.0
0.5670945157526255,0.1711873424999077,-0.5067960238095064,0.005,200.0,0.0,0.0,0.0,200.0,0.0,0.0,0.0,200.0,10.0,0.0,0.0,0.0,10.0,0.0,0.0,0.0,10.0
0.5680946824470745,0.1716640270745919,-0.5070466518123898,0.005,200.0,0.0,0.0,0.0,200.0,0.0,0.0,0.0,200.0,10.0,0.0,0.0,0.0,10.0,0.0,0.0,0.0,10.0
0.5690948491415236,0.17214071164927616,-0.5072972798152733,0.005,200.0,0.0,0.0,0.0,200.0,0.0,0.0,0.0,200.0,10.0,0.0,0.0,0.0,10.0,0.0,0.0,0.0,10.0
0.5700950158359727,0.17261739622396038,-0.5075479078181566,0.005,200.0,0.0,0.0,0.0,200.0,0.0,0.0,0.0,200.0,10.0,0.0,0.0,0.0,10.0,0.0,0.0,0.0,10.0
0.5710951825304218,0.1730940807986446,-0.50779853582104,0.005,200.0,0.0,0.0,0.0,200.0,0.0,0.0,0.0,200.0,10.0,0.0,0.0,0.0,10.0,0.0,0.0,0.0,10.0
0.5720953492248708,0.17357076537332883,-0.5080491638239234,0.005,200.0,0.0,0.0,0.0,200.0,0.0,0.0,0.0,200.0,10.0,0.0,0.0,0.0,10.0,0.0,0.0,0.0,10.0
0.57309551591932,0.1740474499480131,-0.5082997918268068,0.005,200.0,0.0,0.0,0.0,200.0,0.0,0.0,0.0,200.0,10.0,0.0,0.0,0.0,10.0,0.0,0.0,0.0,10.0
0.574095682613769,0.17452413452269733,-0.5085504198296902,0.005,200.0,0.0,0.0,0.0,200.0,0.0,0.0,0.0,200.0,10.0,0.0,0.0,0.0,10.0,0.0,0.0,0.0,10.0
0.5750958493082181,0.17500081909738155,-0.5088010478325736,0.005,200.0,0.0,0.0,0.0,200.0,0.0,0.0,0.0,200.0,10.0,0.0,0.0,0.0,10.0,0.0,0.0,0.0,10.0
0.5760960160026671,0.1754775036720658,-0.509051675835457,0.005,200.0,0.0,0.0,0.0,200.0,0.0,0.0,0.0,200.0,10.0,0.0,0.0,0.0,10.0,0.0,0.0,0.0,10.0
0.5770961826971162,0.17595418824675002,-0.5093023038383404,0.005,200.0,0.0,0.0,0.0,200.0,0.0,0.0,0.0,200.0,10.0,0.0,0.0,0.0,10.0,0.0,0.0,0.0,10.0
0.5780963493915653,0.17643087282143427,-0.5095529318412237,0.005,200.0,0.0,0.0,0.0,200.0,0.0,0.0,0.0,200.0,10.0,0.0,0.0,0.0,10.0,0.0,0.0,0.0,10.0
0.5790965160860143,0.1769075573961185,-0.5098035598441072,0.005,200.0,0.0,0.0,0.0,200.0,0.0,0.0,0.0,200.0,10.0,0.0,0.0,0.0,10.0,0.0,0.0,0.0,10.0
0.5800966827804634,0.17738424197080274,-0.5100541878469905,0.005,200.0,0.0,0.0,0.0,200.0,0.0,0.0,0.0,200.0,10.0,0.0,0.0,0.0,10.0,0.0,0.0,0.0,10.0
0.5810968494749125,0.17786092654548696,-0.510304815849874,0.005,200.0,0.0,0.0,0.0,200.0,0.0,0.0,0.0,200.0,10.0,0.0,0.0,0.0,10.0,0.0,0.0,0.0,10.0
0.5820970161693616,0.178348295175745,-0.510535764344475,0.005,200.0,0.0,0.0,0.0,200.0,0.0,0.0,0.0,200.0,10.0,0.0,0.0,0.0,10.0,0.0,0.0,0.0,10.0
0.5830971828638106,0.1788929485295053,-0.5106611971776472,0.005,200.0,0.0,0.0,0.0,200.0,0.0,0.0,0.0,200.0,10.0,0.0,0.0,0.0,10.0,0.0,0.0,0.0,10.0
0.5840973495582598,0.17943760188326555,-0.5107866300108195,0.005,200.0,0.0,0.0,0.0,200.0,0.0,0.0,0.0,200.0,10.0,0.0,0.0,0.0,10.0,0.0,0.0,0.0,10.0
0.5850975162527088,0.17998225523702577,-0.5109120628439917,0.005,200.0,0.0,0.0,0.0,200.0,0.0,0.0,0.0,200.0,10.0,0.0,0.0,0.0,10.0,0.0,0.0,0.0,10.0
0.5860976829471579,0.18052690859078607,-0.5110374956771639,0.005,200.0,0.0,0.0,0.0,200.0,0.0,0.0,0.0,200.0,10.0,0.0,0.0,0.0,10.0,0.0,0.0,0.0,10.0
0.5870978496416069,0.1810715619445463,-0.5111629285103362,0.005,200.0,0.0,0.0,0.0,200.0,0.0,0.0,0.0,200.0,10.0,0.0,0.0,0.0,10.0,0.0,0.0,0.0,10.0
0.5880980163360561,0.18161621529830654,-0.5112883613435084,0.005,200.0,0.0,0.0,0.0,200.0,0.0,0.0,0.0,200.0,10.0,0.0,0.0,0.0,10.0,0.0,0.0,0.0,10.0
0.5890981830305051,0.1821608686520668,-0.5114137941766806,0.005,200.0,0.0,0.0,0.0,200.0,0.0,0.0,0.0,200.0,10.0,0.0,0.0,0.0,10.0,0.0,0.0,0.0,10.0
0.5900983497249542,0.18270552200582707,-0.5115392270098529,0.005,200.0,0.0,0.0,0.0,200.0,0.0,0.0,0.0,200.0,10.0,0.0,0.0,0.0,10.0,0.0,0.0,0.0,10.0
0.5910985164194033,0.18325017535958732,-0.5116646598430251,0.005,200.0,0.0,0.0,0.0,200.0,0.0,0.0,0.0,200.0,10.0,0.0,0.0,0.0,10.0,0.0,0.0,0.0,10.0
0.5920986831138524,0.18379482871334754,-0.5117900926761974,0.005,200.0,0.0,0.0,0.0,200.0,0.0,0.0,0.0,200.0,10.0,0.0,0.0,0.0,10.0,0.0,0.0,0.0,10.0
0.5930988498083014,0.18433948206710785,-0.5119155255093696,0.005,200.0,0.0,0.0,0.0,200.0,0.0,0.0,0.0,200.0,10.0,0.0,0.0,0.0,10.0,0.0,0.0,0.0,10.0
0.5940990165027504,0.18488413542086807,-0.5120409583425418,0.005,200.0,0.0,0.0,0.0,200.0,0.0,0.0,0.0,200.0,10.0,0.0,0.0,0.0,10.0,0.0,0.0,0.0,10.0
0.5950991831971996,0.18542878877462832,-0.512166391175714,0.005,200.0,0.0,0.0,0.0,200.0,0.0,0.0,0.0,200.0,10.0,0.0,0.0,0.0,10.0,0.0,0.0,0.0,10.0
0.5960993498916486,0.18597344212838857,-0.5122918240088863,0.005,200.0,0.0,0.0,0.0,200.0,0.0,0.0,0.0,200.0,10.0,0.0,0.0,0.0,10.0,0.0,0.0,0.0,10.0
0.5970995165860977,0.18651809548214884,-0.5124172568420585,0.005,200.0,0.0,0.0,0.0,200.0,0.0,0.0,0.0,200.0,10.0,0.0,0.0,0.0,10.0,0.0,0.0,0.0,10.0
0.5980996832805467,0.1870627488359091,-0.5125426896752308,0.005,200.0,0.0,0.0,0.0,200.0,0.0,0.0,0.0,200.0,10.0,0.0,0.0,0.0,10.0,0.0,0.0,0.0,10.0
0.5990998499749959,0.18760740218966934,-0.512668122508403,0.005,200.0,0.0,0.0,0.0,200.0,0.0,0.0,0.0,200.0,10.0,0.0,0.0,0.0,10.0,0.0,0.0,0.0,10.0
0.6001000166694449,0.18815205554342962,-0.5127935553415753,0.005,200.0,0.0,0.0,0.0,200.0,0.0,0.0,0.0,200.0,10.0,0.0,0.0,0.0,10.0,0.0,0.0,0.0,10.0
0.601100183363894,0.18869670889718987,-0.5129189881747476,0.005,200.0,0.0,0.0,0.0,200.0,0.0,0.0,0.0,200.0,10.0,0.0,0.0,0.0,10.0,0.0,0.0,0.0,10.0
0.6021003500583431,0.18924175882701136,-0.5130465064054331,0.005,200.0,0.0,0.0,0.0,200.0,0.0,0.0,0.0,200.0,10.0,0.0,0.0,0.0,10.0,0.0,0.0,0.0,10.0
0.6031005167527922,0.18979064704656876,-0.5131942083049087,0.005,200.0,0.0,0.0,0.0,200.0,0.0,0.0,0.0,200.0,10.0,0.0,0.0,0.0,10.0,0.0,0.0,0.0,10.0
0.6041006834472412,0.19033953526612618,-0.5133419102043842,0.005,200.0,0.0,0.0,0.0,200.0,0.0,0.0,0.0,200.0,10.0,0.0,0.0,0.0,10.0,0.0,0.0,0.0,10.0
0.6051008501416903,0.19088842348568358,-0.5134896121038598,0.005,200.0,0.0,0.0,0.0,200.0,0.0,0.0,0.0,200.0,10.0,0.0,0.0,0.0,10.0,0.0,0.0,0.0,10.0
0.6061010168361394,0.19143731170524095,-0.5136373140033353,0.005,200.0,0.0,0.0,0.0,200.0,0.0,0.0,0.0,200.0,10.0,0.0,0.0,0.0,10.0,0.0,0.0,0.0,10.0
0.6071011835305885,0.1919861999247984,-0.5137850159028109,0.005,200.0,0.0,0.0,0.0,200.0,0.0,0.0,0.0,200.0,10.0,0.0,0.0,0.0,10.0,0.0,0.0,0.0,10.0
0.6081013502250375,0.19253508814435577,-0.5139327178022866,0.005,200.0,0.0,0.0,0.0,200.0,0.0,0.0,0.0,200.0,10.0,0.0,0.0,0.0,10.0,0.0,0.0,0.0,10.0
0.6091015169194866,0.19308397636391317,-0.5140804197017621,0.005,200.0,0.0,0.0,0.0,200.0,0.0,0.0,0.0,200.0,10.0,0.0,0.0,0.0,10.0,0.0,0.0,0.0,10.0
0.6101016836139357,0.1936328645834706,-0.5142281216012377,0.005,200.0,0.0,0.0,0.0,200.0,0.0,0.0,0.0,200.0,10.0,0.0,0.0,0.0,10.0,0.0,0.0,0.0,10.0
0.6111018503083847,0.19418175280302796,-0.5143758235007132,0.005,200.0,0.0,0.0,0.0,200.0,0.0,0.0,0.0,200.0,10.0,0.0,0.0,0.0,10.0,0.0,0.0,0.0,10.0
0.6121020170028338,0.19473064102258536,-0.5145235254001888,0.005,200.0,0.0,0.0,0.0,200.0,0.0,0.0,0.0,200.0,10.0,0.0,0.0,0.0,10.0,0.0,0.0,0.0,10.0
0.6131021836972829,0.19527952924214276,-0.5146712272996643,0.005,200.0,0.0,0.0,0.0,200.0,0.0,0.0,0.0,200.0,10.0,0.0,0.0,0.0,10.0,0.0,0.0,0.0,10.0
0.614102350391732,0.19582841746170018,-0.5148189291991399,0.005,200.0,0.0,0.0,0.0,200.0,0.0,0.0,0.0,200.0,10.0,0.0,0.0,0.0,10.0,0.0,0.0,0.0,10.0
0.615102517086181,0.19637730568125755,-0.5149666310986155,0.005,200.0,0.0,0.0,0.0,200.0,0.0,0.0,0.0,200.0,10.0,0.0,0.0,0.0,10.0,0.0,0.0,0.0,10.0
0.6161026837806302,0.19692619390081495,-0.5151143329980911,0.005,200.0,0.0,0.0,0.0,200.0,0.0,0.0,0.0,200.0,10.0,0.0,0.0,0.0,10.0,0.0,0.0,0.0,10.0
0.6171028504750792,0.19747508212037237,-0.5152620348975666,0.005,200.0,0.0,0.0,0.0,200.0,0.0,0.0,0.0,200.0,10.0,0.0,0.0,0.0,10.0,0.0,0.0,0.0,10.0
0.6181030171695283,0.19802397033992977,-0.5154097367970422,0.005,200.0,0.0,0.0,0.0,200.0,0.0,0.0,0.0,200.0,10.0,0.0,0.0,0.0,10.0,0.0,0.0,0.0,10.0
0.6191031838639773,0.19857285855948714,-0.5155574386965177,0.005,200.0,0.0,0.0,0.0,200.0,0.0,0.0,0.0,200.0,10.0,0.0,0.0,0.0,10.0,0.0,0.0,0.0,10.0
0.6201033505584265,0.19912174677904454,-0.5157051405959933,0.005,200.0,0.0,0.0,0.0,200.0,0.0,0.0,0.0,200.0,10.0,0.0,0.0,0.0,10.0,0.0,0.0,0.0,10.0
0.6211035172528755,0.19967063499860196,-0.5158528424954688,0.005,200.0,0.0,0.0,0.0,200.0,0.0,0.0,0.0,200.0,10.0,0.0,0.0,0.0,10.0,0.0,0.0,0.0,10.0
0.6221036839473246,0.2002182889727875,-0.5159969947937827,0.005,200.0,0.0,0.0,0.0,200.0,0.0,0.0,0.0,200.0,10.0,0.0,0.0,0.0,10.0,0.0,0.0,0.0,10.0
0.6231038506417736,0.2007261728183252,-0.5160267710546629,0.005,200.0,0.0,0.0,0.0,200.0,0.0,0.0,0.0,200.0,10.0,0.0,0.0,0.0,10.0,0.0,0.0,0.0,10.0
0.6241040173362227,0.20123405666386293,-0.5160565473155432,0.005,200.0,0.0,0.0,0.0,200.0,0.0,0.0,0.0,200.0,10.0,0.0,0.0,0.0,10.0,0.0,0.0,0.0,10.0
0.6251041840306718,0.2017419405094006,-0.5160863235764234,0.005,200.0,0.0,0.0,0.0,200.0,0.0,0.0,0.0,200.0,10.0,0.0,0.0,0.0,10.0,0.0,0.0,0.0,10.0
0.6261043507251208,0.2022498243549383,-0.5161160998373037,0.005,200.0,0.0,0.0,0.0,200.0,0.0,0.0,0.0,200.0,10.0,0.0,0.0,0.0,10.0,0.0,0.0,0.0,10.0
0.62710451741957,0.20275770820047598,-0.5161458760981839,0.005,200.0,0.0,0.0,0.0,200.0,0.0,0.0,0.0,200.0,10.0,0.0,0.0,0.0,10.0,0.0,0.0,0.0,10.0
0.628104684114019,0.20326559204601372,-0.5161756523590642,0.005,200.0,0.0,0.0,0.0,200.0,0.0,0.0,0.0,200.0,10.0,0.0,0.0,0.0,10.0,0.0,0.0,0.0,10.0
0.6291048508084681,0.2037734758915514,-0.5162054286199443,0.005,200.0,0.0,0.0,0.0,200.0,0.0,0.0,0.0,200.0,10.0,0.0,0.0,0.0,10.0,0.0,0.0,0.0,10.0
0.6301050175029171,0.20428135973708908,-0.5162352048808246,0.005,200.0,0.0,0.0,0.0,200.0,0.0,0.0,0.0,200.0,10.0,0.0,0.0,0.0,10.0,0.0,0.0,0.0,10.0
0.6311051841973663,0.20478924358262682,-0.5162649811417048,0.005,200.0,0.0,0.0,0.0,200.0,0.0,0.0,0.0,200.0,10.0,0.0,0.0,0.0,10.0,0.0,0.0,0.0,10.0
0.6321053508918153,0.2052971274281645,-0.516294757402585,0.005,200.0,0.0,0.0,0.0,200.0,0.0,0.0,0.0,200.0,10.0,0.0,0.0,0.0,10.0,0.0,0.0,0.0,10.0
0.6331055175862644,0.20580501127370218,-0.5163245336634653,0.005,200.0,0.0,0.0,0.0,200.0,0.0,0.0,0.0,200.0,10.0,0.0,0.0,0.0,10.0,0.0,0.0,0.0,10.0
0.6341056842807135,0.20631289511923992,-0.5163543099243455,0.005,200.0,0.0,0.0,0.0,200.0,0.0,0.0,0.0,200.0,10.0,0.0,0.0,0.0,10.0,0.0,0.0,0.0,10.0
0.6351058509751626,0.2068207789647776,-0.5163840861852258,0.005,200.0,0.0,0.0,0.0,200.0,0.0,0.0,0.0,200.0,10.0,0.0,0.0,0.0,10.0,0.0,0.0,0.0,10.0
0.6361060176696116,0.20732866281031528,-0.516413862446106,0.005,200.0,0.0,0.0,0.0,200.0,0.0,0.0,0.0,200.0,10.0,0.0,0.0,0.0,10.0,0.0,0.0,0.0,10.0
0.6371061843640607,0.20783654665585297,-0.5164436387069863,0.005,200.0,0.0,0.0,0.0,200.0,0.0,0.0,0.0,200.0,10.0,0.0,0.0,0.0,10.0,0.0,0.0,0.0,10.0
0.6381063510585098,0.2083444305013907,-0.5164734149678665,0.005,200.0,0.0,0.0,0.0,200.0,0.0,0.0,0.0,200.0,10.0,0.0,0.0,0.0,10.0,0.0,0.0,0.0,10.0
0.6391065177529589,0.20885231434692839,-0.5165031912287467,0.005,200.0,0.0,0.0,0.0,200.0,0.0,0.0,0.0,200.0,10.0,0.0,0.0,0.0,10.0,0.0,0.0,0.0,10.0
0.6401066844474079,0.20936019819246607,-0.516532967489627,0.005,200.0,0.0,0.0,0.0,200.0,0.0,0.0,0.0,200.0,10.0,0.0,0.0,0.0,10.0,0.0,0.0,0.0,10.0
0.641106851141857,0.2098680820380038,-0.5165627437505071,0.005,200.0,0.0,0.0,0.0,200.0,0.0,0.0,0.0,200.0,10.0,0.0,0.0,0.0,10.0,0.0,0.0,0.0,10.0
0.6421070178363061,0.2103759658835415,-0.5165925200113874,0.005,200.0,0.0,0.0,0.0,200.0,0.0,0.0,0.0,200.0,10.0,0.0,0.0,0.0,10.0,0.0,0.0,0.0,10.0
0.6431071845307551,0.2109921947382434,-0.5166612731394996,0.005,200.0,0.0,0.0,0.0,200.0,0.0,0.0,0.0,200.0,10.0,0.0,0.0,0.0,10.0,0.0,0.0,0.0,10.0
0.6441073512252042,0.21161217255520012,-0.5167313749481388,0.005,200.0,0.0,0.0,0.0,200.0,0.0,0.0,0.0,200.0,10.0,0.0,0.0,0.0,10.0,0.0,0.0,0.0,10.0
0.6451075179196533,0.2122321503721569,-0.516801476756778,0.005,200.0,0.0,0.0,0.0,200.0,0.0,0.0,0.0,200.0,10.0,0.0,0.0,0.0,10.0,0.0,0.0,0.0,10.0
0.6461076846141024,0.21285212818911362,-0.5168715785654172,0.005,200.0,0.0,0.0,0.0,200.0,0.0,0.0,0.0,200.0,10.0,0.0,0.0,0.0,10.0,0.0,0.0,0.0,10.0
0.6471078513085514,0.21347210600607036,-0.5169416803740565,0.005,200.0,0.0,0.0,0.0,200.0,0.0,0.0,0.0,200.0,10.0,0.0,0.0,0.0,10.0,0.0,0.0,0.0,10.0
0.6481080180030006,0.21409208382302714,-0.5170117821826957,0.005,200.0,0.0,0.0,0.0,200.0,0.0,0.0,0.0,200.0,10.0,0.0,0.0,0.0,10.0,0.0,0.0,0.0,10.0
0.6491081846974496,0.21471206163998385,-0.5170818839913349,0.005,200.0,0.0,0.0,0.0,200.0,0.0,0.0,0.0,200.0,10.0,0.0,0.0,0.0,10.0,0.0,0.0,0.0,10.0
0.6501083513918987,0.21533203945694057,-0.5171519857999741,0.005,200.0,0.0,0.0,0.0,200.0,0.0,0.0,0.0,200.0,10.0,0.0,0.0,0.0,10.0,0.0,0.0,0.0,10.0
0.6511085180863477,0.21595201727389732,-0.5172220876086133,0.005,200.0,0.0,0.0,0.0,200.0,0.0,0.0,0.0,200.0,10.0,0.0,0.0,0.0,10.0,0.0,0.0,0.0,10.0
0.6521086847807969,0.2165719950908541,-0.5172921894172526,0.005,200.0,0.0,0.0,0.0,200.0,0.0,0.0,0.0,200.0,10.0,0.0,0.0,0.0,10.0,0.0,0.0,0.0,10.0
0.6531088514752459,0.2171919729078108,-0.5173622912258918,0.005,200.0,0.0,0.0,0.0,200.0,0.0,0.0,0.0,200.0,10.0,0.0,0.0,0.0,10.0,0.0,0.0,0.0,10.0
0.654109018169695,0.21781195072476756,-0.517432393034531,0.005,200.0,0.0,0.0,0.0,200.0,0.0,0.0,0.0,200.0,10.0,0.0,0.0,0.0,10.0,0.0,0.0,0.0,10.0
0.655109184864144,0.21843192854172433,-0.5175024948431702,0.005,200.0,0.0,0.0,0.0,200.0,0.0,0.0,0.0,200.0,10.0,0.0,0.0,0.0,10.0,0.0,0.0,0.0,10.0
0.6561093515585932,0.21905190635868105,-0.5175725966518095,0.005,200.0,0.0,0.0,0.0,200.0,0.0,0.0,0.0,200.0,10.0,0.0,0.0,0.0,10.0,0.0,0.0,0.0,10.0
0.6571095182530422,0.21967188417563777,-0.5176426984604487,0.005,200.0,0.0,0.0,0.0,200.0,0.0,0.0,0.0,200.0,10.0,0.0,0.0,0.0,10.0,0.0,0.0,0.0,10.0
0.6581096849474912,0.2202918619925945,-0.517712800269088,0.005,200.0,0.0,0.0,0.0,200.0,0.0,0.0,0.0,200.0,10.0,0.0,0.0,0.0,10.0,0.0,0.0,0.0,10.0
0.6591098516419404,0.22091183980955129,-0.5177829020777271,0.005,200.0,0.0,0.0,0.0,200.0,0.0,0.0,0.0,200.0,10.0,0.0,0.0,0.0,10.0,0.0,0.0,0.0,10.0
0.6601100183363894,0.221531817626508,-0.5178530038863663,0.005,200.0,0.0,0.0,0.0,200.0,0.0,0.0,0.0,200.0,10.0,0.0,0.0,0.0,10.0,0.0,0.0,0.0,10.0
0.6611101850308385,0.22215179544346472,-0.5179231056950057,0.005,200.0,0.0,0.0,0.0,200.0,0.0,0.0,0.0,200.0,10.0,0.0,0.0,0.0,10.0,0.0,0.0,0.0,10.0
0.6621103517252875,0.22277177326042152,-0.5179932075036449,0.005,200.0,0.0,0.0,0.0,200.0,0.0,0.0,0.0,200.0,10.0,0.0,0.0,0.0,10.0,0.0,0.0,0.0,10.0
0.6631105184197367,0.22339678239893926,-0.5180000066757202,0.005,200.0,0.0,0.0,0.0,200.0,0.0,0.0,0.0,200.0,10.0,0.0,0.0,0.0,10.0,0.0,0.0,0.0,10.0
0.6641106851141857,0.22402233193866172,-0.5180000066757202,0.005,200.0,0.0,0.0,0.0,200.0,0.0,0.0,0.0,200.0,10.0,0.0,0.0,0.0,10.0,0.0,0.0,0.0,10.0
0.6651108518086348,0.22464788147838421,-0.5180000066757202,0.005,200.0,0.0,0.0,0.0,200.0,0.0,0.0,0.0,200.0,10.0,0.0,0.0,0.0,10.0,0.0,0.0,0.0,10.0
0.6661110185030839,0.22527343101810668,-0.5180000066757202,0.005,200.0,0.0,0.0,0.0,200.0,0.0,0.0,0.0,200.0,10.0,0.0,0.0,0.0,10.0,0.0,0.0,0.0,10.0
0.667111185197533,0.22589898055782914,-0.5180000066757202,0.005,200.0,0.0,0.0,0.0,200.0,0.0,0.0,0.0,200.0,10.0,0.0,0.0,0.0,10.0,0.0,0.0,0.0,10.0
0.668111351891982,0.22652453009755158,-0.5180000066757202,0.005,200.0,0.0,0.0,0.0,200.0,0.0,0.0,0.0,200.0,10.0,0.0,0.0,0.0,10.0,0.0,0.0,0.0,10.0
0.6691115185864311,0.2271500796372741,-0.5180000066757202,0.005,200.0,0.0,0.0,0.0,200.0,0.0,0.0,0.0,200.0,10.0,0.0,0.0,0.0,10.0,0.0,0.0,0.0,10.0
0.6701116852808802,0.22777562917699654,-0.5180000066757202,0.005,200.0,0.0,0.0,0.0,200.0,0.0,0.0,0.0,200.0,10.0,0.0,0.0,0.0,10.0,0.0,0.0,0.0,10.0
0.6711118519753293,0.228401178716719,-0.5180000066757202,0.005,200.0,0.0,0.0,0.0,200.0,0.0,0.0,0.0,200.0,10.0,0.0,0.0,0.0,10.0,0.0,0.0,0.0,10.0
0.6721120186697783,0.2290267282564415,-0.5180000066757202,0.005,200.0,0.0,0.0,0.0,200.0,0.0,0.0,0.0,200.0,10.0,0.0,0.0,0.0,10.0,0.0,0.0,0.0,10.0
0.6731121853642273,0.22965227779616396,-0.5180000066757202,0.005,200.0,0.0,0.0,0.0,200.0,0.0,0.0,0.0,200.0,10.0,0.0,0.0,0.0,10.0,0.0,0.0,0.0,10.0
0.6741123520586765,0.23027782733588642,-0.5180000066757202,0.005,200.0,0.0,0.0,0.0,200.0,0.0,0.0,0.0,200.0,10.0,0.0,0.0,0.0,10.0,0.0,0.0,0.0,10.0
0.6751125187531255,0.23090337687560886,-0.5180000066757202,0.005,200.0,0.0,0.0,0.0,200.0,0.0,0.0,0.0,200.0,10.0,0.0,0.0,0.0,10.0,0.0,0.0,0.0,10.0
0.6761126854475746,0.23152892641533138,-0.5180000066757202,0.005,200.0,0.0,0.0,0.0,200.0,0.0,0.0,0.0,200.0,10.0,0.0,0.0,0.0,10.0,0.0,0.0,0.0,10.0
0.6771128521420237,0.23215447595505384,-0.5180000066757202,0.005,200.0,0.0,0.0,0.0,200.0,0.0,0.0,0.0,200.0,10.0,0.0,0.0,0.0,10.0,0.0,0.0,0.0,10.0
0.6781130188364728,0.23278002549477628,-0.5180000066757202,0.005,200.0,0.0,0.0,0.0,200.0,0.0,0.0,0.0,200.0,10.0,0.0,0.0,0.0,10.0,0.0,0.0,0.0,10.0
0.6791131855309218,0.2334055750344988,-0.5180000066757202,0.005,200.0,0.0,0.0,0.0,200.0,0.0,0.0,0.0,200.0,10.0,0.0,0.0,0.0,10.0,0.0,0.0,0.0,10.0
0.680113352225371,0.23403112457422123,-0.5180000066757202,0.005,200.0,0.0,0.0,0.0,200.0,0.0,0.0,0.0,200.0,10.0,0.0,0.0,0.0,10.0,0.0,0.0,0.0,10.0
0.68111351891982,0.2346566741139437,-0.5180000066757202,0.005,200.0,0.0,0.0,0.0,200.0,0.0,0.0,0.0,200.0,10.0,0.0,0.0,0.0,10.0,0.0,0.0,0.0,10.0
0.6821136856142691,0.23528222365366616,-0.5180000066757202,0.005,200.0,0.0,0.0,0.0,200.0,0.0,0.0,0.0,200.0,10.0,0.0,0.0,0.0,10.0,0.0,0.0,0.0,10.0
0.6831138523087181,0.23585520476813238,-0.5180000066757202,0.005,200.0,0.0,0.0,0.0,200.0,0.0,0.0,0.0,200.0,10.0,0.0,0.0,0.0,10.0,0.0,0.0,0.0,10.0
0.6841140190031673,0.23641813295665315,-0.5180000066757202,0.005,200.0,0.0,0.0,0.0,200.0,0.0,0.0,0.0,200.0,10.0,0.0,0.0,0.0,10.0,0.0,0.0,0.0,10.0
0.6851141856976163,0.23698106114517392,-0.5180000066757202,0.005,200.0,0.0,0.0,0.0,200.0,0.0,0.0,0.0,200.0,10.0,0.0,0.0,0.0,10.0,0.0,0.0,0.0,10.0
0.6861143523920654,0.23754398933369475,-0.5180000066757202,0.005,200.0,0.0,0.0,0.0,200.0,0.0,0.0,0.0,200.0,10.0,0.0,0.0,0.0,10.0,0.0,0.0,0.0,10.0
0.6871145190865144,0.23810691752221552,-0.5180000066757202,0.005,200.0,0.0,0.0,0.0,200.0,0.0,0.0,0.0,200.0,10.0,0.0,0.0,0.0,10.0,0.0,0.0,0.0,10.0
0.6881146857809635,0.23866984571073627,-0.5180000066757202,0.005,200.0,0.0,0.0,0.0,200.0,0.0,0.0,0.0,200.0,10.0,0.0,0.0,0.0,10.0,0.0,0.0,0.0,10.0
0.6891148524754126,0.2392327738992571,-0.5180000066757202,0.005,200.0,0.0,0.0,0.0,200.0,0.0,0.0,0.0,200.0,10.0,0.0,0.0,0.0,10.0,0.0,0.0,0.0,10.0
0.6901150191698616,0.23979570208777787,-0.5180000066757202,0.005,200.0,0.0,0.0,0.0,200.0,0.0,0.0,0.0,200.0,10.0,0.0,0.0,0.0,10.0,0.0,0.0,0.0,10.0
0.6911151858643108,0.24035863027629864,-0.5180000066757202,0.005,200.0,0.0,0.0,0.0,200.0,0.0,0.0,0.0,200.0,10.0,0.0,0.0,0.0,10.0,0.0,0.0,0.0,10.0
0.6921153525587598,0.2409215584648194,-0.5180000066757202,0.005,200.0,0.0,0.0,0.0,200.0,0.0,0.0,0.0,200.0,10.0,0.0,0.0,0.0,10.0,0.0,0.0,0.0,10.0
0.6931155192532089,0.2414844866533402,-0.5180000066757202,0.005,200.0,0.0,0.0,0.0,200.0,0.0,0.0,0.0,200.0,10.0,0.0,0.0,0.0,10.0,0.0,0.0,0.0,10.0
0.6941156859476579,0.24204741484186099,-0.5180000066757202,0.005,200.0,0.0,0.0,0.0,200.0,0.0,0.0,0.0,200.0,10.0,0.0,0.0,0.0,10.0,0.0,0.0,0.0,10.0
0.6951158526421071,0.24261034303038176,-0.5180000066757202,0.005,200.0,0.0,0.0,0.0,200.0,0.0,0.0,0.0,200.0,10.0,0.0,0.0,0.0,10.0,0.0,0.0,0.0,10.0
0.6961160193365561,0.24317327121890256,-0.5180000066757202,0.005,200.0,0.0,0.0,0.0,200.0,0.0,0.0,0.0,200.0,10.0,0.0,0.0,0.0,10.0,0.0,0.0,0.0,10.0
0.6971161860310052,0.24373619940742333,-0.5180000066757202,0.005,200.0,0.0,0.0,0.0,200.0,0.0,0.0,0.0,200.0,10.0,0.0,0.0,0.0,10.0,0.0,0.0,0.0,10.0
0.6981163527254542,0.2442991275959441,-0.5180000066757202,0.005,200.0,0.0,0.0,0.0,200.0,0.0,0.0,0.0,200.0,10.0,0.0,0.0,0.0,10.0,0.0,0.0,0.0,10.0
0.6991165194199034,0.24486205578446488,-0.5180000066757202,0.005,200.0,0.0,0.0,0.0,200.0,0.0,0.0,0.0,200.0,10.0,0.0,0.0,0.0,10.0,0.0,0.0,0.0,10.0
0.7001166861143524,0.2454249839729857,-0.5180000066757202,0.005,200.0,0.0,0.0,0.0,200.0,0.0,0.0,0.0,200.0,10.0,0.0,0.0,0.0,10.0,0.0,0.0,0.0,10.0
0.7011168528088015,0.24598791216150645,-0.5180000066757202,0.005,200.0,0.0,0.0,0.0,200.0,0.0,0.0,0.0,200.0,10.0,0.0,0.0,0.0,10.0,0.0,0.0,0.0,10.0
0.7021170195032506,0.24655084035002722,-0.5180000066757202,0.005,200.0,0.0,0.0,0.0,200.0,0.0,0.0,0.0,200.0,10.0,0.0,0.0,0.0,10.0,0.0,0.0,0.0,10.0
0.7031171861976997,0.24696056486904913,-0.5179847261869504,0.005,200.0,0.0,0.0,0.0,200.0,0.0,0.0,0.0,200.0,10.0,0.0,0.0,0.0,10.0,0.0,0.0,0.0,10.0
0.7041173528921487,0.24732604522489673,-0.5179650327984066,0.005,200.0,0.0,0.0,0.0,200.0,0.0,0.0,0.0,200.0,10.0,0.0,0.0,0.0,10.0,0.0,0.0,0.0,10.0
0.7051175195865977,0.24769152558074434,-0.5179453394098626,0.005,200.0,0.0,0.0,0.0,200.0,0.0,0.0,0.0,200.0,10.0,0.0,0.0,0.0,10.0,0.0,0.0,0.0,10.0
0.7061176862810469,0.24805700593659194,-0.5179256460213189,0.005,200.0,0.0,0.0,0.0,200.0,0.0,0.0,0.0,200.0,10.0,0.0,0.0,0.0,10.0,0.0,0.0,0.0,10.0
0.7071178529754959,0.24842248629243957,-0.517905952632775,0.005,200.0,0.0,0.0,0.0,200.0,0.0,0.0,0.0,200.0,10.0,0.0,0.0,0.0,10.0,0.0,0.0,0.0,10.0
0.708118019669945,0.24878796664828717,-0.5178862592442312,0.005,200.0,0.0,0.0,0.0,200.0,0.0,0.0,0.0,200.0,10.0,0.0,0.0,0.0,10.0,0.0,0.0,0.0,10.0
0.709118186364394,0.24915344700413478,-0.5178665658556872,0.005,200.0,0.0,0.0,0.0,200.0,0.0,0.0,0.0,200.0,10.0,0.0,0.0,0.0,10.0,0.0,0.0,0.0,10.0
0.7101183530588432,0.2495189273599824,-0.5178468724671433,0.005,200.0,0.0,0.0,0.0,200.0,0.0,0.0,0.0,200.0,10.0,0.0,0.0,0.0,10.0,0.0,0.0,0.0,10.0
0.7111185197532922,0.24988440771583,-0.5178271790785995,0.005,200.0,0.0,0.0,0.0,200.0,0.0,0.0,0.0,200.0,10.0,0.0,0.0,0.0,10.0,0.0,0.0,0.0,10.0
0.7121186864477413,0.25024988807167764,-0.5178074856900556,0.005,200.0,0.0,0.0,0.0,200.0,0.0,0.0,0.0,200.0,10.0,0.0,0.0,0.0,10.0,0.0,0.0,0.0,10.0
0.7131188531421904,0.25061536842752524,-0.5177877923015118,0.005,200.0,0.0,0.0,0.0,200.0,0.0,0.0,0.0,200.0,10.0,0.0,0.0,0.0,10.0,0.0,0.0,0.0,10.0
0.7141190198366395,0.25098084878337285,-0.5177680989129679,0.005,200.0,0.0,0.0,0.0,200.0,0.0,0.0,0.0,200.0,10.0,0.0,0.0,0.0,10.0,0.0,0.0,0.0,10.0
0.7151191865310885,0.25134632913922045,-0.5177484055244241,0.005,200.0,0.0,0.0,0.0,200.0,0.0,0.0,0.0,200.0,10.0,0.0,0.0,0.0,10.0,0.0,0.0,0.0,10.0
0.7161193532255377,0.25171180949506805,-0.5177287121358802,0.005,200.0,0.0,0.0,0.0,200.0,0.0,0.0,0.0,200.0,10.0,0.0,0.0,0.0,10.0,0.0,0.0,0.0,10.0
0.7171195199199867,0.2520772898509157,-0.5177090187473364,0.005,200.0,0.0,0.0,0.0,200.0,0.0,0.0,0.0,200.0,10.0,0.0,0.0,0.0,10.0,0.0,0.0,0.0,10.0
0.7181196866144358,0.2524427702067633,-0.5176893253587925,0.005,200.0,0.0,0.0,0.0,200.0,0.0,0.0,0.0,200.0,10.0,0.0,0.0,0.0,10.0,0.0,0.0,0.0,10.0
0.7191198533088848,0.2528082505626109,-0.5176696319702486,0.005,200.0,0.0,0.0,0.0,200.0,0.0,0.0,0.0,200.0,10.0,0.0,0.0,0.0,10.0,0.0,0.0,0.0,10.0
0.720120020003334,0.2531737309184586,-0.5176499385817048,0.005,200.0,0.0,0.0,0.0,200.0,0.0,0.0,0.0,200.0,10.0,0.0,0.0,0.0,10.0,0.0,0.0,0.0,10.0
0.721120186697783,0.2535392112743062,-0.5176302451931609,0.005,200.0,0.0,0.0,0.0,200.0,0.0,0.0,0.0,200.0,10.0,0.0,0.0,0.0,10.0,0.0,0.0,0.0,10.0
0.722120353392232,0.2539046916301538,-0.5176105518046171,0.005,200.0,0.0,0.0,0.0,200.0,0.0,0.0,0.0,200.0,10.0,0.0,0.0,0.0,10.0,0.0,0.0,0.0,10.0
0.7231205200866812,0.25432351271318065,-0.5175068469559437,0.005,200.0,0.0,0.0,0.0,200.0,0.0,0.0,0.0,200.0,10.0,0.0,0.0,0.0,10.0,0.0,0.0,0.0,10.0
0.7241206867811302,0.2547638704278386,-0.517369221987218,0.005,200.0,0.0,0.0,0.0,200.0,0.0,0.0,0.0,200.0,10.0,0.0,0.0,0.0,10.0,0.0,0.0,0.0,10.0
0.7251208534755793,0.25520422814249655,-0.5172315970184923,0.005,200.0,0.0,0.0,0.0,200.0,0.0,0.0,0.0,200.0,10.0,0.0,0.0,0.0,10.0,0.0,0.0,0.0,10.0
0.7261210201700283,0.2556445858571545,-0.5170939720497666,0.005,200.0,0.0,0.0,0.0,200.0,0.0,0.0,0.0,200.0,10.0,0.0,0.0,0.0,10.0,0.0,0.0,0.0,10.0
0.7271211868644775,0.25608494357181244,-0.5169563470810409,0.005,200.0,0.0,0.0,0.0,200.0,0.0,0.0,0.0,200.0,10.0,0.0,0.0,0.0,10.0,0.0,0.0,0.0,10.0
0.7281213535589265,0.2565253012864704,-0.5168187221123152,0.005,200.0,0.0,0.0,0.0,200.0,0.0,0.0,0.0,200.0,10.0,0.0,0.0,0.0,10.0,0.0,0.0,0.0,10.0
0.7291215202533756,0.2569656590011283,-0.5166810971435895,0.005,200.0,0.0,0.0,0.0,200.0,0.0,0.0,0.0,200.0,10.0,0.0,0.0,0.0,10.0,0.0,0.0,0.0,10.0
0.7301216869478246,0.2574060167157862,-0.5165434721748637,0.005,200.0,0.0,0.0,0.0,200.0,0.0,0.0,0.0,200.0,10.0,0.0,0.0,0.0,10.0,0.0,0.0,0.0,10.0
0.7311218536422738,0.2578463744304442,-0.516405847206138,0.005,200.0,0.0,0.0,0.0,200.0,0.0,0.0,0.0,200.0,10.0,0.0,0.0,0.0,10.0,0.0,0.0,0.0,10.0
0.7321220203367228,0.2582867321451021,-0.5162682222374123,0.005,200.0,0.0,0.0,0.0,200.0,0.0,0.0,0.0,200.0,10.0,0.0,0.0,0.0,10.0,0.0,0.0,0.0,10.0
0.7331221870311719,0.25872708985976006,-0.5161305972686866,0.005,200.0,0.0,0.0,0.0,200.0,0.0,0.0,0.0,200.0,10.0,0.0,0.0,0.0,10.0,0.0,0.0,0.0,10.0
0.734122353725621,0.25916744757441806,-0.5159929722999609,0.005,200.0,0.0,0.0,0.0,200.0,0.0,0.0,0.0,200.0,10.0,0.0,0.0,0.0,10.0,0.0,0.0,0.0,10.0
0.7351225204200701,0.25960780528907595,-0.5158553473312352,0.005,200.0,0.0,0.0,0.0,200.0,0.0,0.0,0.0,200.0,10.0,0.0,0.0,0.0,10.0,0.0,0.0,0.0,10.0
0.7361226871145191,0.2600481630037339,-0.5157177223625095,0.005,200.0,0.0,0.0,0.0,200.0,0.0,0.0,0.0,200.0,10.0,0.0,0.0,0.0,10.0,0.0,0.0,0.0,10.0
0.7371228538089681,0.26048852071839185,-0.5155800973937837,0.005,200.0,0.0,0.0,0.0,200.0,0.0,0.0,0.0,200.0,10.0,0.0,0.0,0.0,10.0,0.0,0.0,0.0,10.0
0.7381230205034173,0.2609288784330498,-0.515442472425058,0.005,200.0,0.0,0.0,0.0,200.0,0.0,0.0,0.0,200.0,10.0,0.0,0.0,0.0,10.0,0.0,0.0,0.0,10.0
0.7391231871978663,0.26136923614770774,-0.5153048474563323,0.005,200.0,0.0,0.0,0.0,200.0,0.0,0.0,0.0,200.0,10.0,0.0,0.0,0.0,10.0,0.0,0.0,0.0,10.0
0.7401233538923154,0.2618095938623657,-0.5151672224876066,0.005,200.0,0.0,0.0,0.0,200.0,0.0,0.0,0.0,200.0,10.0,0.0,0.0,0.0,10.0,0.0,0.0,0.0,10.0
0.7411235205867645,0.26224995157702363,-0.5150295975188809,0.005,200.0,0.0,0.0,0.0,200.0,0.0,0.0,0.0,200.0,10.0,0.0,0.0,0.0,10.0,0.0,0.0,0.0,10.0
0.7421236872812136,0.2626903092916816,-0.5148919725501552,0.005,200.0,0.0,0.0,0.0,200.0,0.0,0.0,0.0,200.0,10.0,0.0,0.0,0.0,10.0,0.0,0.0,0.0,10.0
0.7431238539756626,0.2631512001059933,-0.5146778339563877,0.005,200.0,0.0,0.0,0.0,200.0,0.0,0.0,0.0,200.0,10.0,0.0,0.0,0.0,10.0,0.0,0.0,0.0,10.0
0.7441240206701117,0.2636232041958909,-0.5144222833490666,0.005,200.0,0.0,0.0,0.0,200.0,0.0,0.0,0.0,200.0,10.0,0.0,0.0,0.0,10.0,0.0,0.0,0.0,10.0
0.7451241873645608,0.2640952082857885,-0.5141667327417455,0.005,200.0,0.0,0.0,0.0,200.0,0.0,0.0,0.0,200.0,10.0,0.0,0.0,0.0,10.0,0.0,0.0,0.0,10.0
0.7461243540590099,0.26456721237568603,-0.5139111821344245,0.005,200.0,0.0,0.0,0.0,200.0,0.0,0.0,0.0,200.0,10.0,0.0,0.0,0.0,10.0,0.0,0.0,0.0,10.0
0.7471245207534589,0.26503921646558354,-0.5136556315271035,0.005,200.0,0.0,0.0,0.0,200.0,0.0,0.0,0.0,200.0,10.0,0.0,0.0,0.0,10.0,0.0,0.0,0.0,10.0
0.748124687447908,0.26551122055548115,-0.5134000809197824,0.005,200.0,0.0,0.0,0.0,200.0,0.0,0.0,0.0,200.0,10.0,0.0,0.0,0.0,10.0,0.0,0.0,0.0,10.0
0.7491248541423571,0.2659832246453787,-0.5131445303124613,0.005,200.0,0.0,0.0,0.0,200.0,0.0,0.0,0.0,200.0,10.0,0.0,0.0,0.0,10.0,0.0,0.0,0.0,10.0
0.7501250208368062,0.2664552287352763,-0.5128889797051404,0.005,200.0,0.0,0.0,0.0,200.0,0.0,0.0,0.0,200.0,10.0,0.0,0.0,0.0,10.0,0.0,0.0,0.0,10.0
0.7511251875312552,0.26692723282517383,-0.5126334290978193,0.005,200.0,0.0,0.0,0.0,200.0,0.0,0.0,0.0,200.0,10.0,0.0,0.0,0.0,10.0,0.0,0.0,0.0,10.0
0.7521253542257043,0.26739923691507134,-0.5123778784904982,0.005,200.0,0.0,0.0,0.0,200.0,0.0,0.0,0.0,200.0,10.0,0.0,0.0,0.0,10.0,0.0,0.0,0.0,10.0
0.7531255209201534,0.26787124100496895,-0.5121223278831772,0.005,200.0,0.0,0.0,0.0,200.0,0.0,0.0,0.0,200.0,10.0,0.0,0.0,0.0,10.0,0.0,0.0,0.0,10.0
0.7541256876146024,0.26834324509486657,-0.5118667772758562,0.005,200.0,0.0,0.0,0.0,200.0,0.0,0.0,0.0,200.0,10.0,0.0,0.0,0.0,10.0,0.0,0.0,0.0,10.0
0.7551258543090515,0.26881524918476407,-0.5116112266685351,0.005,200.0,0.0,0.0,0.0,200.0,0.0,0.0,0.0,200.0,10.0,0.0,0.0,0.0,10.0,0.0,0.0,0.0,10.0
0.7561260210035006,0.26928725327466163,-0.511355676061214,0.005,200.0,0.0,0.0,0.0,200.0,0.0,0.0,0.0,200.0,10.0,0.0,0.0,0.0,10.0,0.0,0.0,0.0,10.0
0.7571261876979497,0.26975925736455925,-0.511100125453893,0.005,200.0,0.0,0.0,0.0,200.0,0.0,0.0,0.0,200.0,10.0,0.0,0.0,0.0,10.0,0.0,0.0,0.0,10.0
0.7581263543923987,0.27023126145445675,-0.510844574846572,0.005,200.0,0.0,0.0,0.0,200.0,0.0,0.0,0.0,200.0,10.0,0.0,0.0,0.0,10.0,0.0,0.0,0.0,10.0
0.7591265210868479,0.27070326554435437,-0.5105890242392509,0.005,200.0,0.0,0.0,0.0,200.0,0.0,0.0,0.0,200.0,10.0,0.0,0.0,0.0,10.0,0.0,0.0,0.0,10.0
0.7601266877812969,0.2711752696342519,-0.5103334736319298,0.005,200.0,0.0,0.0,0.0,200.0,0.0,0.0,0.0,200.0,10.0,0.0,0.0,0.0,10.0,0.0,0.0,0.0,10.0
0.761126854475746,0.27164727372414943,-0.5100779230246089,0.005,200.0,0.0,0.0,0.0,200.0,0.0,0.0,0.0,200.0,10.0,0.0,0.0,0.0,10.0,0.0,0.0,0.0,10.0
0.762127021170195,0.27211927781404704,-0.5098223724172878,0.005,200.0,0.0,0.0,0.0,200.0,0.0,0.0,0.0,200.0,10.0,0.0,0.0,0.0,10.0,0.0,0.0,0.0,10.0
0.7631271878646442,0.2725341515126557,-0.509567371257684,0.005,200.0,0.0,0.0,0.0,200.0,0.0,0.0,0.0,200.0,10.0,0.0,0.0,0.0,10.0,0.0,0.0,0.0,10.0
0.7641273545590932,0.2729085442482938,-0.5093127594210343,0.005,200.0,0.0,0.0,0.0,200.0,0.0,0.0,0.0,200.0,10.0,0.0,0.0,0.0,10.0,0.0,0.0,0.0,10.0
0.7651275212535423,0.273282936983932,-0.5090581475843845,0.005,200.0,0.0,0.0,0.0,200.0,0.0,0.0,0.0,200.0,10.0,0.0,0.0,0.0,10.0,0.0,0.0,0.0,10.0
0.7661276879479914,0.27365732971957013,-0.5088035357477347,0.005,200.0,0.0,0.0,0.0,200.0,0.0,0.0,0.0,200.0,10.0,0.0,0.0,0.0,10.0,0.0,0.0,0.0,10.0
0.7671278546424405,0.27403172245520835,-0.508548923911085,0.005,200.0,0.0,0.0,0.0,200.0,0.0,0.0,0.0,200.0,10.0,0.0,0.0,0.0,10.0,0.0,0.0,0.0,10.0
0.7681280213368895,0.2744061151908465,-0.5082943120744352,0.005,200.0,0.0,0.0,0.0,200.0,0.0,0.0,0.0,200.0,10.0,0.0,0.0,0.0,10.0,0.0,0.0,0.0,10.0
0.7691281880313385,0.2747805079264846,-0.5080397002377854,0.005,200.0,0.0,0.0,0.0,200.0,0.0,0.0,0.0,200.0,10.0,0.0,0.0,0.0,10.0,0.0,0.0,0.0,10.0
0.7701283547257877,0.27515490066212284,-0.5077850884011357,0.005,200.0,0.0,0.0,0.0,200.0,0.0,0.0,0.0,200.0,10.0,0.0,0.0,0.0,10.0,0.0,0.0,0.0,10.0
0.7711285214202367,0.275529293397761,-0.5075304765644859,0.005,200.0,0.0,0.0,0.0,200.0,0.0,0.0,0.0,200.0,10.0,0.0,0.0,0.0,10.0,0.0,0.0,0.0,10.0
0.7721286881146858,0.27590368613339916,-0.5072758647278361,0.005,200.0,0.0,0.0,0.0,200.0,0.0,0.0,0.0,200.0,10.0,0.0,0.0,0.0,10.0,0.0,0.0,0.0,10.0
0.7731288548091348,0.2762780788690373,-0.5070212528911864,0.005,200.0,0.0,0.0,0.0,200.0,0.0,0.0,0.0,200.0,10.0,0.0,0.0,0.0,10.0,0.0,0.0,0.0,10.0
0.774129021503584,0.27665247160467554,-0.5067666410545365,0.005,200.0,0.0,0.0,0.0,200.0,0.0,0.0,0.0,200.0,10.0,0.0,0.0,0.0,10.0,0.0,0.0,0.0,10.0
0.775129188198033,0.27702686434031365,-0.5065120292178868,0.005,200.0,0.0,0.0,0.0,200.0,0.0,0.0,0.0,200.0,10.0,0.0,0.0,0.0,10.0,0.0,0.0,0.0,10.0
0.7761293548924821,0.27740125707595187,-0.506257417381237,0.005,200.0,0.0,0.0,0.0,200.0,0.0,0.0,0.0,200.0,10.0,0.0,0.0,0.0,10.0,0.0,0.0,0.0,10.0
0.7771295215869312,0.27777564981159003,-0.5060028055445872,0.005,200.0,0.0,0.0,0.0,200.0,0.0,0.0,0.0,200.0,10.0,0.0,0.0,0.0,10.0,0.0,0.0,0.0,10.0
0.7781296882813803,0.2781500425472282,-0.5057481937079374,0.005,200.0,0.0,0.0,0.0,200.0,0.0,0.0,0.0,200.0,10.0,0.0,0.0,0.0,10.0,0.0,0.0,0.0,10.0
0.7791298549758293,0.27852443528286636,-0.5054935818712877,0.005,200.0,0.0,0.0,0.0,200.0,0.0,0.0,0.0,200.0,10.0,0.0,0.0,0.0,10.0,0.0,0.0,0.0,10.0
0.7801300216702785,0.27889882801850446,-0.5052389700346379,0.005,200.0,0.0,0.0,0.0,200.0,0.0,0.0,0.0,200.0,10.0,0.0,0.0,0.0,10.0,0.0,0.0,0.0,10.0
0.7811301883647275,0.2792732207541427,-0.5049843581979881,0.005,200.0,0.0,0.0,0.0,200.0,0.0,0.0,0.0,200.0,10.0,0.0,0.0,0.0,10.0,0.0,0.0,0.0,10.0
0.7821303550591766,0.27964761348978084,-0.5047297463613384,0.005,200.0,0.0,0.0,0.0,200.0,0.0,0.0,0.0,200.0,10.0,0.0,0.0,0.0,10.0,0.0,0.0,0.0,10.0
0.7831305217536256,0.2801323492371215,-0.5043863276975078,0.005,200.0,0.0,0.0,0.0,200.0,0.0,0.0,0.0,200.0,10.0,0.0,0.0,0.0,10.0,0.0,0.0,0.0,10.0
0.7841306884480748,0.28071823274518953,-0.5039615027754282,0.005,200.0,0.0,0.0,0.0,200.0,0.0,0.0,0.0,200.0,10.0,0.0,0.0,0.0,10.0,0.0,0.0,0.0,10.0
0.7851308551425238,0.2813041162532575,-0.5035366778533485,0.005,200.0,0.0,0.0,0.0,200.0,0.0,0.0,0.0,200.0,10.0,0.0,0.0,0.0,10.0,0.0,0.0,0.0,10.0
0.7861310218369728,0.28188999976132545,-0.5031118529312689,0.005,200.0,0.0,0.0,0.0,200.0,0.0,0.0,0.0,200.0,10.0,0.0,0.0,0.0,10.0,0.0,0.0,0.0,10.0
0.7871311885314219,0.2824758832693935,-0.5026870280091893,0.005,200.0,0.0,0.0,0.0,200.0,0.0,0.0,0.0,200.0,10.0,0.0,0.0,0.0,10.0,0.0,0.0,0.0,10.0
0.788131355225871,0.2830617667774615,-0.5022622030871096,0.005,200.0,0.0,0.0,0.0,200.0,0.0,0.0,0.0,200.0,10.0,0.0,0.0,0.0,10.0,0.0,0.0,0.0,10.0
0.7891315219203201,0.2836476502855294,-0.5018373781650299,0.005,200.0,0.0,0.0,0.0,200.0,0.0,0.0,0.0,200.0,10.0,0.0,0.0,0.0,10.0,0.0,0.0,0.0,10.0
0.7901316886147691,0.2842335337935974,-0.5014125532429503,0.005,200.0,0.0,0.0,0.0,200.0,0.0,0.0,0.0,200.0,10.0,0.0,0.0,0.0,10.0,0.0,0.0,0.0,10.0
0.7911318553092183,0.28481941730166543,-0.5009877283208707,0.005,200.0,0.0,0.0,0.0,200.0,0.0,0.0,0.0,200.0,10.0,0.0,0.0,0.0,10.0,0.0,0.0,0.0,10.0
0.7921320220036673,0.28540530080973336,-0.5005629033987911,0.005,200.0,0.0,0.0,0.0,200.0,0.0,0.0,0.0,200.0,10.0,0.0,0.0,0.0,10.0,0.0,0.0,0.0,10.0
0.7931321886981164,0.28599118431780135,-0.5001380784767114,0.005,200.0,0.0,0.0,0.0,200.0,0.0,0.0,0.0,200.0,10.0,0.0,0.0,0.0,10.0,0.0,0.0,0.0,10.0
0.7941323553925654,0.2865770678258694,-0.4997132535546317,0.005,200.0,0.0,0.0,0.0,200.0,0.0,0.0,0.0,200.0,10.0,0.0,0.0,0.0,10.0,0.0,0.0,0.0,10.0
0.7951325220870146,0.2871629513339373,-0.49928842863255213,0.005,200.0,0.0,0.0,0.0,200.0,0.0,0.0,0.0,200.0,10.0,0.0,0.0,0.0,10.0,0.0,0.0,0.0,10.0
0.7961326887814636,0.2877488348420053,-0.49886360371047245,0.005,200.0,0.0,0.0,0.0,200.0,0.0,0.0,0.0,200.0,10.0,0.0,0.0,0.0,10.0,0.0,0.0,0.0,10.0
0.7971328554759127,0.28833471835007324,-0.4984387787883929,0.005,200.0,0.0,0.0,0.0,200.0,0.0,0.0,0.0,200.0,10.0,0.0,0.0,0.0,10.0,0.0,0.0,0.0,10.0
0.7981330221703618,0.2889206018581413,-0.4980139538663132,0.005,200.0,0.0,0.0,0.0,200.0,0.0,0.0,0.0,200.0,10.0,0.0,0.0,0.0,10.0,0.0,0.0,0.0,10.0
0.7991331888648109,0.28950648536620927,-0.4975891289442335,0.005,200.0,0.0,0.0,0.0,200.0,0.0,0.0,0.0,200.0,10.0,0.0,0.0,0.0,10.0,0.0,0.0,0.0,10.0
0.8001333555592599,0.2900923688742772,-0.49716430402215395,0.005,200.0,0.0,0.0,0.0,200.0,0.0,0.0,0.0,200.0,10.0,0.0,0.0,0.0,10.0,0.0,0.0,0.0,10.0
0.8011335222537089,0.29067825238234524,-0.49673947910007427,0.005,200.0,0.0,0.0,0.0,200.0,0.0,0.0,0.0,200.0,10.0,0.0,0.0,0.0,10.0,0.0,0.0,0.0,10.0
0.8021336889481581,0.2912641358904132,-0.4963146541779946,0.005,200.0,0.0,0.0,0.0,200.0,0.0,0.0,0.0,200.0,10.0,0.0,0.0,0.0,10.0,0.0,0.0,0.0,10.0
0.8031338556426071,0.2918465469783297,-0.49584879385250613,0.005,200.0,0.0,0.0,0.0,200.0,0.0,0.0,0.0,200.0,10.0,0.0,0.0,0.0,10.0,0.0,0.0,0.0,10.0
0.8041340223370562,0.29242485199278245,-0.49533440991130784,0.005,200.0,0.0,0.0,0.0,200.0,0.0,0.0,0.0,200.0,10.0,0.0,0.0,0.0,10.0,0.0,0.0,0.0,10.0
0.8051341890315052,0.2930031570072353,-0.49482002597010954,0.005,200.0,0.0,0.0,0.0,200.0,0.0,0.0,0.0,200.0,10.0,0.0,0.0,0.0,10.0,0.0,0.0,0.0,10.0
0.8061343557259544,0.29358146202168794,-0.4943056420289113,0.005,200.0,0.0,0.0,0.0,200.0,0.0,0.0,0.0,200.0,10.0,0.0,0.0,0.0,10.0,0.0,0.0,0.0,10.0
0.8071345224204034,0.2941597670361407,-0.493791258087713,0.005,200.0,0.0,0.0,0.0,200.0,0.0,0.0,0.0,200.0,10.0,0.0,0.0,0.0,10.0,0.0,0.0,0.0,10.0
0.8081346891148525,0.2947380720505935,-0.49327687414651467,0.005,200.0,0.0,0.0,0.0,200.0,0.0,0.0,0.0,200.0,10.0,0.0,0.0,0.0,10.0,0.0,0.0,0.0,10.0
0.8091348558093016,0.2953163770650462,-0.4927624902053165,0.005,200.0,0.0,0.0,0.0,200.0,0.0,0.0,0.0,200.0,10.0,0.0,0.0,0.0,10.0,0.0,0.0,0.0,10.0
0.8101350225037507,0.295894682079499,-0.4922481062641182,0.005,200.0,0.0,0.0,0.0,200.0,0.0,0.0,0.0,200.0,10.0,0.0,0.0,0.0,10.0,0.0,0.0,0.0,10.0
0.8111351891981997,0.29647298709395176,-0.49173372232291984,0.005,200.0,0.0,0.0,0.0,200.0,0.0,0.0,0.0,200.0,10.0,0.0,0.0,0.0,10.0,0.0,0.0,0.0,10.0
0.8121353558926488,0.2970512921084045,-0.49121933838172166,0.005,200.0,0.0,0.0,0.0,200.0,0.0,0.0,0.0,200.0,10.0,0.0,0.0,0.0,10.0,0.0,0.0,0.0,10.0
0.8131355225870979,0.29762959712285725,-0.49070495444052337,0.005,200.0,0.0,0.0,0.0,200.0,0.0,0.0,0.0,200.0,10.0,0.0,0.0,0.0,10.0,0.0,0.0,0.0,10.0
0.814135689281547,0.2982079021373099,-0.49019057049932513,0.005,200.0,0.0,0.0,0.0,200.0,0.0,0.0,0.0,200.0,10.0,0.0,0.0,0.0,10.0,0.0,0.0,0.0,10.0
0.815135855975996,0.29878620715176274,-0.48967618655812684,0.005,200.0,0.0,0.0,0.0,200.0,0.0,0.0,0.0,200.0,10.0,0.0,0.0,0.0,10.0,0.0,0.0,0.0,10.0
0.816136022670445,0.2993645121662155,-0.48916180261692854,0.005,200.0,0.0,0.0,0.0,200.0,0.0,0.0,0.0,200.0,10.0,0.0,0.0,0.0,10.0,0.0,0.0,0.0,10.0
0.8171361893648942,0.2999428171806682,-0.4886474186757303,0.005,200.0,0.0,0.0,0.0,200.0,0.0,0.0,0.0,200.0,10.0,0.0,0.0,0.0,10.0,0.0,0.0,0.0,10.0
0.8181363560593432,0.30052112219512095,-0.488133034734532,0.005,200.0,0.0,0.0,0.0,200.0,0.0,0.0,0.0,200.0,10.0,0.0,0.0,0.0,10.0,0.0,0.0,0.0,10.0
0.8191365227537923,0.3010994272095737,-0.48761865079333366,0.005,200.0,0.0,0.0,0.0,200.0,0.0,0.0,0.0,200.0,10.0,0.0,0.0,0.0,10.0,0.0,0.0,0.0,10.0
0.8201366894482414,0.30167773222402644,-0.4871042668521355,0.005,200.0,0.0,0.0,0.0,200.0,0.0,0.0,0.0,200.0,10.0,0.0,0.0,0.0,10.0,0.0,0.0,0.0,10.0
0.8211368561426905,0.3022560372384792,-0.4865898829109372,0.005,200.0,0.0,0.0,0.0,200.0,0.0,0.0,0.0,200.0,10.0,0.0,0.0,0.0,10.0,0.0,0.0,0.0,10.0
0.8221370228371395,0.302834342252932,-0.48607549896973884,0.005,200.0,0.0,0.0,0.0,200.0,0.0,0.0,0.0,200.0,10.0,0.0,0.0,0.0,10.0,0.0,0.0,0.0,10.0
0.8231371895315887,0.3033791383289659,-0.4855596342619746,0.005,200.0,0.0,0.0,0.0,200.0,0.0,0.0,0.0,200.0,10.0,0.0,0.0,0.0,10.0,0.0,0.0,0.0,10.0
0.8241373562260377,0.3038725351011541,-0.48504149820888454,0.005,200.0,0.0,0.0,0.0,200.0,0.0,0.0,0.0,200.0,10.0,0.0,0.0,0.0,10.0,0.0,0.0,0.0,10.0
0.8251375229204868,0.30436593187334227,-0.4845233621557944,0.005,200.0,0.0,0.0,0.0,200.0,0.0,0.0,0.0,200.0,10.0,0.0,0.0,0.0,10.0,0.0,0.0,0.0,10.0
0.8261376896149358,0.30485932864553034,-0.48400522610270436,0.005,200.0,0.0,0.0,0.0,200.0,0.0,0.0,0.0,200.0,10.0,0.0,0.0,0.0,10.0,0.0,0.0,0.0,10.0
0.827137856309385,0.3053527254177185,-0.4834870900496142,0.005,200.0,0.0,0.0,0.0,200.0,0.0,0.0,0.0,200.0,10.0,0.0,0.0,0.0,10.0,0.0,0.0,0.0,10.0
0.828138023003834,0.30584612218990664,-0.4829689539965242,0.005,200.0,0.0,0.0,0.0,200.0,0.0,0.0,0.0,200.0,10.0,0.0,0.0,0.0,10.0,0.0,0.0,0.0,10.0
0.8291381896982831,0.3063395189620948,-0.48245081794343403,0.005,200.0,0.0,0.0,0.0,200.0,0.0,0.0,0.0,200.0,10.0,0.0,0.0,0.0,10.0,0.0,0.0,0.0,10.0
0.8301383563927321,0.306832915734283,-0.48193268189034394,0.005,200.0,0.0,0.0,0.0,200.0,0.0,0.0,0.0,200.0,10.0,0.0,0.0,0.0,10.0,0.0,0.0,0.0,10.0
0.8311385230871813,0.30732631250647113,-0.4814145458372539,0.005,200.0,0.0,0.0,0.0,200.0,0.0,0.0,0.0,200.0,10.0,0.0,0.0,0.0,10.0,0.0,0.0,0.0,10.0
0.8321386897816303,0.3078197092786593,-0.48089640978416376,0.005,200.0,0.0,0.0,0.0,200.0,0.0,0.0,0.0,200.0,10.0,0.0,0.0,0.0,10.0,0.0,0.0,0.0,10.0
0.8331388564760793,0.3083131060508475,-0.4803782737310736,0.005,200.0,0.0,0.0,0.0,200.0,0.0,0.0,0.0,200.0,10.0,0.0,0.0,0.0,10.0,0.0,0.0,0.0,10.0
0.8341390231705285,0.30880650282303557,-0.4798601376779836,0.005,200.0,0.0,0.0,0.0,200.0,0.0,0.0,0.0,200.0,10.0,0.0,0.0,0.0,10.0,0.0,0.0,0.0,10.0
0.8351391898649775,0.30929989959522375,-0.47934200162489343,0.005,200.0,0.0,0.0,0.0,200.0,0.0,0.0,0.0,200.0,10.0,0.0,0.0,0.0,10.0,0.0,0.0,0.0,10.0
0.8361393565594266,0.30979329636741193,-0.47882386557180334,0.005,200.0,0.0,0.0,0.0,200.0,0.0,0.0,0.0,200.0,10.0,0.0,0.0,0.0,10.0,0.0,0.0,0.0,10.0
0.8371395232538756,0.31028669313960006,-0.4783057295187133,0.005,200.0,0.0,0.0,0.0,200.0,0.0,0.0,0.0,200.0,10.0,0.0,0.0,0.0,10.0,0.0,0.0,0.0,10.0
0.8381396899483248,0.31078008991178824,-0.47778759346562316,0.005,200.0,0.0,0.0,0.0,200.0,0.0,0.0,0.0,200.0,10.0,0.0,0.0,0.0,10.0,0.0,0.0,0.0,10.0
0.8391398566427738,0.3112734866839764,-0.477269457412533,0.005,200.0,0.0,0.0,0.0,200.0,0.0,0.0,0.0,200.0,10.0,0.0,0.0,0.0,10.0,0.0,0.0,0.0,10.0
0.8401400233372229,0.3117668834561645,-0.476751321359443,0.005,200.0,0.0,0.0,0.0,200.0,0.0,0.0,0.0,200.0,10.0,0.0,0.0,0.0,10.0,0.0,0.0,0.0,10.0
0.841140190031672,0.31226028022835267,-0.4762331853063529,0.005,200.0,0.0,0.0,0.0,200.0,0.0,0.0,0.0,200.0,10.0,0.0,0.0,0.0,10.0,0.0,0.0,0.0,10.0
0.8421403567261211,0.31275367700054085,-0.47571504925326275,0.005,200.0,0.0,0.0,0.0,200.0,0.0,0.0,0.0,200.0,10.0,0.0,0.0,0.0,10.0,0.0,0.0,0.0,10.0
0.8431405234205701,0.3132168214149049,-0.47522843002796095,0.005,200.0,0.0,0.0,0.0,200.0,0.0,0.0,0.0,200.0,10.0,0.0,0.0,0.0,10.0,0.0,0.0,0.0,10.0
0.8441406901150192,0.313618849954877,-0.4748054811618272,0.005,200.0,0.0,0.0,0.0,200.0,0.0,0.0,0.0,200.0,10.0,0.0,0.0,0.0,10.0,0.0,0.0,0.0,10.0
0.8451408568094683,0.314020878494849,-0.4743825322956935,0.005,200.0,0.0,0.0,0.0,200.0,0.0,0.0,0.0,200.0,10.0,0.0,0.0,0.0,10.0,0.0,0.0,0.0,10.0
0.8461410235039174,0.31442290703482106,-0.47395958342955974,0.005,200.0,0.0,0.0,0.0,200.0,0.0,0.0,0.0,200.0,10.0,0.0,0.0,0.0,10.0,0.0,0.0,0.0,10.0
0.8471411901983664,0.3148249355747931,-0.473536634563426,0.005,200.0,0.0,0.0,0.0,200.0,0.0,0.0,0.0,200.0,10.0,0.0,0.0,0.0,10.0,0.0,0.0,0.0,10.0
0.8481413568928156,0.3152269641147651,-0.4731136856972923,0.005,200.0,0.0,0.0,0.0,200.0,0.0,0.0,0.0,200.0,10.0,0.0,0.0,0.0,10.0,0.0,0.0,0.0,10.0
0.8491415235872646,0.31562899265473715,-0.47269073683115853,0.005,200.0,0.0,0.0,0.0,200.0,0.0,0.0,0.0,200.0,10.0,0.0,0.0,0.0,10.0,0.0,0.0,0.0,10.0
0.8501416902817136,0.3160310211947092,-0.4722677879650248,0.005,200.0,0.0,0.0,0.0,200.0,0.0,0.0,0.0,200.0,10.0,0.0,0.0,0.0,10.0,0.0,0.0,0.0,10.0
0.8511418569761627,0.3164330497346812,-0.4718448390988911,0.005,200.0,0.0,0.0,0.0,200.0,0.0,0.0,0.0,200.0,10.0,0.0,0.0,0.0,10.0,0.0,0.0,0.0,10.0
0.8521420236706118,0.3168350782746533,-0.4714218902327573,0.005,200.0,0.0,0.0,0.0,200.0,0.0,0.0,0.0,200.0,10.0,0.0,0.0,0.0,10.0,0.0,0.0,0.0,10.0
0.8531421903650609,0.31723710681462536,-0.47099894136662357,0.005,200.0,0.0,0.0,0.0,200.0,0.0,0.0,0.0,200.0,10.0,0.0,0.0,0.0,10.0,0.0,0.0,0.0,10.0
0.8541423570595099,0.31763913535459737,-0.47057599250048987,0.005,200.0,0.0,0.0,0.0,200.0,0.0,0.0,0.0,200.0,10.0,0.0,0.0,0.0,10.0,0.0,0.0,0.0,10.0
0.855142523753959,0.31804116389456943,-0.4701530436343561,0.005,200.0,0.0,0.0,0.0,200.0,0.0,0.0,0.0,200.0,10.0,0.0,0.0,0.0,10.0,0.0,0.0,0.0,10.0
0.8561426904484081,0.3184431924345415,-0.46973009476822236,0.005,200.0,0.0,0.0,0.0,200.0,0.0,0.0,0.0,200.0,10.0,0.0,0.0,0.0,10.0,0.0,0.0,0.0,10.0
0.8571428571428572,0.31884522097451345,-0.4693071459020887,0.005,200.0,0.0,0.0,0.0,200.0,0.0,0.0,0.0,200.0,10.0,0.0,0.0,0.0,10.0,0.0,0.0,0.0,10.0
0.8581430238373062,0.3192472495144855,-0.46888419703595496,0.005,200.0,0.0,0.0,0.0,200.0,0.0,0.0,0.0,200.0,10.0,0.0,0.0,0.0,10.0,0.0,0.0,0.0,10.0
0.8591431905317554,0.31964927805445753,-0.46846124816982126,0.005,200.0,0.0,0.0,0.0,200.0,0.0,0.0,0.0,200.0,10.0,0.0,0.0,0.0,10.0,0.0,0.0,0.0,10.0
0.8601433572262044,0.3200513065944296,-0.4680382993036875,0.005,200.0,0.0,0.0,0.0,200.0,0.0,0.0,0.0,200.0,10.0,0.0,0.0,0.0,10.0,0.0,0.0,0.0,10.0
0.8611435239206535,0.32045333513440166,-0.46761535043755376,0.005,200.0,0.0,0.0,0.0,200.0,0.0,0.0,0.0,200.0,10.0,0.0,0.0,0.0,10.0,0.0,0.0,0.0,10.0
0.8621436906151025,0.3208553636743737,-0.46719240157142006,0.005,200.0,0.0,0.0,0.0,200.0,0.0,0.0,0.0,200.0,10.0,0.0,0.0,0.0,10.0,0.0,0.0,0.0,10.0
0.8631438573095517,0.32126937712961723,-0.46673771151802423,0.005,200.0,0.0,0.0,0.0,200.0,0.0,0.0,0.0,200.0,10.0,0.0,0.0,0.0,10.0,0.0,0.0,0.0,10.0
0.8641440240040007,0.3217161992904166,-0.4661961299644984,0.005,200.0,0.0,0.0,0.0,200.0,0.0,0.0,0.0,200.0,10.0,0.0,0.0,0.0,10.0,0.0,0.0,0.0,10.0
0.8651441906984497,0.32216302145121595,-0.4656545484109727,0.005,200.0,0.0,0.0,0.0,200.0,0.0,0.0,0.0,200.0,10.0,0.0,0.0,0.0,10.0,0.0,0.0,0.0,10.0
0.8661443573928989,0.32260984361201533,-0.46511296685744685,0.005,200.0,0.0,0.0,0.0,200.0,0.0,0.0,0.0,200.0,10.0,0.0,0.0,0.0,10.0,0.0,0.0,0.0,10.0
0.8671445240873479,0.3230566657728147,-0.46457138530392106,0.005,200.0,0.0,0.0,0.0,200.0,0.0,0.0,0.0,200.0,10.0,0.0,0.0,0.0,10.0,0.0,0.0,0.0,10.0
0.868144690781797,0.323503487933614,-0.4640298037503954,0.005,200.0,0.0,0.0,0.0,200.0,0.0,0.0,0.0,200.0,10.0,0.0,0.0,0.0,10.0,0.0,0.0,0.0,10.0
0.869144857476246,0.3239503100944134,-0.4634882221968695,0.005,200.0,0.0,0.0,0.0,200.0,0.0,0.0,0.0,200.0,10.0,0.0,0.0,0.0,10.0,0.0,0.0,0.0,10.0
0.8701450241706952,0.3243971322552128,-0.46294664064334373,0.005,200.0,0.0,0.0,0.0,200.0,0.0,0.0,0.0,200.0,10.0,0.0,0.0,0.0,10.0,0.0,0.0,0.0,10.0
0.8711451908651442,0.3248439544160121,-0.462405059089818,0.005,200.0,0.0,0.0,0.0,200.0,0.0,0.0,0.0,200.0,10.0,0.0,0.0,0.0,10.0,0.0,0.0,0.0,10.0
0.8721453575595933,0.3252907765768115,-0.4618634775362922,0.005,200.0,0.0,0.0,0.0,200.0,0.0,0.0,0.0,200.0,10.0,0.0,0.0,0.0,10.0,0.0,0.0,0.0,10.0
0.8731455242540423,0.3257375987376109,-0.4613218959827664,0.005,200.0,0.0,0.0,0.0,200.0,0.0,0.0,0.0,200.0,10.0,0.0,0.0,0.0,10.0,0.0,0.0,0.0,10.0
0.8741456909484915,0.32618442089841015,-0.46078031442924067,0.005,200.0,0.0,0.0,0.0,200.0,0.0,0.0,0.0,200.0,10.0,0.0,0.0,0.0,10.0,0.0,0.0,0.0,10.0
0.8751458576429405,0.32663124305920954,-0.4602387328757149,0.005,200.0,0.0,0.0,0.0,200.0,0.0,0.0,0.0,200.0,10.0,0.0,0.0,0.0,10.0,0.0,0.0,0.0,10.0
0.8761460243373896,0.3270780652200089,-0.45969715132218913,0.005,200.0,0.0,0.0,0.0,200.0,0.0,0.0,0.0,200.0,10.0,0.0,0.0,0.0,10.0,0.0,0.0,0.0,10.0
0.8771461910318387,0.32752488738080826,-0.45915556976866334,0.005,200.0,0.0,0.0,0.0,200.0,0.0,0.0,0.0,200.0,10.0,0.0,0.0,0.0,10.0,0.0,0.0,0.0,10.0
0.8781463577262878,0.32797170954160765,-0.45861398821513755,0.005,200.0,0.0,0.0,0.0,200.0,0.0,0.0,0.0,200.0,10.0,0.0,0.0,0.0,10.0,0.0,0.0,0.0,10.0
0.8791465244207368,0.3284185317024069,-0.4580724066616118,0.005,200.0,0.0,0.0,0.0,200.0,0.0,0.0,0.0,200.0,10.0,0.0,0.0,0.0,10.0,0.0,0.0,0.0,10.0
0.8801466911151858,0.3288653538632063,-0.457530825108086,0.005,200.0,0.0,0.0,0.0,200.0,0.0,0.0,0.0,200.0,10.0,0.0,0.0,0.0,10.0,0.0,0.0,0.0,10.0
0.881146857809635,0.3293121760240057,-0.45698924355456016,0.005,200.0,0.0,0.0,0.0,200.0,0.0,0.0,0.0,200.0,10.0,0.0,0.0,0.0,10.0,0.0,0.0,0.0,10.0
0.882147024504084,0.32975899818480503,-0.4564476620010345,0.005,200.0,0.0,0.0,0.0,200.0,0.0,0.0,0.0,200.0,10.0,0.0,0.0,0.0,10.0,0.0,0.0,0.0,10.0
0.8831471911985331,0.33020104624108687,-0.4558923530030159,0.005,200.0,0.0,0.0,0.0,200.0,0.0,0.0,0.0,200.0,10.0,0.0,0.0,0.0,10.0,0.0,0.0,0.0,10.0
0.8841473578929822,0.33062446746334956,-0.455283484467468,0.005,200.0,0.0,0.0,0.0,200.0,0.0,0.0,0.0,200.0,10.0,0.0,0.0,0.0,10.0,0.0,0.0,0.0,10.0
0.8851475245874313,0.33104788868561213,-0.45467461593192027,0.005,200.0,0.0,0.0,0.0,200.0,0.0,0.0,0.0,200.0,10.0,0.0,0.0,0.0,10.0,0.0,0.0,0.0,10.0
0.8861476912818803,0.33147130990787477,-0.4540657473963724,0.005,200.0,0.0,0.0,0.0,200.0,0.0,0.0,0.0,200.0,10.0,0.0,0.0,0.0,10.0,0.0,0.0,0.0,10.0
0.8871478579763294,0.3318947311301374,-0.4534568788608246,0.005,200.0,0.0,0.0,0.0,200.0,0.0,0.0,0.0,200.0,10.0,0.0,0.0,0.0,10.0,0.0,0.0,0.0,10.0
0.8881480246707785,0.3323181523524,-0.45284801032527683,0.005,200.0,0.0,0.0,0.0,200.0,0.0,0.0,0.0,200.0,10.0,0.0,0.0,0.0,10.0,0.0,0.0,0.0,10.0
0.8891481913652276,0.33274157357466266,-0.45223914178972896,0.005,200.0,0.0,0.0,0.0,200.0,0.0,0.0,0.0,200.0,10.0,0.0,0.0,0.0,10.0,0.0,0.0,0.0,10.0
0.8901483580596766,0.3331649947969253,-0.45163027325418115,0.005,200.0,0.0,0.0,0.0,200.0,0.0,0.0,0.0,200.0,10.0,0.0,0.0,0.0,10.0,0.0,0.0,0.0,10.0
0.8911485247541258,0.33358841601918787,-0.4510214047186334,0.005,200.0,0.0,0.0,0.0,200.0,0.0,0.0,0.0,200.0,10.0,0.0,0.0,0.0,10.0,0.0,0.0,0.0,10.0
0.8921486914485748,0.3340118372414505,-0.4504125361830855,0.005,200.0,0.0,0.0,0.0,200.0,0.0,0.0,0.0,200.0,10.0,0.0,0.0,0.0,10.0,0.0,0.0,0.0,10.0
0.8931488581430239,0.33443525846371314,-0.44980366764753776,0.005,200.0,0.0,0.0,0.0,200.0,0.0,0.0,0.0,200.0,10.0,0.0,0.0,0.0,10.0,0.0,0.0,0.0,10.0
0.8941490248374729,0.33485867968597577,-0.44919479911198995,0.005,200.0,0.0,0.0,0.0,200.0,0.0,0.0,0.0,200.0,10.0,0.0,0.0,0.0,10.0,0.0,0.0,0.0,10.0
0.8951491915319221,0.3352821009082384,-0.4485859305764421,0.005,200.0,0.0,0.0,0.0,200.0,0.0,0.0,0.0,200.0,10.0,0.0,0.0,0.0,10.0,0.0,0.0,0.0,10.0
0.8961493582263711,0.335705522130501,-0.4479770620408943,0.005,200.0,0.0,0.0,0.0,200.0,0.0,0.0,0.0,200.0,10.0,0.0,0.0,0.0,10.0,0.0,0.0,0.0,10.0
0.8971495249208201,0.33612894335276366,-0.4473681935053465,0.005,200.0,0.0,0.0,0.0,200.0,0.0,0.0,0.0,200.0,10.0,0.0,0.0,0.0,10.0,0.0,0.0,0.0,10.0
0.8981496916152693,0.3365523645750263,-0.44675932496979864,0.005,200.0,0.0,0.0,0.0,200.0,0.0,0.0,0.0,200.0,10.0,0.0,0.0,0.0,10.0,0.0,0.0,0.0,10.0
0.8991498583097183,0.3369757857972889,-0.4461504564342509,0.005,200.0,0.0,0.0,0.0,200.0,0.0,0.0,0.0,200.0,10.0,0.0,0.0,0.0,10.0,0.0,0.0,0.0,10.0
0.9001500250041674,0.3373992070195515,-0.445541587898703,0.005,200.0,0.0,0.0,0.0,200.0,0.0,0.0,0.0,200.0,10.0,0.0,0.0,0.0,10.0,0.0,0.0,0.0,10.0
0.9011501916986164,0.3378226282418142,-0.4449327193631552,0.005,200.0,0.0,0.0,0.0,200.0,0.0,0.0,0.0,200.0,10.0,0.0,0.0,0.0,10.0,0.0,0.0,0.0,10.0
0.9021503583930656,0.33824604946407677,-0.44432385082760745,0.005,200.0,0.0,0.0,0.0,200.0,0.0,0.0,0.0,200.0,10.0,0.0,0.0,0.0,10.0,0.0,0.0,0.0,10.0
0.9031505250875146,0.33866020491131543,-0.4437208443428004,0.005,200.0,0.0,0.0,0.0,200.0,0.0,0.0,0.0,200.0,10.0,0.0,0.0,0.0,10.0,0.0,0.0,0.0,10.0
0.9041506917819637,0.3390176626399549,-0.4431537080256218,0.005,200.0,0.0,0.0,0.0,200.0,0.0,0.0,0.0,200.0,10.0,0.0,0.0,0.0,10.0,0.0,0.0,0.0,10.0
0.9051508584764127,0.3393751203685944,-0.44258657170844334,0.005,200.0,0.0,0.0,0.0,200.0,0.0,0.0,0.0,200.0,10.0,0.0,0.0,0.0,10.0,0.0,0.0,0.0,10.0
0.9061510251708619,0.3397325780972339,-0.44201943539126476,0.005,200.0,0.0,0.0,0.0,200.0,0.0,0.0,0.0,200.0,10.0,0.0,0.0,0.0,10.0,0.0,0.0,0.0,10.0
0.9071511918653109,0.3400900358258733,-0.4414522990740863,0.005,200.0,0.0,0.0,0.0,200.0,0.0,0.0,0.0,200.0,10.0,0.0,0.0,0.0,10.0,0.0,0.0,0.0,10.0
0.90815135855976,0.34044749355451287,-0.4408851627569077,0.005,200.0,0.0,0.0,0.0,200.0,0.0,0.0,0.0,200.0,10.0,0.0,0.0,0.0,10.0,0.0,0.0,0.0,10.0
0.9091515252542091,0.34080495128315236,-0.44031802643972906,0.005,200.0,0.0,0.0,0.0,200.0,0.0,0.0,0.0,200.0,10.0,0.0,0.0,0.0,10.0,0.0,0.0,0.0,10.0
0.9101516919486582,0.3411624090117918,-0.4397508901225506,0.005,200.0,0.0,0.0,0.0,200.0,0.0,0.0,0.0,200.0,10.0,0.0,0.0,0.0,10.0,0.0,0.0,0.0,10.0
0.9111518586431072,0.34151986674043133,-0.439183753805372,0.005,200.0,0.0,0.0,0.0,200.0,0.0,0.0,0.0,200.0,10.0,0.0,0.0,0.0,10.0,0.0,0.0,0.0,10.0
0.9121520253375563,0.3418773244690708,-0.4386166174881934,0.005,200.0,0.0,0.0,0.0,200.0,0.0,0.0,0.0,200.0,10.0,0.0,0.0,0.0,10.0,0.0,0.0,0.0,10.0
0.9131521920320054,0.34223478219771025,-0.43804948117101494,0.005,200.0,0.0,0.0,0.0,200.0,0.0,0.0,0.0,200.0,10.0,0.0,0.0,0.0,10.0,0.0,0.0,0.0,10.0
0.9141523587264544,0.3425922399263498,-0.43748234485383636,0.005,200.0,0.0,0.0,0.0,200.0,0.0,0.0,0.0,200.0,10.0,0.0,0.0,0.0,10.0,0.0,0.0,0.0,10.0
0.9151525254209035,0.3429496976549893,-0.4369152085366577,0.005,200.0,0.0,0.0,0.0,200.0,0.0,0.0,0.0,200.0,10.0,0.0,0.0,0.0,10.0,0.0,0.0,0.0,10.0
0.9161526921153526,0.3433071553836287,-0.43634807221947924,0.005,200.0,0.0,0.0,0.0,200.0,0.0,0.0,0.0,200.0,10.0,0.0,0.0,0.0,10.0,0.0,0.0,0.0,10.0
0.9171528588098017,0.34366461311226826,-0.43578093590230066,0.005,200.0,0.0,0.0,0.0,200.0,0.0,0.0,0.0,200.0,10.0,0.0,0.0,0.0,10.0,0.0,0.0,0.0,10.0
0.9181530255042507,0.34402207084090775,-0.4352137995851221,0.005,200.0,0.0,0.0,0.0,200.0,0.0,0.0,0.0,200.0,10.0,0.0,0.0,0.0,10.0,0.0,0.0,0.0,10.0
0.9191531921986998,0.3443795285695472,-0.4346466632679436,0.005,200.0,0.0,0.0,0.0,200.0,0.0,0.0,0.0,200.0,10.0,0.0,0.0,0.0,10.0,0.0,0.0,0.0,10.0
0.9201533588931489,0.3447369862981867,-0.434079526950765,0.005,200.0,0.0,0.0,0.0,200.0,0.0,0.0,0.0,200.0,10.0,0.0,0.0,0.0,10.0,0.0,0.0,0.0,10.0
0.921153525587598,0.3450944440268262,-0.4335123906335864,0.005,200.0,0.0,0.0,0.0,200.0,0.0,0.0,0.0,200.0,10.0,0.0,0.0,0.0,10.0,0.0,0.0,0.0,10.0
0.922153692282047,0.34545190175546564,-0.4329452543164079,0.005,200.0,0.0,0.0,0.0,200.0,0.0,0.0,0.0,200.0,10.0,0.0,0.0,0.0,10.0,0.0,0.0,0.0,10.0
0.9231538589764962,0.3458042337231128,-0.43238172488503507,0.005,200.0,0.0,0.0,0.0,200.0,0.0,0.0,0.0,200.0,10.0,0.0,0.0,0.0,10.0,0.0,0.0,0.0,10.0
0.9241540256709452,0.34609505655885153,-0.4318614780833313,0.005,200.0,0.0,0.0,0.0,200.0,0.0,0.0,0.0,200.0,10.0,0.0,0.0,0.0,10.0,0.0,0.0,0.0,10.0
0.9251541923653943,0.34638587939459037,-0.43134123128162744,0.005,200.0,0.0,0.0,0.0,200.0,0.0,0.0,0.0,200.0,10.0,0.0,0.0,0.0,10.0,0.0,0.0,0.0,10.0
0.9261543590598433,0.34667670223032915,-0.43082098447992356,0.005,200.0,0.0,0.0,0.0,200.0,0.0,0.0,0.0,200.0,10.0,0.0,0.0,0.0,10.0,0.0,0.0,0.0,10.0
0.9271545257542925,0.34696752506606793,-0.4303007376782198,0.005,200.0,0.0,0.0,0.0,200.0,0.0,0.0,0.0,200.0,10.0,0.0,0.0,0.0,10.0,0.0,0.0,0.0,10.0
0.9281546924487415,0.3472583479018067,-0.42978049087651593,0.005,200.0,0.0,0.0,0.0,200.0,0.0,0.0,0.0,200.0,10.0,0.0,0.0,0.0,10.0,0.0,0.0,0.0,10.0
0.9291548591431905,0.34754917073754554,-0.4292602440748121,0.005,200.0,0.0,0.0,0.0,200.0,0.0,0.0,0.0,200.0,10.0,0.0,0.0,0.0,10.0,0.0,0.0,0.0,10.0
0.9301550258376396,0.34783999357328427,-0.42873999727310835,0.005,200.0,0.0,0.0,0.0,200.0,0.0,0.0,0.0,200.0,10.0,0.0,0.0,0.0,10.0,0.0,0.0,0.0,10.0
0.9311551925320887,0.3481308164090231,-0.4282197504714045,0.005,200.0,0.0,0.0,0.0,200.0,0.0,0.0,0.0,200.0,10.0,0.0,0.0,0.0,10.0,0.0,0.0,0.0,10.0
0.9321553592265378,0.3484216392447619,-0.4276995036697006,0.005,200.0,0.0,0.0,0.0,200.0,0.0,0.0,0.0,200.0,10.0,0.0,0.0,0.0,10.0,0.0,0.0,0.0,10.0
0.9331555259209868,0.34871246208050066,-0.42717925686799685,0.005,200.0,0.0,0.0,0.0,200.0,0.0,0.0,0.0,200.0,10.0,0.0,0.0,0.0,10.0,0.0,0.0,0.0,10.0
0.934155692615436,0.34900328491623944,-0.426659010066293,0.005,200.0,0.0,0.0,0.0,200.0,0.0,0.0,0.0,200.0,10.0,0.0,0.0,0.0,10.0,0.0,0.0,0.0,10.0
0.935155859309885,0.3492941077519783,-0.4261387632645891,0.005,200.0,0.0,0.0,0.0,200.0,0.0,0.0,0.0,200.0,10.0,0.0,0.0,0.0,10.0,0.0,0.0,0.0,10.0
0.9361560260043341,0.349584930587717,-0.42561851646288534,0.005,200.0,0.0,0.0,0.0,200.0,0.0,0.0,0.0,200.0,10.0,0.0,0.0,0.0,10.0,0.0,0.0,0.0,10.0
0.9371561926987831,0.34987575342345584,-0.4250982696611815,0.005,200.0,0.0,0.0,0.0,200.0,0.0,0.0,0.0,200.0,10.0,0.0,0.0,0.0,10.0,0.0,0.0,0.0,10.0
0.9381563593932323,0.35016657625919456,-0.4245780228594777,0.005,200.0,0.0,0.0,0.0,200.0,0.0,0.0,0.0,200.0,10.0,0.0,0.0,0.0,10.0,0.0,0.0,0.0,10.0
0.9391565260876813,0.3504573990949334,-0.4240577760577739,0.005,200.0,0.0,0.0,0.0,200.0,0.0,0.0,0.0,200.0,10.0,0.0,0.0,0.0,10.0,0.0,0.0,0.0,10.0
0.9401566927821304,0.3507482219306722,-0.42353752925607,0.005,200.0,0.0,0.0,0.0,200.0,0.0,0.0,0.0,200.0,10.0,0.0,0.0,0.0,10.0,0.0,0.0,0.0,10.0
0.9411568594765795,0.35103904476641096,-0.42301728245436626,0.005,200.0,0.0,0.0,0.0,200.0,0.0,0.0,0.0,200.0,10.0,0.0,0.0,0.0,10.0,0.0,0.0,0.0,10.0
0.9421570261710286,0.35132986760214974,-0.4224970356526624,0.005,200.0,0.0,0.0,0.0,200.0,0.0,0.0,0.0,200.0,10.0,0.0,0.0,0.0,10.0,0.0,0.0,0.0,10.0
0.9431571928654776,0.35162124795344574,-0.4219747407721726,0.005,200.0,0.0,0.0,0.0,200.0,0.0,0.0,0.0,200.0,10.0,0.0,0.0,0.0,10.0,0.0,0.0,0.0,10.0
0.9441573595599266,0.35195374507708516,-0.42130140008122,0.005,200.0,0.0,0.0,0.0,200.0,0.0,0.0,0.0,200.0,10.0,0.0,0.0,0.0,10.0,0.0,0.0,0.0,10.0
0.9451575262543758,0.3522862422007246,-0.42062805939026726,0.005,200.0,0.0,0.0,0.0,200.0,0.0,0.0,0.0,200.0,10.0,0.0,0.0,0.0,10.0,0.0,0.0,0.0,10.0
0.9461576929488248,0.352618739324364,-0.41995471869931456,0.005,200.0,0.0,0.0,0.0,200.0,0.0,0.0,0.0,200.0,10.0,0.0,0.0,0.0,10.0,0.0,0.0,0.0,10.0
0.9471578596432739,0.35295123644800336,-0.41928137800836196,0.005,200.0,0.0,0.0,0.0,200.0,0.0,0.0,0.0,200.0,10.0,0.0,0.0,0.0,10.0,0.0,0.0,0.0,10.0
0.948158026337723,0.3532837335716428,-0.41860803731740925,0.005,200.0,0.0,0.0,0.0,200.0,0.0,0.0,0.0,200.0,10.0,0.0,0.0,0.0,10.0,0.0,0.0,0.0,10.0
0.9491581930321721,0.35361623069528225,-0.41793469662645655,0.005,200.0,0.0,0.0,0.0,200.0,0.0,0.0,0.0,200.0,10.0,0.0,0.0,0.0,10.0,0.0,0.0,0.0,10.0
0.9501583597266211,0.3539487278189216,-0.41726135593550395,0.005,200.0,0.0,0.0,0.0,200.0,0.0,0.0,0.0,200.0,10.0,0.0,0.0,0.0,10.0,0.0,0.0,0.0,10.0
0.9511585264210702,0.35428122494256103,-0.4165880152445512,0.005,200.0,0.0,0.0,0.0,200.0,0.0,0.0,0.0,200.0,10.0,0.0,0.0,0.0,10.0,0.0,0.0,0.0,10.0
0.9521586931155193,0.35461372206620045,-0.4159146745535985,0.005,200.0,0.0,0.0,0.0,200.0,0.0,0.0,0.0,200.0,10.0,0.0,0.0,0.0,10.0,0.0,0.0,0.0,10.0
0.9531588598099684,0.3549462191898399,-0.4152413338626459,0.005,200.0,0.0,0.0,0.0,200.0,0.0,0.0,0.0,200.0,10.0,0.0,0.0,0.0,10.0,0.0,0.0,0.0,10.0
0.9541590265044174,0.3552787163134793,-0.4145679931716932,0.005,200.0,0.0,0.0,0.0,200.0,0.0,0.0,0.0,200.0,10.0,0.0,0.0,0.0,10.0,0.0,0.0,0.0,10.0
0.9551591931988666,0.35561121343711866,-0.4138946524807406,0.005,200.0,0.0,0.0,0.0,200.0,0.0,0.0,0.0,200.0,10.0,0.0,0.0,0.0,10.0,0.0,0.0,0.0,10.0
0.9561593598933156,0.3559437105607581,-0.4132213117897879,0.005,200.0,0.0,0.0,0.0,200.0,0.0,0.0,0.0,200.0,10.0,0.0,0.0,0.0,10.0,0.0,0.0,0.0,10.0
0.9571595265877647,0.3562762076843975,-0.4125479710988351,0.005,200.0,0.0,0.0,0.0,200.0,0.0,0.0,0.0,200.0,10.0,0.0,0.0,0.0,10.0,0.0,0.0,0.0,10.0
0.9581596932822137,0.3566087048080369,-0.4118746304078825,0.005,200.0,0.0,0.0,0.0,200.0,0.0,0.0,0.0,200.0,10.0,0.0,0.0,0.0,10.0,0.0,0.0,0.0,10.0
0.9591598599766629,0.35694120193167633,-0.4112012897169298,0.005,200.0,0.0,0.0,0.0,200.0,0.0,0.0,0.0,200.0,10.0,0.0,0.0,0.0,10.0,0.0,0.0,0.0,10.0
0.9601600266711119,0.35727369905531575,-0.4105279490259771,0.005,200.0,0.0,0.0,0.0,200.0,0.0,0.0,0.0,200.0,10.0,0.0,0.0,0.0,10.0,0.0,0.0,0.0,10.0
0.9611601933655609,0.3576061961789551,-0.4098546083350245,0.005,200.0,0.0,0.0,0.0,200.0,0.0,0.0,0.0,200.0,10.0,0.0,0.0,0.0,10.0,0.0,0.0,0.0,10.0
0.96216036006001,0.3579386933025946,-0.4091812676440718,0.005,200.0,0.0,0.0,0.0,200.0,0.0,0.0,0.0,200.0,10.0,0.0,0.0,0.0,10.0,0.0,0.0,0.0,10.0
0.9631605267544591,0.358271190426234,-0.40850792695311905,0.005,200.0,0.0,0.0,0.0,200.0,0.0,0.0,0.0,200.0,10.0,0.0,0.0,0.0,10.0,0.0,0.0,0.0,10.0
0.9641606934489082,0.3585425146839423,-0.4078846907870018,0.005,200.0,0.0,0.0,0.0,200.0,0.0,0.0,0.0,200.0,10.0,0.0,0.0,0.0,10.0,0.0,0.0,0.0,10.0
0.9651608601433572,0.35881060798042197,-0.4072641009866327,0.005,200.0,0.0,0.0,0.0,200.0,0.0,0.0,0.0,200.0,10.0,0.0,0.0,0.0,10.0,0.0,0.0,0.0,10.0
0.9661610268378064,0.3590787012769016,-0.40664351118626363,0.005,200.0,0.0,0.0,0.0,200.0,0.0,0.0,0.0,200.0,10.0,0.0,0.0,0.0,10.0,0.0,0.0,0.0,10.0
0.9671611935322554,0.3593467945733812,-0.4060229213858947,0.005,200.0,0.0,0.0,0.0,200.0,0.0,0.0,0.0,200.0,10.0,0.0,0.0,0.0,10.0,0.0,0.0,0.0,10.0
0.9681613602267045,0.3596148878698608,-0.40540233158552563,0.005,200.0,0.0,0.0,0.0,200.0,0.0,0.0,0.0,200.0,10.0,0.0,0.0,0.0,10.0,0.0,0.0,0.0,10.0
0.9691615269211535,0.3598829811663404,-0.40478174178515663,0.005,200.0,0.0,0.0,0.0,200.0,0.0,0.0,0.0,200.0,10.0,0.0,0.0,0.0,10.0,0.0,0.0,0.0,10.0
0.9701616936156027,0.36015107446282,-0.4041611519847876,0.005,200.0,0.0,0.0,0.0,200.0,0.0,0.0,0.0,200.0,10.0,0.0,0.0,0.0,10.0,0.0,0.0,0.0,10.0
0.9711618603100517,0.36041916775929966,-0.4035405621844185,0.005,200.0,0.0,0.0,0.0,200.0,0.0,0.0,0.0,200.0,10.0,0.0,0.0,0.0,10.0,0.0,0.0,0.0,10.0
0.9721620270045008,0.36068726105577925,-0.4029199723840496,0.005,200.0,0.0,0.0,0.0,200.0,0.0,0.0,0.0,200.0,10.0,0.0,0.0,0.0,10.0,0.0,0.0,0.0,10.0
0.9731621936989499,0.3609553543522589,-0.40229938258368053,0.005,200.0,0.0,0.0,0.0,200.0,0.0,0.0,0.0,200.0,10.0,0.0,0.0,0.0,10.0,0.0,0.0,0.0,10.0
0.974162360393399,0.3612234476487385,-0.4016787927833114,0.005,200.0,0.0,0.0,0.0,200.0,0.0,0.0,0.0,200.0,10.0,0.0,0.0,0.0,10.0,0.0,0.0,0.0,10.0
0.975162527087848,0.36149154094521807,-0.4010582029829425,0.005,200.0,0.0,0.0,0.0,200.0,0.0,0.0,0.0,200.0,10.0,0.0,0.0,0.0,10.0,0.0,0.0,0.0,10.0
0.9761626937822971,0.3617596342416977,-0.4004376131825734,0.005,200.0,0.0,0.0,0.0,200.0,0.0,0.0,0.0,200.0,10.0,0.0,0.0,0.0,10.0,0.0,0.0,0.0,10.0
0.9771628604767462,0.36202772753817736,-0.3998170233822044,0.005,200.0,0.0,0.0,0.0,200.0,0.0,0.0,0.0,200.0,10.0,0.0,0.0,0.0,10.0,0.0,0.0,0.0,10.0
0.9781630271711952,0.36229582083465695,-0.3991964335818354,0.005,200.0,0.0,0.0,0.0,200.0,0.0,0.0,0.0,200.0,10.0,0.0,0.0,0.0,10.0,0.0,0.0,0.0,10.0
0.9791631938656443,0.3625639141311366,-0.3985758437814663,0.005,200.0,0.0,0.0,0.0,200.0,0.0,0.0,0.0,200.0,10.0,0.0,0.0,0.0,10.0,0.0,0.0,0.0,10.0
0.9801633605600933,0.3628320074276162,-0.39795525398109727,0.005,200.0,0.0,0.0,0.0,200.0,0.0,0.0,0.0,200.0,10.0,0.0,0.0,0.0,10.0,0.0,0.0,0.0,10.0
0.9811635272545425,0.36310010072409576,-0.3973346641807283,0.005,200.0,0.0,0.0,0.0,200.0,0.0,0.0,0.0,200.0,10.0,0.0,0.0,0.0,10.0,0.0,0.0,0.0,10.0
0.9821636939489915,0.3633681940205754,-0.39671407438035927,0.005,200.0,0.0,0.0,0.0,200.0,0.0,0.0,0.0,200.0,10.0,0.0,0.0,0.0,10.0,0.0,0.0,0.0,10.0
0.9831638606434406,0.36363628731705505,-0.39609348457999016,0.005,200.0,0.0,0.0,0.0,200.0,0.0,0.0,0.0,200.0,10.0,0.0,0.0,0.0,10.0,0.0,0.0,0.0,10.0
0.9841640273378897,0.3639600786154897,-0.39529065852126277,0.005,200.0,0.0,0.0,0.0,200.0,0.0,0.0,0.0,200.0,10.0,0.0,0.0,0.0,10.0,0.0,0.0,0.0,10.0
0.9851641940323388,0.3642910160726658,-0.3944644512067459,0.005,200.0,0.0,0.0,0.0,200.0,0.0,0.0,0.0,200.0,10.0,0.0,0.0,0.0,10.0,0.0,0.0,0.0,10.0
0.9861643607267878,0.3646219535298418,-0.39363824389222907,0.005,200.0,0.0,0.0,0.0,200.0,0.0,0.0,0.0,200.0,10.0,0.0,0.0,0.0,10.0,0.0,0.0,0.0,10.0
0.987164527421237,0.3649528909870179,-0.3928120365777122,0.005,200.0,0.0,0.0,0.0,200.0,0.0,0.0,0.0,200.0,10.0,0.0,0.0,0.0,10.0,0.0,0.0,0.0,10.0
0.988164694115686,0.36528382844419394,-0.39198582926319525,0.005,200.0,0.0,0.0,0.0,200.0,0.0,0.0,0.0,200.0,10.0,0.0,0.0,0.0,10.0,0.0,0.0,0.0,10.0
0.9891648608101351,0.36561476590137,-0.3911596219486785,0.005,200.0,0.0,0.0,0.0,200.0,0.0,0.0,0.0,200.0,10.0,0.0,0.0,0.0,10.0,0.0,0.0,0.0,10.0
0.9901650275045841,0.3659457033585461,-0.39033341463416155,0.005,200.0,0.0,0.0,0.0,200.0,0.0,0.0,0.0,200.0,10.0,0.0,0.0,0.0,10.0,0.0,0.0,0.0,10.0
0.9911651941990333,0.36627664081572214,-0.38950720731964467,0.005,200.0,0.0,0.0,0.0,200.0,0.0,0.0,0.0,200.0,10.0,0.0,0.0,0.0,10.0,0.0,0.0,0.0,10.0
0.9921653608934823,0.3666075782728982,-0.3886810000051279,0.005,200.0,0.0,0.0,0.0,200.0,0.0,0.0,0.0,200.0,10.0,0.0,0.0,0.0,10.0,0.0,0.0,0.0,10.0
0.9931655275879313,0.36693851573007424,-0.38785479269061096,0.005,200.0,0.0,0.0,0.0,200.0,0.0,0.0,0.0,200.0,10.0,0.0,0.0,0.0,10.0,0.0,0.0,0.0,10.0
0.9941656942823804,0.36726945318725035,-0.387028585376094,0.005,200.0,0.0,0.0,0.0,200.0,0.0,0.0,0.0,200.0,10.0,0.0,0.0,0.0,10.0,0.0,0.0,0.0,10.0
0.9951658609768295,0.3676003906444264,-0.38620237806157726,0.005,200.0,0.0,0.0,0.0,200.0,0.0,0.0,0.0,200.0,10.0,0.0,0.0,0.0,10.0,0.0,0.0,0.0,10.0
0.9961660276712786,0.36793132810160245,-0.3853761707470603,0.005,200.0,0.0,0.0,0.0,200.0,0.0,0.0,0.0,200.0,10.0,0.0,0.0,0.0,10.0,0.0,0.0,0.0,10.0
0.9971661943657276,0.36826226555877856,-0.38454996343254344,0.005,200.0,0.0,0.0,0.0,200.0,0.0,0.0,0.0,200.0,10.0,0.0,0.0,0.0,10.0,0.0,0.0,0.0,10.0
0.9981663610601768,0.3685932030159546,-0.38372375611802667,0.005,200.0,0.0,0.0,0.0,200.0,0.0,0.0,0.0,200.0,10.0,0.0,0.0,0.0,10.0,0.0,0.0,0.0,10.0
0.9991665277546258,0.36892414047313066,-0.38289754880350974,0.005,200.0,0.0,0.0,0.0,200.0,0.0,0.0,0.0,200.0,10.0,0.0,0.0,0.0,10.0,0.0,0.0,0.0,10.0
1.0001666944490748,0.36925507793030676,-0.3820713414889928,0.005,200.0,0.0,0.0,0.0,200.0,0.0,0.0,0.0,200.0,10.0,0.0,0.0,0.0,10.0,0.0,0.0,0.0,10.0
1.001166861143524,0.36958601538748276,-0.38124513417447603,0.005,200.0,0.0,0.0,0.0,200.0,0.0,0.0,0.0,200.0,10.0,0.0,0.0,0.0,10.0,0.0,0.0,0.0,10.0
1.002167027837973,0.36991695284465886,-0.38041892685995915,0.005,200.0,0.0,0.0,0.0,200.0,0.0,0.0,0.0,200.0,10.0,0.0,0.0,0.0,10.0,0.0,0.0,0.0,10.0
1.003167194532422,0.3702478903018349,-0.3795927195454423,0.005,200.0,0.0,0.0,0.0,200.0,0.0,0.0,0.0,200.0,10.0,0.0,0.0,0.0,10.0,0.0,0.0,0.0,10.0
1.0041673612268711,0.3704754186384001,-0.37884193650880127,0.005,200.0,0.0,0.0,0.0,200.0,0.0,0.0,0.0,200.0,10.0,0.0,0.0,0.0,10.0,0.0,0.0,0.0,10.0
1.0051675279213204,0.3706806677741833,-0.3781074034182066,0.005,200.0,0.0,0.0,0.0,200.0,0.0,0.0,0.0,200.0,10.0,0.0,0.0,0.0,10.0,0.0,0.0,0.0,10.0
1.0061676946157694,0.3708859169099664,-0.3773728703276121,0.005,200.0,0.0,0.0,0.0,200.0,0.0,0.0,0.0,200.0,10.0,0.0,0.0,0.0,10.0,0.0,0.0,0.0,10.0
1.0071678613102184,0.3710911660457496,-0.37663833723701745,0.005,200.0,0.0,0.0,0.0,200.0,0.0,0.0,0.0,200.0,10.0,0.0,0.0,0.0,10.0,0.0,0.0,0.0,10.0
1.0081680280046674,0.3712964151815328,-0.37590380414642277,0.005,200.0,0.0,0.0,0.0,200.0,0.0,0.0,0.0,200.0,10.0,0.0,0.0,0.0,10.0,0.0,0.0,0.0,10.0
1.0091681946991164,0.3715016643173159,-0.37516927105582826,0.005,200.0,0.0,0.0,0.0,200.0,0.0,0.0,0.0,200.0,10.0,0.0,0.0,0.0,10.0,0.0,0.0,0.0,10.0
1.0101683613935657,0.3717069134530991,-0.3744347379652336,0.005,200.0,0.0,0.0,0.0,200.0,0.0,0.0,0.0,200.0,10.0,0.0,0.0,0.0,10.0,0.0,0.0,0.0,10.0
1.0111685280880147,0.37191216258888227,-0.37370020487463895,0.005,200.0,0.0,0.0,0.0,200.0,0.0,0.0,0.0,200.0,10.0,0.0,0.0,0.0,10.0,0.0,0.0,0.0,10.0
1.0121686947824637,0.3721174117246654,-0.3729656717840444,0.005,200.0,0.0,0.0,0.0,200.0,0.0,0.0,0.0,200.0,10.0,0.0,0.0,0.0,10.0,0.0,0.0,0.0,10.0
1.0131688614769128,0.3723226608604486,-0.37223113869344976,0.005,200.0,0.0,0.0,0.0,200.0,0.0,0.0,0.0,200.0,10.0,0.0,0.0,0.0,10.0,0.0,0.0,0.0,10.0
1.014169028171362,0.37252790999623175,-0.3714966056028551,0.005,200.0,0.0,0.0,0.0,200.0,0.0,0.0,0.0,200.0,10.0,0.0,0.0,0.0,10.0,0.0,0.0,0.0,10.0
1.015169194865811,0.3727331591320149,-0.37076207251226057,0.005,200.0,0.0,0.0,0.0,200.0,0.0,0.0,0.0,200.0,10.0,0.0,0.0,0.0,10.0,0.0,0.0,0.0,10.0
1.01616936156026,0.37293840826779806,-0.3700275394216659,0.005,200.0,0.0,0.0,0.0,200.0,0.0,0.0,0.0,200.0,10.0,0.0,0.0,0.0,10.0,0.0,0.0,0.0,10.0
1.017169528254709,0.37314365740358124,-0.36929300633107137,0.005,200.0,0.0,0.0,0.0,200.0,0.0,0.0,0.0,200.0,10.0,0.0,0.0,0.0,10.0,0.0,0.0,0.0,10.0
1.0181696949491583,0.3733489065393644,-0.36855847324047675,0.005,200.0,0.0,0.0,0.0,200.0,0.0,0.0,0.0,200.0,10.0,0.0,0.0,0.0,10.0,0.0,0.0,0.0,10.0
1.0191698616436073,0.3735541556751476,-0.36782394014988207,0.005,200.0,0.0,0.0,0.0,200.0,0.0,0.0,0.0,200.0,10.0,0.0,0.0,0.0,10.0,0.0,0.0,0.0,10.0
1.0201700283380564,0.37375940481093073,-0.36708940705928755,0.005,200.0,0.0,0.0,0.0,200.0,0.0,0.0,0.0,200.0,10.0,0.0,0.0,0.0,10.0,0.0,0.0,0.0,10.0
1.0211701950325054,0.3739646539467139,-0.3663548739686929,0.005,200.0,0.0,0.0,0.0,200.0,0.0,0.0,0.0,200.0,10.0,0.0,0.0,0.0,10.0,0.0,0.0,0.0,10.0
1.0221703617269546,0.3741699030824971,-0.36562034087809825,0.005,200.0,0.0,0.0,0.0,200.0,0.0,0.0,0.0,200.0,10.0,0.0,0.0,0.0,10.0,0.0,0.0,0.0,10.0
1.0231705284214037,0.3743751522182802,-0.3648858077875037,0.005,200.0,0.0,0.0,0.0,200.0,0.0,0.0,0.0,200.0,10.0,0.0,0.0,0.0,10.0,0.0,0.0,0.0,10.0
1.0241706951158527,0.37462811134501006,-0.36419470615934624,0.005,200.0,0.0,0.0,0.0,200.0,0.0,0.0,0.0,200.0,10.0,0.0,0.0,0.0,10.0,0.0,0.0,0.0,10.0
1.0251708618103017,0.37489620315609307,-0.3635173801492305,0.005,200.0,0.0,0.0,0.0,200.0,0.0,0.0,0.0,200.0,10.0,0.0,0.0,0.0,10.0,0.0,0.0,0.0,10.0
1.0261710285047507,0.375164294967176,-0.3628400541391149,0.005,200.0,0.0,0.0,0.0,200.0,0.0,0.0,0.0,200.0,10.0,0.0,0.0,0.0,10.0,0.0,0.0,0.0,10.0
1.0271711951992,0.375432386778259,-0.36216272812899913,0.005,200.0,0.0,0.0,0.0,200.0,0.0,0.0,0.0,200.0,10.0,0.0,0.0,0.0,10.0,0.0,0.0,0.0,10.0
1.028171361893649,0.375700478589342,-0.3614854021188834,0.005,200.0,0.0,0.0,0.0,200.0,0.0,0.0,0.0,200.0,10.0,0.0,0.0,0.0,10.0,0.0,0.0,0.0,10.0
1.029171528588098,0.375968570400425,-0.3608080761087678,0.005,200.0,0.0,0.0,0.0,200.0,0.0,0.0,0.0,200.0,10.0,0.0,0.0,0.0,10.0,0.0,0.0,0.0,10.0
1.030171695282547,0.376236662211508,-0.3601307500986521,0.005,200.0,0.0,0.0,0.0,200.0,0.0,0.0,0.0,200.0,10.0,0.0,0.0,0.0,10.0,0.0,0.0,0.0,10.0
1.0311718619769963,0.376504754022591,-0.35945342408853637,0.005,200.0,0.0,0.0,0.0,200.0,0.0,0.0,0.0,200.0,10.0,0.0,0.0,0.0,10.0,0.0,0.0,0.0,10.0
1.0321720286714453,0.37677284583367393,-0.35877609807842076,0.005,200.0,0.0,0.0,0.0,200.0,0.0,0.0,0.0,200.0,10.0,0.0,0.0,0.0,10.0,0.0,0.0,0.0,10.0
1.0331721953658943,0.37704093764475693,-0.35809877206830504,0.005,200.0,0.0,0.0,0.0,200.0,0.0,0.0,0.0,200.0,10.0,0.0,0.0,0.0,10.0,0.0,0.0,0.0,10.0
1.0341723620603434,0.3773090294558399,-0.35742144605818943,0.005,200.0,0.0,0.0,0.0,200.0,0.0,0.0,0.0,200.0,10.0,0.0,0.0,0.0,10.0,0.0,0.0,0.0,10.0
1.0351725287547926,0.3775771212669229,-0.3567441200480737,0.005,200.0,0.0,0.0,0.0,200.0,0.0,0.0,0.0,200.0,10.0,0.0,0.0,0.0,10.0,0.0,0.0,0.0,10.0
1.0361726954492416,0.3778452130780059,-0.356066794037958,0.005,200.0,0.0,0.0,0.0,200.0,0.0,0.0,0.0,200.0,10.0,0.0,0.0,0.0,10.0,0.0,0.0,0.0,10.0
1.0371728621436906,0.37811330488908884,-0.3553894680278424,0.005,200.0,0.0,0.0,0.0,200.0,0.0,0.0,0.0,200.0,10.0,0.0,0.0,0.0,10.0,0.0,0.0,0.0,10.0
1.0381730288381397,0.37838139670017185,-0.35471214201772666,0.005,200.0,0.0,0.0,0.0,200.0,0.0,0.0,0.0,200.0,10.0,0.0,0.0,0.0,10.0,0.0,0.0,0.0,10.0
1.039173195532589,0.37864948851125485,-0.3540348160076109,0.005,200.0,0.0,0.0,0.0,200.0,0.0,0.0,0.0,200.0,10.0,0.0,0.0,0.0,10.0,0.0,0.0,0.0,10.0
1.040173362227038,0.3789175803223378,-0.3533574899974953,0.005,200.0,0.0,0.0,0.0,200.0,0.0,0.0,0.0,200.0,10.0,0.0,0.0,0.0,10.0,0.0,0.0,0.0,10.0
1.041173528921487,0.3791856721334208,-0.35268016398737956,0.005,200.0,0.0,0.0,0.0,200.0,0.0,0.0,0.0,200.0,10.0,0.0,0.0,0.0,10.0,0.0,0.0,0.0,10.0
1.042173695615936,0.3794537639445038,-0.35200283797726384,0.005,200.0,0.0,0.0,0.0,200.0,0.0,0.0,0.0,200.0,10.0,0.0,0.0,0.0,10.0,0.0,0.0,0.0,10.0
1.043173862310385,0.37972185575558676,-0.35132551196714823,0.005,200.0,0.0,0.0,0.0,200.0,0.0,0.0,0.0,200.0,10.0,0.0,0.0,0.0,10.0,0.0,0.0,0.0,10.0
1.0441740290048342,0.3799435949252037,-0.35058734721095386,0.005,200.0,0.0,0.0,0.0,200.0,0.0,0.0,0.0,200.0,10.0,0.0,0.0,0.0,10.0,0.0,0.0,0.0,10.0
1.0451741956992833,0.38014505481417926,-0.34982256550335006,0.005,200.0,0.0,0.0,0.0,200.0,0.0,0.0,0.0,200.0,10.0,0.0,0.0,0.0,10.0,0.0,0.0,0.0,10.0
1.0461743623937323,0.3803465147031548,-0.3490577837957464,0.005,200.0,0.0,0.0,0.0,200.0,0.0,0.0,0.0,200.0,10.0,0.0,0.0,0.0,10.0,0.0,0.0,0.0,10.0
1.0471745290881813,0.38054797459213036,-0.3482930020881426,0.005,200.0,0.0,0.0,0.0,200.0,0.0,0.0,0.0,200.0,10.0,0.0,0.0,0.0,10.0,0.0,0.0,0.0,10.0
1.0481746957826306,0.3807494344811059,-0.34752822038053893,0.005,200.0,0.0,0.0,0.0,200.0,0.0,0.0,0.0,200.0,10.0,0.0,0.0,0.0,10.0,0.0,0.0,0.0,10.0
1.0491748624770796,0.38095089437008145,-0.3467634386729352,0.005,200.0,0.0,0.0,0.0,200.0,0.0,0.0,0.0,200.0,10.0,0.0,0.0,0.0,10.0,0.0,0.0,0.0,10.0
1.0501750291715286,0.38115235425905697,-0.3459986569653314,0.005,200.0,0.0,0.0,0.0,200.0,0.0,0.0,0.0,200.0,10.0,0.0,0.0,0.0,10.0,0.0,0.0,0.0,10.0
1.0511751958659776,0.3813538141480325,-0.3452338752577277,0.005,200.0,0.0,0.0,0.0,200.0,0.0,0.0,0.0,200.0,10.0,0.0,0.0,0.0,10.0,0.0,0.0,0.0,10.0
1.0521753625604269,0.38155527403700806,-0.3444690935501239,0.005,200.0,0.0,0.0,0.0,200.0,0.0,0.0,0.0,200.0,10.0,0.0,0.0,0.0,10.0,0.0,0.0,0.0,10.0
1.053175529254876,0.38175673392598364,-0.34370431184252015,0.005,200.0,0.0,0.0,0.0,200.0,0.0,0.0,0.0,200.0,10.0,0.0,0.0,0.0,10.0,0.0,0.0,0.0,10.0
1.054175695949325,0.38195819381495916,-0.34293953013491646,0.005,200.0,0.0,0.0,0.0,200.0,0.0,0.0,0.0,200.0,10.0,0.0,0.0,0.0,10.0,0.0,0.0,0.0,10.0
1.055175862643774,0.38215965370393473,-0.34217474842731266,0.005,200.0,0.0,0.0,0.0,200.0,0.0,0.0,0.0,200.0,10.0,0.0,0.0,0.0,10.0,0.0,0.0,0.0,10.0
1.0561760293382232,0.38236111359291025,-0.34140996671970886,0.005,200.0,0.0,0.0,0.0,200.0,0.0,0.0,0.0,200.0,10.0,0.0,0.0,0.0,10.0,0.0,0.0,0.0,10.0
1.0571761960326722,0.3825625734818858,-0.3406451850121052,0.005,200.0,0.0,0.0,0.0,200.0,0.0,0.0,0.0,200.0,10.0,0.0,0.0,0.0,10.0,0.0,0.0,0.0,10.0
1.0581763627271212,0.38276403337086135,-0.3398804033045014,0.005,200.0,0.0,0.0,0.0,200.0,0.0,0.0,0.0,200.0,10.0,0.0,0.0,0.0,10.0,0.0,0.0,0.0,10.0
1.0591765294215703,0.3829654932598369,-0.3391156215968976,0.005,200.0,0.0,0.0,0.0,200.0,0.0,0.0,0.0,200.0,10.0,0.0,0.0,0.0,10.0,0.0,0.0,0.0,10.0
1.0601766961160193,0.38316695314881244,-0.338350839889294,0.005,200.0,0.0,0.0,0.0,200.0,0.0,0.0,0.0,200.0,10.0,0.0,0.0,0.0,10.0,0.0,0.0,0.0,10.0
1.0611768628104685,0.383368413037788,-0.3375860581816902,0.005,200.0,0.0,0.0,0.0,200.0,0.0,0.0,0.0,200.0,10.0,0.0,0.0,0.0,10.0,0.0,0.0,0.0,10.0
1.0621770295049175,0.3835698729267636,-0.3368212764740864,0.005,200.0,0.0,0.0,0.0,200.0,0.0,0.0,0.0,200.0,10.0,0.0,0.0,0.0,10.0,0.0,0.0,0.0,10.0
1.0631771961993666,0.3837713328157391,-0.3360564947664827,0.005,200.0,0.0,0.0,0.0,200.0,0.0,0.0,0.0,200.0,10.0,0.0,0.0,0.0,10.0,0.0,0.0,0.0,10.0
1.0641773628938156,0.38399716262361133,-0.3353591460469445,0.005,200.0,0.0,0.0,0.0,200.0,0.0,0.0,0.0,200.0,10.0,0.0,0.0,0.0,10.0,0.0,0.0,0.0,10.0
1.0651775295882648,0.38423717598216417,-0.3347010440400371,0.005,200.0,0.0,0.0,0.0,200.0,0.0,0.0,0.0,200.0,10.0,0.0,0.0,0.0,10.0,0.0,0.0,0.0,10.0
1.0661776962827139,0.384477189340717,-0.33404294203312956,0.005,200.0,0.0,0.0,0.0,200.0,0.0,0.0,0.0,200.0,10.0,0.0,0.0,0.0,10.0,0.0,0.0,0.0,10.0
1.0671778629771629,0.3847172026992699,-0.3333848400262221,0.005,200.0,0.0,0.0,0.0,200.0,0.0,0.0,0.0,200.0,10.0,0.0,0.0,0.0,10.0,0.0,0.0,0.0,10.0
1.068178029671612,0.3849572160578227,-0.3327267380193147,0.005,200.0,0.0,0.0,0.0,200.0,0.0,0.0,0.0,200.0,10.0,0.0,0.0,0.0,10.0,0.0,0.0,0.0,10.0
1.0691781963660612,0.3851972294163756,-0.33206863601240716,0.005,200.0,0.0,0.0,0.0,200.0,0.0,0.0,0.0,200.0,10.0,0.0,0.0,0.0,10.0,0.0,0.0,0.0,10.0
1.0701783630605102,0.3854372427749284,-0.3314105340054997,0.005,200.0,0.0,0.0,0.0,200.0,0.0,0.0,0.0,200.0,10.0,0.0,0.0,0.0,10.0,0.0,0.0,0.0,10.0
1.0711785297549592,0.38567725613348125,-0.3307524319985923,0.005,200.0,0.0,0.0,0.0,200.0,0.0,0.0,0.0,200.0,10.0,0.0,0.0,0.0,10.0,0.0,0.0,0.0,10.0
1.0721786964494082,0.3859172694920341,-0.3300943299916848,0.005,200.0,0.0,0.0,0.0,200.0,0.0,0.0,0.0,200.0,10.0,0.0,0.0,0.0,10.0,0.0,0.0,0.0,10.0
1.0731788631438572,0.386157282850587,-0.3294362279847773,0.005,200.0,0.0,0.0,0.0,200.0,0.0,0.0,0.0,200.0,10.0,0.0,0.0,0.0,10.0,0.0,0.0,0.0,10.0
1.0741790298383065,0.38639729620913976,-0.3287781259778699,0.005,200.0,0.0,0.0,0.0,200.0,0.0,0.0,0.0,200.0,10.0,0.0,0.0,0.0,10.0,0.0,0.0,0.0,10.0
1.0751791965327555,0.38663730956769266,-0.3281200239709624,0.005,200.0,0.0,0.0,0.0,200.0,0.0,0.0,0.0,200.0,10.0,0.0,0.0,0.0,10.0,0.0,0.0,0.0,10.0
1.0761793632272045,0.3868773229262455,-0.3274619219640549,0.005,200.0,0.0,0.0,0.0,200.0,0.0,0.0,0.0,200.0,10.0,0.0,0.0,0.0,10.0,0.0,0.0,0.0,10.0
1.0771795299216536,0.38711733628479833,-0.3268038199571475,0.005,200.0,0.0,0.0,0.0,200.0,0.0,0.0,0.0,200.0,10.0,0.0,0.0,0.0,10.0,0.0,0.0,0.0,10.0
1.0781796966161028,0.38735734964335117,-0.32614571795024,0.005,200.0,0.0,0.0,0.0,200.0,0.0,0.0,0.0,200.0,10.0,0.0,0.0,0.0,10.0,0.0,0.0,0.0,10.0
1.0791798633105518,0.38759736300190406,-0.3254876159433325,0.005,200.0,0.0,0.0,0.0,200.0,0.0,0.0,0.0,200.0,10.0,0.0,0.0,0.0,10.0,0.0,0.0,0.0,10.0
1.0801800300050008,0.3878373763604569,-0.3248295139364251,0.005,200.0,0.0,0.0,0.0,200.0,0.0,0.0,0.0,200.0,10.0,0.0,0.0,0.0,10.0,0.0,0.0,0.0,10.0
1.0811801966994499,0.38807738971900974,-0.3241714119295176,0.005,200.0,0.0,0.0,0.0,200.0,0.0,0.0,0.0,200.0,10.0,0.0,0.0,0.0,10.0,0.0,0.0,0.0,10.0
1.0821803633938991,0.3883174030775626,-0.32351330992261024,0.005,200.0,0.0,0.0,0.0,200.0,0.0,0.0,0.0,200.0,10.0,0.0,0.0,0.0,10.0,0.0,0.0,0.0,10.0
1.0831805300883481,0.3885574164361154,-0.3228552079157027,0.005,200.0,0.0,0.0,0.0,200.0,0.0,0.0,0.0,200.0,10.0,0.0,0.0,0.0,10.0,0.0,0.0,0.0,10.0
1.0841806967827972,0.38879147409935716,-0.3222274983658514,0.005,200.0,0.0,0.0,0.0,200.0,0.0,0.0,0.0,200.0,10.0,0.0,0.0,0.0,10.0,0.0,0.0,0.0,10.0
1.0851808634772462,0.38902101244086285,-0.32162285132753116,0.005,200.0,0.0,0.0,0.0,200.0,0.0,0.0,0.0,200.0,10.0,0.0,0.0,0.0,10.0,0.0,0.0,0.0,10.0
1.0861810301716954,0.38925055078236853,-0.32101820428921074,0.005,200.0,0.0,0.0,0.0,200.0,0.0,0.0,0.0,200.0,10.0,0.0,0.0,0.0,10.0,0.0,0.0,0.0,10.0
1.0871811968661445,0.3894800891238742,-0.3204135572508903,0.005,200.0,0.0,0.0,0.0,200.0,0.0,0.0,0.0,200.0,10.0,0.0,0.0,0.0,10.0,0.0,0.0,0.0,10.0
1.0881813635605935,0.3897096274653799,-0.3198089102125701,0.005,200.0,0.0,0.0,0.0,200.0,0.0,0.0,0.0,200.0,10.0,0.0,0.0,0.0,10.0,0.0,0.0,0.0,10.0
1.0891815302550425,0.3899391658068856,-0.31920426317424966,0.005,200.0,0.0,0.0,0.0,200.0,0.0,0.0,0.0,200.0,10.0,0.0,0.0,0.0,10.0,0.0,0.0,0.0,10.0
1.0901816969494915,0.3901687041483913,-0.31859961613592924,0.005,200.0,0.0,0.0,0.0,200.0,0.0,0.0,0.0,200.0,10.0,0.0,0.0,0.0,10.0,0.0,0.0,0.0,10.0
1.0911818636439408,0.39039824248989696,-0.31799496909760894,0.005,200.0,0.0,0.0,0.0,200.0,0.0,0.0,0.0,200.0,10.0,0.0,0.0,0.0,10.0,0.0,0.0,0.0,10.0
1.0921820303383898,0.39062778083140265,-0.3173903220592886,0.005,200.0,0.0,0.0,0.0,200.0,0.0,0.0,0.0,200.0,10.0,0.0,0.0,0.0,10.0,0.0,0.0,0.0,10.0
1.0931821970328388,0.39085731917290834,-0.31678567502096816,0.005,200.0,0.0,0.0,0.0,200.0,0.0,0.0,0.0,200.0,10.0,0.0,0.0,0.0,10.0,0.0,0.0,0.0,10.0
1.0941823637272878,0.391086857514414,-0.31618102798264786,0.005,200.0,0.0,0.0,0.0,200.0,0.0,0.0,0.0,200.0,10.0,0.0,0.0,0.0,10.0,0.0,0.0,0.0,10.0
1.095182530421737,0.3913163958559197,-0.3155763809443275,0.005,200.0,0.0,0.0,0.0,200.0,0.0,0.0,0.0,200.0,10.0,0.0,0.0,0.0,10.0,0.0,0.0,0.0,10.0
1.096182697116186,0.39154593419742534,-0.3149717339060072,0.005,200.0,0.0,0.0,0.0,200.0,0.0,0.0,0.0,200.0,10.0,0.0,0.0,0.0,10.0,0.0,0.0,0.0,10.0
1.0971828638106351,0.3917754725389311,-0.3143670868676868,0.005,200.0,0.0,0.0,0.0,200.0,0.0,0.0,0.0,200.0,10.0,0.0,0.0,0.0,10.0,0.0,0.0,0.0,10.0
1.0981830305050841,0.39200501088043677,-0.3137624398293664,0.005,200.0,0.0,0.0,0.0,200.0,0.0,0.0,0.0,200.0,10.0,0.0,0.0,0.0,10.0,0.0,0.0,0.0,10.0
1.0991831971995334,0.3922345492219424,-0.3131577927910461,0.005,200.0,0.0,0.0,0.0,200.0,0.0,0.0,0.0,200.0,10.0,0.0,0.0,0.0,10.0,0.0,0.0,0.0,10.0
1.1001833638939824,0.3924640875634481,-0.3125531457527257,0.005,200.0,0.0,0.0,0.0,200.0,0.0,0.0,0.0,200.0,10.0,0.0,0.0,0.0,10.0,0.0,0.0,0.0,10.0
1.1011835305884314,0.3926936259049538,-0.31194849871440533,0.005,200.0,0.0,0.0,0.0,200.0,0.0,0.0,0.0,200.0,10.0,0.0,0.0,0.0,10.0,0.0,0.0,0.0,10.0
1.1021836972828805,0.39292316424645946,-0.311343851676085,0.005,200.0,0.0,0.0,0.0,200.0,0.0,0.0,0.0,200.0,10.0,0.0,0.0,0.0,10.0,0.0,0.0,0.0,10.0
1.1031838639773297,0.39315270258796514,-0.3107392046377646,0.005,200.0,0.0,0.0,0.0,200.0,0.0,0.0,0.0,200.0,10.0,0.0,0.0,0.0,10.0,0.0,0.0,0.0,10.0
1.1041840306717787,0.39337154978969774,-0.31019411276908565,0.005,200.0,0.0,0.0,0.0,200.0,0.0,0.0,0.0,200.0,10.0,0.0,0.0,0.0,10.0,0.0,0.0,0.0,10.0
1.1051841973662277,0.39357991825840755,-0.3097073928547573,0.005,200.0,0.0,0.0,0.0,200.0,0.0,0.0,0.0,200.0,10.0,0.0,0.0,0.0,10.0,0.0,0.0,0.0,10.0
1.1061843640606768,0.3937882867271174,-0.3092206729404289,0.005,200.0,0.0,0.0,0.0,200.0,0.0,0.0,0.0,200.0,10.0,0.0,0.0,0.0,10.0,0.0,0.0,0.0,10.0
1.1071845307551258,0.3939966551958273,-0.30873395302610046,0.005,200.0,0.0,0.0,0.0,200.0,0.0,0.0,0.0,200.0,10.0,0.0,0.0,0.0,10.0,0.0,0.0,0.0,10.0
1.108184697449575,0.39420502366453714,-0.3082472331117721,0.005,200.0,0.0,0.0,0.0,200.0,0.0,0.0,0.0,200.0,10.0,0.0,0.0,0.0,10.0,0.0,0.0,0.0,10.0
1.109184864144024,0.394413392133247,-0.3077605131974437,0.005,200.0,0.0,0.0,0.0,200.0,0.0,0.0,0.0,200.0,10.0,0.0,0.0,0.0,10.0,0.0,0.0,0.0,10.0
1.110185030838473,0.39462176060195686,-0.30727379328311527,0.005,200.0,0.0,0.0,0.0,200.0,0.0,0.0,0.0,200.0,10.0,0.0,0.0,0.0,10.0,0.0,0.0,0.0,10.0
1.111185197532922,0.3948301290706667,-0.3067870733687869,0.005,200.0,0.0,0.0,0.0,200.0,0.0,0.0,0.0,200.0,10.0,0.0,0.0,0.0,10.0,0.0,0.0,0.0,10.0
1.1121853642273714,0.3950384975393766,-0.3063003534544585,0.005,200.0,0.0,0.0,0.0,200.0,0.0,0.0,0.0,200.0,10.0,0.0,0.0,0.0,10.0,0.0,0.0,0.0,10.0
1.1131855309218204,0.3952468660080864,-0.30581363354013014,0.005,200.0,0.0,0.0,0.0,200.0,0.0,0.0,0.0,200.0,10.0,0.0,0.0,0.0,10.0,0.0,0.0,0.0,10.0
1.1141856976162694,0.39545523447679626,-0.3053269136258017,0.005,200.0,0.0,0.0,0.0,200.0,0.0,0.0,0.0,200.0,10.0,0.0,0.0,0.0,10.0,0.0,0.0,0.0,10.0
1.1151858643107184,0.3956636029455061,-0.3048401937114733,0.005,200.0,0.0,0.0,0.0,200.0,0.0,0.0,0.0,200.0,10.0,0.0,0.0,0.0,10.0,0.0,0.0,0.0,10.0
1.1161860310051677,0.395871971414216,-0.30435347379714495,0.005,200.0,0.0,0.0,0.0,200.0,0.0,0.0,0.0,200.0,10.0,0.0,0.0,0.0,10.0,0.0,0.0,0.0,10.0
1.1171861976996167,0.39608033988292585,-0.30386675388281653,0.005,200.0,0.0,0.0,0.0,200.0,0.0,0.0,0.0,200.0,10.0,0.0,0.0,0.0,10.0,0.0,0.0,0.0,10.0
1.1181863643940657,0.3962887083516357,-0.3033800339684881,0.005,200.0,0.0,0.0,0.0,200.0,0.0,0.0,0.0,200.0,10.0,0.0,0.0,0.0,10.0,0.0,0.0,0.0,10.0
1.1191865310885147,0.3964970768203456,-0.30289331405415976,0.005,200.0,0.0,0.0,0.0,200.0,0.0,0.0,0.0,200.0,10.0,0.0,0.0,0.0,10.0,0.0,0.0,0.0,10.0
1.1201866977829638,0.39670544528905544,-0.30240659413983134,0.005,200.0,0.0,0.0,0.0,200.0,0.0,0.0,0.0,200.0,10.0,0.0,0.0,0.0,10.0,0.0,0.0,0.0,10.0
1.121186864477413,0.3969138137577653,-0.30191987422550287,0.005,200.0,0.0,0.0,0.0,200.0,0.0,0.0,0.0,200.0,10.0,0.0,0.0,0.0,10.0,0.0,0.0,0.0,10.0
1.122187031171862,0.3971221822264751,-0.30143315431117457,0.005,200.0,0.0,0.0,0.0,200.0,0.0,0.0,0.0,200.0,10.0,0.0,0.0,0.0,10.0,0.0,0.0,0.0,10.0
1.123187197866311,0.397330550695185,-0.3009464343968461,0.005,200.0,0.0,0.0,0.0,200.0,0.0,0.0,0.0,200.0,10.0,0.0,0.0,0.0,10.0,0.0,0.0,0.0,10.0
1.12418736456076,0.3976047378338304,-0.30043953083359926,0.005,200.0,0.0,0.0,0.0,200.0,0.0,0.0,0.0,200.0,10.0,0.0,0.0,0.0,10.0,0.0,0.0,0.0,10.0
1.1251875312552093,0.3979621955624698,-0.299907091896342,0.005,200.0,0.0,0.0,0.0,200.0,0.0,0.0,0.0,200.0,10.0,0.0,0.0,0.0,10.0,0.0,0.0,0.0,10.0
1.1261876979496583,0.39831965329110935,-0.29937465295908466,0.005,200.0,0.0,0.0,0.0,200.0,0.0,0.0,0.0,200.0,10.0,0.0,0.0,0.0,10.0,0.0,0.0,0.0,10.0
1.1271878646441074,0.3986771110197488,-0.2988422140218274,0.005,200.0,0.0,0.0,0.0,200.0,0.0,0.0,0.0,200.0,10.0,0.0,0.0,0.0,10.0,0.0,0.0,0.0,10.0
1.1281880313385564,0.3990345687483883,-0.2983097750845701,0.005,200.0,0.0,0.0,0.0,200.0,0.0,0.0,0.0,200.0,10.0,0.0,0.0,0.0,10.0,0.0,0.0,0.0,10.0
1.1291881980330056,0.3993920264770278,-0.2977773361473127,0.005,200.0,0.0,0.0,0.0,200.0,0.0,0.0,0.0,200.0,10.0,0.0,0.0,0.0,10.0,0.0,0.0,0.0,10.0
1.1301883647274547,0.39974948420566725,-0.2972448972100555,0.005,200.0,0.0,0.0,0.0,200.0,0.0,0.0,0.0,200.0,10.0,0.0,0.0,0.0,10.0,0.0,0.0,0.0,10.0
1.1311885314219037,0.40010694193430674,-0.2967124582727982,0.005,200.0,0.0,0.0,0.0,200.0,0.0,0.0,0.0,200.0,10.0,0.0,0.0,0.0,10.0,0.0,0.0,0.0,10.0
1.1321886981163527,0.4004643996629463,-0.29618001933554083,0.005,200.0,0.0,0.0,0.0,200.0,0.0,0.0,0.0,200.0,10.0,0.0,0.0,0.0,10.0,0.0,0.0,0.0,10.0
1.133188864810802,0.4008218573915857,-0.2956475803982836,0.005,200.0,0.0,0.0,0.0,200.0,0.0,0.0,0.0,200.0,10.0,0.0,0.0,0.0,10.0,0.0,0.0,0.0,10.0
1.134189031505251,0.4011793151202252,-0.29511514146102624,0.005,200.0,0.0,0.0,0.0,200.0,0.0,0.0,0.0,200.0,10.0,0.0,0.0,0.0,10.0,0.0,0.0,0.0,10.0
1.1351891981997,0.40153677284886474,-0.29458270252376895,0.005,200.0,0.0,0.0,0.0,200.0,0.0,0.0,0.0,200.0,10.0,0.0,0.0,0.0,10.0,0.0,0.0,0.0,10.0
1.136189364894149,0.4018942305775042,-0.29405026358651165,0.005,200.0,0.0,0.0,0.0,200.0,0.0,0.0,0.0,200.0,10.0,0.0,0.0,0.0,10.0,0.0,0.0,0.0,10.0
1.137189531588598,0.40225168830614366,-0.29351782464925436,0.005,200.0,0.0,0.0,0.0,200.0,0.0,0.0,0.0,200.0,10.0,0.0,0.0,0.0,10.0,0.0,0.0,0.0,10.0
1.1381896982830473,0.4026091460347832,-0.292985385711997,0.005,200.0,0.0,0.0,0.0,200.0,0.0,0.0,0.0,200.0,10.0,0.0,0.0,0.0,10.0,0.0,0.0,0.0,10.0
1.1391898649774963,0.40296660376342264,-0.29245294677473976,0.005,200.0,0.0,0.0,0.0,200.0,0.0,0.0,0.0,200.0,10.0,0.0,0.0,0.0,10.0,0.0,0.0,0.0,10.0
1.1401900316719453,0.4033240614920621,-0.2919205078374824,0.005,200.0,0.0,0.0,0.0,200.0,0.0,0.0,0.0,200.0,10.0,0.0,0.0,0.0,10.0,0.0,0.0,0.0,10.0
1.1411901983663943,0.40368151922070167,-0.2913880689002251,0.005,200.0,0.0,0.0,0.0,200.0,0.0,0.0,0.0,200.0,10.0,0.0,0.0,0.0,10.0,0.0,0.0,0.0,10.0
1.1421903650608436,0.4040389769493411,-0.2908556299629679,0.005,200.0,0.0,0.0,0.0,200.0,0.0,0.0,0.0,200.0,10.0,0.0,0.0,0.0,10.0,0.0,0.0,0.0,10.0
1.1431905317552926,0.4043964346779806,-0.2903231910257105,0.005,200.0,0.0,0.0,0.0,200.0,0.0,0.0,0.0,200.0,10.0,0.0,0.0,0.0,10.0,0.0,0.0,0.0,10.0
1.1441906984497416,0.4047340996008274,-0.289764083053772,0.005,200.0,0.0,0.0,0.0,200.0,0.0,0.0,0.0,200.0,10.0,0.0,0.0,0.0,10.0,0.0,0.0,0.0,10.0
1.1451908651441907,0.40503918521502436,-0.2891610773787297,0.005,200.0,0.0,0.0,0.0,200.0,0.0,0.0,0.0,200.0,10.0,0.0,0.0,0.0,10.0,0.0,0.0,0.0,10.0
1.14619103183864,0.4053442708292213,-0.2885580717036874,0.005,200.0,0.0,0.0,0.0,200.0,0.0,0.0,0.0,200.0,10.0,0.0,0.0,0.0,10.0,0.0,0.0,0.0,10.0
1.147191198533089,0.4056493564434182,-0.28795506602864523,0.005,200.0,0.0,0.0,0.0,200.0,0.0,0.0,0.0,200.0,10.0,0.0,0.0,0.0,10.0,0.0,0.0,0.0,10.0
1.148191365227538,0.4059544420576151,-0.28735206035360294,0.005,200.0,0.0,0.0,0.0,200.0,0.0,0.0,0.0,200.0,10.0,0.0,0.0,0.0,10.0,0.0,0.0,0.0,10.0
1.149191531921987,0.40625952767181206,-0.2867490546785606,0.005,200.0,0.0,0.0,0.0,200.0,0.0,0.0,0.0,200.0,10.0,0.0,0.0,0.0,10.0,0.0,0.0,0.0,10.0
1.1501916986164362,0.40656461328600896,-0.2861460490035184,0.005,200.0,0.0,0.0,0.0,200.0,0.0,0.0,0.0,200.0,10.0,0.0,0.0,0.0,10.0,0.0,0.0,0.0,10.0
1.1511918653108852,0.4068696989002059,-0.28554304332847613,0.005,200.0,0.0,0.0,0.0,200.0,0.0,0.0,0.0,200.0,10.0,0.0,0.0,0.0,10.0,0.0,0.0,0.0,10.0
1.1521920320053343,0.40717478451440287,-0.28494003765343384,0.005,200.0,0.0,0.0,0.0,200.0,0.0,0.0,0.0,200.0,10.0,0.0,0.0,0.0,10.0,0.0,0.0,0.0,10.0
1.1531921986997833,0.40747987012859976,-0.28433703197839166,0.005,200.0,0.0,0.0,0.0,200.0,0.0,0.0,0.0,200.0,10.0,0.0,0.0,0.0,10.0,0.0,0.0,0.0,10.0
1.1541923653942323,0.4077849557427967,-0.2837340263033493,0.005,200.0,0.0,0.0,0.0,200.0,0.0,0.0,0.0,200.0,10.0,0.0,0.0,0.0,10.0,0.0,0.0,0.0,10.0
1.1551925320886816,0.40809004135699367,-0.28313102062830703,0.005,200.0,0.0,0.0,0.0,200.0,0.0,0.0,0.0,200.0,10.0,0.0,0.0,0.0,10.0,0.0,0.0,0.0,10.0
1.1561926987831306,0.40839512697119057,-0.28252801495326485,0.005,200.0,0.0,0.0,0.0,200.0,0.0,0.0,0.0,200.0,10.0,0.0,0.0,0.0,10.0,0.0,0.0,0.0,10.0
1.1571928654775796,0.4087002125853875,-0.28192500927822256,0.005,200.0,0.0,0.0,0.0,200.0,0.0,0.0,0.0,200.0,10.0,0.0,0.0,0.0,10.0,0.0,0.0,0.0,10.0
1.1581930321720286,0.4090052981995844,-0.2813220036031803,0.005,200.0,0.0,0.0,0.0,200.0,0.0,0.0,0.0,200.0,10.0,0.0,0.0,0.0,10.0,0.0,0.0,0.0,10.0
1.1591931988664779,0.4093103838137814,-0.28071899792813804,0.005,200.0,0.0,0.0,0.0,200.0,0.0,0.0,0.0,200.0,10.0,0.0,0.0,0.0,10.0,0.0,0.0,0.0,10.0
1.160193365560927,0.40961546942797833,-0.28011599225309575,0.005,200.0,0.0,0.0,0.0,200.0,0.0,0.0,0.0,200.0,10.0,0.0,0.0,0.0,10.0,0.0,0.0,0.0,10.0
1.161193532255376,0.4099205550421752,-0.27951298657805357,0.005,200.0,0.0,0.0,0.0,200.0,0.0,0.0,0.0,200.0,10.0,0.0,0.0,0.0,10.0,0.0,0.0,0.0,10.0
1.162193698949825,0.4102256406563722,-0.2789099809030113,0.005,200.0,0.0,0.0,0.0,200.0,0.0,0.0,0.0,200.0,10.0,0.0,0.0,0.0,10.0,0.0,0.0,0.0,10.0
1.1631938656442742,0.41053072627056914,-0.278306975227969,0.005,200.0,0.0,0.0,0.0,200.0,0.0,0.0,0.0,200.0,10.0,0.0,0.0,0.0,10.0,0.0,0.0,0.0,10.0
1.1641940323387232,0.41084779274624605,-0.27769136527197075,0.005,200.0,0.0,0.0,0.0,200.0,0.0,0.0,0.0,200.0,10.0,0.0,0.0,0.0,10.0,0.0,0.0,0.0,10.0
1.1651941990331722,0.4111909876964274,-0.27704826725644066,0.005,200.0,0.0,0.0,0.0,200.0,0.0,0.0,0.0,200.0,10.0,0.0,0.0,0.0,10.0,0.0,0.0,0.0,10.0
1.1661943657276213,0.4115341826466088,-0.2764051692409105,0.005,200.0,0.0,0.0,0.0,200.0,0.0,0.0,0.0,200.0,10.0,0.0,0.0,0.0,10.0,0.0,0.0,0.0,10.0
1.1671945324220705,0.4118773775967901,-0.27576207122538055,0.005,200.0,0.0,0.0,0.0,200.0,0.0,0.0,0.0,200.0,10.0,0.0,0.0,0.0,10.0,0.0,0.0,0.0,10.0
1.1681946991165195,0.4122205725469715,-0.27511897320985046,0.005,200.0,0.0,0.0,0.0,200.0,0.0,0.0,0.0,200.0,10.0,0.0,0.0,0.0,10.0,0.0,0.0,0.0,10.0
1.1691948658109685,0.41256376749715284,-0.2744758751943203,0.005,200.0,0.0,0.0,0.0,200.0,0.0,0.0,0.0,200.0,10.0,0.0,0.0,0.0,10.0,0.0,0.0,0.0,10.0
1.1701950325054176,0.4129069624473341,-0.27383277717879034,0.005,200.0,0.0,0.0,0.0,200.0,0.0,0.0,0.0,200.0,10.0,0.0,0.0,0.0,10.0,0.0,0.0,0.0,10.0
1.1711951991998666,0.41325015739751547,-0.2731896791632602,0.005,200.0,0.0,0.0,0.0,200.0,0.0,0.0,0.0,200.0,10.0,0.0,0.0,0.0,10.0,0.0,0.0,0.0,10.0
1.1721953658943158,0.41359335234769684,-0.2725465811477301,0.005,200.0,0.0,0.0,0.0,200.0,0.0,0.0,0.0,200.0,10.0,0.0,0.0,0.0,10.0,0.0,0.0,0.0,10.0
1.1731955325887649,0.41393654729787815,-0.27190348313220014,0.005,200.0,0.0,0.0,0.0,200.0,0.0,0.0,0.0,200.0,10.0,0.0,0.0,0.0,10.0,0.0,0.0,0.0,10.0
1.1741956992832139,0.4142797422480595,-0.27126038511667,0.005,200.0,0.0,0.0,0.0,200.0,0.0,0.0,0.0,200.0,10.0,0.0,0.0,0.0,10.0,0.0,0.0,0.0,10.0
1.175195865977663,0.4146229371982408,-0.27061728710114,0.005,200.0,0.0,0.0,0.0,200.0,0.0,0.0,0.0,200.0,10.0,0.0,0.0,0.0,10.0,0.0,0.0,0.0,10.0
1.1761960326721121,0.41496613214842215,-0.2699741890856099,0.005,200.0,0.0,0.0,0.0,200.0,0.0,0.0,0.0,200.0,10.0,0.0,0.0,0.0,10.0,0.0,0.0,0.0,10.0
1.1771961993665612,0.4153093270986035,-0.2693310910700798,0.005,200.0,0.0,0.0,0.0,200.0,0.0,0.0,0.0,200.0,10.0,0.0,0.0,0.0,10.0,0.0,0.0,0.0,10.0
1.1781963660610102,0.41565252204878483,-0.2686879930545498,0.005,200.0,0.0,0.0,0.0,200.0,0.0,0.0,0.0,200.0,10.0,0.0,0.0,0.0,10.0,0.0,0.0,0.0,10.0
1.1791965327554592,0.4159957169989662,-0.2680448950390197,0.005,200.0,0.0,0.0,0.0,200.0,0.0,0.0,0.0,200.0,10.0,0.0,0.0,0.0,10.0,0.0,0.0,0.0,10.0
1.1801966994499085,0.4163389119491475,-0.2674017970234896,0.005,200.0,0.0,0.0,0.0,200.0,0.0,0.0,0.0,200.0,10.0,0.0,0.0,0.0,10.0,0.0,0.0,0.0,10.0
1.1811968661443575,0.41668210689932883,-0.2667586990079596,0.005,200.0,0.0,0.0,0.0,200.0,0.0,0.0,0.0,200.0,10.0,0.0,0.0,0.0,10.0,0.0,0.0,0.0,10.0
1.1821970328388065,0.4170253018495102,-0.2661156009924295,0.005,200.0,0.0,0.0,0.0,200.0,0.0,0.0,0.0,200.0,10.0,0.0,0.0,0.0,10.0,0.0,0.0,0.0,10.0
1.1831971995332555,0.41736849679969157,-0.2654725029768994,0.005,200.0,0.0,0.0,0.0,200.0,0.0,0.0,0.0,200.0,10.0,0.0,0.0,0.0,10.0,0.0,0.0,0.0,10.0
1.1841973662277048,0.41771526936988745,-0.264833873819363,0.005,200.0,0.0,0.0,0.0,200.0,0.0,0.0,0.0,200.0,10.0,0.0,0.0,0.0,10.0,0.0,0.0,0.0,10.0
1.1851975329221538,0.41807272709852694,-0.2642085916510342,0.005,200.0,0.0,0.0,0.0,200.0,0.0,0.0,0.0,200.0,10.0,0.0,0.0,0.0,10.0,0.0,0.0,0.0,10.0
1.1861976996166028,0.41843018482716643,-0.2635833094827055,0.005,200.0,0.0,0.0,0.0,200.0,0.0,0.0,0.0,200.0,10.0,0.0,0.0,0.0,10.0,0.0,0.0,0.0,10.0
1.1871978663110518,0.4187876425558059,-0.2629580273143768,0.005,200.0,0.0,0.0,0.0,200.0,0.0,0.0,0.0,200.0,10.0,0.0,0.0,0.0,10.0,0.0,0.0,0.0,10.0
1.1881980330055009,0.4191451002844454,-0.262332745146048,0.005,200.0,0.0,0.0,0.0,200.0,0.0,0.0,0.0,200.0,10.0,0.0,0.0,0.0,10.0,0.0,0.0,0.0,10.0
1.18919819969995,0.4195025580130849,-0.2617074629777192,0.005,200.0,0.0,0.0,0.0,200.0,0.0,0.0,0.0,200.0,10.0,0.0,0.0,0.0,10.0,0.0,0.0,0.0,10.0
1.1901983663943991,0.4198600157417244,-0.2610821808093905,0.005,200.0,0.0,0.0,0.0,200.0,0.0,0.0,0.0,200.0,10.0,0.0,0.0,0.0,10.0,0.0,0.0,0.0,10.0
1.1911985330888482,0.42021747347036387,-0.2604568986410617,0.005,200.0,0.0,0.0,0.0,200.0,0.0,0.0,0.0,200.0,10.0,0.0,0.0,0.0,10.0,0.0,0.0,0.0,10.0
1.1921986997832972,0.4205749311990033,-0.259831616472733,0.005,200.0,0.0,0.0,0.0,200.0,0.0,0.0,0.0,200.0,10.0,0.0,0.0,0.0,10.0,0.0,0.0,0.0,10.0
1.1931988664777464,0.42093238892764284,-0.25920633430440426,0.005,200.0,0.0,0.0,0.0,200.0,0.0,0.0,0.0,200.0,10.0,0.0,0.0,0.0,10.0,0.0,0.0,0.0,10.0
1.1941990331721954,0.42128984665628233,-0.25858105213607546,0.005,200.0,0.0,0.0,0.0,200.0,0.0,0.0,0.0,200.0,10.0,0.0,0.0,0.0,10.0,0.0,0.0,0.0,10.0
1.1951991998666445,0.42164730438492176,-0.2579557699677468,0.005,200.0,0.0,0.0,0.0,200.0,0.0,0.0,0.0,200.0,10.0,0.0,0.0,0.0,10.0,0.0,0.0,0.0,10.0
1.1961993665610935,0.4220047621135613,-0.257330487799418,0.005,200.0,0.0,0.0,0.0,200.0,0.0,0.0,0.0,200.0,10.0,0.0,0.0,0.0,10.0,0.0,0.0,0.0,10.0
1.1971995332555427,0.4223622198422008,-0.2567052056310892,0.005,200.0,0.0,0.0,0.0,200.0,0.0,0.0,0.0,200.0,10.0,0.0,0.0,0.0,10.0,0.0,0.0,0.0,10.0
1.1981996999499918,0.4227196775708402,-0.2560799234627605,0.005,200.0,0.0,0.0,0.0,200.0,0.0,0.0,0.0,200.0,10.0,0.0,0.0,0.0,10.0,0.0,0.0,0.0,10.0
1.1991998666444408,0.42307713529947977,-0.2554546412944317,0.005,200.0,0.0,0.0,0.0,200.0,0.0,0.0,0.0,200.0,10.0,0.0,0.0,0.0,10.0,0.0,0.0,0.0,10.0
1.2002000333388898,0.42343459302811925,-0.25482935912610294,0.005,200.0,0.0,0.0,0.0,200.0,0.0,0.0,0.0,200.0,10.0,0.0,0.0,0.0,10.0,0.0,0.0,0.0,10.0
1.2012002000333388,0.4237920507567587,-0.25420407695777425,0.005,200.0,0.0,0.0,0.0,200.0,0.0,0.0,0.0,200.0,10.0,0.0,0.0,0.0,10.0,0.0,0.0,0.0,10.0
1.202200366727788,0.42414950848539823,-0.25357879478944545,0.005,200.0,0.0,0.0,0.0,200.0,0.0,0.0,0.0,200.0,10.0,0.0,0.0,0.0,10.0,0.0,0.0,0.0,10.0
1.203200533422237,0.4245069662140377,-0.25295351262111665,0.005,200.0,0.0,0.0,0.0,200.0,0.0,0.0,0.0,200.0,10.0,0.0,0.0,0.0,10.0,0.0,0.0,0.0,10.0
1.2042007001166861,0.4248745243218287,-0.25231843887716365,0.005,200.0,0.0,0.0,0.0,200.0,0.0,0.0,0.0,200.0,10.0,0.0,0.0,0.0,10.0,0.0,0.0,0.0,10.0
1.2052008668111351,0.4252859108605808,-0.25164087668898344,0.005,200.0,0.0,0.0,0.0,200.0,0.0,0.0,0.0,200.0,10.0,0.0,0.0,0.0,10.0,0.0,0.0,0.0,10.0
1.2062010335055844,0.42569729739933293,-0.2509633145008034,0.005,200.0,0.0,0.0,0.0,200.0,0.0,0.0,0.0,200.0,10.0,0.0,0.0,0.0,10.0,0.0,0.0,0.0,10.0
1.2072012002000334,0.42610868393808504,-0.25028575231262323,0.005,200.0,0.0,0.0,0.0,200.0,0.0,0.0,0.0,200.0,10.0,0.0,0.0,0.0,10.0,0.0,0.0,0.0,10.0
1.2082013668944824,0.4265200704768372,-0.24960819012444305,0.005,200.0,0.0,0.0,0.0,200.0,0.0,0.0,0.0,200.0,10.0,0.0,0.0,0.0,10.0,0.0,0.0,0.0,10.0
1.2092015335889315,0.42693145701558927,-0.248930627936263,0.005,200.0,0.0,0.0,0.0,200.0,0.0,0.0,0.0,200.0,10.0,0.0,0.0,0.0,10.0,0.0,0.0,0.0,10.0
1.2102017002833807,0.42734284355434143,-0.2482530657480828,0.005,200.0,0.0,0.0,0.0,200.0,0.0,0.0,0.0,200.0,10.0,0.0,0.0,0.0,10.0,0.0,0.0,0.0,10.0
1.2112018669778297,0.42775423009309355,-0.24757550355990263,0.005,200.0,0.0,0.0,0.0,200.0,0.0,0.0,0.0,200.0,10.0,0.0,0.0,0.0,10.0,0.0,0.0,0.0,10.0
1.2122020336722787,0.42816561663184566,-0.24689794137172258,0.005,200.0,0.0,0.0,0.0,200.0,0.0,0.0,0.0,200.0,10.0,0.0,0.0,0.0,10.0,0.0,0.0,0.0,10.0
1.2132022003667278,0.42857700317059777,-0.2462203791835424,0.005,200.0,0.0,0.0,0.0,200.0,0.0,0.0,0.0,200.0,10.0,0.0,0.0,0.0,10.0,0.0,0.0,0.0,10.0
1.214202367061177,0.42898838970934994,-0.24554281699536223,0.005,200.0,0.0,0.0,0.0,200.0,0.0,0.0,0.0,200.0,10.0,0.0,0.0,0.0,10.0,0.0,0.0,0.0,10.0
1.215202533755626,0.429399776248102,-0.24486525480718216,0.005,200.0,0.0,0.0,0.0,200.0,0.0,0.0,0.0,200.0,10.0,0.0,0.0,0.0,10.0,0.0,0.0,0.0,10.0
1.216202700450075,0.42981116278685416,-0.244187692619002,0.005,200.0,0.0,0.0,0.0,200.0,0.0,0.0,0.0,200.0,10.0,0.0,0.0,0.0,10.0,0.0,0.0,0.0,10.0
1.217202867144524,0.43022254932560633,-0.24351013043082181,0.005,200.0,0.0,0.0,0.0,200.0,0.0,0.0,0.0,200.0,10.0,0.0,0.0,0.0,10.0,0.0,0.0,0.0,10.0
1.218203033838973,0.4306339358643584,-0.24283256824264177,0.005,200.0,0.0,0.0,0.0,200.0,0.0,0.0,0.0,200.0,10.0,0.0,0.0,0.0,10.0,0.0,0.0,0.0,10.0
1.2192032005334223,0.4310453224031105,-0.24215500605446158,0.005,200.0,0.0,0.0,0.0,200.0,0.0,0.0,0.0,200.0,10.0,0.0,0.0,0.0,10.0,0.0,0.0,0.0,10.0
1.2202033672278714,0.43145670894186267,-0.2414774438662814,0.005,200.0,0.0,0.0,0.0,200.0,0.0,0.0,0.0,200.0,10.0,0.0,0.0,0.0,10.0,0.0,0.0,0.0,10.0
1.2212035339223204,0.4318680954806147,-0.24079988167810135,0.005,200.0,0.0,0.0,0.0,200.0,0.0,0.0,0.0,200.0,10.0,0.0,0.0,0.0,10.0,0.0,0.0,0.0,10.0
1.2222037006167694,0.4322794820193669,-0.24012231948992116,0.005,200.0,0.0,0.0,0.0,200.0,0.0,0.0,0.0,200.0,10.0,0.0,0.0,0.0,10.0,0.0,0.0,0.0,10.0
1.2232038673112187,0.43269086855811895,-0.2394447573017411,0.005,200.0,0.0,0.0,0.0,200.0,0.0,0.0,0.0,200.0,10.0,0.0,0.0,0.0,10.0,0.0,0.0,0.0,10.0
1.2242040340056677,0.43308890779965475,-0.23877792971236328,0.005,200.0,0.0,0.0,0.0,200.0,0.0,0.0,0.0,200.0,10.0,0.0,0.0,0.0,10.0,0.0,0.0,0.0,10.0
1.2252042007001167,0.4333924337473884,-0.23818711468747783,0.005,200.0,0.0,0.0,0.0,200.0,0.0,0.0,0.0,200.0,10.0,0.0,0.0,0.0,10.0,0.0,0.0,0.0,10.0
1.2262043673945657,0.4336959596951219,-0.23759629966259246,0.005,200.0,0.0,0.0,0.0,200.0,0.0,0.0,0.0,200.0,10.0,0.0,0.0,0.0,10.0,0.0,0.0,0.0,10.0
1.227204534089015,0.43399948564285556,-0.23700548463770701,0.005,200.0,0.0,0.0,0.0,200.0,0.0,0.0,0.0,200.0,10.0,0.0,0.0,0.0,10.0,0.0,0.0,0.0,10.0
1.228204700783464,0.43430301159058915,-0.23641466961282157,0.005,200.0,0.0,0.0,0.0,200.0,0.0,0.0,0.0,200.0,10.0,0.0,0.0,0.0,10.0,0.0,0.0,0.0,10.0
1.229204867477913,0.4346065375383227,-0.2358238545879362,0.005,200.0,0.0,0.0,0.0,200.0,0.0,0.0,0.0,200.0,10.0,0.0,0.0,0.0,10.0,0.0,0.0,0.0,10.0
1.230205034172362,0.4349100634860563,-0.23523303956305075,0.005,200.0,0.0,0.0,0.0,200.0,0.0,0.0,0.0,200.0,10.0,0.0,0.0,0.0,10.0,0.0,0.0,0.0,10.0
1.2312052008668113,0.4352135894337899,-0.2346422245381653,0.005,200.0,0.0,0.0,0.0,200.0,0.0,0.0,0.0,200.0,10.0,0.0,0.0,0.0,10.0,0.0,0.0,0.0,10.0
1.2322053675612603,0.4355171153815235,-0.23405140951327993,0.005,200.0,0.0,0.0,0.0,200.0,0.0,0.0,0.0,200.0,10.0,0.0,0.0,0.0,10.0,0.0,0.0,0.0,10.0
1.2332055342557093,0.4358206413292571,-0.23346059448839446,0.005,200.0,0.0,0.0,0.0,200.0,0.0,0.0,0.0,200.0,10.0,0.0,0.0,0.0,10.0,0.0,0.0,0.0,10.0
1.2342057009501584,0.43612416727699066,-0.232869779463509,0.005,200.0,0.0,0.0,0.0,200.0,0.0,0.0,0.0,200.0,10.0,0.0,0.0,0.0,10.0,0.0,0.0,0.0,10.0
1.2352058676446074,0.43642769322472424,-0.23227896443862367,0.005,200.0,0.0,0.0,0.0,200.0,0.0,0.0,0.0,200.0,10.0,0.0,0.0,0.0,10.0,0.0,0.0,0.0,10.0
1.2362060343390566,0.43673121917245783,-0.2316881494137382,0.005,200.0,0.0,0.0,0.0,200.0,0.0,0.0,0.0,200.0,10.0,0.0,0.0,0.0,10.0,0.0,0.0,0.0,10.0
1.2372062010335056,0.4370347451201914,-0.23109733438885285,0.005,200.0,0.0,0.0,0.0,200.0,0.0,0.0,0.0,200.0,10.0,0.0,0.0,0.0,10.0,0.0,0.0,0.0,10.0
1.2382063677279547,0.437338271067925,-0.23050651936396738,0.005,200.0,0.0,0.0,0.0,200.0,0.0,0.0,0.0,200.0,10.0,0.0,0.0,0.0,10.0,0.0,0.0,0.0,10.0
1.2392065344224037,0.43764179701565864,-0.22991570433908193,0.005,200.0,0.0,0.0,0.0,200.0,0.0,0.0,0.0,200.0,10.0,0.0,0.0,0.0,10.0,0.0,0.0,0.0,10.0
1.240206701116853,0.43794532296339217,-0.22932488931419656,0.005,200.0,0.0,0.0,0.0,200.0,0.0,0.0,0.0,200.0,10.0,0.0,0.0,0.0,10.0,0.0,0.0,0.0,10.0
1.241206867811302,0.43824884891112575,-0.2287340742893111,0.005,200.0,0.0,0.0,0.0,200.0,0.0,0.0,0.0,200.0,10.0,0.0,0.0,0.0,10.0,0.0,0.0,0.0,10.0
1.242207034505751,0.4385523748588594,-0.22814325926442566,0.005,200.0,0.0,0.0,0.0,200.0,0.0,0.0,0.0,200.0,10.0,0.0,0.0,0.0,10.0,0.0,0.0,0.0,10.0
1.2432072012002,0.4388559008065929,-0.2275524442395403,0.005,200.0,0.0,0.0,0.0,200.0,0.0,0.0,0.0,200.0,10.0,0.0,0.0,0.0,10.0,0.0,0.0,0.0,10.0
1.2442073678946493,0.4391626734836119,-0.2269653129486228,0.005,200.0,0.0,0.0,0.0,200.0,0.0,0.0,0.0,200.0,10.0,0.0,0.0,0.0,10.0,0.0,0.0,0.0,10.0
1.2452075345890983,0.43952013121225136,-0.22643568883798262,0.005,200.0,0.0,0.0,0.0,200.0,0.0,0.0,0.0,200.0,10.0,0.0,0.0,0.0,10.0,0.0,0.0,0.0,10.0
1.2462077012835473,0.4398775889408908,-0.22590606472734256,0.005,200.0,0.0,0.0,0.0,200.0,0.0,0.0,0.0,200.0,10.0,0.0,0.0,0.0,10.0,0.0,0.0,0.0,10.0
1.2472078679779963,0.44023504666953034,-0.22537644061670242,0.005,200.0,0.0,0.0,0.0,200.0,0.0,0.0,0.0,200.0,10.0,0.0,0.0,0.0,10.0,0.0,0.0,0.0,10.0
1.2482080346724453,0.4405925043981698,-0.22484681650606228,0.005,200.0,0.0,0.0,0.0,200.0,0.0,0.0,0.0,200.0,10.0,0.0,0.0,0.0,10.0,0.0,0.0,0.0,10.0
1.2492082013668946,0.44094996212680926,-0.22431719239542222,0.005,200.0,0.0,0.0,0.0,200.0,0.0,0.0,0.0,200.0,10.0,0.0,0.0,0.0,10.0,0.0,0.0,0.0,10.0
1.2502083680613436,0.4413074198554488,-0.22378756828478205,0.005,200.0,0.0,0.0,0.0,200.0,0.0,0.0,0.0,200.0,10.0,0.0,0.0,0.0,10.0,0.0,0.0,0.0,10.0
1.2512085347557926,0.4416648775840883,-0.2232579441741419,0.005,200.0,0.0,0.0,0.0,200.0,0.0,0.0,0.0,200.0,10.0,0.0,0.0,0.0,10.0,0.0,0.0,0.0,10.0
1.2522087014502417,0.4420223353127277,-0.22272832006350185,0.005,200.0,0.0,0.0,0.0,200.0,0.0,0.0,0.0,200.0,10.0,0.0,0.0,0.0,10.0,0.0,0.0,0.0,10.0
1.253208868144691,0.44237979304136726,-0.2221986959528617,0.005,200.0,0.0,0.0,0.0,200.0,0.0,0.0,0.0,200.0,10.0,0.0,0.0,0.0,10.0,0.0,0.0,0.0,10.0
1.25420903483914,0.4427372507700067,-0.22166907184222162,0.005,200.0,0.0,0.0,0.0,200.0,0.0,0.0,0.0,200.0,10.0,0.0,0.0,0.0,10.0,0.0,0.0,0.0,10.0
1.255209201533589,0.4430947084986462,-0.22113944773158148,0.005,200.0,0.0,0.0,0.0,200.0,0.0,0.0,0.0,200.0,10.0,0.0,0.0,0.0,10.0,0.0,0.0,0.0,10.0
1.256209368228038,0.4434521662272857,-0.22060982362094134,0.005,200.0,0.0,0.0,0.0,200.0,0.0,0.0,0.0,200.0,10.0,0.0,0.0,0.0,10.0,0.0,0.0,0.0,10.0
1.2572095349224872,0.44380962395592516,-0.22008019951030128,0.005,200.0,0.0,0.0,0.0,200.0,0.0,0.0,0.0,200.0,10.0,0.0,0.0,0.0,10.0,0.0,0.0,0.0,10.0
1.2582097016169362,0.44416708168456465,-0.2195505753996611,0.005,200.0,0.0,0.0,0.0,200.0,0.0,0.0,0.0,200.0,10.0,0.0,0.0,0.0,10.0,0.0,0.0,0.0,10.0
1.2592098683113853,0.4445245394132042,-0.21902095128902097,0.005,200.0,0.0,0.0,0.0,200.0,0.0,0.0,0.0,200.0,10.0,0.0,0.0,0.0,10.0,0.0,0.0,0.0,10.0
1.2602100350058343,0.4448819971418436,-0.2184913271783809,0.005,200.0,0.0,0.0,0.0,200.0,0.0,0.0,0.0,200.0,10.0,0.0,0.0,0.0,10.0,0.0,0.0,0.0,10.0
1.2612102017002835,0.4452394548704831,-0.21796170306774076,0.005,200.0,0.0,0.0,0.0,200.0,0.0,0.0,0.0,200.0,10.0,0.0,0.0,0.0,10.0,0.0,0.0,0.0,10.0
1.2622103683947326,0.44559691259912265,-0.2174320789571006,0.005,200.0,0.0,0.0,0.0,200.0,0.0,0.0,0.0,200.0,10.0,0.0,0.0,0.0,10.0,0.0,0.0,0.0,10.0
1.2632105350891816,0.4459543703277621,-0.21690245484646054,0.005,200.0,0.0,0.0,0.0,200.0,0.0,0.0,0.0,200.0,10.0,0.0,0.0,0.0,10.0,0.0,0.0,0.0,10.0
1.2642107017836306,0.44631182805640157,-0.2163728307358204,0.005,200.0,0.0,0.0,0.0,200.0,0.0,0.0,0.0,200.0,10.0,0.0,0.0,0.0,10.0,0.0,0.0,0.0,10.0
1.2652108684780796,0.44655867555098133,-0.215960740824504,0.005,200.0,0.0,0.0,0.0,200.0,0.0,0.0,0.0,200.0,10.0,0.0,0.0,0.0,10.0,0.0,0.0,0.0,10.0
1.2662110351725289,0.4468051518702789,-0.21554904532325253,0.005,200.0,0.0,0.0,0.0,200.0,0.0,0.0,0.0,200.0,10.0,0.0,0.0,0.0,10.0,0.0,0.0,0.0,10.0
1.2672112018669779,0.44705162818957656,-0.21513734982200097,0.005,200.0,0.0,0.0,0.0,200.0,0.0,0.0,0.0,200.0,10.0,0.0,0.0,0.0,10.0,0.0,0.0,0.0,10.0
1.268211368561427,0.4472981045088742,-0.21472565432074942,0.005,200.0,0.0,0.0,0.0,200.0,0.0,0.0,0.0,200.0,10.0,0.0,0.0,0.0,10.0,0.0,0.0,0.0,10.0
1.269211535255876,0.4475445808281718,-0.21431395881949794,0.005,200.0,0.0,0.0,0.0,200.0,0.0,0.0,0.0,200.0,10.0,0.0,0.0,0.0,10.0,0.0,0.0,0.0,10.0
1.2702117019503252,0.4477910571474694,-0.21390226331824638,0.005,200.0,0.0,0.0,0.0,200.0,0.0,0.0,0.0,200.0,10.0,0.0,0.0,0.0,10.0,0.0,0.0,0.0,10.0
1.2712118686447742,0.44803753346676706,-0.2134905678169949,0.005,200.0,0.0,0.0,0.0,200.0,0.0,0.0,0.0,200.0,10.0,0.0,0.0,0.0,10.0,0.0,0.0,0.0,10.0
1.2722120353392232,0.4482840097860647,-0.21307887231574335,0.005,200.0,0.0,0.0,0.0,200.0,0.0,0.0,0.0,200.0,10.0,0.0,0.0,0.0,10.0,0.0,0.0,0.0,10.0
1.2732122020336722,0.44853048610536234,-0.2126671768144918,0.005,200.0,0.0,0.0,0.0,200.0,0.0,0.0,0.0,200.0,10.0,0.0,0.0,0.0,10.0,0.0,0.0,0.0,10.0
1.2742123687281215,0.4487769624246599,-0.21225548131324032,0.005,200.0,0.0,0.0,0.0,200.0,0.0,0.0,0.0,200.0,10.0,0.0,0.0,0.0,10.0,0.0,0.0,0.0,10.0
1.2752125354225705,0.44902343874395756,-0.21184378581198876,0.005,200.0,0.0,0.0,0.0,200.0,0.0,0.0,0.0,200.0,10.0,0.0,0.0,0.0,10.0,0.0,0.0,0.0,10.0
1.2762127021170195,0.4492699150632552,-0.21143209031073723,0.005,200.0,0.0,0.0,0.0,200.0,0.0,0.0,0.0,200.0,10.0,0.0,0.0,0.0,10.0,0.0,0.0,0.0,10.0
1.2772128688114686,0.44951639138255284,-0.21102039480948573,0.005,200.0,0.0,0.0,0.0,200.0,0.0,0.0,0.0,200.0,10.0,0.0,0.0,0.0,10.0,0.0,0.0,0.0,10.0
1.2782130355059178,0.4497628677018505,-0.2106086993082342,0.005,200.0,0.0,0.0,0.0,200.0,0.0,0.0,0.0,200.0,10.0,0.0,0.0,0.0,10.0,0.0,0.0,0.0,10.0
1.2792132022003668,0.4500093440211481,-0.21019700380698264,0.005,200.0,0.0,0.0,0.0,200.0,0.0,0.0,0.0,200.0,10.0,0.0,0.0,0.0,10.0,0.0,0.0,0.0,10.0
1.2802133688948159,0.4502558203404457,-0.20978530830573117,0.005,200.0,0.0,0.0,0.0,200.0,0.0,0.0,0.0,200.0,10.0,0.0,0.0,0.0,10.0,0.0,0.0,0.0,10.0
1.2812135355892649,0.45050229665974334,-0.2093736128044796,0.005,200.0,0.0,0.0,0.0,200.0,0.0,0.0,0.0,200.0,10.0,0.0,0.0,0.0,10.0,0.0,0.0,0.0,10.0
1.282213702283714,0.450748772979041,-0.20896191730322805,0.005,200.0,0.0,0.0,0.0,200.0,0.0,0.0,0.0,200.0,10.0,0.0,0.0,0.0,10.0,0.0,0.0,0.0,10.0
1.2832138689781631,0.4509952492983386,-0.20855022180197658,0.005,200.0,0.0,0.0,0.0,200.0,0.0,0.0,0.0,200.0,10.0,0.0,0.0,0.0,10.0,0.0,0.0,0.0,10.0
1.2842140356726122,0.45124172561763626,-0.20813852630072502,0.005,200.0,0.0,0.0,0.0,200.0,0.0,0.0,0.0,200.0,10.0,0.0,0.0,0.0,10.0,0.0,0.0,0.0,10.0
1.2852142023670612,0.4515817775877739,-0.20774870803901052,0.005,200.0,0.0,0.0,0.0,200.0,0.0,0.0,0.0,200.0,10.0,0.0,0.0,0.0,10.0,0.0,0.0,0.0,10.0
1.2862143690615102,0.4519285374898715,-0.20736045803819464,0.005,200.0,0.0,0.0,0.0,200.0,0.0,0.0,0.0,200.0,10.0,0.0,0.0,0.0,10.0,0.0,0.0,0.0,10.0
1.2872145357559595,0.4522752973919691,-0.20697220803737879,0.005,200.0,0.0,0.0,0.0,200.0,0.0,0.0,0.0,200.0,10.0,0.0,0.0,0.0,10.0,0.0,0.0,0.0,10.0
1.2882147024504085,0.45262205729406657,-0.20658395803656296,0.005,200.0,0.0,0.0,0.0,200.0,0.0,0.0,0.0,200.0,10.0,0.0,0.0,0.0,10.0,0.0,0.0,0.0,10.0
1.2892148691448575,0.45296881719616416,-0.2061957080357471,0.005,200.0,0.0,0.0,0.0,200.0,0.0,0.0,0.0,200.0,10.0,0.0,0.0,0.0,10.0,0.0,0.0,0.0,10.0
1.2902150358393065,0.45331557709826176,-0.20580745803493122,0.005,200.0,0.0,0.0,0.0,200.0,0.0,0.0,0.0,200.0,10.0,0.0,0.0,0.0,10.0,0.0,0.0,0.0,10.0
1.2912152025337558,0.4536623370003593,-0.20541920803411542,0.005,200.0,0.0,0.0,0.0,200.0,0.0,0.0,0.0,200.0,10.0,0.0,0.0,0.0,10.0,0.0,0.0,0.0,10.0
1.2922153692282048,0.45400909690245683,-0.20503095803329957,0.005,200.0,0.0,0.0,0.0,200.0,0.0,0.0,0.0,200.0,10.0,0.0,0.0,0.0,10.0,0.0,0.0,0.0,10.0
1.2932155359226538,0.4543558568045544,-0.2046427080324837,0.005,200.0,0.0,0.0,0.0,200.0,0.0,0.0,0.0,200.0,10.0,0.0,0.0,0.0,10.0,0.0,0.0,0.0,10.0
1.2942157026171028,0.45470261670665196,-0.2042544580316679,0.005,200.0,0.0,0.0,0.0,200.0,0.0,0.0,0.0,200.0,10.0,0.0,0.0,0.0,10.0,0.0,0.0,0.0,10.0
1.295215869311552,0.45504937660874956,-0.203866208030852,0.005,200.0,0.0,0.0,0.0,200.0,0.0,0.0,0.0,200.0,10.0,0.0,0.0,0.0,10.0,0.0,0.0,0.0,10.0
1.296216036006001,0.4553961365108471,-0.20347795803003615,0.005,200.0,0.0,0.0,0.0,200.0,0.0,0.0,0.0,200.0,10.0,0.0,0.0,0.0,10.0,0.0,0.0,0.0,10.0
1.2972162027004501,0.45574289641294463,-0.20308970802922036,0.005,200.0,0.0,0.0,0.0,200.0,0.0,0.0,0.0,200.0,10.0,0.0,0.0,0.0,10.0,0.0,0.0,0.0,10.0
1.2982163693948992,0.4560896563150422,-0.20270145802840447,0.005,200.0,0.0,0.0,0.0,200.0,0.0,0.0,0.0,200.0,10.0,0.0,0.0,0.0,10.0,0.0,0.0,0.0,10.0
1.2992165360893482,0.4564364162171398,-0.20231320802758862,0.005,200.0,0.0,0.0,0.0,200.0,0.0,0.0,0.0,200.0,10.0,0.0,0.0,0.0,10.0,0.0,0.0,0.0,10.0
1.3002167027837974,0.4567831761192373,-0.2019249580267728,0.005,200.0,0.0,0.0,0.0,200.0,0.0,0.0,0.0,200.0,10.0,0.0,0.0,0.0,10.0,0.0,0.0,0.0,10.0
1.3012168694782464,0.4571299360213349,-0.20153670802595694,0.005,200.0,0.0,0.0,0.0,200.0,0.0,0.0,0.0,200.0,10.0,0.0,0.0,0.0,10.0,0.0,0.0,0.0,10.0
1.3022170361726955,0.45747669592343243,-0.20114845802514114,0.005,200.0,0.0,0.0,0.0,200.0,0.0,0.0,0.0,200.0,10.0,0.0,0.0,0.0,10.0,0.0,0.0,0.0,10.0
1.3032172028671445,0.45782345582553,-0.20076020802432526,0.005,200.0,0.0,0.0,0.0,200.0,0.0,0.0,0.0,200.0,10.0,0.0,0.0,0.0,10.0,0.0,0.0,0.0,10.0
1.3042173695615937,0.45817021572762756,-0.2003719580235094,0.005,200.0,0.0,0.0,0.0,200.0,0.0,0.0,0.0,200.0,10.0,0.0,0.0,0.0,10.0,0.0,0.0,0.0,10.0
1.3052175362560428,0.4585741427336599,-0.19994395235058152,0.005,200.0,0.0,0.0,0.0,200.0,0.0,0.0,0.0,200.0,10.0,0.0,0.0,0.0,10.0,0.0,0.0,0.0,10.0
1.3062177029504918,0.4589866448052825,-0.19950998332683673,0.005,200.0,0.0,0.0,0.0,200.0,0.0,0.0,0.0,200.0,10.0,0.0,0.0,0.0,10.0,0.0,0.0,0.0,10.0
1.3072178696449408,0.4593991468769051,-0.19907601430309196,0.005,200.0,0.0,0.0,0.0,200.0,0.0,0.0,0.0,200.0,10.0,0.0,0.0,0.0,10.0,0.0,0.0,0.0,10.0
1.30821803633939,0.4598116489485276,-0.19864204527934726,0.005,200.0,0.0,0.0,0.0,200.0,0.0,0.0,0.0,200.0,10.0,0.0,0.0,0.0,10.0,0.0,0.0,0.0,10.0
1.309218203033839,0.4602241510201502,-0.19820807625560247,0.005,200.0,0.0,0.0,0.0,200.0,0.0,0.0,0.0,200.0,10.0,0.0,0.0,0.0,10.0,0.0,0.0,0.0,10.0
1.310218369728288,0.4606366530917728,-0.1977741072318577,0.005,200.0,0.0,0.0,0.0,200.0,0.0,0.0,0.0,200.0,10.0,0.0,0.0,0.0,10.0,0.0,0.0,0.0,10.0
1.3112185364227371,0.46104915516339534,-0.197340138208113,0.005,200.0,0.0,0.0,0.0,200.0,0.0,0.0,0.0,200.0,10.0,0.0,0.0,0.0,10.0,0.0,0.0,0.0,10.0
1.3122187031171864,0.4614616572350179,-0.19690616918436823,0.005,200.0,0.0,0.0,0.0,200.0,0.0,0.0,0.0,200.0,10.0,0.0,0.0,0.0,10.0,0.0,0.0,0.0,10.0
1.3132188698116354,0.4618741593066405,-0.19647220016062344,0.005,200.0,0.0,0.0,0.0,200.0,0.0,0.0,0.0,200.0,10.0,0.0,0.0,0.0,10.0,0.0,0.0,0.0,10.0
1.3142190365060844,0.4622866613782631,-0.19603823113687874,0.005,200.0,0.0,0.0,0.0,200.0,0.0,0.0,0.0,200.0,10.0,0.0,0.0,0.0,10.0,0.0,0.0,0.0,10.0
1.3152192032005334,0.46269916344988565,-0.19560426211313398,0.005,200.0,0.0,0.0,0.0,200.0,0.0,0.0,0.0,200.0,10.0,0.0,0.0,0.0,10.0,0.0,0.0,0.0,10.0
1.3162193698949824,0.4631116655215082,-0.19517029308938927,0.005,200.0,0.0,0.0,0.0,200.0,0.0,0.0,0.0,200.0,10.0,0.0,0.0,0.0,10.0,0.0,0.0,0.0,10.0
1.3172195365894317,0.46352416759313075,-0.1947363240656445,0.005,200.0,0.0,0.0,0.0,200.0,0.0,0.0,0.0,200.0,10.0,0.0,0.0,0.0,10.0,0.0,0.0,0.0,10.0
1.3182197032838807,0.4639366696647534,-0.19430235504189972,0.005,200.0,0.0,0.0,0.0,200.0,0.0,0.0,0.0,200.0,10.0,0.0,0.0,0.0,10.0,0.0,0.0,0.0,10.0
1.3192198699783297,0.4643491717363759,-0.193868386018155,0.005,200.0,0.0,0.0,0.0,200.0,0.0,0.0,0.0,200.0,10.0,0.0,0.0,0.0,10.0,0.0,0.0,0.0,10.0
1.3202200366727788,0.4647616738079985,-0.19343441699441025,0.005,200.0,0.0,0.0,0.0,200.0,0.0,0.0,0.0,200.0,10.0,0.0,0.0,0.0,10.0,0.0,0.0,0.0,10.0
1.321220203367228,0.46517417587962107,-0.19300044797066546,0.005,200.0,0.0,0.0,0.0,200.0,0.0,0.0,0.0,200.0,10.0,0.0,0.0,0.0,10.0,0.0,0.0,0.0,10.0
1.322220370061677,0.4655866779512436,-0.19256647894692078,0.005,200.0,0.0,0.0,0.0,200.0,0.0,0.0,0.0,200.0,10.0,0.0,0.0,0.0,10.0,0.0,0.0,0.0,10.0
1.323220536756126,0.4659991800228662,-0.192132509923176,0.005,200.0,0.0,0.0,0.0,200.0,0.0,0.0,0.0,200.0,10.0,0.0,0.0,0.0,10.0,0.0,0.0,0.0,10.0
1.324220703450575,0.4664116820944888,-0.19169854089943122,0.005,200.0,0.0,0.0,0.0,200.0,0.0,0.0,0.0,200.0,10.0,0.0,0.0,0.0,10.0,0.0,0.0,0.0,10.0
1.3252208701450243,0.4667798173210982,-0.19131124823426066,0.005,200.0,0.0,0.0,0.0,200.0,0.0,0.0,0.0,200.0,10.0,0.0,0.0,0.0,10.0,0.0,0.0,0.0,10.0
1.3262210368394733,0.46713727504973773,-0.19093518888360161,0.005,200.0,0.0,0.0,0.0,200.0,0.0,0.0,0.0,200.0,10.0,0.0,0.0,0.0,10.0,0.0,0.0,0.0,10.0
1.3272212035339224,0.4674947327783772,-0.1905591295329426,0.005,200.0,0.0,0.0,0.0,200.0,0.0,0.0,0.0,200.0,10.0,0.0,0.0,0.0,10.0,0.0,0.0,0.0,10.0
1.3282213702283714,0.46785219050701665,-0.19018307018228364,0.005,200.0,0.0,0.0,0.0,200.0,0.0,0.0,0.0,200.0,10.0,0.0,0.0,0.0,10.0,0.0,0.0,0.0,10.0
1.3292215369228204,0.4682096482356562,-0.1898070108316246,0.005,200.0,0.0,0.0,0.0,200.0,0.0,0.0,0.0,200.0,10.0,0.0,0.0,0.0,10.0,0.0,0.0,0.0,10.0
1.3302217036172697,0.4685671059642957,-0.1894309514809656,0.005,200.0,0.0,0.0,0.0,200.0,0.0,0.0,0.0,200.0,10.0,0.0,0.0,0.0,10.0,0.0,0.0,0.0,10.0
1.3312218703117187,0.4689245636929351,-0.18905489213030663,0.005,200.0,0.0,0.0,0.0,200.0,0.0,0.0,0.0,200.0,10.0,0.0,0.0,0.0,10.0,0.0,0.0,0.0,10.0
1.3322220370061677,0.46928202142157466,-0.18867883277964762,0.005,200.0,0.0,0.0,0.0,200.0,0.0,0.0,0.0,200.0,10.0,0.0,0.0,0.0,10.0,0.0,0.0,0.0,10.0
1.3332222037006167,0.4696394791502141,-0.18830277342898866,0.005,200.0,0.0,0.0,0.0,200.0,0.0,0.0,0.0,200.0,10.0,0.0,0.0,0.0,10.0,0.0,0.0,0.0,10.0
1.334222370395066,0.4699969368788536,-0.18792671407832962,0.005,200.0,0.0,0.0,0.0,200.0,0.0,0.0,0.0,200.0,10.0,0.0,0.0,0.0,10.0,0.0,0.0,0.0,10.0
1.335222537089515,0.4703543946074931,-0.1875506547276706,0.005,200.0,0.0,0.0,0.0,200.0,0.0,0.0,0.0,200.0,10.0,0.0,0.0,0.0,10.0,0.0,0.0,0.0,10.0
1.336222703783964,0.47071185233613255,-0.18717459537701164,0.005,200.0,0.0,0.0,0.0,200.0,0.0,0.0,0.0,200.0,10.0,0.0,0.0,0.0,10.0,0.0,0.0,0.0,10.0
1.337222870478413,0.47106931006477204,-0.1867985360263526,0.005,200.0,0.0,0.0,0.0,200.0,0.0,0.0,0.0,200.0,10.0,0.0,0.0,0.0,10.0,0.0,0.0,0.0,10.0
1.3382230371728623,0.4714267677934116,-0.1864224766756936,0.005,200.0,0.0,0.0,0.0,200.0,0.0,0.0,0.0,200.0,10.0,0.0,0.0,0.0,10.0,0.0,0.0,0.0,10.0
1.3392232038673113,0.471784225522051,-0.18604641732503463,0.005,200.0,0.0,0.0,0.0,200.0,0.0,0.0,0.0,200.0,10.0,0.0,0.0,0.0,10.0,0.0,0.0,0.0,10.0
1.3402233705617603,0.4721416832506905,-0.18567035797437562,0.005,200.0,0.0,0.0,0.0,200.0,0.0,0.0,0.0,200.0,10.0,0.0,0.0,0.0,10.0,0.0,0.0,0.0,10.0
1.3412235372562094,0.47249914097933005,-0.18529429862371657,0.005,200.0,0.0,0.0,0.0,200.0,0.0,0.0,0.0,200.0,10.0,0.0,0.0,0.0,10.0,0.0,0.0,0.0,10.0
1.3422237039506586,0.4728565987079695,-0.18491823927305762,0.005,200.0,0.0,0.0,0.0,200.0,0.0,0.0,0.0,200.0,10.0,0.0,0.0,0.0,10.0,0.0,0.0,0.0,10.0
1.3432238706451076,0.47321405643660897,-0.1845421799223986,0.005,200.0,0.0,0.0,0.0,200.0,0.0,0.0,0.0,200.0,10.0,0.0,0.0,0.0,10.0,0.0,0.0,0.0,10.0
1.3442240373395566,0.4735715141652485,-0.18416612057173956,0.005,200.0,0.0,0.0,0.0,200.0,0.0,0.0,0.0,200.0,10.0,0.0,0.0,0.0,10.0,0.0,0.0,0.0,10.0
1.3452242040340057,0.4738697345544148,-0.1839146987361339,0.005,200.0,0.0,0.0,0.0,200.0,0.0,0.0,0.0,200.0,10.0,0.0,0.0,0.0,10.0,0.0,0.0,0.0,10.0
1.3462243707284547,0.47414740865916927,-0.18370650702962318,0.005,200.0,0.0,0.0,0.0,200.0,0.0,0.0,0.0,200.0,10.0,0.0,0.0,0.0,10.0,0.0,0.0,0.0,10.0
1.347224537422904,0.4744250827639237,-0.18349831532311253,0.005,200.0,0.0,0.0,0.0,200.0,0.0,0.0,0.0,200.0,10.0,0.0,0.0,0.0,10.0,0.0,0.0,0.0,10.0
1.348224704117353,0.47470275686867813,-0.18329012361660185,0.005,200.0,0.0,0.0,0.0,200.0,0.0,0.0,0.0,200.0,10.0,0.0,0.0,0.0,10.0,0.0,0.0,0.0,10.0
1.349224870811802,0.4749804309734326,-0.18308193191009114,0.005,200.0,0.0,0.0,0.0,200.0,0.0,0.0,0.0,200.0,10.0,0.0,0.0,0.0,10.0,0.0,0.0,0.0,10.0
1.350225037506251,0.47525810507818705,-0.1828737402035805,0.005,200.0,0.0,0.0,0.0,200.0,0.0,0.0,0.0,200.0,10.0,0.0,0.0,0.0,10.0,0.0,0.0,0.0,10.0
1.3512252042007002,0.47553577918294154,-0.1826655484970698,0.005,200.0,0.0,0.0,0.0,200.0,0.0,0.0,0.0,200.0,10.0,0.0,0.0,0.0,10.0,0.0,0.0,0.0,10.0
1.3522253708951493,0.47581345328769603,-0.1824573567905591,0.005,200.0,0.0,0.0,0.0,200.0,0.0,0.0,0.0,200.0,10.0,0.0,0.0,0.0,10.0,0.0,0.0,0.0,10.0
1.3532255375895983,0.4760911273924504,-0.18224916508404845,0.005,200.0,0.0,0.0,0.0,200.0,0.0,0.0,0.0,200.0,10.0,0.0,0.0,0.0,10.0,0.0,0.0,0.0,10.0
1.3542257042840473,0.4763688014972049,-0.18204097337753777,0.005,200.0,0.0,0.0,0.0,200.0,0.0,0.0,0.0,200.0,10.0,0.0,0.0,0.0,10.0,0.0,0.0,0.0,10.0
1.3552258709784966,0.4766464756019594,-0.18183278167102707,0.005,200.0,0.0,0.0,0.0,200.0,0.0,0.0,0.0,200.0,10.0,0.0,0.0,0.0,10.0,0.0,0.0,0.0,10.0
1.3562260376729456,0.4769241497067138,-0.18162458996451641,0.005,200.0,0.0,0.0,0.0,200.0,0.0,0.0,0.0,200.0,10.0,0.0,0.0,0.0,10.0,0.0,0.0,0.0,10.0
1.3572262043673946,0.4772018238114683,-0.18141639825800573,0.005,200.0,0.0,0.0,0.0,200.0,0.0,0.0,0.0,200.0,10.0,0.0,0.0,0.0,10.0,0.0,0.0,0.0,10.0
1.3582263710618436,0.47747949791622274,-0.18120820655149505,0.005,200.0,0.0,0.0,0.0,200.0,0.0,0.0,0.0,200.0,10.0,0.0,0.0,0.0,10.0,0.0,0.0,0.0,10.0
1.3592265377562929,0.47775717202097717,-0.18100001484498437,0.005,200.0,0.0,0.0,0.0,200.0,0.0,0.0,0.0,200.0,10.0,0.0,0.0,0.0,10.0,0.0,0.0,0.0,10.0
1.360226704450742,0.47803484612573166,-0.1807918231384737,0.005,200.0,0.0,0.0,0.0,200.0,0.0,0.0,0.0,200.0,10.0,0.0,0.0,0.0,10.0,0.0,0.0,0.0,10.0
1.361226871145191,0.47831252023048615,-0.18058363143196302,0.005,200.0,0.0,0.0,0.0,200.0,0.0,0.0,0.0,200.0,10.0,0.0,0.0,0.0,10.0,0.0,0.0,0.0,10.0
1.36222703783964,0.4785901943352406,-0.18037543972545234,0.005,200.0,0.0,0.0,0.0,200.0,0.0,0.0,0.0,200.0,10.0,0.0,0.0,0.0,10.0,0.0,0.0,0.0,10.0
1.363227204534089,0.47886786843999507,-0.18016724801894166,0.005,200.0,0.0,0.0,0.0,200.0,0.0,0.0,0.0,200.0,10.0,0.0,0.0,0.0,10.0,0.0,0.0,0.0,10.0
1.3642273712285382,0.4791455425447495,-0.179959056312431,0.005,200.0,0.0,0.0,0.0,200.0,0.0,0.0,0.0,200.0,10.0,0.0,0.0,0.0,10.0,0.0,0.0,0.0,10.0
1.3652275379229872,0.47944107077920173,-0.17976455371326994,0.005,200.0,0.0,0.0,0.0,200.0,0.0,0.0,0.0,200.0,10.0,0.0,0.0,0.0,10.0,0.0,0.0,0.0,10.0
1.3662277046174363,0.47974504234592485,-0.17957652478063874,0.005,200.0,0.0,0.0,0.0,200.0,0.0,0.0,0.0,200.0,10.0,0.0,0.0,0.0,10.0,0.0,0.0,0.0,10.0
1.3672278713118853,0.4800490139126479,-0.17938849584800756,0.005,200.0,0.0,0.0,0.0,200.0,0.0,0.0,0.0,200.0,10.0,0.0,0.0,0.0,10.0,0.0,0.0,0.0,10.0
1.3682280380063345,0.4803529854793711,-0.1792004669153764,0.005,200.0,0.0,0.0,0.0,200.0,0.0,0.0,0.0,200.0,10.0,0.0,0.0,0.0,10.0,0.0,0.0,0.0,10.0
1.3692282047007835,0.48065695704609424,-0.1790124379827452,0.005,200.0,0.0,0.0,0.0,200.0,0.0,0.0,0.0,200.0,10.0,0.0,0.0,0.0,10.0,0.0,0.0,0.0,10.0
1.3702283713952326,0.4809609286128173,-0.178824409050114,0.005,200.0,0.0,0.0,0.0,200.0,0.0,0.0,0.0,200.0,10.0,0.0,0.0,0.0,10.0,0.0,0.0,0.0,10.0
1.3712285380896816,0.48126490017954043,-0.1786363801174828,0.005,200.0,0.0,0.0,0.0,200.0,0.0,0.0,0.0,200.0,10.0,0.0,0.0,0.0,10.0,0.0,0.0,0.0,10.0
1.3722287047841308,0.48156887174626356,-0.17844835118485164,0.005,200.0,0.0,0.0,0.0,200.0,0.0,0.0,0.0,200.0,10.0,0.0,0.0,0.0,10.0,0.0,0.0,0.0,10.0
1.3732288714785799,0.48187284331298663,-0.17826032225222047,0.005,200.0,0.0,0.0,0.0,200.0,0.0,0.0,0.0,200.0,10.0,0.0,0.0,0.0,10.0,0.0,0.0,0.0,10.0
1.3742290381730289,0.4821768148797098,-0.17807229331958926,0.005,200.0,0.0,0.0,0.0,200.0,0.0,0.0,0.0,200.0,10.0,0.0,0.0,0.0,10.0,0.0,0.0,0.0,10.0
1.375229204867478,0.48248078644643294,-0.17788426438695806,0.005,200.0,0.0,0.0,0.0,200.0,0.0,0.0,0.0,200.0,10.0,0.0,0.0,0.0,10.0,0.0,0.0,0.0,10.0
1.376229371561927,0.482784758013156,-0.17769623545432692,0.005,200.0,0.0,0.0,0.0,200.0,0.0,0.0,0.0,200.0,10.0,0.0,0.0,0.0,10.0,0.0,0.0,0.0,10.0
1.3772295382563762,0.48308872957987914,-0.17750820652169572,0.005,200.0,0.0,0.0,0.0,200.0,0.0,0.0,0.0,200.0,10.0,0.0,0.0,0.0,10.0,0.0,0.0,0.0,10.0
1.3782297049508252,0.48339270114660227,-0.17732017758906451,0.005,200.0,0.0,0.0,0.0,200.0,0.0,0.0,0.0,200.0,10.0,0.0,0.0,0.0,10.0,0.0,0.0,0.0,10.0
1.3792298716452742,0.48369667271332534,-0.17713214865643334,0.005,200.0,0.0,0.0,0.0,200.0,0.0,0.0,0.0,200.0,10.0,0.0,0.0,0.0,10.0,0.0,0.0,0.0,10.0
1.3802300383397232,0.4840006442800485,-0.17694411972380214,0.005,200.0,0.0,0.0,0.0,200.0,0.0,0.0,0.0,200.0,10.0,0.0,0.0,0.0,10.0,0.0,0.0,0.0,10.0
1.3812302050341725,0.4843046158467716,-0.176756090791171,0.005,200.0,0.0,0.0,0.0,200.0,0.0,0.0,0.0,200.0,10.0,0.0,0.0,0.0,10.0,0.0,0.0,0.0,10.0
1.3822303717286215,0.4846085874134947,-0.1765680618585398,0.005,200.0,0.0,0.0,0.0,200.0,0.0,0.0,0.0,200.0,10.0,0.0,0.0,0.0,10.0,0.0,0.0,0.0,10.0
1.3832305384230705,0.48491255898021784,-0.1763800329259086,0.005,200.0,0.0,0.0,0.0,200.0,0.0,0.0,0.0,200.0,10.0,0.0,0.0,0.0,10.0,0.0,0.0,0.0,10.0
1.3842307051175196,0.4852165305469409,-0.17619200399327742,0.005,200.0,0.0,0.0,0.0,200.0,0.0,0.0,0.0,200.0,10.0,0.0,0.0,0.0,10.0,0.0,0.0,0.0,10.0
1.3852308718119688,0.485481281243954,-0.17604191894629811,0.005,200.0,0.0,0.0,0.0,200.0,0.0,0.0,0.0,200.0,10.0,0.0,0.0,0.0,10.0,0.0,0.0,0.0,10.0
1.3862310385064178,0.48572151889739823,-0.17591554882785124,0.005,200.0,0.0,0.0,0.0,200.0,0.0,0.0,0.0,200.0,10.0,0.0,0.0,0.0,10.0,0.0,0.0,0.0,10.0
1.3872312052008668,0.48596175655084245,-0.17578917870940436,0.005,200.0,0.0,0.0,0.0,200.0,0.0,0.0,0.0,200.0,10.0,0.0,0.0,0.0,10.0,0.0,0.0,0.0,10.0
1.3882313718953159,0.4862019942042867,-0.17566280859095748,0.005,200.0,0.0,0.0,0.0,200.0,0.0,0.0,0.0,200.0,10.0,0.0,0.0,0.0,10.0,0.0,0.0,0.0,10.0
1.3892315385897651,0.48644223185773094,-0.1755364384725106,0.005,200.0,0.0,0.0,0.0,200.0,0.0,0.0,0.0,200.0,10.0,0.0,0.0,0.0,10.0,0.0,0.0,0.0,10.0
1.3902317052842141,0.48668246951117516,-0.17541006835406373,0.005,200.0,0.0,0.0,0.0,200.0,0.0,0.0,0.0,200.0,10.0,0.0,0.0,0.0,10.0,0.0,0.0,0.0,10.0
1.3912318719786632,0.48692270716461944,-0.17528369823561685,0.005,200.0,0.0,0.0,0.0,200.0,0.0,0.0,0.0,200.0,10.0,0.0,0.0,0.0,10.0,0.0,0.0,0.0,10.0
1.3922320386731122,0.4871629448180637,-0.17515732811716997,0.005,200.0,0.0,0.0,0.0,200.0,0.0,0.0,0.0,200.0,10.0,0.0,0.0,0.0,10.0,0.0,0.0,0.0,10.0
1.3932322053675612,0.48740318247150793,-0.1750309579987231,0.005,200.0,0.0,0.0,0.0,200.0,0.0,0.0,0.0,200.0,10.0,0.0,0.0,0.0,10.0,0.0,0.0,0.0,10.0
1.3942323720620104,0.48764342012495215,-0.1749045878802762,0.005,200.0,0.0,0.0,0.0,200.0,0.0,0.0,0.0,200.0,10.0,0.0,0.0,0.0,10.0,0.0,0.0,0.0,10.0
1.3952325387564595,0.4878836577783964,-0.17477821776182936,0.005,200.0,0.0,0.0,0.0,200.0,0.0,0.0,0.0,200.0,10.0,0.0,0.0,0.0,10.0,0.0,0.0,0.0,10.0
1.3962327054509085,0.48812389543184065,-0.17465184764338246,0.005,200.0,0.0,0.0,0.0,200.0,0.0,0.0,0.0,200.0,10.0,0.0,0.0,0.0,10.0,0.0,0.0,0.0,10.0
1.3972328721453575,0.4883641330852849,-0.17452547752493558,0.005,200.0,0.0,0.0,0.0,200.0,0.0,0.0,0.0,200.0,10.0,0.0,0.0,0.0,10.0,0.0,0.0,0.0,10.0
1.3982330388398068,0.48860437073872914,-0.1743991074064887,0.005,200.0,0.0,0.0,0.0,200.0,0.0,0.0,0.0,200.0,10.0,0.0,0.0,0.0,10.0,0.0,0.0,0.0,10.0
1.3992332055342558,0.48884460839217336,-0.17427273728804182,0.005,200.0,0.0,0.0,0.0,200.0,0.0,0.0,0.0,200.0,10.0,0.0,0.0,0.0,10.0,0.0,0.0,0.0,10.0
1.4002333722287048,0.48908484604561764,-0.17414636716959495,0.005,200.0,0.0,0.0,0.0,200.0,0.0,0.0,0.0,200.0,10.0,0.0,0.0,0.0,10.0,0.0,0.0,0.0,10.0
1.4012335389231538,0.48932508369906186,-0.17401999705114807,0.005,200.0,0.0,0.0,0.0,200.0,0.0,0.0,0.0,200.0,10.0,0.0,0.0,0.0,10.0,0.0,0.0,0.0,10.0
1.402233705617603,0.4895653213525061,-0.1738936269327012,0.005,200.0,0.0,0.0,0.0,200.0,0.0,0.0,0.0,200.0,10.0,0.0,0.0,0.0,10.0,0.0,0.0,0.0,10.0
1.403233872312052,0.48980555900595035,-0.1737672568142543,0.005,200.0,0.0,0.0,0.0,200.0,0.0,0.0,0.0,200.0,10.0,0.0,0.0,0.0,10.0,0.0,0.0,0.0,10.0
1.4042340390065011,0.4900457966593946,-0.17364088669580743,0.005,200.0,0.0,0.0,0.0,200.0,0.0,0.0,0.0,200.0,10.0,0.0,0.0,0.0,10.0,0.0,0.0,0.0,10.0
1.4052342057009501,0.4903705200218602,-0.17345500304353575,0.005,200.0,0.0,0.0,0.0,200.0,0.0,0.0,0.0,200.0,10.0,0.0,0.0,0.0,10.0,0.0,0.0,0.0,10.0
1.4062343723953994,0.49076385602074324,-0.17322078718803666,0.005,200.0,0.0,0.0,0.0,200.0,0.0,0.0,0.0,200.0,10.0,0.0,0.0,0.0,10.0,0.0,0.0,0.0,10.0
1.4072345390898484,0.49115719201962615,-0.1729865713325376,0.005,200.0,0.0,0.0,0.0,200.0,0.0,0.0,0.0,200.0,10.0,0.0,0.0,0.0,10.0,0.0,0.0,0.0,10.0
1.4082347057842974,0.4915505280185092,-0.1727523554770385,0.005,200.0,0.0,0.0,0.0,200.0,0.0,0.0,0.0,200.0,10.0,0.0,0.0,0.0,10.0,0.0,0.0,0.0,10.0
1.4092348724787465,0.4919438640173922,-0.17251813962153936,0.005,200.0,0.0,0.0,0.0,200.0,0.0,0.0,0.0,200.0,10.0,0.0,0.0,0.0,10.0,0.0,0.0,0.0,10.0
1.4102350391731955,0.4923372000162751,-0.17228392376604032,0.005,200.0,0.0,0.0,0.0,200.0,0.0,0.0,0.0,200.0,10.0,0.0,0.0,0.0,10.0,0.0,0.0,0.0,10.0
1.4112352058676447,0.49273053601515815,-0.1720497079105412,0.005,200.0,0.0,0.0,0.0,200.0,0.0,0.0,0.0,200.0,10.0,0.0,0.0,0.0,10.0,0.0,0.0,0.0,10.0
1.4122353725620937,0.49312387201404106,-0.17181549205504215,0.005,200.0,0.0,0.0,0.0,200.0,0.0,0.0,0.0,200.0,10.0,0.0,0.0,0.0,10.0,0.0,0.0,0.0,10.0
1.4132355392565428,0.4935172080129241,-0.17158127619954303,0.005,200.0,0.0,0.0,0.0,200.0,0.0,0.0,0.0,200.0,10.0,0.0,0.0,0.0,10.0,0.0,0.0,0.0,10.0
1.4142357059509918,0.4939105440118071,-0.17134706034404393,0.005,200.0,0.0,0.0,0.0,200.0,0.0,0.0,0.0,200.0,10.0,0.0,0.0,0.0,10.0,0.0,0.0,0.0,10.0
1.415235872645441,0.49430388001069003,-0.17111284448854486,0.005,200.0,0.0,0.0,0.0,200.0,0.0,0.0,0.0,200.0,10.0,0.0,0.0,0.0,10.0,0.0,0.0,0.0,10.0
1.41623603933989,0.49469721600957306,-0.17087862863304576,0.005,200.0,0.0,0.0,0.0,200.0,0.0,0.0,0.0,200.0,10.0,0.0,0.0,0.0,10.0,0.0,0.0,0.0,10.0
1.417236206034339,0.49509055200845603,-0.17064441277754666,0.005,200.0,0.0,0.0,0.0,200.0,0.0,0.0,0.0,200.0,10.0,0.0,0.0,0.0,10.0,0.0,0.0,0.0,10.0
1.418236372728788,0.495483888007339,-0.1704101969220476,0.005,200.0,0.0,0.0,0.0,200.0,0.0,0.0,0.0,200.0,10.0,0.0,0.0,0.0,10.0,0.0,0.0,0.0,10.0
1.4192365394232374,0.49587722400622203,-0.1701759810665485,0.005,200.0,0.0,0.0,0.0,200.0,0.0,0.0,0.0,200.0,10.0,0.0,0.0,0.0,10.0,0.0,0.0,0.0,10.0
1.4202367061176864,0.496270560005105,-0.1699417652110494,0.005,200.0,0.0,0.0,0.0,200.0,0.0,0.0,0.0,200.0,10.0,0.0,0.0,0.0,10.0,0.0,0.0,0.0,10.0
1.4212368728121354,0.49666389600398797,-0.16970754935555032,0.005,200.0,0.0,0.0,0.0,200.0,0.0,0.0,0.0,200.0,10.0,0.0,0.0,0.0,10.0,0.0,0.0,0.0,10.0
1.4222370395065844,0.49705723200287094,-0.16947333350005123,0.005,200.0,0.0,0.0,0.0,200.0,0.0,0.0,0.0,200.0,10.0,0.0,0.0,0.0,10.0,0.0,0.0,0.0,10.0
1.4232372062010337,0.49745056800175397,-0.1692391176445521,0.005,200.0,0.0,0.0,0.0,200.0,0.0,0.0,0.0,200.0,10.0,0.0,0.0,0.0,10.0,0.0,0.0,0.0,10.0
1.4242373728954827,0.49784390400063694,-0.16900490178905303,0.005,200.0,0.0,0.0,0.0,200.0,0.0,0.0,0.0,200.0,10.0,0.0,0.0,0.0,10.0,0.0,0.0,0.0,10.0
1.4252375395899317,0.4981578032430718,-0.1688583781767297,0.005,200.0,0.0,0.0,0.0,200.0,0.0,0.0,0.0,200.0,10.0,0.0,0.0,0.0,10.0,0.0,0.0,0.0,10.0
1.4262377062843807,0.4983884571174479,-0.16880375123020014,0.005,200.0,0.0,0.0,0.0,200.0,0.0,0.0,0.0,200.0,10.0,0.0,0.0,0.0,10.0,0.0,0.0,0.0,10.0
1.4272378729788298,0.49861911099182404,-0.16874912428367056,0.005,200.0,0.0,0.0,0.0,200.0,0.0,0.0,0.0,200.0,10.0,0.0,0.0,0.0,10.0,0.0,0.0,0.0,10.0
1.428238039673279,0.4988497648662002,-0.168694497337141,0.005,200.0,0.0,0.0,0.0,200.0,0.0,0.0,0.0,200.0,10.0,0.0,0.0,0.0,10.0,0.0,0.0,0.0,10.0
1.429238206367728,0.4990804187405763,-0.16863987039061146,0.005,200.0,0.0,0.0,0.0,200.0,0.0,0.0,0.0,200.0,10.0,0.0,0.0,0.0,10.0,0.0,0.0,0.0,10.0
1.430238373062177,0.49931107261495244,-0.16858524344408188,0.005,200.0,0.0,0.0,0.0,200.0,0.0,0.0,0.0,200.0,10.0,0.0,0.0,0.0,10.0,0.0,0.0,0.0,10.0
1.431238539756626,0.4995417264893286,-0.16853061649755233,0.005,200.0,0.0,0.0,0.0,200.0,0.0,0.0,0.0,200.0,10.0,0.0,0.0,0.0,10.0,0.0,0.0,0.0,10.0
1.4322387064510753,0.4997723803637047,-0.16847598955102278,0.005,200.0,0.0,0.0,0.0,200.0,0.0,0.0,0.0,200.0,10.0,0.0,0.0,0.0,10.0,0.0,0.0,0.0,10.0
1.4332388731455243,0.5000030342380808,-0.1684213626044932,0.005,200.0,0.0,0.0,0.0,200.0,0.0,0.0,0.0,200.0,10.0,0.0,0.0,0.0,10.0,0.0,0.0,0.0,10.0
1.4342390398399734,0.5002336881124569,-0.16836673565796365,0.005,200.0,0.0,0.0,0.0,200.0,0.0,0.0,0.0,200.0,10.0,0.0,0.0,0.0,10.0,0.0,0.0,0.0,10.0
1.4352392065344224,0.5004643419868331,-0.1683121087114341,0.005,200.0,0.0,0.0,0.0,200.0,0.0,0.0,0.0,200.0,10.0,0.0,0.0,0.0,10.0,0.0,0.0,0.0,10.0
1.4362393732288716,0.5006949958612092,-0.16825748176490452,0.005,200.0,0.0,0.0,0.0,200.0,0.0,0.0,0.0,200.0,10.0,0.0,0.0,0.0,10.0,0.0,0.0,0.0,10.0
1.4372395399233207,0.5009256497355854,-0.16820285481837496,0.005,200.0,0.0,0.0,0.0,200.0,0.0,0.0,0.0,200.0,10.0,0.0,0.0,0.0,10.0,0.0,0.0,0.0,10.0
1.4382397066177697,0.5011563036099616,-0.1681482278718454,0.005,200.0,0.0,0.0,0.0,200.0,0.0,0.0,0.0,200.0,10.0,0.0,0.0,0.0,10.0,0.0,0.0,0.0,10.0
1.4392398733122187,0.5013869574843377,-0.16809360092531583,0.005,200.0,0.0,0.0,0.0,200.0,0.0,0.0,0.0,200.0,10.0,0.0,0.0,0.0,10.0,0.0,0.0,0.0,10.0
1.440240040006668,0.5016176113587139,-0.16803897397878628,0.005,200.0,0.0,0.0,0.0,200.0,0.0,0.0,0.0,200.0,10.0,0.0,0.0,0.0,10.0,0.0,0.0,0.0,10.0
1.441240206701117,0.5018482652330899,-0.16798434703225673,0.005,200.0,0.0,0.0,0.0,200.0,0.0,0.0,0.0,200.0,10.0,0.0,0.0,0.0,10.0,0.0,0.0,0.0,10.0
1.442240373395566,0.502078919107466,-0.16792972008572715,0.005,200.0,0.0,0.0,0.0,200.0,0.0,0.0,0.0,200.0,10.0,0.0,0.0,0.0,10.0,0.0,0.0,0.0,10.0
1.443240540090015,0.5023095729818422,-0.1678750931391976,0.005,200.0,0.0,0.0,0.0,200.0,0.0,0.0,0.0,200.0,10.0,0.0,0.0,0.0,10.0,0.0,0.0,0.0,10.0
1.444240706784464,0.5025402268562184,-0.16782046619266805,0.005,200.0,0.0,0.0,0.0,200.0,0.0,0.0,0.0,200.0,10.0,0.0,0.0,0.0,10.0,0.0,0.0,0.0,10.0
1.4452408734789133,0.5027488256259885,-0.16776215466763064,0.005,200.0,0.0,0.0,0.0,200.0,0.0,0.0,0.0,200.0,10.0,0.0,0.0,0.0,10.0,0.0,0.0,0.0,10.0
1.4462410401733623,0.5029275544903083,-0.1676988530047716,0.005,200.0,0.0,0.0,0.0,200.0,0.0,0.0,0.0,200.0,10.0,0.0,0.0,0.0,10.0,0.0,0.0,0.0,10.0
1.4472412068678113,0.503106283354628,-0.16763555134191258,0.005,200.0,0.0,0.0,0.0,200.0,0.0,0.0,0.0,200.0,10.0,0.0,0.0,0.0,10.0,0.0,0.0,0.0,10.0
1.4482413735622603,0.5032850122189478,-0.16757224967905354,0.005,200.0,0.0,0.0,0.0,200.0,0.0,0.0,0.0,200.0,10.0,0.0,0.0,0.0,10.0,0.0,0.0,0.0,10.0
1.4492415402567096,0.5034637410832675,-0.1675089480161945,0.005,200.0,0.0,0.0,0.0,200.0,0.0,0.0,0.0,200.0,10.0,0.0,0.0,0.0,10.0,0.0,0.0,0.0,10.0
1.4502417069511586,0.5036424699475873,-0.16744564635333548,0.005,200.0,0.0,0.0,0.0,200.0,0.0,0.0,0.0,200.0,10.0,0.0,0.0,0.0,10.0,0.0,0.0,0.0,10.0
1.4512418736456076,0.503821198811907,-0.16738234469047644,0.005,200.0,0.0,0.0,0.0,200.0,0.0,0.0,0.0,200.0,10.0,0.0,0.0,0.0,10.0,0.0,0.0,0.0,10.0
1.4522420403400567,0.5039999276762268,-0.1673190430276174,0.005,200.0,0.0,0.0,0.0,200.0,0.0,0.0,0.0,200.0,10.0,0.0,0.0,0.0,10.0,0.0,0.0,0.0,10.0
1.453242207034506,0.5041786565405465,-0.16725574136475838,0.005,200.0,0.0,0.0,0.0,200.0,0.0,0.0,0.0,200.0,10.0,0.0,0.0,0.0,10.0,0.0,0.0,0.0,10.0
1.454242373728955,0.5043573854048663,-0.16719243970189934,0.005,200.0,0.0,0.0,0.0,200.0,0.0,0.0,0.0,200.0,10.0,0.0,0.0,0.0,10.0,0.0,0.0,0.0,10.0
1.455242540423404,0.504536114269186,-0.1671291380390403,0.005,200.0,0.0,0.0,0.0,200.0,0.0,0.0,0.0,200.0,10.0,0.0,0.0,0.0,10.0,0.0,0.0,0.0,10.0
1.456242707117853,0.5047148431335058,-0.16706583637618128,0.005,200.0,0.0,0.0,0.0,200.0,0.0,0.0,0.0,200.0,10.0,0.0,0.0,0.0,10.0,0.0,0.0,0.0,10.0
1.457242873812302,0.5048935719978255,-0.16700253471332224,0.005,200.0,0.0,0.0,0.0,200.0,0.0,0.0,0.0,200.0,10.0,0.0,0.0,0.0,10.0,0.0,0.0,0.0,10.0
1.4582430405067512,0.5050723008621453,-0.16693923305046324,0.005,200.0,0.0,0.0,0.0,200.0,0.0,0.0,0.0,200.0,10.0,0.0,0.0,0.0,10.0,0.0,0.0,0.0,10.0
1.4592432072012003,0.505251029726465,-0.16687593138760418,0.005,200.0,0.0,0.0,0.0,200.0,0.0,0.0,0.0,200.0,10.0,0.0,0.0,0.0,10.0,0.0,0.0,0.0,10.0
1.4602433738956493,0.5054297585907847,-0.16681262972474517,0.005,200.0,0.0,0.0,0.0,200.0,0.0,0.0,0.0,200.0,10.0,0.0,0.0,0.0,10.0,0.0,0.0,0.0,10.0
1.4612435405900983,0.5056084874551044,-0.16674932806188614,0.005,200.0,0.0,0.0,0.0,200.0,0.0,0.0,0.0,200.0,10.0,0.0,0.0,0.0,10.0,0.0,0.0,0.0,10.0
1.4622437072845476,0.5057872163194242,-0.1666860263990271,0.005,200.0,0.0,0.0,0.0,200.0,0.0,0.0,0.0,200.0,10.0,0.0,0.0,0.0,10.0,0.0,0.0,0.0,10.0
1.4632438739789966,0.5059659451837439,-0.16662272473616807,0.005,200.0,0.0,0.0,0.0,200.0,0.0,0.0,0.0,200.0,10.0,0.0,0.0,0.0,10.0,0.0,0.0,0.0,10.0
1.4642440406734456,0.5061446740480637,-0.16655942307330904,0.005,200.0,0.0,0.0,0.0,200.0,0.0,0.0,0.0,200.0,10.0,0.0,0.0,0.0,10.0,0.0,0.0,0.0,10.0
1.4652442073678946,0.506329279002358,-0.1664658889489922,0.005,200.0,0.0,0.0,0.0,200.0,0.0,0.0,0.0,200.0,10.0,0.0,0.0,0.0,10.0,0.0,0.0,0.0,10.0
1.4662443740623439,0.5065242759305887,-0.16631888815672682,0.005,200.0,0.0,0.0,0.0,200.0,0.0,0.0,0.0,200.0,10.0,0.0,0.0,0.0,10.0,0.0,0.0,0.0,10.0
1.467244540756793,0.5067192728588195,-0.16617188736446145,0.005,200.0,0.0,0.0,0.0,200.0,0.0,0.0,0.0,200.0,10.0,0.0,0.0,0.0,10.0,0.0,0.0,0.0,10.0
1.468244707451242,0.5069142697870503,-0.16602488657219605,0.005,200.0,0.0,0.0,0.0,200.0,0.0,0.0,0.0,200.0,10.0,0.0,0.0,0.0,10.0,0.0,0.0,0.0,10.0
1.469244874145691,0.507109266715281,-0.1658778857799307,0.005,200.0,0.0,0.0,0.0,200.0,0.0,0.0,0.0,200.0,10.0,0.0,0.0,0.0,10.0,0.0,0.0,0.0,10.0
1.4702450408401402,0.5073042636435118,-0.1657308849876653,0.005,200.0,0.0,0.0,0.0,200.0,0.0,0.0,0.0,200.0,10.0,0.0,0.0,0.0,10.0,0.0,0.0,0.0,10.0
1.4712452075345892,0.5074992605717425,-0.16558388419539993,0.005,200.0,0.0,0.0,0.0,200.0,0.0,0.0,0.0,200.0,10.0,0.0,0.0,0.0,10.0,0.0,0.0,0.0,10.0
1.4722453742290382,0.5076942574999733,-0.16543688340313456,0.005,200.0,0.0,0.0,0.0,200.0,0.0,0.0,0.0,200.0,10.0,0.0,0.0,0.0,10.0,0.0,0.0,0.0,10.0
1.4732455409234873,0.5078892544282041,-0.1652898826108692,0.005,200.0,0.0,0.0,0.0,200.0,0.0,0.0,0.0,200.0,10.0,0.0,0.0,0.0,10.0,0.0,0.0,0.0,10.0
1.4742457076179363,0.5080842513564349,-0.16514288181860381,0.005,200.0,0.0,0.0,0.0,200.0,0.0,0.0,0.0,200.0,10.0,0.0,0.0,0.0,10.0,0.0,0.0,0.0,10.0
1.4752458743123855,0.5082792482846656,-0.16499588102633844,0.005,200.0,0.0,0.0,0.0,200.0,0.0,0.0,0.0,200.0,10.0,0.0,0.0,0.0,10.0,0.0,0.0,0.0,10.0
1.4762460410068345,0.5084742452128964,-0.16484888023407304,0.005,200.0,0.0,0.0,0.0,200.0,0.0,0.0,0.0,200.0,10.0,0.0,0.0,0.0,10.0,0.0,0.0,0.0,10.0
1.4772462077012836,0.5086692421411272,-0.1647018794418077,0.005,200.0,0.0,0.0,0.0,200.0,0.0,0.0,0.0,200.0,10.0,0.0,0.0,0.0,10.0,0.0,0.0,0.0,10.0
1.4782463743957326,0.508864239069358,-0.16455487864954232,0.005,200.0,0.0,0.0,0.0,200.0,0.0,0.0,0.0,200.0,10.0,0.0,0.0,0.0,10.0,0.0,0.0,0.0,10.0
1.4792465410901818,0.5090592359975887,-0.16440787785727692,0.005,200.0,0.0,0.0,0.0,200.0,0.0,0.0,0.0,200.0,10.0,0.0,0.0,0.0,10.0,0.0,0.0,0.0,10.0
1.4802467077846309,0.5092542329258194,-0.16426087706501158,0.005,200.0,0.0,0.0,0.0,200.0,0.0,0.0,0.0,200.0,10.0,0.0,0.0,0.0,10.0,0.0,0.0,0.0,10.0
1.4812468744790799,0.5094492298540502,-0.16411387627274618,0.005,200.0,0.0,0.0,0.0,200.0,0.0,0.0,0.0,200.0,10.0,0.0,0.0,0.0,10.0,0.0,0.0,0.0,10.0
1.482247041173529,0.509644226782281,-0.1639668754804808,0.005,200.0,0.0,0.0,0.0,200.0,0.0,0.0,0.0,200.0,10.0,0.0,0.0,0.0,10.0,0.0,0.0,0.0,10.0
1.4832472078679781,0.5098392237105117,-0.16381987468821543,0.005,200.0,0.0,0.0,0.0,200.0,0.0,0.0,0.0,200.0,10.0,0.0,0.0,0.0,10.0,0.0,0.0,0.0,10.0
1.4842473745624272,0.5100342206387425,-0.16367287389595006,0.005,200.0,0.0,0.0,0.0,200.0,0.0,0.0,0.0,200.0,10.0,0.0,0.0,0.0,10.0,0.0,0.0,0.0,10.0
1.4852475412568762,0.5102509753488267,-0.1635696291923523,0.005,200.0,0.0,0.0,0.0,200.0,0.0,0.0,0.0,200.0,10.0,0.0,0.0,0.0,10.0,0.0,0.0,0.0,10.0
1.4862477079513252,0.5105190686453063,-0.1635696291923523,0.005,200.0,0.0,0.0,0.0,200.0,0.0,0.0,0.0,200.0,10.0,0.0,0.0,0.0,10.0,0.0,0.0,0.0,10.0
1.4872478746457745,0.5107871619417859,-0.1635696291923523,0.005,200.0,0.0,0.0,0.0,200.0,0.0,0.0,0.0,200.0,10.0,0.0,0.0,0.0,10.0,0.0,0.0,0.0,10.0
1.4882480413402235,0.5110552552382654,-0.1635696291923523,0.005,200.0,0.0,0.0,0.0,200.0,0.0,0.0,0.0,200.0,10.0,0.0,0.0,0.0,10.0,0.0,0.0,0.0,10.0
1.4892482080346725,0.511323348534745,-0.1635696291923523,0.005,200.0,0.0,0.0,0.0,200.0,0.0,0.0,0.0,200.0,10.0,0.0,0.0,0.0,10.0,0.0,0.0,0.0,10.0
1.4902483747291215,0.5115914418312247,-0.1635696291923523,0.005,200.0,0.0,0.0,0.0,200.0,0.0,0.0,0.0,200.0,10.0,0.0,0.0,0.0,10.0,0.0,0.0,0.0,10.0
1.4912485414235706,0.5118595351277043,-0.1635696291923523,0.005,200.0,0.0,0.0,0.0,200.0,0.0,0.0,0.0,200.0,10.0,0.0,0.0,0.0,10.0,0.0,0.0,0.0,10.0
1.4922487081180198,0.5121276284241839,-0.1635696291923523,0.005,200.0,0.0,0.0,0.0,200.0,0.0,0.0,0.0,200.0,10.0,0.0,0.0,0.0,10.0,0.0,0.0,0.0,10.0
1.4932488748124688,0.5123957217206635,-0.1635696291923523,0.005,200.0,0.0,0.0,0.0,200.0,0.0,0.0,0.0,200.0,10.0,0.0,0.0,0.0,10.0,0.0,0.0,0.0,10.0
1.4942490415069178,0.5126638150171431,-0.1635696291923523,0.005,200.0,0.0,0.0,0.0,200.0,0.0,0.0,0.0,200.0,10.0,0.0,0.0,0.0,10.0,0.0,0.0,0.0,10.0
1.4952492082013669,0.5129319083136228,-0.1635696291923523,0.005,200.0,0.0,0.0,0.0,200.0,0.0,0.0,0.0,200.0,10.0,0.0,0.0,0.0,10.0,0.0,0.0,0.0,10.0
1.496249374895816,0.5132000016101024,-0.1635696291923523,0.005,200.0,0.0,0.0,0.0,200.0,0.0,0.0,0.0,200.0,10.0,0.0,0.0,0.0,10.0,0.0,0.0,0.0,10.0
1.4972495415902651,0.513468094906582,-0.1635696291923523,0.005,200.0,0.0,0.0,0.0,200.0,0.0,0.0,0.0,200.0,10.0,0.0,0.0,0.0,10.0,0.0,0.0,0.0,10.0
1.4982497082847142,0.5137361882030617,-0.1635696291923523,0.005,200.0,0.0,0.0,0.0,200.0,0.0,0.0,0.0,200.0,10.0,0.0,0.0,0.0,10.0,0.0,0.0,0.0,10.0
1.4992498749791632,0.5140042814995412,-0.1635696291923523,0.005,200.0,0.0,0.0,0.0,200.0,0.0,0.0,0.0,200.0,10.0,0.0,0.0,0.0,10.0,0.0,0.0,0.0,10.0
1.5002500416736124,0.5142723747960208,-0.1635696291923523,0.005,200.0,0.0,0.0,0.0,200.0,0.0,0.0,0.0,200.0,10.0,0.0,0.0,0.0,10.0,0.0,0.0,0.0,10.0
1.5012502083680614,0.5145404680925004,-0.1635696291923523,0.005,200.0,0.0,0.0,0.0,200.0,0.0,0.0,0.0,200.0,10.0,0.0,0.0,0.0,10.0,0.0,0.0,0.0,10.0
1.5022503750625105,0.5148085613889801,-0.1635696291923523,0.005,200.0,0.0,0.0,0.0,200.0,0.0,0.0,0.0,200.0,10.0,0.0,0.0,0.0,10.0,0.0,0.0,0.0,10.0
1.5032505417569595,0.5150766546854597,-0.1635696291923523,0.005,200.0,0.0,0.0,0.0,200.0,0.0,0.0,0.0,200.0,10.0,0.0,0.0,0.0,10.0,0.0,0.0,0.0,10.0
1.5042507084514085,0.5153447479819393,-0.1635696291923523,0.005,200.0,0.0,0.0,0.0,200.0,0.0,0.0,0.0,200.0,10.0,0.0,0.0,0.0,10.0,0.0,0.0,0.0,10.0
1.5052508751458578,0.5156128405829155,-0.1635696291923523,0.005,200.0,0.0,0.0,0.0,200.0,0.0,0.0,0.0,200.0,10.0,0.0,0.0,0.0,10.0,0.0,0.0,0.0,10.0
1.5062510418403068,0.5158809309086018,-0.1635696291923523,0.005,200.0,0.0,0.0,0.0,200.0,0.0,0.0,0.0,200.0,10.0,0.0,0.0,0.0,10.0,0.0,0.0,0.0,10.0
1.5072512085347558,0.5161490212342882,-0.1635696291923523,0.005,200.0,0.0,0.0,0.0,200.0,0.0,0.0,0.0,200.0,10.0,0.0,0.0,0.0,10.0,0.0,0.0,0.0,10.0
1.5082513752292048,0.5164171115599745,-0.1635696291923523,0.005,200.0,0.0,0.0,0.0,200.0,0.0,0.0,0.0,200.0,10.0,0.0,0.0,0.0,10.0,0.0,0.0,0.0,10.0
1.509251541923654,0.5166852018856609,-0.1635696291923523,0.005,200.0,0.0,0.0,0.0,200.0,0.0,0.0,0.0,200.0,10.0,0.0,0.0,0.0,10.0,0.0,0.0,0.0,10.0
1.510251708618103,0.5169532922113472,-0.1635696291923523,0.005,200.0,0.0,0.0,0.0,200.0,0.0,0.0,0.0,200.0,10.0,0.0,0.0,0.0,10.0,0.0,0.0,0.0,10.0
1.5112518753125521,0.5172213825370335,-0.1635696291923523,0.005,200.0,0.0,0.0,0.0,200.0,0.0,0.0,0.0,200.0,10.0,0.0,0.0,0.0,10.0,0.0,0.0,0.0,10.0
1.5122520420070011,0.51748947286272,-0.1635696291923523,0.005,200.0,0.0,0.0,0.0,200.0,0.0,0.0,0.0,200.0,10.0,0.0,0.0,0.0,10.0,0.0,0.0,0.0,10.0
1.5132522087014504,0.5177575631884063,-0.1635696291923523,0.005,200.0,0.0,0.0,0.0,200.0,0.0,0.0,0.0,200.0,10.0,0.0,0.0,0.0,10.0,0.0,0.0,0.0,10.0
1.5142523753958994,0.5180256535140927,-0.1635696291923523,0.005,200.0,0.0,0.0,0.0,200.0,0.0,0.0,0.0,200.0,10.0,0.0,0.0,0.0,10.0,0.0,0.0,0.0,10.0
1.5152525420903484,0.5182937438397789,-0.1635696291923523,0.005,200.0,0.0,0.0,0.0,200.0,0.0,0.0,0.0,200.0,10.0,0.0,0.0,0.0,10.0,0.0,0.0,0.0,10.0
1.5162527087847975,0.5185618341654653,-0.1635696291923523,0.005,200.0,0.0,0.0,0.0,200.0,0.0,0.0,0.0,200.0,10.0,0.0,0.0,0.0,10.0,0.0,0.0,0.0,10.0
1.5172528754792467,0.5188299244911517,-0.1635696291923523,0.005,200.0,0.0,0.0,0.0,200.0,0.0,0.0,0.0,200.0,10.0,0.0,0.0,0.0,10.0,0.0,0.0,0.0,10.0
1.5182530421736957,0.519098014816838,-0.1635696291923523,0.005,200.0,0.0,0.0,0.0,200.0,0.0,0.0,0.0,200.0,10.0,0.0,0.0,0.0,10.0,0.0,0.0,0.0,10.0
1.5192532088681447,0.5193661051425245,-0.1635696291923523,0.005,200.0,0.0,0.0,0.0,200.0,0.0,0.0,0.0,200.0,10.0,0.0,0.0,0.0,10.0,0.0,0.0,0.0,10.0
1.5202533755625938,0.5196341954682108,-0.1635696291923523,0.005,200.0,0.0,0.0,0.0,200.0,0.0,0.0,0.0,200.0,10.0,0.0,0.0,0.0,10.0,0.0,0.0,0.0,10.0
1.5212535422570428,0.5199022857938971,-0.1635696291923523,0.005,200.0,0.0,0.0,0.0,200.0,0.0,0.0,0.0,200.0,10.0,0.0,0.0,0.0,10.0,0.0,0.0,0.0,10.0
1.522253708951492,0.5201703761195834,-0.1635696291923523,0.005,200.0,0.0,0.0,0.0,200.0,0.0,0.0,0.0,200.0,10.0,0.0,0.0,0.0,10.0,0.0,0.0,0.0,10.0
1.523253875645941,0.5204384664452698,-0.1635696291923523,0.005,200.0,0.0,0.0,0.0,200.0,0.0,0.0,0.0,200.0,10.0,0.0,0.0,0.0,10.0,0.0,0.0,0.0,10.0
1.52425404234039,0.5207065567709561,-0.1635696291923523,0.005,200.0,0.0,0.0,0.0,200.0,0.0,0.0,0.0,200.0,10.0,0.0,0.0,0.0,10.0,0.0,0.0,0.0,10.0
1.525254209034839,0.5209860134212191,-0.1635696291923523,0.005,200.0,0.0,0.0,0.0,200.0,0.0,0.0,0.0,200.0,10.0,0.0,0.0,0.0,10.0,0.0,0.0,0.0,10.0
1.5262543757292883,0.5213207416105994,-0.1635696291923523,0.005,200.0,0.0,0.0,0.0,200.0,0.0,0.0,0.0,200.0,10.0,0.0,0.0,0.0,10.0,0.0,0.0,0.0,10.0
1.5272545424237374,0.5216554697999797,-0.1635696291923523,0.005,200.0,0.0,0.0,0.0,200.0,0.0,0.0,0.0,200.0,10.0,0.0,0.0,0.0,10.0,0.0,0.0,0.0,10.0
1.5282547091181864,0.52199019798936,-0.1635696291923523,0.005,200.0,0.0,0.0,0.0,200.0,0.0,0.0,0.0,200.0,10.0,0.0,0.0,0.0,10.0,0.0,0.0,0.0,10.0
1.5292548758126354,0.5223249261787403,-0.1635696291923523,0.005,200.0,0.0,0.0,0.0,200.0,0.0,0.0,0.0,200.0,10.0,0.0,0.0,0.0,10.0,0.0,0.0,0.0,10.0
1.5302550425070847,0.5226596543681207,-0.1635696291923523,0.005,200.0,0.0,0.0,0.0,200.0,0.0,0.0,0.0,200.0,10.0,0.0,0.0,0.0,10.0,0.0,0.0,0.0,10.0
1.5312552092015337,0.522994382557501,-0.1635696291923523,0.005,200.0,0.0,0.0,0.0,200.0,0.0,0.0,0.0,200.0,10.0,0.0,0.0,0.0,10.0,0.0,0.0,0.0,10.0
1.5322553758959827,0.5233291107468812,-0.1635696291923523,0.005,200.0,0.0,0.0,0.0,200.0,0.0,0.0,0.0,200.0,10.0,0.0,0.0,0.0,10.0,0.0,0.0,0.0,10.0
1.5332555425904317,0.5236638389362616,-0.1635696291923523,0.005,200.0,0.0,0.0,0.0,200.0,0.0,0.0,0.0,200.0,10.0,0.0,0.0,0.0,10.0,0.0,0.0,0.0,10.0
1.534255709284881,0.5239985671256419,-0.1635696291923523,0.005,200.0,0.0,0.0,0.0,200.0,0.0,0.0,0.0,200.0,10.0,0.0,0.0,0.0,10.0,0.0,0.0,0.0,10.0
1.53525587597933,0.5243332953150222,-0.1635696291923523,0.005,200.0,0.0,0.0,0.0,200.0,0.0,0.0,0.0,200.0,10.0,0.0,0.0,0.0,10.0,0.0,0.0,0.0,10.0
1.536256042673779,0.5246680235044026,-0.1635696291923523,0.005,200.0,0.0,0.0,0.0,200.0,0.0,0.0,0.0,200.0,10.0,0.0,0.0,0.0,10.0,0.0,0.0,0.0,10.0
1.537256209368228,0.5250027516937829,-0.1635696291923523,0.005,200.0,0.0,0.0,0.0,200.0,0.0,0.0,0.0,200.0,10.0,0.0,0.0,0.0,10.0,0.0,0.0,0.0,10.0
1.538256376062677,0.525337479883163,-0.1635696291923523,0.005,200.0,0.0,0.0,0.0,200.0,0.0,0.0,0.0,200.0,10.0,0.0,0.0,0.0,10.0,0.0,0.0,0.0,10.0
1.5392565427571263,0.5256722080725434,-0.1635696291923523,0.005,200.0,0.0,0.0,0.0,200.0,0.0,0.0,0.0,200.0,10.0,0.0,0.0,0.0,10.0,0.0,0.0,0.0,10.0
1.5402567094515753,0.5260069362619237,-0.1635696291923523,0.005,200.0,0.0,0.0,0.0,200.0,0.0,0.0,0.0,200.0,10.0,0.0,0.0,0.0,10.0,0.0,0.0,0.0,10.0
1.5412568761460244,0.526341664451304,-0.1635696291923523,0.005,200.0,0.0,0.0,0.0,200.0,0.0,0.0,0.0,200.0,10.0,0.0,0.0,0.0,10.0,0.0,0.0,0.0,10.0
1.5422570428404734,0.5266763926406844,-0.1635696291923523,0.005,200.0,0.0,0.0,0.0,200.0,0.0,0.0,0.0,200.0,10.0,0.0,0.0,0.0,10.0,0.0,0.0,0.0,10.0
1.5432572095349226,0.5270111208300647,-0.1635696291923523,0.005,200.0,0.0,0.0,0.0,200.0,0.0,0.0,0.0,200.0,10.0,0.0,0.0,0.0,10.0,0.0,0.0,0.0,10.0
1.5442573762293716,0.5273458490194449,-0.1635696291923523,0.005,200.0,0.0,0.0,0.0,200.0,0.0,0.0,0.0,200.0,10.0,0.0,0.0,0.0,10.0,0.0,0.0,0.0,10.0
1.5452575429238207,0.5276777862926229,-0.1635696291923523,0.005,200.0,0.0,0.0,0.0,200.0,0.0,0.0,0.0,200.0,10.0,0.0,0.0,0.0,10.0,0.0,0.0,0.0,10.0
1.5462577096182697,0.527986436858736,-0.1635696291923523,0.005,200.0,0.0,0.0,0.0,200.0,0.0,0.0,0.0,200.0,10.0,0.0,0.0,0.0,10.0,0.0,0.0,0.0,10.0
1.547257876312719,0.5282950874248491,-0.1635696291923523,0.005,200.0,0.0,0.0,0.0,200.0,0.0,0.0,0.0,200.0,10.0,0.0,0.0,0.0,10.0,0.0,0.0,0.0,10.0
1.548258043007168,0.5286037379909623,-0.1635696291923523,0.005,200.0,0.0,0.0,0.0,200.0,0.0,0.0,0.0,200.0,10.0,0.0,0.0,0.0,10.0,0.0,0.0,0.0,10.0
1.549258209701617,0.5289123885570755,-0.1635696291923523,0.005,200.0,0.0,0.0,0.0,200.0,0.0,0.0,0.0,200.0,10.0,0.0,0.0,0.0,10.0,0.0,0.0,0.0,10.0
1.550258376396066,0.5292210391231885,-0.1635696291923523,0.005,200.0,0.0,0.0,0.0,200.0,0.0,0.0,0.0,200.0,10.0,0.0,0.0,0.0,10.0,0.0,0.0,0.0,10.0
1.5512585430905153,0.5295296896893017,-0.1635696291923523,0.005,200.0,0.0,0.0,0.0,200.0,0.0,0.0,0.0,200.0,10.0,0.0,0.0,0.0,10.0,0.0,0.0,0.0,10.0
1.5522587097849643,0.5298383402554149,-0.1635696291923523,0.005,200.0,0.0,0.0,0.0,200.0,0.0,0.0,0.0,200.0,10.0,0.0,0.0,0.0,10.0,0.0,0.0,0.0,10.0
1.5532588764794133,0.530146990821528,-0.1635696291923523,0.005,200.0,0.0,0.0,0.0,200.0,0.0,0.0,0.0,200.0,10.0,0.0,0.0,0.0,10.0,0.0,0.0,0.0,10.0
1.5542590431738623,0.5304556413876412,-0.1635696291923523,0.005,200.0,0.0,0.0,0.0,200.0,0.0,0.0,0.0,200.0,10.0,0.0,0.0,0.0,10.0,0.0,0.0,0.0,10.0
1.5552592098683113,0.5307642919537543,-0.1635696291923523,0.005,200.0,0.0,0.0,0.0,200.0,0.0,0.0,0.0,200.0,10.0,0.0,0.0,0.0,10.0,0.0,0.0,0.0,10.0
1.5562593765627606,0.5310729425198675,-0.1635696291923523,0.005,200.0,0.0,0.0,0.0,200.0,0.0,0.0,0.0,200.0,10.0,0.0,0.0,0.0,10.0,0.0,0.0,0.0,10.0
1.5572595432572096,0.5313815930859807,-0.1635696291923523,0.005,200.0,0.0,0.0,0.0,200.0,0.0,0.0,0.0,200.0,10.0,0.0,0.0,0.0,10.0,0.0,0.0,0.0,10.0
1.5582597099516586,0.5316902436520938,-0.1635696291923523,0.005,200.0,0.0,0.0,0.0,200.0,0.0,0.0,0.0,200.0,10.0,0.0,0.0,0.0,10.0,0.0,0.0,0.0,10.0
1.5592598766461077,0.531998894218207,-0.1635696291923523,0.005,200.0,0.0,0.0,0.0,200.0,0.0,0.0,0.0,200.0,10.0,0.0,0.0,0.0,10.0,0.0,0.0,0.0,10.0
1.560260043340557,0.5323075447843201,-0.1635696291923523,0.005,200.0,0.0,0.0,0.0,200.0,0.0,0.0,0.0,200.0,10.0,0.0,0.0,0.0,10.0,0.0,0.0,0.0,10.0
1.561260210035006,0.5326161953504333,-0.1635696291923523,0.005,200.0,0.0,0.0,0.0,200.0,0.0,0.0,0.0,200.0,10.0,0.0,0.0,0.0,10.0,0.0,0.0,0.0,10.0
1.562260376729455,0.5329248459165464,-0.1635696291923523,0.005,200.0,0.0,0.0,0.0,200.0,0.0,0.0,0.0,200.0,10.0,0.0,0.0,0.0,10.0,0.0,0.0,0.0,10.0
1.563260543423904,0.5332334964826596,-0.1635696291923523,0.005,200.0,0.0,0.0,0.0,200.0,0.0,0.0,0.0,200.0,10.0,0.0,0.0,0.0,10.0,0.0,0.0,0.0,10.0
1.5642607101183532,0.5335421470487728,-0.1635696291923523,0.005,200.0,0.0,0.0,0.0,200.0,0.0,0.0,0.0,200.0,10.0,0.0,0.0,0.0,10.0,0.0,0.0,0.0,10.0
1.5652608768128022,0.5338529196654306,-0.1635696291923523,0.005,200.0,0.0,0.0,0.0,200.0,0.0,0.0,0.0,200.0,10.0,0.0,0.0,0.0,10.0,0.0,0.0,0.0,10.0
1.5662610435072513,0.53421037739407,-0.1635696291923523,0.005,200.0,0.0,0.0,0.0,200.0,0.0,0.0,0.0,200.0,10.0,0.0,0.0,0.0,10.0,0.0,0.0,0.0,10.0
1.5672612102017003,0.5345678351227096,-0.1635696291923523,0.005,200.0,0.0,0.0,0.0,200.0,0.0,0.0,0.0,200.0,10.0,0.0,0.0,0.0,10.0,0.0,0.0,0.0,10.0
1.5682613768961495,0.534925292851349,-0.1635696291923523,0.005,200.0,0.0,0.0,0.0,200.0,0.0,0.0,0.0,200.0,10.0,0.0,0.0,0.0,10.0,0.0,0.0,0.0,10.0
1.5692615435905986,0.5352827505799885,-0.1635696291923523,0.005,200.0,0.0,0.0,0.0,200.0,0.0,0.0,0.0,200.0,10.0,0.0,0.0,0.0,10.0,0.0,0.0,0.0,10.0
1.5702617102850476,0.535640208308628,-0.1635696291923523,0.005,200.0,0.0,0.0,0.0,200.0,0.0,0.0,0.0,200.0,10.0,0.0,0.0,0.0,10.0,0.0,0.0,0.0,10.0
1.5712618769794966,0.5359976660372675,-0.1635696291923523,0.005,200.0,0.0,0.0,0.0,200.0,0.0,0.0,0.0,200.0,10.0,0.0,0.0,0.0,10.0,0.0,0.0,0.0,10.0
1.5722620436739456,0.5363551237659069,-0.1635696291923523,0.005,200.0,0.0,0.0,0.0,200.0,0.0,0.0,0.0,200.0,10.0,0.0,0.0,0.0,10.0,0.0,0.0,0.0,10.0
1.5732622103683949,0.5367125814945465,-0.1635696291923523,0.005,200.0,0.0,0.0,0.0,200.0,0.0,0.0,0.0,200.0,10.0,0.0,0.0,0.0,10.0,0.0,0.0,0.0,10.0
1.5742623770628439,0.537070039223186,-0.1635696291923523,0.005,200.0,0.0,0.0,0.0,200.0,0.0,0.0,0.0,200.0,10.0,0.0,0.0,0.0,10.0,0.0,0.0,0.0,10.0
1.575262543757293,0.5374274969518255,-0.1635696291923523,0.005,200.0,0.0,0.0,0.0,200.0,0.0,0.0,0.0,200.0,10.0,0.0,0.0,0.0,10.0,0.0,0.0,0.0,10.0
1.576262710451742,0.5377849546804649,-0.1635696291923523,0.005,200.0,0.0,0.0,0.0,200.0,0.0,0.0,0.0,200.0,10.0,0.0,0.0,0.0,10.0,0.0,0.0,0.0,10.0
1.5772628771461912,0.5381424124091043,-0.1635696291923523,0.005,200.0,0.0,0.0,0.0,200.0,0.0,0.0,0.0,200.0,10.0,0.0,0.0,0.0,10.0,0.0,0.0,0.0,10.0
1.5782630438406402,0.5384998701377438,-0.1635696291923523,0.005,200.0,0.0,0.0,0.0,200.0,0.0,0.0,0.0,200.0,10.0,0.0,0.0,0.0,10.0,0.0,0.0,0.0,10.0
1.5792632105350892,0.5388573278663834,-0.1635696291923523,0.005,200.0,0.0,0.0,0.0,200.0,0.0,0.0,0.0,200.0,10.0,0.0,0.0,0.0,10.0,0.0,0.0,0.0,10.0
1.5802633772295382,0.5392147855950229,-0.1635696291923523,0.005,200.0,0.0,0.0,0.0,200.0,0.0,0.0,0.0,200.0,10.0,0.0,0.0,0.0,10.0,0.0,0.0,0.0,10.0
1.5812635439239875,0.5395722433236624,-0.1635696291923523,0.005,200.0,0.0,0.0,0.0,200.0,0.0,0.0,0.0,200.0,10.0,0.0,0.0,0.0,10.0,0.0,0.0,0.0,10.0
1.5822637106184365,0.5399297010523019,-0.1635696291923523,0.005,200.0,0.0,0.0,0.0,200.0,0.0,0.0,0.0,200.0,10.0,0.0,0.0,0.0,10.0,0.0,0.0,0.0,10.0
1.5832638773128855,0.5402871587809412,-0.1635696291923523,0.005,200.0,0.0,0.0,0.0,200.0,0.0,0.0,0.0,200.0,10.0,0.0,0.0,0.0,10.0,0.0,0.0,0.0,10.0
1.5842640440073346,0.5406446165095807,-0.1635696291923523,0.005,200.0,0.0,0.0,0.0,200.0,0.0,0.0,0.0,200.0,10.0,0.0,0.0,0.0,10.0,0.0,0.0,0.0,10.0
1.5852642107017836,0.5410020742382203,-0.1635696291923523,0.005,200.0,0.0,0.0,0.0,200.0,0.0,0.0,0.0,200.0,10.0,0.0,0.0,0.0,10.0,0.0,0.0,0.0,10.0
1.5862643773962328,0.5413215323515108,-0.16358961588960028,0.005,200.0,0.0,0.0,0.0,200.0,0.0,0.0,0.0,200.0,10.0,0.0,0.0,0.0,10.0,0.0,0.0,0.0,10.0
1.5872645440906819,0.5416402123156817,-0.16361001187075097,0.005,200.0,0.0,0.0,0.0,200.0,0.0,0.0,0.0,200.0,10.0,0.0,0.0,0.0,10.0,0.0,0.0,0.0,10.0
1.5882647107851309,0.5419588922798525,-0.16363040785190164,0.005,200.0,0.0,0.0,0.0,200.0,0.0,0.0,0.0,200.0,10.0,0.0,0.0,0.0,10.0,0.0,0.0,0.0,10.0
1.58926487747958,0.5422775722440232,-0.16365080383305233,0.005,200.0,0.0,0.0,0.0,200.0,0.0,0.0,0.0,200.0,10.0,0.0,0.0,0.0,10.0,0.0,0.0,0.0,10.0
1.5902650441740291,0.542596252208194,-0.163671199814203,0.005,200.0,0.0,0.0,0.0,200.0,0.0,0.0,0.0,200.0,10.0,0.0,0.0,0.0,10.0,0.0,0.0,0.0,10.0
1.5912652108684782,0.5429149321723649,-0.1636915957953537,0.005,200.0,0.0,0.0,0.0,200.0,0.0,0.0,0.0,200.0,10.0,0.0,0.0,0.0,10.0,0.0,0.0,0.0,10.0
1.5922653775629272,0.5432336121365356,-0.16371199177650436,0.005,200.0,0.0,0.0,0.0,200.0,0.0,0.0,0.0,200.0,10.0,0.0,0.0,0.0,10.0,0.0,0.0,0.0,10.0
1.5932655442573762,0.5435522921007064,-0.16373238775765506,0.005,200.0,0.0,0.0,0.0,200.0,0.0,0.0,0.0,200.0,10.0,0.0,0.0,0.0,10.0,0.0,0.0,0.0,10.0
1.5942657109518255,0.5438709720648771,-0.16375278373880572,0.005,200.0,0.0,0.0,0.0,200.0,0.0,0.0,0.0,200.0,10.0,0.0,0.0,0.0,10.0,0.0,0.0,0.0,10.0
1.5952658776462745,0.5441896520290479,-0.1637731797199564,0.005,200.0,0.0,0.0,0.0,200.0,0.0,0.0,0.0,200.0,10.0,0.0,0.0,0.0,10.0,0.0,0.0,0.0,10.0
1.5962660443407235,0.5445083319932188,-0.16379357570110709,0.005,200.0,0.0,0.0,0.0,200.0,0.0,0.0,0.0,200.0,10.0,0.0,0.0,0.0,10.0,0.0,0.0,0.0,10.0
1.5972662110351725,0.5448270119573896,-0.16381397168225775,0.005,200.0,0.0,0.0,0.0,200.0,0.0,0.0,0.0,200.0,10.0,0.0,0.0,0.0,10.0,0.0,0.0,0.0,10.0
1.5982663777296218,0.5451456919215604,-0.16383436766340845,0.005,200.0,0.0,0.0,0.0,200.0,0.0,0.0,0.0,200.0,10.0,0.0,0.0,0.0,10.0,0.0,0.0,0.0,10.0
1.5992665444240708,0.5454643718857312,-0.16385476364455911,0.005,200.0,0.0,0.0,0.0,200.0,0.0,0.0,0.0,200.0,10.0,0.0,0.0,0.0,10.0,0.0,0.0,0.0,10.0
1.6002667111185198,0.545783051849902,-0.1638751596257098,0.005,200.0,0.0,0.0,0.0,200.0,0.0,0.0,0.0,200.0,10.0,0.0,0.0,0.0,10.0,0.0,0.0,0.0,10.0
1.6012668778129688,0.5461017318140727,-0.16389555560686048,0.005,200.0,0.0,0.0,0.0,200.0,0.0,0.0,0.0,200.0,10.0,0.0,0.0,0.0,10.0,0.0,0.0,0.0,10.0
1.6022670445074179,0.5464204117782435,-0.16391595158801117,0.005,200.0,0.0,0.0,0.0,200.0,0.0,0.0,0.0,200.0,10.0,0.0,0.0,0.0,10.0,0.0,0.0,0.0,10.0
1.603267211201867,0.5467390917424143,-0.16393634756916184,0.005,200.0,0.0,0.0,0.0,200.0,0.0,0.0,0.0,200.0,10.0,0.0,0.0,0.0,10.0,0.0,0.0,0.0,10.0
1.6042673778963161,0.5470577717065851,-0.16395674355031253,0.005,200.0,0.0,0.0,0.0,200.0,0.0,0.0,0.0,200.0,10.0,0.0,0.0,0.0,10.0,0.0,0.0,0.0,10.0
1.6052675445907651,0.547376451670756,-0.1639771395314632,0.005,200.0,0.0,0.0,0.0,200.0,0.0,0.0,0.0,200.0,10.0,0.0,0.0,0.0,10.0,0.0,0.0,0.0,10.0
1.6062677112852142,0.5476054803075979,-0.1640649992866424,0.005,200.0,0.0,0.0,0.0,200.0,0.0,0.0,0.0,200.0,10.0,0.0,0.0,0.0,10.0,0.0,0.0,0.0,10.0
1.6072678779796634,0.5478263290788079,-0.16415901449565629,0.005,200.0,0.0,0.0,0.0,200.0,0.0,0.0,0.0,200.0,10.0,0.0,0.0,0.0,10.0,0.0,0.0,0.0,10.0
1.6082680446741124,0.5480471778500178,-0.1642530297046702,0.005,200.0,0.0,0.0,0.0,200.0,0.0,0.0,0.0,200.0,10.0,0.0,0.0,0.0,10.0,0.0,0.0,0.0,10.0
1.6092682113685615,0.5482680266212276,-0.16434704491368413,0.005,200.0,0.0,0.0,0.0,200.0,0.0,0.0,0.0,200.0,10.0,0.0,0.0,0.0,10.0,0.0,0.0,0.0,10.0
1.6102683780630105,0.5484888753924376,-0.16444106012269805,0.005,200.0,0.0,0.0,0.0,200.0,0.0,0.0,0.0,200.0,10.0,0.0,0.0,0.0,10.0,0.0,0.0,0.0,10.0
1.6112685447574597,0.5487097241636474,-0.1645350753317119,0.005,200.0,0.0,0.0,0.0,200.0,0.0,0.0,0.0,200.0,10.0,0.0,0.0,0.0,10.0,0.0,0.0,0.0,10.0
1.6122687114519088,0.5489305729348574,-0.16462909054072583,0.005,200.0,0.0,0.0,0.0,200.0,0.0,0.0,0.0,200.0,10.0,0.0,0.0,0.0,10.0,0.0,0.0,0.0,10.0
1.6132688781463578,0.5491514217060672,-0.16472310574973975,0.005,200.0,0.0,0.0,0.0,200.0,0.0,0.0,0.0,200.0,10.0,0.0,0.0,0.0,10.0,0.0,0.0,0.0,10.0
1.6142690448408068,0.5493722704772771,-0.16481712095875367,0.005,200.0,0.0,0.0,0.0,200.0,0.0,0.0,0.0,200.0,10.0,0.0,0.0,0.0,10.0,0.0,0.0,0.0,10.0
1.615269211535256,0.5495931192484871,-0.1649111361677676,0.005,200.0,0.0,0.0,0.0,200.0,0.0,0.0,0.0,200.0,10.0,0.0,0.0,0.0,10.0,0.0,0.0,0.0,10.0
1.616269378229705,0.549813968019697,-0.16500515137678148,0.005,200.0,0.0,0.0,0.0,200.0,0.0,0.0,0.0,200.0,10.0,0.0,0.0,0.0,10.0,0.0,0.0,0.0,10.0
1.617269544924154,0.5500348167909068,-0.16509916658579538,0.005,200.0,0.0,0.0,0.0,200.0,0.0,0.0,0.0,200.0,10.0,0.0,0.0,0.0,10.0,0.0,0.0,0.0,10.0
1.6182697116186031,0.5502556655621167,-0.1651931817948093,0.005,200.0,0.0,0.0,0.0,200.0,0.0,0.0,0.0,200.0,10.0,0.0,0.0,0.0,10.0,0.0,0.0,0.0,10.0
1.6192698783130521,0.5504765143333266,-0.1652871970038232,0.005,200.0,0.0,0.0,0.0,200.0,0.0,0.0,0.0,200.0,10.0,0.0,0.0,0.0,10.0,0.0,0.0,0.0,10.0
1.6202700450075014,0.5506973631045365,-0.1653812122128371,0.005,200.0,0.0,0.0,0.0,200.0,0.0,0.0,0.0,200.0,10.0,0.0,0.0,0.0,10.0,0.0,0.0,0.0,10.0
1.6212702117019504,0.5509182118757464,-0.16547522742185103,0.005,200.0,0.0,0.0,0.0,200.0,0.0,0.0,0.0,200.0,10.0,0.0,0.0,0.0,10.0,0.0,0.0,0.0,10.0
1.6222703783963994,0.5511390606469563,-0.16556924263086495,0.005,200.0,0.0,0.0,0.0,200.0,0.0,0.0,0.0,200.0,10.0,0.0,0.0,0.0,10.0,0.0,0.0,0.0,10.0
1.6232705450908484,0.5513599094181661,-0.1656632578398788,0.005,200.0,0.0,0.0,0.0,200.0,0.0,0.0,0.0,200.0,10.0,0.0,0.0,0.0,10.0,0.0,0.0,0.0,10.0
1.6242707117852977,0.551580758189376,-0.16575727304889273,0.005,200.0,0.0,0.0,0.0,200.0,0.0,0.0,0.0,200.0,10.0,0.0,0.0,0.0,10.0,0.0,0.0,0.0,10.0
1.6252708784797467,0.551801606960586,-0.16585128825790665,0.005,200.0,0.0,0.0,0.0,200.0,0.0,0.0,0.0,200.0,10.0,0.0,0.0,0.0,10.0,0.0,0.0,0.0,10.0
1.6262710451741957,0.5521180542692937,-0.16594530346692057,0.005,200.0,0.0,0.0,0.0,200.0,0.0,0.0,0.0,200.0,10.0,0.0,0.0,0.0,10.0,0.0,0.0,0.0,10.0
1.6272712118686448,0.5524509970119227,-0.1660393186759345,0.005,200.0,0.0,0.0,0.0,200.0,0.0,0.0,0.0,200.0,10.0,0.0,0.0,0.0,10.0,0.0,0.0,0.0,10.0
1.628271378563094,0.5527839397545515,-0.16613333388494836,0.005,200.0,0.0,0.0,0.0,200.0,0.0,0.0,0.0,200.0,10.0,0.0,0.0,0.0,10.0,0.0,0.0,0.0,10.0
1.629271545257543,0.5531168824971805,-0.16622734909396228,0.005,200.0,0.0,0.0,0.0,200.0,0.0,0.0,0.0,200.0,10.0,0.0,0.0,0.0,10.0,0.0,0.0,0.0,10.0
1.630271711951992,0.5534498252398095,-0.1663213643029762,0.005,200.0,0.0,0.0,0.0,200.0,0.0,0.0,0.0,200.0,10.0,0.0,0.0,0.0,10.0,0.0,0.0,0.0,10.0
1.631271878646441,0.5537827679824384,-0.1664153795119901,0.005,200.0,0.0,0.0,0.0,200.0,0.0,0.0,0.0,200.0,10.0,0.0,0.0,0.0,10.0,0.0,0.0,0.0,10.0
1.63227204534089,0.5541157107250674,-0.166509394721004,0.005,200.0,0.0,0.0,0.0,200.0,0.0,0.0,0.0,200.0,10.0,0.0,0.0,0.0,10.0,0.0,0.0,0.0,10.0
1.6332722120353393,0.5544486534676963,-0.16660340993001793,0.005,200.0,0.0,0.0,0.0,200.0,0.0,0.0,0.0,200.0,10.0,0.0,0.0,0.0,10.0,0.0,0.0,0.0,10.0
1.6342723787297884,0.5547815962103252,-0.16669742513903182,0.005,200.0,0.0,0.0,0.0,200.0,0.0,0.0,0.0,200.0,10.0,0.0,0.0,0.0,10.0,0.0,0.0,0.0,10.0
1.6352725454242374,0.5551145389529542,-0.16679144034804572,0.005,200.0,0.0,0.0,0.0,200.0,0.0,0.0,0.0,200.0,10.0,0.0,0.0,0.0,10.0,0.0,0.0,0.0,10.0
1.6362727121186864,0.5554474816955831,-0.16688545555705964,0.005,200.0,0.0,0.0,0.0,200.0,0.0,0.0,0.0,200.0,10.0,0.0,0.0,0.0,10.0,0.0,0.0,0.0,10.0
1.6372728788131357,0.5557804244382121,-0.16697947076607356,0.005,200.0,0.0,0.0,0.0,200.0,0.0,0.0,0.0,200.0,10.0,0.0,0.0,0.0,10.0,0.0,0.0,0.0,10.0
1.6382730455075847,0.556113367180841,-0.16707348597508748,0.005,200.0,0.0,0.0,0.0,200.0,0.0,0.0,0.0,200.0,10.0,0.0,0.0,0.0,10.0,0.0,0.0,0.0,10.0
1.6392732122020337,0.5564463099234699,-0.16716750118410134,0.005,200.0,0.0,0.0,0.0,200.0,0.0,0.0,0.0,200.0,10.0,0.0,0.0,0.0,10.0,0.0,0.0,0.0,10.0
1.6402733788964827,0.5567792526660988,-0.16726151639311526,0.005,200.0,0.0,0.0,0.0,200.0,0.0,0.0,0.0,200.0,10.0,0.0,0.0,0.0,10.0,0.0,0.0,0.0,10.0
1.641273545590932,0.5571121954087278,-0.16735553160212918,0.005,200.0,0.0,0.0,0.0,200.0,0.0,0.0,0.0,200.0,10.0,0.0,0.0,0.0,10.0,0.0,0.0,0.0,10.0
1.642273712285381,0.5574451381513568,-0.1674495468111431,0.005,200.0,0.0,0.0,0.0,200.0,0.0,0.0,0.0,200.0,10.0,0.0,0.0,0.0,10.0,0.0,0.0,0.0,10.0
1.64327387897983,0.5577780808939857,-0.16754356202015702,0.005,200.0,0.0,0.0,0.0,200.0,0.0,0.0,0.0,200.0,10.0,0.0,0.0,0.0,10.0,0.0,0.0,0.0,10.0
1.644274045674279,0.5581110236366147,-0.16763757722917091,0.005,200.0,0.0,0.0,0.0,200.0,0.0,0.0,0.0,200.0,10.0,0.0,0.0,0.0,10.0,0.0,0.0,0.0,10.0
1.6452742123687283,0.5584439663792435,-0.1677315924381848,0.005,200.0,0.0,0.0,0.0,200.0,0.0,0.0,0.0,200.0,10.0,0.0,0.0,0.0,10.0,0.0,0.0,0.0,10.0
1.6462743790631773,0.5587631894620503,-0.16788093766821963,0.005,200.0,0.0,0.0,0.0,200.0,0.0,0.0,0.0,200.0,10.0,0.0,0.0,0.0,10.0,0.0,0.0,0.0,10.0
1.6472745457576263,0.5590787500932944,-0.16804505320047614,0.005,200.0,0.0,0.0,0.0,200.0,0.0,0.0,0.0,200.0,10.0,0.0,0.0,0.0,10.0,0.0,0.0,0.0,10.0
1.6482747124520754,0.5593943107245386,-0.16820916873273264,0.005,200.0,0.0,0.0,0.0,200.0,0.0,0.0,0.0,200.0,10.0,0.0,0.0,0.0,10.0,0.0,0.0,0.0,10.0
1.6492748791465244,0.5597098713557827,-0.16837328426498915,0.005,200.0,0.0,0.0,0.0,200.0,0.0,0.0,0.0,200.0,10.0,0.0,0.0,0.0,10.0,0.0,0.0,0.0,10.0
1.6502750458409736,0.5600254319870268,-0.16853739979724566,0.005,200.0,0.0,0.0,0.0,200.0,0.0,0.0,0.0,200.0,10.0,0.0,0.0,0.0,10.0,0.0,0.0,0.0,10.0
1.6512752125354226,0.5603409926182709,-0.16870151532950212,0.005,200.0,0.0,0.0,0.0,200.0,0.0,0.0,0.0,200.0,10.0,0.0,0.0,0.0,10.0,0.0,0.0,0.0,10.0
1.6522753792298717,0.5606565532495149,-0.16886563086175863,0.005,200.0,0.0,0.0,0.0,200.0,0.0,0.0,0.0,200.0,10.0,0.0,0.0,0.0,10.0,0.0,0.0,0.0,10.0
1.6532755459243207,0.5609721138807591,-0.16902974639401513,0.005,200.0,0.0,0.0,0.0,200.0,0.0,0.0,0.0,200.0,10.0,0.0,0.0,0.0,10.0,0.0,0.0,0.0,10.0
1.65427571261877,0.5612876745120031,-0.16919386192627164,0.005,200.0,0.0,0.0,0.0,200.0,0.0,0.0,0.0,200.0,10.0,0.0,0.0,0.0,10.0,0.0,0.0,0.0,10.0
1.655275879313219,0.5616032351432473,-0.16935797745852815,0.005,200.0,0.0,0.0,0.0,200.0,0.0,0.0,0.0,200.0,10.0,0.0,0.0,0.0,10.0,0.0,0.0,0.0,10.0
1.656276046007668,0.5619187957744913,-0.1695220929907846,0.005,200.0,0.0,0.0,0.0,200.0,0.0,0.0,0.0,200.0,10.0,0.0,0.0,0.0,10.0,0.0,0.0,0.0,10.0
1.657276212702117,0.5622343564057354,-0.16968620852304112,0.005,200.0,0.0,0.0,0.0,200.0,0.0,0.0,0.0,200.0,10.0,0.0,0.0,0.0,10.0,0.0,0.0,0.0,10.0
1.6582763793965662,0.5625499170369795,-0.16985032405529762,0.005,200.0,0.0,0.0,0.0,200.0,0.0,0.0,0.0,200.0,10.0,0.0,0.0,0.0,10.0,0.0,0.0,0.0,10.0
1.6592765460910153,0.5628654776682236,-0.17001443958755413,0.005,200.0,0.0,0.0,0.0,200.0,0.0,0.0,0.0,200.0,10.0,0.0,0.0,0.0,10.0,0.0,0.0,0.0,10.0
1.6602767127854643,0.5631810382994678,-0.17017855511981064,0.005,200.0,0.0,0.0,0.0,200.0,0.0,0.0,0.0,200.0,10.0,0.0,0.0,0.0,10.0,0.0,0.0,0.0,10.0
1.6612768794799133,0.5634965989307119,-0.17034267065206718,0.005,200.0,0.0,0.0,0.0,200.0,0.0,0.0,0.0,200.0,10.0,0.0,0.0,0.0,10.0,0.0,0.0,0.0,10.0
1.6622770461743626,0.5638121595619559,-0.17050678618432363,0.005,200.0,0.0,0.0,0.0,200.0,0.0,0.0,0.0,200.0,10.0,0.0,0.0,0.0,10.0,0.0,0.0,0.0,10.0
1.6632772128688116,0.5641277201932,-0.17067090171658014,0.005,200.0,0.0,0.0,0.0,200.0,0.0,0.0,0.0,200.0,10.0,0.0,0.0,0.0,10.0,0.0,0.0,0.0,10.0
1.6642773795632606,0.5644432808244442,-0.17083501724883665,0.005,200.0,0.0,0.0,0.0,200.0,0.0,0.0,0.0,200.0,10.0,0.0,0.0,0.0,10.0,0.0,0.0,0.0,10.0
1.6652775462577096,0.5647588414556882,-0.17099913278109316,0.005,200.0,0.0,0.0,0.0,200.0,0.0,0.0,0.0,200.0,10.0,0.0,0.0,0.0,10.0,0.0,0.0,0.0,10.0
1.6662777129521587,0.565006796648789,-0.17114572169622158,0.005,200.0,0.0,0.0,0.0,200.0,0.0,0.0,0.0,200.0,10.0,0.0,0.0,0.0,10.0,0.0,0.0,0.0,10.0
1.667277879646608,0.5652292050864622,-0.17128568765003896,0.005,200.0,0.0,0.0,0.0,200.0,0.0,0.0,0.0,200.0,10.0,0.0,0.0,0.0,10.0,0.0,0.0,0.0,10.0
1.668278046341057,0.5654516135241354,-0.17142565360385628,0.005,200.0,0.0,0.0,0.0,200.0,0.0,0.0,0.0,200.0,10.0,0.0,0.0,0.0,10.0,0.0,0.0,0.0,10.0
1.669278213035506,0.5656740219618086,-0.17156561955767366,0.005,200.0,0.0,0.0,0.0,200.0,0.0,0.0,0.0,200.0,10.0,0.0,0.0,0.0,10.0,0.0,0.0,0.0,10.0
1.670278379729955,0.5658964303994819,-0.17170558551149104,0.005,200.0,0.0,0.0,0.0,200.0,0.0,0.0,0.0,200.0,10.0,0.0,0.0,0.0,10.0,0.0,0.0,0.0,10.0
1.6712785464244042,0.5661188388371552,-0.17184555146530842,0.005,200.0,0.0,0.0,0.0,200.0,0.0,0.0,0.0,200.0,10.0,0.0,0.0,0.0,10.0,0.0,0.0,0.0,10.0
1.6722787131188532,0.5663412472748284,-0.1719855174191258,0.005,200.0,0.0,0.0,0.0,200.0,0.0,0.0,0.0,200.0,10.0,0.0,0.0,0.0,10.0,0.0,0.0,0.0,10.0
1.6732788798133023,0.5665636557125016,-0.17212548337294312,0.005,200.0,0.0,0.0,0.0,200.0,0.0,0.0,0.0,200.0,10.0,0.0,0.0,0.0,10.0,0.0,0.0,0.0,10.0
1.6742790465077513,0.5667860641501749,-0.1722654493267605,0.005,200.0,0.0,0.0,0.0,200.0,0.0,0.0,0.0,200.0,10.0,0.0,0.0,0.0,10.0,0.0,0.0,0.0,10.0
1.6752792132022005,0.567008472587848,-0.17240541528057787,0.005,200.0,0.0,0.0,0.0,200.0,0.0,0.0,0.0,200.0,10.0,0.0,0.0,0.0,10.0,0.0,0.0,0.0,10.0
1.6762793798966495,0.5672308810255213,-0.17254538123439525,0.005,200.0,0.0,0.0,0.0,200.0,0.0,0.0,0.0,200.0,10.0,0.0,0.0,0.0,10.0,0.0,0.0,0.0,10.0
1.6772795465910986,0.5674532894631946,-0.1726853471882126,0.005,200.0,0.0,0.0,0.0,200.0,0.0,0.0,0.0,200.0,10.0,0.0,0.0,0.0,10.0,0.0,0.0,0.0,10.0
1.6782797132855476,0.5676756979008678,-0.17282531314202998,0.005,200.0,0.0,0.0,0.0,200.0,0.0,0.0,0.0,200.0,10.0,0.0,0.0,0.0,10.0,0.0,0.0,0.0,10.0
1.6792798799799968,0.567898106338541,-0.1729652790958473,0.005,200.0,0.0,0.0,0.0,200.0,0.0,0.0,0.0,200.0,10.0,0.0,0.0,0.0,10.0,0.0,0.0,0.0,10.0
1.6802800466744459,0.5681205147762143,-0.17310524504966468,0.005,200.0,0.0,0.0,0.0,200.0,0.0,0.0,0.0,200.0,10.0,0.0,0.0,0.0,10.0,0.0,0.0,0.0,10.0
1.6812802133688949,0.5683429232138876,-0.17324521100348206,0.005,200.0,0.0,0.0,0.0,200.0,0.0,0.0,0.0,200.0,10.0,0.0,0.0,0.0,10.0,0.0,0.0,0.0,10.0
1.682280380063344,0.5685653316515608,-0.17338517695729944,0.005,200.0,0.0,0.0,0.0,200.0,0.0,0.0,0.0,200.0,10.0,0.0,0.0,0.0,10.0,0.0,0.0,0.0,10.0
1.683280546757793,0.568787740089234,-0.17352514291111681,0.005,200.0,0.0,0.0,0.0,200.0,0.0,0.0,0.0,200.0,10.0,0.0,0.0,0.0,10.0,0.0,0.0,0.0,10.0
1.6842807134522422,0.5690101485269073,-0.1736651088649342,0.005,200.0,0.0,0.0,0.0,200.0,0.0,0.0,0.0,200.0,10.0,0.0,0.0,0.0,10.0,0.0,0.0,0.0,10.0
1.6852808801466912,0.5692325569645805,-0.17380507481875151,0.005,200.0,0.0,0.0,0.0,200.0,0.0,0.0,0.0,200.0,10.0,0.0,0.0,0.0,10.0,0.0,0.0,0.0,10.0
1.6862810468411402,0.5694852162846169,-0.17402313396540817,0.005,200.0,0.0,0.0,0.0,200.0,0.0,0.0,0.0,200.0,10.0,0.0,0.0,0.0,10.0,0.0,0.0,0.0,10.0
1.6872812135355892,0.5697533066103033,-0.17428102852861413,0.005,200.0,0.0,0.0,0.0,200.0,0.0,0.0,0.0,200.0,10.0,0.0,0.0,0.0,10.0,0.0,0.0,0.0,10.0
1.6882813802300385,0.5700213969359896,-0.17453892309182012,0.005,200.0,0.0,0.0,0.0,200.0,0.0,0.0,0.0,200.0,10.0,0.0,0.0,0.0,10.0,0.0,0.0,0.0,10.0
1.6892815469244875,0.570289487261676,-0.17479681765502608,0.005,200.0,0.0,0.0,0.0,200.0,0.0,0.0,0.0,200.0,10.0,0.0,0.0,0.0,10.0,0.0,0.0,0.0,10.0
1.6902817136189365,0.5705575775873624,-0.17505471221823196,0.005,200.0,0.0,0.0,0.0,200.0,0.0,0.0,0.0,200.0,10.0,0.0,0.0,0.0,10.0,0.0,0.0,0.0,10.0
1.6912818803133856,0.5708256679130487,-0.17531260678143795,0.005,200.0,0.0,0.0,0.0,200.0,0.0,0.0,0.0,200.0,10.0,0.0,0.0,0.0,10.0,0.0,0.0,0.0,10.0
1.6922820470078348,0.5710937582387351,-0.17557050134464391,0.005,200.0,0.0,0.0,0.0,200.0,0.0,0.0,0.0,200.0,10.0,0.0,0.0,0.0,10.0,0.0,0.0,0.0,10.0
1.6932822137022838,0.5713618485644214,-0.1758283959078499,0.005,200.0,0.0,0.0,0.0,200.0,0.0,0.0,0.0,200.0,10.0,0.0,0.0,0.0,10.0,0.0,0.0,0.0,10.0
1.6942823803967328,0.5716299388901078,-0.17608629047105587,0.005,200.0,0.0,0.0,0.0,200.0,0.0,0.0,0.0,200.0,10.0,0.0,0.0,0.0,10.0,0.0,0.0,0.0,10.0
1.6952825470911819,0.5718980292157941,-0.17634418503426186,0.005,200.0,0.0,0.0,0.0,200.0,0.0,0.0,0.0,200.0,10.0,0.0,0.0,0.0,10.0,0.0,0.0,0.0,10.0
1.6962827137856311,0.5721661195414804,-0.17660207959746774,0.005,200.0,0.0,0.0,0.0,200.0,0.0,0.0,0.0,200.0,10.0,0.0,0.0,0.0,10.0,0.0,0.0,0.0,10.0
1.6972828804800801,0.5724342098671668,-0.1768599741606737,0.005,200.0,0.0,0.0,0.0,200.0,0.0,0.0,0.0,200.0,10.0,0.0,0.0,0.0,10.0,0.0,0.0,0.0,10.0
1.6982830471745292,0.5727023001928532,-0.1771178687238797,0.005,200.0,0.0,0.0,0.0,200.0,0.0,0.0,0.0,200.0,10.0,0.0,0.0,0.0,10.0,0.0,0.0,0.0,10.0
1.6992832138689782,0.5729703905185395,-0.17737576328708565,0.005,200.0,0.0,0.0,0.0,200.0,0.0,0.0,0.0,200.0,10.0,0.0,0.0,0.0,10.0,0.0,0.0,0.0,10.0
1.7002833805634272,0.5732384808442259,-0.17763365785029162,0.005,200.0,0.0,0.0,0.0,200.0,0.0,0.0,0.0,200.0,10.0,0.0,0.0,0.0,10.0,0.0,0.0,0.0,10.0
1.7012835472578764,0.5735065711699122,-0.1778915524134976,0.005,200.0,0.0,0.0,0.0,200.0,0.0,0.0,0.0,200.0,10.0,0.0,0.0,0.0,10.0,0.0,0.0,0.0,10.0
1.7022837139523255,0.5737746614955985,-0.17814944697670348,0.005,200.0,0.0,0.0,0.0,200.0,0.0,0.0,0.0,200.0,10.0,0.0,0.0,0.0,10.0,0.0,0.0,0.0,10.0
1.7032838806467745,0.574042751821285,-0.17840734153990948,0.005,200.0,0.0,0.0,0.0,200.0,0.0,0.0,0.0,200.0,10.0,0.0,0.0,0.0,10.0,0.0,0.0,0.0,10.0
1.7042840473412235,0.5743108421469713,-0.17866523610311544,0.005,200.0,0.0,0.0,0.0,200.0,0.0,0.0,0.0,200.0,10.0,0.0,0.0,0.0,10.0,0.0,0.0,0.0,10.0
1.7052842140356728,0.5745789324726577,-0.1789231306663214,0.005,200.0,0.0,0.0,0.0,200.0,0.0,0.0,0.0,200.0,10.0,0.0,0.0,0.0,10.0,0.0,0.0,0.0,10.0
1.7062843807301218,0.5749003920759395,-0.17915351714446442,0.005,200.0,0.0,0.0,0.0,200.0,0.0,0.0,0.0,200.0,10.0,0.0,0.0,0.0,10.0,0.0,0.0,0.0,10.0
1.7072845474245708,0.5752576299658774,-0.1793654624482635,0.005,200.0,0.0,0.0,0.0,200.0,0.0,0.0,0.0,200.0,10.0,0.0,0.0,0.0,10.0,0.0,0.0,0.0,10.0
1.7082847141190198,0.5756148678558154,-0.17957740775206266,0.005,200.0,0.0,0.0,0.0,200.0,0.0,0.0,0.0,200.0,10.0,0.0,0.0,0.0,10.0,0.0,0.0,0.0,10.0
1.709284880813469,0.5759721057457534,-0.1797893530558618,0.005,200.0,0.0,0.0,0.0,200.0,0.0,0.0,0.0,200.0,10.0,0.0,0.0,0.0,10.0,0.0,0.0,0.0,10.0
1.710285047507918,0.5763293436356914,-0.18000129835966094,0.005,200.0,0.0,0.0,0.0,200.0,0.0,0.0,0.0,200.0,10.0,0.0,0.0,0.0,10.0,0.0,0.0,0.0,10.0
1.7112852142023671,0.5766865815256293,-0.1802132436634601,0.005,200.0,0.0,0.0,0.0,200.0,0.0,0.0,0.0,200.0,10.0,0.0,0.0,0.0,10.0,0.0,0.0,0.0,10.0
1.7122853808968161,0.5770438194155674,-0.18042518896725923,0.005,200.0,0.0,0.0,0.0,200.0,0.0,0.0,0.0,200.0,10.0,0.0,0.0,0.0,10.0,0.0,0.0,0.0,10.0
1.7132855475912652,0.5774010573055053,-0.1806371342710583,0.005,200.0,0.0,0.0,0.0,200.0,0.0,0.0,0.0,200.0,10.0,0.0,0.0,0.0,10.0,0.0,0.0,0.0,10.0
1.7142857142857144,0.5777582951954433,-0.18084907957485746,0.005,200.0,0.0,0.0,0.0,200.0,0.0,0.0,0.0,200.0,10.0,0.0,0.0,0.0,10.0,0.0,0.0,0.0,10.0
1.7152858809801634,0.5781155330853813,-0.1810610248786566,0.005,200.0,0.0,0.0,0.0,200.0,0.0,0.0,0.0,200.0,10.0,0.0,0.0,0.0,10.0,0.0,0.0,0.0,10.0
1.7162860476746125,0.5784727709753194,-0.18127297018245575,0.005,200.0,0.0,0.0,0.0,200.0,0.0,0.0,0.0,200.0,10.0,0.0,0.0,0.0,10.0,0.0,0.0,0.0,10.0
1.7172862143690615,0.5788300088652574,-0.1814849154862549,0.005,200.0,0.0,0.0,0.0,200.0,0.0,0.0,0.0,200.0,10.0,0.0,0.0,0.0,10.0,0.0,0.0,0.0,10.0
1.7182863810635107,0.5791872467551952,-0.18169686079005395,0.005,200.0,0.0,0.0,0.0,200.0,0.0,0.0,0.0,200.0,10.0,0.0,0.0,0.0,10.0,0.0,0.0,0.0,10.0
1.7192865477579597,0.5795444846451332,-0.1819088060938531,0.005,200.0,0.0,0.0,0.0,200.0,0.0,0.0,0.0,200.0,10.0,0.0,0.0,0.0,10.0,0.0,0.0,0.0,10.0
1.7202867144524088,0.5799017225350712,-0.18212075139765224,0.005,200.0,0.0,0.0,0.0,200.0,0.0,0.0,0.0,200.0,10.0,0.0,0.0,0.0,10.0,0.0,0.0,0.0,10.0
1.7212868811468578,0.5802589604250092,-0.18233269670145139,0.005,200.0,0.0,0.0,0.0,200.0,0.0,0.0,0.0,200.0,10.0,0.0,0.0,0.0,10.0,0.0,0.0,0.0,10.0
1.722287047841307,0.5806161983149473,-0.18254464200525053,0.005,200.0,0.0,0.0,0.0,200.0,0.0,0.0,0.0,200.0,10.0,0.0,0.0,0.0,10.0,0.0,0.0,0.0,10.0
1.723287214535756,0.5809734362048853,-0.1827565873090497,0.005,200.0,0.0,0.0,0.0,200.0,0.0,0.0,0.0,200.0,10.0,0.0,0.0,0.0,10.0,0.0,0.0,0.0,10.0
1.724287381230205,0.5813306740948231,-0.18296853261284876,0.005,200.0,0.0,0.0,0.0,200.0,0.0,0.0,0.0,200.0,10.0,0.0,0.0,0.0,10.0,0.0,0.0,0.0,10.0
1.725287547924654,0.5816879119847611,-0.1831804779166479,0.005,200.0,0.0,0.0,0.0,200.0,0.0,0.0,0.0,200.0,10.0,0.0,0.0,0.0,10.0,0.0,0.0,0.0,10.0
1.7262877146191034,0.5820210576355507,-0.18342993430424423,0.005,200.0,0.0,0.0,0.0,200.0,0.0,0.0,0.0,200.0,10.0,0.0,0.0,0.0,10.0,0.0,0.0,0.0,10.0
1.7272878813135524,0.5823332731535801,-0.18371197844588935,0.005,200.0,0.0,0.0,0.0,200.0,0.0,0.0,0.0,200.0,10.0,0.0,0.0,0.0,10.0,0.0,0.0,0.0,10.0
1.7282880480080014,0.5826454886716095,-0.18399402258753444,0.005,200.0,0.0,0.0,0.0,200.0,0.0,0.0,0.0,200.0,10.0,0.0,0.0,0.0,10.0,0.0,0.0,0.0,10.0
1.7292882147024504,0.5829577041896389,-0.18427606672917957,0.005,200.0,0.0,0.0,0.0,200.0,0.0,0.0,0.0,200.0,10.0,0.0,0.0,0.0,10.0,0.0,0.0,0.0,10.0
1.7302883813968994,0.5832699197076682,-0.18455811087082458,0.005,200.0,0.0,0.0,0.0,200.0,0.0,0.0,0.0,200.0,10.0,0.0,0.0,0.0,10.0,0.0,0.0,0.0,10.0
1.7312885480913487,0.5835821352256976,-0.18484015501246967,0.005,200.0,0.0,0.0,0.0,200.0,0.0,0.0,0.0,200.0,10.0,0.0,0.0,0.0,10.0,0.0,0.0,0.0,10.0
1.7322887147857977,0.583894350743727,-0.1851221991541148,0.005,200.0,0.0,0.0,0.0,200.0,0.0,0.0,0.0,200.0,10.0,0.0,0.0,0.0,10.0,0.0,0.0,0.0,10.0
1.7332888814802467,0.5842065662617564,-0.1854042432957599,0.005,200.0,0.0,0.0,0.0,200.0,0.0,0.0,0.0,200.0,10.0,0.0,0.0,0.0,10.0,0.0,0.0,0.0,10.0
1.7342890481746958,0.5845187817797858,-0.185686287437405,0.005,200.0,0.0,0.0,0.0,200.0,0.0,0.0,0.0,200.0,10.0,0.0,0.0,0.0,10.0,0.0,0.0,0.0,10.0
1.735289214869145,0.5848309972978151,-0.18596833157905002,0.005,200.0,0.0,0.0,0.0,200.0,0.0,0.0,0.0,200.0,10.0,0.0,0.0,0.0,10.0,0.0,0.0,0.0,10.0
1.736289381563594,0.5851432128158445,-0.18625037572069514,0.005,200.0,0.0,0.0,0.0,200.0,0.0,0.0,0.0,200.0,10.0,0.0,0.0,0.0,10.0,0.0,0.0,0.0,10.0
1.737289548258043,0.5854554283338739,-0.18653241986234026,0.005,200.0,0.0,0.0,0.0,200.0,0.0,0.0,0.0,200.0,10.0,0.0,0.0,0.0,10.0,0.0,0.0,0.0,10.0
1.738289714952492,0.5857676438519033,-0.18681446400398535,0.005,200.0,0.0,0.0,0.0,200.0,0.0,0.0,0.0,200.0,10.0,0.0,0.0,0.0,10.0,0.0,0.0,0.0,10.0
1.7392898816469413,0.5860798593699327,-0.18709650814563047,0.005,200.0,0.0,0.0,0.0,200.0,0.0,0.0,0.0,200.0,10.0,0.0,0.0,0.0,10.0,0.0,0.0,0.0,10.0
1.7402900483413903,0.5863920748879621,-0.18737855228727557,0.005,200.0,0.0,0.0,0.0,200.0,0.0,0.0,0.0,200.0,10.0,0.0,0.0,0.0,10.0,0.0,0.0,0.0,10.0
1.7412902150358394,0.5867042904059914,-0.1876605964289206,0.005,200.0,0.0,0.0,0.0,200.0,0.0,0.0,0.0,200.0,10.0,0.0,0.0,0.0,10.0,0.0,0.0,0.0,10.0
1.7422903817302884,0.5870165059240208,-0.1879426405705657,0.005,200.0,0.0,0.0,0.0,200.0,0.0,0.0,0.0,200.0,10.0,0.0,0.0,0.0,10.0,0.0,0.0,0.0,10.0
1.7432905484247376,0.5873287214420502,-0.18822468471221082,0.005,200.0,0.0,0.0,0.0,200.0,0.0,0.0,0.0,200.0,10.0,0.0,0.0,0.0,10.0,0.0,0.0,0.0,10.0
1.7442907151191867,0.5876409369600796,-0.18850672885385591,0.005,200.0,0.0,0.0,0.0,200.0,0.0,0.0,0.0,200.0,10.0,0.0,0.0,0.0,10.0,0.0,0.0,0.0,10.0
1.7452908818136357,0.587953152478109,-0.18878877299550104,0.005,200.0,0.0,0.0,0.0,200.0,0.0,0.0,0.0,200.0,10.0,0.0,0.0,0.0,10.0,0.0,0.0,0.0,10.0
1.7462910485080847,0.5882759843394845,-0.18907081713714613,0.005,200.0,0.0,0.0,0.0,200.0,0.0,0.0,0.0,200.0,10.0,0.0,0.0,0.0,10.0,0.0,0.0,0.0,10.0
1.7472912152025337,0.5886107125288647,-0.18935286127879117,0.005,200.0,0.0,0.0,0.0,200.0,0.0,0.0,0.0,200.0,10.0,0.0,0.0,0.0,10.0,0.0,0.0,0.0,10.0
1.748291381896983,0.588945440718245,-0.18963490542043626,0.005,200.0,0.0,0.0,0.0,200.0,0.0,0.0,0.0,200.0,10.0,0.0,0.0,0.0,10.0,0.0,0.0,0.0,10.0
1.749291548591432,0.5892801689076254,-0.18991694956208138,0.005,200.0,0.0,0.0,0.0,200.0,0.0,0.0,0.0,200.0,10.0,0.0,0.0,0.0,10.0,0.0,0.0,0.0,10.0
1.750291715285881,0.5896148970970057,-0.19019899370372648,0.005,200.0,0.0,0.0,0.0,200.0,0.0,0.0,0.0,200.0,10.0,0.0,0.0,0.0,10.0,0.0,0.0,0.0,10.0
1.75129188198033,0.589949625286386,-0.1904810378453716,0.005,200.0,0.0,0.0,0.0,200.0,0.0,0.0,0.0,200.0,10.0,0.0,0.0,0.0,10.0,0.0,0.0,0.0,10.0
1.7522920486747793,0.5902843534757662,-0.1907630819870166,0.005,200.0,0.0,0.0,0.0,200.0,0.0,0.0,0.0,200.0,10.0,0.0,0.0,0.0,10.0,0.0,0.0,0.0,10.0
1.7532922153692283,0.5906190816651465,-0.19104512612866173,0.005,200.0,0.0,0.0,0.0,200.0,0.0,0.0,0.0,200.0,10.0,0.0,0.0,0.0,10.0,0.0,0.0,0.0,10.0
1.7542923820636773,0.5909538098545268,-0.19132717027030682,0.005,200.0,0.0,0.0,0.0,200.0,0.0,0.0,0.0,200.0,10.0,0.0,0.0,0.0,10.0,0.0,0.0,0.0,10.0
1.7552925487581263,0.5912885380439072,-0.19160921441195194,0.005,200.0,0.0,0.0,0.0,200.0,0.0,0.0,0.0,200.0,10.0,0.0,0.0,0.0,10.0,0.0,0.0,0.0,10.0
1.7562927154525756,0.5916232662332875,-0.19189125855359704,0.005,200.0,0.0,0.0,0.0,200.0,0.0,0.0,0.0,200.0,10.0,0.0,0.0,0.0,10.0,0.0,0.0,0.0,10.0
1.7572928821470246,0.5919579944226678,-0.19217330269524216,0.005,200.0,0.0,0.0,0.0,200.0,0.0,0.0,0.0,200.0,10.0,0.0,0.0,0.0,10.0,0.0,0.0,0.0,10.0
1.7582930488414736,0.5922927226120481,-0.19245534683688717,0.005,200.0,0.0,0.0,0.0,200.0,0.0,0.0,0.0,200.0,10.0,0.0,0.0,0.0,10.0,0.0,0.0,0.0,10.0
1.7592932155359227,0.5926274508014284,-0.1927373909785323,0.005,200.0,0.0,0.0,0.0,200.0,0.0,0.0,0.0,200.0,10.0,0.0,0.0,0.0,10.0,0.0,0.0,0.0,10.0
1.7602933822303717,0.5929621789908087,-0.19301943512017739,0.005,200.0,0.0,0.0,0.0,200.0,0.0,0.0,0.0,200.0,10.0,0.0,0.0,0.0,10.0,0.0,0.0,0.0,10.0
1.761293548924821,0.5932969071801891,-0.1933014792618225,0.005,200.0,0.0,0.0,0.0,200.0,0.0,0.0,0.0,200.0,10.0,0.0,0.0,0.0,10.0,0.0,0.0,0.0,10.0
1.76229371561927,0.5936316353695694,-0.19358352340346763,0.005,200.0,0.0,0.0,0.0,200.0,0.0,0.0,0.0,200.0,10.0,0.0,0.0,0.0,10.0,0.0,0.0,0.0,10.0
1.763293882313719,0.5939663635589497,-0.19386556754511272,0.005,200.0,0.0,0.0,0.0,200.0,0.0,0.0,0.0,200.0,10.0,0.0,0.0,0.0,10.0,0.0,0.0,0.0,10.0
1.764294049008168,0.59430109174833,-0.19414761168675773,0.005,200.0,0.0,0.0,0.0,200.0,0.0,0.0,0.0,200.0,10.0,0.0,0.0,0.0,10.0,0.0,0.0,0.0,10.0
1.7652942157026172,0.5946358199377103,-0.19442965582840285,0.005,200.0,0.0,0.0,0.0,200.0,0.0,0.0,0.0,200.0,10.0,0.0,0.0,0.0,10.0,0.0,0.0,0.0,10.0
1.7662943823970663,0.5949433580957506,-0.1947323625028919,0.005,200.0,0.0,0.0,0.0,200.0,0.0,0.0,0.0,200.0,10.0,0.0,0.0,0.0,10.0,0.0,0.0,0.0,10.0
1.7672945490915153,0.595211448421437,-0.1950650467865069,0.005,200.0,0.0,0.0,0.0,200.0,0.0,0.0,0.0,200.0,10.0,0.0,0.0,0.0,10.0,0.0,0.0,0.0,10.0
1.7682947157859643,0.5954795387471233,-0.19539773107012195,0.005,200.0,0.0,0.0,0.0,200.0,0.0,0.0,0.0,200.0,10.0,0.0,0.0,0.0,10.0,0.0,0.0,0.0,10.0
1.7692948824804136,0.5957476290728096,-0.19573041535373686,0.005,200.0,0.0,0.0,0.0,200.0,0.0,0.0,0.0,200.0,10.0,0.0,0.0,0.0,10.0,0.0,0.0,0.0,10.0
1.7702950491748626,0.596015719398496,-0.1960630996373519,0.005,200.0,0.0,0.0,0.0,200.0,0.0,0.0,0.0,200.0,10.0,0.0,0.0,0.0,10.0,0.0,0.0,0.0,10.0
1.7712952158693116,0.5962838097241824,-0.19639578392096693,0.005,200.0,0.0,0.0,0.0,200.0,0.0,0.0,0.0,200.0,10.0,0.0,0.0,0.0,10.0,0.0,0.0,0.0,10.0
1.7722953825637606,0.5965519000498687,-0.19672846820458198,0.005,200.0,0.0,0.0,0.0,200.0,0.0,0.0,0.0,200.0,10.0,0.0,0.0,0.0,10.0,0.0,0.0,0.0,10.0
1.7732955492582099,0.5968199903755551,-0.197061152488197,0.005,200.0,0.0,0.0,0.0,200.0,0.0,0.0,0.0,200.0,10.0,0.0,0.0,0.0,10.0,0.0,0.0,0.0,10.0
1.774295715952659,0.5970880807012415,-0.19739383677181205,0.005,200.0,0.0,0.0,0.0,200.0,0.0,0.0,0.0,200.0,10.0,0.0,0.0,0.0,10.0,0.0,0.0,0.0,10.0
1.775295882647108,0.5973561710269277,-0.19772652105542696,0.005,200.0,0.0,0.0,0.0,200.0,0.0,0.0,0.0,200.0,10.0,0.0,0.0,0.0,10.0,0.0,0.0,0.0,10.0
1.776296049341557,0.5976242613526142,-0.19805920533904198,0.005,200.0,0.0,0.0,0.0,200.0,0.0,0.0,0.0,200.0,10.0,0.0,0.0,0.0,10.0,0.0,0.0,0.0,10.0
1.777296216036006,0.5978923516783005,-0.19839188962265702,0.005,200.0,0.0,0.0,0.0,200.0,0.0,0.0,0.0,200.0,10.0,0.0,0.0,0.0,10.0,0.0,0.0,0.0,10.0
1.7782963827304552,0.5981604420039869,-0.19872457390627205,0.005,200.0,0.0,0.0,0.0,200.0,0.0,0.0,0.0,200.0,10.0,0.0,0.0,0.0,10.0,0.0,0.0,0.0,10.0
1.7792965494249042,0.5984285323296732,-0.1990572581898871,0.005,200.0,0.0,0.0,0.0,200.0,0.0,0.0,0.0,200.0,10.0,0.0,0.0,0.0,10.0,0.0,0.0,0.0,10.0
1.7802967161193533,0.5986966226553596,-0.1993899424735021,0.005,200.0,0.0,0.0,0.0,200.0,0.0,0.0,0.0,200.0,10.0,0.0,0.0,0.0,10.0,0.0,0.0,0.0,10.0
1.7812968828138023,0.5989647129810458,-0.19972262675711705,0.005,200.0,0.0,0.0,0.0,200.0,0.0,0.0,0.0,200.0,10.0,0.0,0.0,0.0,10.0,0.0,0.0,0.0,10.0
1.7822970495082515,0.5992328033067322,-0.20005531104073207,0.005,200.0,0.0,0.0,0.0,200.0,0.0,0.0,0.0,200.0,10.0,0.0,0.0,0.0,10.0,0.0,0.0,0.0,10.0
1.7832972162027005,0.5995008936324187,-0.20038799532434712,0.005,200.0,0.0,0.0,0.0,200.0,0.0,0.0,0.0,200.0,10.0,0.0,0.0,0.0,10.0,0.0,0.0,0.0,10.0
1.7842973828971496,0.599768983958105,-0.20072067960796214,0.005,200.0,0.0,0.0,0.0,200.0,0.0,0.0,0.0,200.0,10.0,0.0,0.0,0.0,10.0,0.0,0.0,0.0,10.0
1.7852975495915986,0.6000370742837914,-0.20105336389157719,0.005,200.0,0.0,0.0,0.0,200.0,0.0,0.0,0.0,200.0,10.0,0.0,0.0,0.0,10.0,0.0,0.0,0.0,10.0
1.7862977162860478,0.6003212869952254,-0.20141641554941356,0.005,200.0,0.0,0.0,0.0,200.0,0.0,0.0,0.0,200.0,10.0,0.0,0.0,0.0,10.0,0.0,0.0,0.0,10.0
1.7872978829804969,0.6006361791979852,-0.20183725366693356,0.005,200.0,0.0,0.0,0.0,200.0,0.0,0.0,0.0,200.0,10.0,0.0,0.0,0.0,10.0,0.0,0.0,0.0,10.0
1.7882980496749459,0.600951071400745,-0.2022580917844536,0.005,200.0,0.0,0.0,0.0,200.0,0.0,0.0,0.0,200.0,10.0,0.0,0.0,0.0,10.0,0.0,0.0,0.0,10.0
1.789298216369395,0.6012659636035048,-0.20267892990197361,0.005,200.0,0.0,0.0,0.0,200.0,0.0,0.0,0.0,200.0,10.0,0.0,0.0,0.0,10.0,0.0,0.0,0.0,10.0
1.7902983830638441,0.6015808558062646,-0.20309976801949362,0.005,200.0,0.0,0.0,0.0,200.0,0.0,0.0,0.0,200.0,10.0,0.0,0.0,0.0,10.0,0.0,0.0,0.0,10.0
1.7912985497582932,0.6018957480090245,-0.20352060613701364,0.005,200.0,0.0,0.0,0.0,200.0,0.0,0.0,0.0,200.0,10.0,0.0,0.0,0.0,10.0,0.0,0.0,0.0,10.0
1.7922987164527422,0.6022106402117842,-0.20394144425453353,0.005,200.0,0.0,0.0,0.0,200.0,0.0,0.0,0.0,200.0,10.0,0.0,0.0,0.0,10.0,0.0,0.0,0.0,10.0
1.7932988831471912,0.602525532414544,-0.20436228237205353,0.005,200.0,0.0,0.0,0.0,200.0,0.0,0.0,0.0,200.0,10.0,0.0,0.0,0.0,10.0,0.0,0.0,0.0,10.0
1.7942990498416402,0.6028404246173038,-0.20478312048957356,0.005,200.0,0.0,0.0,0.0,200.0,0.0,0.0,0.0,200.0,10.0,0.0,0.0,0.0,10.0,0.0,0.0,0.0,10.0
1.7952992165360895,0.6031553168200636,-0.2052039586070936,0.005,200.0,0.0,0.0,0.0,200.0,0.0,0.0,0.0,200.0,10.0,0.0,0.0,0.0,10.0,0.0,0.0,0.0,10.0
1.7962993832305385,0.6034702090228234,-0.2056247967246136,0.005,200.0,0.0,0.0,0.0,200.0,0.0,0.0,0.0,200.0,10.0,0.0,0.0,0.0,10.0,0.0,0.0,0.0,10.0
1.7972995499249875,0.6037851012255832,-0.20604563484213348,0.005,200.0,0.0,0.0,0.0,200.0,0.0,0.0,0.0,200.0,10.0,0.0,0.0,0.0,10.0,0.0,0.0,0.0,10.0
1.7982997166194366,0.604099993428343,-0.2064664729596535,0.005,200.0,0.0,0.0,0.0,200.0,0.0,0.0,0.0,200.0,10.0,0.0,0.0,0.0,10.0,0.0,0.0,0.0,10.0
1.7992998833138858,0.6044148856311028,-0.2068873110771735,0.005,200.0,0.0,0.0,0.0,200.0,0.0,0.0,0.0,200.0,10.0,0.0,0.0,0.0,10.0,0.0,0.0,0.0,10.0
1.8003000500083348,0.6047297778338626,-0.20730814919469354,0.005,200.0,0.0,0.0,0.0,200.0,0.0,0.0,0.0,200.0,10.0,0.0,0.0,0.0,10.0,0.0,0.0,0.0,10.0
1.8013002167027838,0.6050446700366224,-0.20772898731221356,0.005,200.0,0.0,0.0,0.0,200.0,0.0,0.0,0.0,200.0,10.0,0.0,0.0,0.0,10.0,0.0,0.0,0.0,10.0
1.8023003833972329,0.6053595622393823,-0.20814982542973356,0.005,200.0,0.0,0.0,0.0,200.0,0.0,0.0,0.0,200.0,10.0,0.0,0.0,0.0,10.0,0.0,0.0,0.0,10.0
1.803300550091682,0.605674454442142,-0.20857066354725345,0.005,200.0,0.0,0.0,0.0,200.0,0.0,0.0,0.0,200.0,10.0,0.0,0.0,0.0,10.0,0.0,0.0,0.0,10.0
1.8043007167861311,0.6059893466449018,-0.20899150166477348,0.005,200.0,0.0,0.0,0.0,200.0,0.0,0.0,0.0,200.0,10.0,0.0,0.0,0.0,10.0,0.0,0.0,0.0,10.0
1.8053008834805802,0.6063042388476616,-0.20941233978229348,0.005,200.0,0.0,0.0,0.0,200.0,0.0,0.0,0.0,200.0,10.0,0.0,0.0,0.0,10.0,0.0,0.0,0.0,10.0
1.8063010501750292,0.6065936497518034,-0.20980261594856908,0.005,200.0,0.0,0.0,0.0,200.0,0.0,0.0,0.0,200.0,10.0,0.0,0.0,0.0,10.0,0.0,0.0,0.0,10.0
1.8073012168694784,0.6068178406654348,-0.210114668072969,0.005,200.0,0.0,0.0,0.0,200.0,0.0,0.0,0.0,200.0,10.0,0.0,0.0,0.0,10.0,0.0,0.0,0.0,10.0
1.8083013835639274,0.6070420315790661,-0.21042672019736888,0.005,200.0,0.0,0.0,0.0,200.0,0.0,0.0,0.0,200.0,10.0,0.0,0.0,0.0,10.0,0.0,0.0,0.0,10.0
1.8093015502583765,0.6072662224926975,-0.21073877232176869,0.005,200.0,0.0,0.0,0.0,200.0,0.0,0.0,0.0,200.0,10.0,0.0,0.0,0.0,10.0,0.0,0.0,0.0,10.0
1.8103017169528255,0.6074904134063288,-0.2110508244461686,0.005,200.0,0.0,0.0,0.0,200.0,0.0,0.0,0.0,200.0,10.0,0.0,0.0,0.0,10.0,0.0,0.0,0.0,10.0
1.8113018836472745,0.6077146043199602,-0.2113628765705685,0.005,200.0,0.0,0.0,0.0,200.0,0.0,0.0,0.0,200.0,10.0,0.0,0.0,0.0,10.0,0.0,0.0,0.0,10.0
1.8123020503417238,0.6079387952335915,-0.2116749286949684,0.005,200.0,0.0,0.0,0.0,200.0,0.0,0.0,0.0,200.0,10.0,0.0,0.0,0.0,10.0,0.0,0.0,0.0,10.0
1.8133022170361728,0.6081629861472229,-0.2119869808193683,0.005,200.0,0.0,0.0,0.0,200.0,0.0,0.0,0.0,200.0,10.0,0.0,0.0,0.0,10.0,0.0,0.0,0.0,10.0
1.8143023837306218,0.6083871770608542,-0.2122990329437681,0.005,200.0,0.0,0.0,0.0,200.0,0.0,0.0,0.0,200.0,10.0,0.0,0.0,0.0,10.0,0.0,0.0,0.0,10.0
1.8153025504250708,0.6086113679744856,-0.212611085068168,0.005,200.0,0.0,0.0,0.0,200.0,0.0,0.0,0.0,200.0,10.0,0.0,0.0,0.0,10.0,0.0,0.0,0.0,10.0
1.81630271711952,0.6088355588881169,-0.2129231371925679,0.005,200.0,0.0,0.0,0.0,200.0,0.0,0.0,0.0,200.0,10.0,0.0,0.0,0.0,10.0,0.0,0.0,0.0,10.0
1.817302883813969,0.6090597498017483,-0.2132351893169678,0.005,200.0,0.0,0.0,0.0,200.0,0.0,0.0,0.0,200.0,10.0,0.0,0.0,0.0,10.0,0.0,0.0,0.0,10.0
1.8183030505084181,0.6092839407153796,-0.2135472414413677,0.005,200.0,0.0,0.0,0.0,200.0,0.0,0.0,0.0,200.0,10.0,0.0,0.0,0.0,10.0,0.0,0.0,0.0,10.0
1.8193032172028671,0.609508131629011,-0.2138592935657676,0.005,200.0,0.0,0.0,0.0,200.0,0.0,0.0,0.0,200.0,10.0,0.0,0.0,0.0,10.0,0.0,0.0,0.0,10.0
1.8203033838973164,0.6097323225426423,-0.2141713456901674,0.005,200.0,0.0,0.0,0.0,200.0,0.0,0.0,0.0,200.0,10.0,0.0,0.0,0.0,10.0,0.0,0.0,0.0,10.0
1.8213035505917654,0.6099565134562737,-0.2144833978145673,0.005,200.0,0.0,0.0,0.0,200.0,0.0,0.0,0.0,200.0,10.0,0.0,0.0,0.0,10.0,0.0,0.0,0.0,10.0
1.8223037172862144,0.610180704369905,-0.2147954499389672,0.005,200.0,0.0,0.0,0.0,200.0,0.0,0.0,0.0,200.0,10.0,0.0,0.0,0.0,10.0,0.0,0.0,0.0,10.0
1.8233038839806635,0.6104048952835364,-0.21510750206336712,0.005,200.0,0.0,0.0,0.0,200.0,0.0,0.0,0.0,200.0,10.0,0.0,0.0,0.0,10.0,0.0,0.0,0.0,10.0
1.8243040506751127,0.6106290861971677,-0.215419554187767,0.005,200.0,0.0,0.0,0.0,200.0,0.0,0.0,0.0,200.0,10.0,0.0,0.0,0.0,10.0,0.0,0.0,0.0,10.0
1.8253042173695617,0.6108532771107991,-0.21573160631216692,0.005,200.0,0.0,0.0,0.0,200.0,0.0,0.0,0.0,200.0,10.0,0.0,0.0,0.0,10.0,0.0,0.0,0.0,10.0
1.8263043840640107,0.6110952966589592,-0.21609258804744141,0.005,200.0,0.0,0.0,0.0,200.0,0.0,0.0,0.0,200.0,10.0,0.0,0.0,0.0,10.0,0.0,0.0,0.0,10.0
1.8273045507584598,0.6114014992914233,-0.2166297163818652,0.005,200.0,0.0,0.0,0.0,200.0,0.0,0.0,0.0,200.0,10.0,0.0,0.0,0.0,10.0,0.0,0.0,0.0,10.0
1.8283047174529088,0.6117077019238873,-0.217166844716289,0.005,200.0,0.0,0.0,0.0,200.0,0.0,0.0,0.0,200.0,10.0,0.0,0.0,0.0,10.0,0.0,0.0,0.0,10.0
1.829304884147358,0.6120139045563513,-0.2177039730507128,0.005,200.0,0.0,0.0,0.0,200.0,0.0,0.0,0.0,200.0,10.0,0.0,0.0,0.0,10.0,0.0,0.0,0.0,10.0
1.830305050841807,0.6123201071888154,-0.21824110138513658,0.005,200.0,0.0,0.0,0.0,200.0,0.0,0.0,0.0,200.0,10.0,0.0,0.0,0.0,10.0,0.0,0.0,0.0,10.0
1.831305217536256,0.6126263098212793,-0.2187782297195602,0.005,200.0,0.0,0.0,0.0,200.0,0.0,0.0,0.0,200.0,10.0,0.0,0.0,0.0,10.0,0.0,0.0,0.0,10.0
1.832305384230705,0.6129325124537434,-0.219315358053984,0.005,200.0,0.0,0.0,0.0,200.0,0.0,0.0,0.0,200.0,10.0,0.0,0.0,0.0,10.0,0.0,0.0,0.0,10.0
1.8333055509251543,0.6132387150862074,-0.2198524863884078,0.005,200.0,0.0,0.0,0.0,200.0,0.0,0.0,0.0,200.0,10.0,0.0,0.0,0.0,10.0,0.0,0.0,0.0,10.0
1.8343057176196034,0.6135449177186714,-0.2203896147228316,0.005,200.0,0.0,0.0,0.0,200.0,0.0,0.0,0.0,200.0,10.0,0.0,0.0,0.0,10.0,0.0,0.0,0.0,10.0
1.8353058843140524,0.6138511203511354,-0.2209267430572554,0.005,200.0,0.0,0.0,0.0,200.0,0.0,0.0,0.0,200.0,10.0,0.0,0.0,0.0,10.0,0.0,0.0,0.0,10.0
1.8363060510085014,0.6141573229835995,-0.2214638713916792,0.005,200.0,0.0,0.0,0.0,200.0,0.0,0.0,0.0,200.0,10.0,0.0,0.0,0.0,10.0,0.0,0.0,0.0,10.0
1.8373062177029507,0.6144635256160634,-0.22200099972610282,0.005,200.0,0.0,0.0,0.0,200.0,0.0,0.0,0.0,200.0,10.0,0.0,0.0,0.0,10.0,0.0,0.0,0.0,10.0
1.8383063843973997,0.6147697282485275,-0.2225381280605266,0.005,200.0,0.0,0.0,0.0,200.0,0.0,0.0,0.0,200.0,10.0,0.0,0.0,0.0,10.0,0.0,0.0,0.0,10.0
1.8393065510918487,0.6150759308809914,-0.2230752563949504,0.005,200.0,0.0,0.0,0.0,200.0,0.0,0.0,0.0,200.0,10.0,0.0,0.0,0.0,10.0,0.0,0.0,0.0,10.0
1.8403067177862977,0.6153821335134555,-0.2236123847293742,0.005,200.0,0.0,0.0,0.0,200.0,0.0,0.0,0.0,200.0,10.0,0.0,0.0,0.0,10.0,0.0,0.0,0.0,10.0
1.8413068844807468,0.6156883361459196,-0.224149513063798,0.005,200.0,0.0,0.0,0.0,200.0,0.0,0.0,0.0,200.0,10.0,0.0,0.0,0.0,10.0,0.0,0.0,0.0,10.0
1.842307051175196,0.6159945387783836,-0.22468664139822178,0.005,200.0,0.0,0.0,0.0,200.0,0.0,0.0,0.0,200.0,10.0,0.0,0.0,0.0,10.0,0.0,0.0,0.0,10.0
1.843307217869645,0.6163007414108476,-0.2252237697326454,0.005,200.0,0.0,0.0,0.0,200.0,0.0,0.0,0.0,200.0,10.0,0.0,0.0,0.0,10.0,0.0,0.0,0.0,10.0
1.844307384564094,0.6166069440433115,-0.2257608980670692,0.005,200.0,0.0,0.0,0.0,200.0,0.0,0.0,0.0,200.0,10.0,0.0,0.0,0.0,10.0,0.0,0.0,0.0,10.0
1.845307551258543,0.6169131466757756,-0.226298026401493,0.005,200.0,0.0,0.0,0.0,200.0,0.0,0.0,0.0,200.0,10.0,0.0,0.0,0.0,10.0,0.0,0.0,0.0,10.0
1.8463077179529923,0.6172220573005606,-0.22684049302288878,0.005,200.0,0.0,0.0,0.0,200.0,0.0,0.0,0.0,200.0,10.0,0.0,0.0,0.0,10.0,0.0,0.0,0.0,10.0
1.8473078846474413,0.617545861883111,-0.22741232022263047,0.005,200.0,0.0,0.0,0.0,200.0,0.0,0.0,0.0,200.0,10.0,0.0,0.0,0.0,10.0,0.0,0.0,0.0,10.0
1.8483080513418904,0.6178696664656612,-0.22798414742237194,0.005,200.0,0.0,0.0,0.0,200.0,0.0,0.0,0.0,200.0,10.0,0.0,0.0,0.0,10.0,0.0,0.0,0.0,10.0
1.8493082180363394,0.6181934710482117,-0.22855597462211363,0.005,200.0,0.0,0.0,0.0,200.0,0.0,0.0,0.0,200.0,10.0,0.0,0.0,0.0,10.0,0.0,0.0,0.0,10.0
1.8503083847307886,0.618517275630762,-0.22912780182185533,0.005,200.0,0.0,0.0,0.0,200.0,0.0,0.0,0.0,200.0,10.0,0.0,0.0,0.0,10.0,0.0,0.0,0.0,10.0
1.8513085514252376,0.6188410802133124,-0.229699629021597,0.005,200.0,0.0,0.0,0.0,200.0,0.0,0.0,0.0,200.0,10.0,0.0,0.0,0.0,10.0,0.0,0.0,0.0,10.0
1.8523087181196867,0.6191648847958627,-0.23027145622133868,0.005,200.0,0.0,0.0,0.0,200.0,0.0,0.0,0.0,200.0,10.0,0.0,0.0,0.0,10.0,0.0,0.0,0.0,10.0
1.8533088848141357,0.6194886893784132,-0.23084328342108038,0.005,200.0,0.0,0.0,0.0,200.0,0.0,0.0,0.0,200.0,10.0,0.0,0.0,0.0,10.0,0.0,0.0,0.0,10.0
1.854309051508585,0.6198124939609634,-0.23141511062082187,0.005,200.0,0.0,0.0,0.0,200.0,0.0,0.0,0.0,200.0,10.0,0.0,0.0,0.0,10.0,0.0,0.0,0.0,10.0
1.855309218203034,0.6201362985435138,-0.23198693782056354,0.005,200.0,0.0,0.0,0.0,200.0,0.0,0.0,0.0,200.0,10.0,0.0,0.0,0.0,10.0,0.0,0.0,0.0,10.0
1.856309384897483,0.6204601031260641,-0.23255876502030523,0.005,200.0,0.0,0.0,0.0,200.0,0.0,0.0,0.0,200.0,10.0,0.0,0.0,0.0,10.0,0.0,0.0,0.0,10.0
1.857309551591932,0.6207839077086146,-0.23313059222004692,0.005,200.0,0.0,0.0,0.0,200.0,0.0,0.0,0.0,200.0,10.0,0.0,0.0,0.0,10.0,0.0,0.0,0.0,10.0
1.858309718286381,0.6211077122911649,-0.2337024194197886,0.005,200.0,0.0,0.0,0.0,200.0,0.0,0.0,0.0,200.0,10.0,0.0,0.0,0.0,10.0,0.0,0.0,0.0,10.0
1.8593098849808303,0.6214315168737152,-0.23427424661953009,0.005,200.0,0.0,0.0,0.0,200.0,0.0,0.0,0.0,200.0,10.0,0.0,0.0,0.0,10.0,0.0,0.0,0.0,10.0
1.8603100516752793,0.6217553214562656,-0.23484607381927178,0.005,200.0,0.0,0.0,0.0,200.0,0.0,0.0,0.0,200.0,10.0,0.0,0.0,0.0,10.0,0.0,0.0,0.0,10.0
1.8613102183697283,0.622079126038816,-0.23541790101901344,0.005,200.0,0.0,0.0,0.0,200.0,0.0,0.0,0.0,200.0,10.0,0.0,0.0,0.0,10.0,0.0,0.0,0.0,10.0
1.8623103850641773,0.6224029306213663,-0.23598972821875513,0.005,200.0,0.0,0.0,0.0,200.0,0.0,0.0,0.0,200.0,10.0,0.0,0.0,0.0,10.0,0.0,0.0,0.0,10.0
1.8633105517586266,0.6227267352039167,-0.23656155541849683,0.005,200.0,0.0,0.0,0.0,200.0,0.0,0.0,0.0,200.0,10.0,0.0,0.0,0.0,10.0,0.0,0.0,0.0,10.0
1.8643107184530756,0.6230505397864671,-0.2371333826182385,0.005,200.0,0.0,0.0,0.0,200.0,0.0,0.0,0.0,200.0,10.0,0.0,0.0,0.0,10.0,0.0,0.0,0.0,10.0
1.8653108851475246,0.6233743443690174,-0.23770520981798,0.005,200.0,0.0,0.0,0.0,200.0,0.0,0.0,0.0,200.0,10.0,0.0,0.0,0.0,10.0,0.0,0.0,0.0,10.0
1.8663110518419737,0.6237024355677887,-0.23827089722265013,0.005,200.0,0.0,0.0,0.0,200.0,0.0,0.0,0.0,200.0,10.0,0.0,0.0,0.0,10.0,0.0,0.0,0.0,10.0
1.867311218536423,0.6240737104558968,-0.23877473187696968,0.005,200.0,0.0,0.0,0.0,200.0,0.0,0.0,0.0,200.0,10.0,0.0,0.0,0.0,10.0,0.0,0.0,0.0,10.0
1.868311385230872,0.6244449853440049,-0.23927856653128923,0.005,200.0,0.0,0.0,0.0,200.0,0.0,0.0,0.0,200.0,10.0,0.0,0.0,0.0,10.0,0.0,0.0,0.0,10.0
1.869311551925321,0.624816260232113,-0.23978240118560878,0.005,200.0,0.0,0.0,0.0,200.0,0.0,0.0,0.0,200.0,10.0,0.0,0.0,0.0,10.0,0.0,0.0,0.0,10.0
1.87031171861977,0.6251875351202212,-0.24028623583992834,0.005,200.0,0.0,0.0,0.0,200.0,0.0,0.0,0.0,200.0,10.0,0.0,0.0,0.0,10.0,0.0,0.0,0.0,10.0
1.8713118853142192,0.6255588100083291,-0.24079007049424772,0.005,200.0,0.0,0.0,0.0,200.0,0.0,0.0,0.0,200.0,10.0,0.0,0.0,0.0,10.0,0.0,0.0,0.0,10.0
1.8723120520086682,0.6259300848964373,-0.24129390514856727,0.005,200.0,0.0,0.0,0.0,200.0,0.0,0.0,0.0,200.0,10.0,0.0,0.0,0.0,10.0,0.0,0.0,0.0,10.0
1.8733122187031173,0.6263013597845455,-0.24179773980288682,0.005,200.0,0.0,0.0,0.0,200.0,0.0,0.0,0.0,200.0,10.0,0.0,0.0,0.0,10.0,0.0,0.0,0.0,10.0
1.8743123853975663,0.6266726346726536,-0.24230157445720638,0.005,200.0,0.0,0.0,0.0,200.0,0.0,0.0,0.0,200.0,10.0,0.0,0.0,0.0,10.0,0.0,0.0,0.0,10.0
1.8753125520920153,0.6270439095607617,-0.24280540911152593,0.005,200.0,0.0,0.0,0.0,200.0,0.0,0.0,0.0,200.0,10.0,0.0,0.0,0.0,10.0,0.0,0.0,0.0,10.0
1.8763127187864646,0.6274151844488697,-0.2433092437658453,0.005,200.0,0.0,0.0,0.0,200.0,0.0,0.0,0.0,200.0,10.0,0.0,0.0,0.0,10.0,0.0,0.0,0.0,10.0
1.8773128854809136,0.6277864593369779,-0.24381307842016486,0.005,200.0,0.0,0.0,0.0,200.0,0.0,0.0,0.0,200.0,10.0,0.0,0.0,0.0,10.0,0.0,0.0,0.0,10.0
1.8783130521753626,0.6281577342250859,-0.24431691307448442,0.005,200.0,0.0,0.0,0.0,200.0,0.0,0.0,0.0,200.0,10.0,0.0,0.0,0.0,10.0,0.0,0.0,0.0,10.0
1.8793132188698116,0.6285290091131941,-0.24482074772880397,0.005,200.0,0.0,0.0,0.0,200.0,0.0,0.0,0.0,200.0,10.0,0.0,0.0,0.0,10.0,0.0,0.0,0.0,10.0
1.8803133855642609,0.6289002840013023,-0.24532458238312355,0.005,200.0,0.0,0.0,0.0,200.0,0.0,0.0,0.0,200.0,10.0,0.0,0.0,0.0,10.0,0.0,0.0,0.0,10.0
1.8813135522587099,0.6292715588894103,-0.2458284170374431,0.005,200.0,0.0,0.0,0.0,200.0,0.0,0.0,0.0,200.0,10.0,0.0,0.0,0.0,10.0,0.0,0.0,0.0,10.0
1.882313718953159,0.6296428337775184,-0.24633225169176248,0.005,200.0,0.0,0.0,0.0,200.0,0.0,0.0,0.0,200.0,10.0,0.0,0.0,0.0,10.0,0.0,0.0,0.0,10.0
1.883313885647608,0.6300141086656265,-0.24683608634608203,0.005,200.0,0.0,0.0,0.0,200.0,0.0,0.0,0.0,200.0,10.0,0.0,0.0,0.0,10.0,0.0,0.0,0.0,10.0
1.8843140523420572,0.6303853835537346,-0.24733992100040159,0.005,200.0,0.0,0.0,0.0,200.0,0.0,0.0,0.0,200.0,10.0,0.0,0.0,0.0,10.0,0.0,0.0,0.0,10.0
1.8853142190365062,0.6307566584418427,-0.24784375565472114,0.005,200.0,0.0,0.0,0.0,200.0,0.0,0.0,0.0,200.0,10.0,0.0,0.0,0.0,10.0,0.0,0.0,0.0,10.0
1.8863143857309552,0.6311251726184691,-0.24834493682431785,0.005,200.0,0.0,0.0,0.0,200.0,0.0,0.0,0.0,200.0,10.0,0.0,0.0,0.0,10.0,0.0,0.0,0.0,10.0
1.8873145524254042,0.6313932659149488,-0.2487495974871214,0.005,200.0,0.0,0.0,0.0,200.0,0.0,0.0,0.0,200.0,10.0,0.0,0.0,0.0,10.0,0.0,0.0,0.0,10.0
1.8883147191198533,0.6316613592114283,-0.24915425814992478,0.005,200.0,0.0,0.0,0.0,200.0,0.0,0.0,0.0,200.0,10.0,0.0,0.0,0.0,10.0,0.0,0.0,0.0,10.0
1.8893148858143025,0.631929452507908,-0.24955891881272835,0.005,200.0,0.0,0.0,0.0,200.0,0.0,0.0,0.0,200.0,10.0,0.0,0.0,0.0,10.0,0.0,0.0,0.0,10.0
1.8903150525087515,0.6321975458043876,-0.24996357947553188,0.005,200.0,0.0,0.0,0.0,200.0,0.0,0.0,0.0,200.0,10.0,0.0,0.0,0.0,10.0,0.0,0.0,0.0,10.0
1.8913152192032006,0.6324656391008673,-0.2503682401383354,0.005,200.0,0.0,0.0,0.0,200.0,0.0,0.0,0.0,200.0,10.0,0.0,0.0,0.0,10.0,0.0,0.0,0.0,10.0
1.8923153858976496,0.6327337323973469,-0.25077290080113895,0.005,200.0,0.0,0.0,0.0,200.0,0.0,0.0,0.0,200.0,10.0,0.0,0.0,0.0,10.0,0.0,0.0,0.0,10.0
1.8933155525920988,0.6330018256938265,-0.2511775614639424,0.005,200.0,0.0,0.0,0.0,200.0,0.0,0.0,0.0,200.0,10.0,0.0,0.0,0.0,10.0,0.0,0.0,0.0,10.0
1.8943157192865478,0.633269918990306,-0.2515822221267459,0.005,200.0,0.0,0.0,0.0,200.0,0.0,0.0,0.0,200.0,10.0,0.0,0.0,0.0,10.0,0.0,0.0,0.0,10.0
1.8953158859809969,0.6335380122867856,-0.25198688278954945,0.005,200.0,0.0,0.0,0.0,200.0,0.0,0.0,0.0,200.0,10.0,0.0,0.0,0.0,10.0,0.0,0.0,0.0,10.0
1.896316052675446,0.6338061055832653,-0.252391543452353,0.005,200.0,0.0,0.0,0.0,200.0,0.0,0.0,0.0,200.0,10.0,0.0,0.0,0.0,10.0,0.0,0.0,0.0,10.0
1.8973162193698951,0.6340741988797449,-0.2527962041151565,0.005,200.0,0.0,0.0,0.0,200.0,0.0,0.0,0.0,200.0,10.0,0.0,0.0,0.0,10.0,0.0,0.0,0.0,10.0
1.8983163860643442,0.6343422921762245,-0.25320086477796006,0.005,200.0,0.0,0.0,0.0,200.0,0.0,0.0,0.0,200.0,10.0,0.0,0.0,0.0,10.0,0.0,0.0,0.0,10.0
1.8993165527587932,0.6346103854727041,-0.2536055254407635,0.005,200.0,0.0,0.0,0.0,200.0,0.0,0.0,0.0,200.0,10.0,0.0,0.0,0.0,10.0,0.0,0.0,0.0,10.0
1.9003167194532422,0.6348784787691837,-0.254010186103567,0.005,200.0,0.0,0.0,0.0,200.0,0.0,0.0,0.0,200.0,10.0,0.0,0.0,0.0,10.0,0.0,0.0,0.0,10.0
1.9013168861476915,0.6351465720656634,-0.25441484676637055,0.005,200.0,0.0,0.0,0.0,200.0,0.0,0.0,0.0,200.0,10.0,0.0,0.0,0.0,10.0,0.0,0.0,0.0,10.0
1.9023170528421405,0.635414665362143,-0.2548195074291741,0.005,200.0,0.0,0.0,0.0,200.0,0.0,0.0,0.0,200.0,10.0,0.0,0.0,0.0,10.0,0.0,0.0,0.0,10.0
1.9033172195365895,0.6356827586586227,-0.2552241680919776,0.005,200.0,0.0,0.0,0.0,200.0,0.0,0.0,0.0,200.0,10.0,0.0,0.0,0.0,10.0,0.0,0.0,0.0,10.0
1.9043173862310385,0.6359508519551023,-0.25562882875478116,0.005,200.0,0.0,0.0,0.0,200.0,0.0,0.0,0.0,200.0,10.0,0.0,0.0,0.0,10.0,0.0,0.0,0.0,10.0
1.9053175529254875,0.6362189452515818,-0.2560334894175846,0.005,200.0,0.0,0.0,0.0,200.0,0.0,0.0,0.0,200.0,10.0,0.0,0.0,0.0,10.0,0.0,0.0,0.0,10.0
1.9063177196199368,0.6364870385480614,-0.2564381500803881,0.005,200.0,0.0,0.0,0.0,200.0,0.0,0.0,0.0,200.0,10.0,0.0,0.0,0.0,10.0,0.0,0.0,0.0,10.0
1.9073178863143858,0.6368032136267872,-0.2569564022726169,0.005,200.0,0.0,0.0,0.0,200.0,0.0,0.0,0.0,200.0,10.0,0.0,0.0,0.0,10.0,0.0,0.0,0.0,10.0
1.9083180530088348,0.6371212251624737,-0.25747899303020566,0.005,200.0,0.0,0.0,0.0,200.0,0.0,0.0,0.0,200.0,10.0,0.0,0.0,0.0,10.0,0.0,0.0,0.0,10.0
1.9093182197032839,0.6374392366981602,-0.2580015837877944,0.005,200.0,0.0,0.0,0.0,200.0,0.0,0.0,0.0,200.0,10.0,0.0,0.0,0.0,10.0,0.0,0.0,0.0,10.0
1.910318386397733,0.6377572482338466,-0.258524174545383,0.005,200.0,0.0,0.0,0.0,200.0,0.0,0.0,0.0,200.0,10.0,0.0,0.0,0.0,10.0,0.0,0.0,0.0,10.0
1.9113185530921821,0.6380752597695332,-0.25904676530297177,0.005,200.0,0.0,0.0,0.0,200.0,0.0,0.0,0.0,200.0,10.0,0.0,0.0,0.0,10.0,0.0,0.0,0.0,10.0
1.9123187197866311,0.6383932713052196,-0.2595693560605606,0.005,200.0,0.0,0.0,0.0,200.0,0.0,0.0,0.0,200.0,10.0,0.0,0.0,0.0,10.0,0.0,0.0,0.0,10.0
1.9133188864810802,0.6387112828409062,-0.26009194681814934,0.005,200.0,0.0,0.0,0.0,200.0,0.0,0.0,0.0,200.0,10.0,0.0,0.0,0.0,10.0,0.0,0.0,0.0,10.0
1.9143190531755294,0.6390292943765926,-0.2606145375757381,0.005,200.0,0.0,0.0,0.0,200.0,0.0,0.0,0.0,200.0,10.0,0.0,0.0,0.0,10.0,0.0,0.0,0.0,10.0
1.9153192198699784,0.6393473059122792,-0.26113712833332686,0.005,200.0,0.0,0.0,0.0,200.0,0.0,0.0,0.0,200.0,10.0,0.0,0.0,0.0,10.0,0.0,0.0,0.0,10.0
1.9163193865644275,0.6396653174479656,-0.26165971909091545,0.005,200.0,0.0,0.0,0.0,200.0,0.0,0.0,0.0,200.0,10.0,0.0,0.0,0.0,10.0,0.0,0.0,0.0,10.0
1.9173195532588765,0.6399833289836521,-0.26218230984850427,0.005,200.0,0.0,0.0,0.0,200.0,0.0,0.0,0.0,200.0,10.0,0.0,0.0,0.0,10.0,0.0,0.0,0.0,10.0
1.9183197199533257,0.6403013405193386,-0.26270490060609303,0.005,200.0,0.0,0.0,0.0,200.0,0.0,0.0,0.0,200.0,10.0,0.0,0.0,0.0,10.0,0.0,0.0,0.0,10.0
1.9193198866477748,0.6406193520550252,-0.2632274913636818,0.005,200.0,0.0,0.0,0.0,200.0,0.0,0.0,0.0,200.0,10.0,0.0,0.0,0.0,10.0,0.0,0.0,0.0,10.0
1.9203200533422238,0.6409373635907116,-0.26375008212127055,0.005,200.0,0.0,0.0,0.0,200.0,0.0,0.0,0.0,200.0,10.0,0.0,0.0,0.0,10.0,0.0,0.0,0.0,10.0
1.9213202200366728,0.6412553751263982,-0.26427267287885936,0.005,200.0,0.0,0.0,0.0,200.0,0.0,0.0,0.0,200.0,10.0,0.0,0.0,0.0,10.0,0.0,0.0,0.0,10.0
1.9223203867311218,0.6415733866620846,-0.26479526363644795,0.005,200.0,0.0,0.0,0.0,200.0,0.0,0.0,0.0,200.0,10.0,0.0,0.0,0.0,10.0,0.0,0.0,0.0,10.0
1.923320553425571,0.6418913981977711,-0.2653178543940367,0.005,200.0,0.0,0.0,0.0,200.0,0.0,0.0,0.0,200.0,10.0,0.0,0.0,0.0,10.0,0.0,0.0,0.0,10.0
1.92432072012002,0.6422094097334576,-0.26584044515162547,0.005,200.0,0.0,0.0,0.0,200.0,0.0,0.0,0.0,200.0,10.0,0.0,0.0,0.0,10.0,0.0,0.0,0.0,10.0
1.9253208868144691,0.6425274212691442,-0.2663630359092143,0.005,200.0,0.0,0.0,0.0,200.0,0.0,0.0,0.0,200.0,10.0,0.0,0.0,0.0,10.0,0.0,0.0,0.0,10.0
1.9263210535089181,0.6428454328048306,-0.26688562666680304,0.005,200.0,0.0,0.0,0.0,200.0,0.0,0.0,0.0,200.0,10.0,0.0,0.0,0.0,10.0,0.0,0.0,0.0,10.0
1.9273212202033674,0.6431443958625055,-0.267325110521132,0.005,200.0,0.0,0.0,0.0,200.0,0.0,0.0,0.0,200.0,10.0,0.0,0.0,0.0,10.0,0.0,0.0,0.0,10.0
1.9283213868978164,0.6434412345546029,-0.26775532594758833,0.005,200.0,0.0,0.0,0.0,200.0,0.0,0.0,0.0,200.0,10.0,0.0,0.0,0.0,10.0,0.0,0.0,0.0,10.0
1.9293215535922654,0.6437380732467004,-0.26818554137404466,0.005,200.0,0.0,0.0,0.0,200.0,0.0,0.0,0.0,200.0,10.0,0.0,0.0,0.0,10.0,0.0,0.0,0.0,10.0
1.9303217202867144,0.6440349119387978,-0.268615756800501,0.005,200.0,0.0,0.0,0.0,200.0,0.0,0.0,0.0,200.0,10.0,0.0,0.0,0.0,10.0,0.0,0.0,0.0,10.0
1.9313218869811637,0.6443317506308952,-0.2690459722269573,0.005,200.0,0.0,0.0,0.0,200.0,0.0,0.0,0.0,200.0,10.0,0.0,0.0,0.0,10.0,0.0,0.0,0.0,10.0
1.9323220536756127,0.6446285893229926,-0.26947618765341363,0.005,200.0,0.0,0.0,0.0,200.0,0.0,0.0,0.0,200.0,10.0,0.0,0.0,0.0,10.0,0.0,0.0,0.0,10.0
1.9333222203700617,0.64492542801509,-0.2699064030798698,0.005,200.0,0.0,0.0,0.0,200.0,0.0,0.0,0.0,200.0,10.0,0.0,0.0,0.0,10.0,0.0,0.0,0.0,10.0
1.9343223870645108,0.6452222667071874,-0.2703366185063261,0.005,200.0,0.0,0.0,0.0,200.0,0.0,0.0,0.0,200.0,10.0,0.0,0.0,0.0,10.0,0.0,0.0,0.0,10.0
1.93532255375896,0.6455191053992848,-0.27076683393278245,0.005,200.0,0.0,0.0,0.0,200.0,0.0,0.0,0.0,200.0,10.0,0.0,0.0,0.0,10.0,0.0,0.0,0.0,10.0
1.936322720453409,0.6458159440913823,-0.2711970493592388,0.005,200.0,0.0,0.0,0.0,200.0,0.0,0.0,0.0,200.0,10.0,0.0,0.0,0.0,10.0,0.0,0.0,0.0,10.0
1.937322887147858,0.6461127827834797,-0.2716272647856951,0.005,200.0,0.0,0.0,0.0,200.0,0.0,0.0,0.0,200.0,10.0,0.0,0.0,0.0,10.0,0.0,0.0,0.0,10.0
1.938323053842307,0.646409621475577,-0.27205748021215126,0.005,200.0,0.0,0.0,0.0,200.0,0.0,0.0,0.0,200.0,10.0,0.0,0.0,0.0,10.0,0.0,0.0,0.0,10.0
1.939323220536756,0.6467064601676744,-0.2724876956386076,0.005,200.0,0.0,0.0,0.0,200.0,0.0,0.0,0.0,200.0,10.0,0.0,0.0,0.0,10.0,0.0,0.0,0.0,10.0
1.9403233872312053,0.6470032988597719,-0.2729179110650639,0.005,200.0,0.0,0.0,0.0,200.0,0.0,0.0,0.0,200.0,10.0,0.0,0.0,0.0,10.0,0.0,0.0,0.0,10.0
1.9413235539256544,0.6473001375518693,-0.27334812649152024,0.005,200.0,0.0,0.0,0.0,200.0,0.0,0.0,0.0,200.0,10.0,0.0,0.0,0.0,10.0,0.0,0.0,0.0,10.0
1.9423237206201034,0.6475969762439667,-0.2737783419179765,0.005,200.0,0.0,0.0,0.0,200.0,0.0,0.0,0.0,200.0,10.0,0.0,0.0,0.0,10.0,0.0,0.0,0.0,10.0
1.9433238873145524,0.6478938149360641,-0.27420855734443284,0.005,200.0,0.0,0.0,0.0,200.0,0.0,0.0,0.0,200.0,10.0,0.0,0.0,0.0,10.0,0.0,0.0,0.0,10.0
1.9443240540090017,0.6481906536281615,-0.27463877277088905,0.005,200.0,0.0,0.0,0.0,200.0,0.0,0.0,0.0,200.0,10.0,0.0,0.0,0.0,10.0,0.0,0.0,0.0,10.0
1.9453242207034507,0.6484874923202589,-0.2750689881973454,0.005,200.0,0.0,0.0,0.0,200.0,0.0,0.0,0.0,200.0,10.0,0.0,0.0,0.0,10.0,0.0,0.0,0.0,10.0
1.9463243873978997,0.6487843310123563,-0.27549920362380165,0.005,200.0,0.0,0.0,0.0,200.0,0.0,0.0,0.0,200.0,10.0,0.0,0.0,0.0,10.0,0.0,0.0,0.0,10.0
1.9473245540923487,0.6491344626555147,-0.2760440976316878,0.005,200.0,0.0,0.0,0.0,200.0,0.0,0.0,0.0,200.0,10.0,0.0,0.0,0.0,10.0,0.0,0.0,0.0,10.0
1.948324720786798,0.6494950397170808,-0.27661146864153424,0.005,200.0,0.0,0.0,0.0,200.0,0.0,0.0,0.0,200.0,10.0,0.0,0.0,0.0,10.0,0.0,0.0,0.0,10.0
1.949324887481247,0.649855616778647,-0.2771788396513806,0.005,200.0,0.0,0.0,0.0,200.0,0.0,0.0,0.0,200.0,10.0,0.0,0.0,0.0,10.0,0.0,0.0,0.0,10.0
1.950325054175696,0.6502161938402131,-0.27774621066122684,0.005,200.0,0.0,0.0,0.0,200.0,0.0,0.0,0.0,200.0,10.0,0.0,0.0,0.0,10.0,0.0,0.0,0.0,10.0
1.951325220870145,0.6505767709017793,-0.27831358167107323,0.005,200.0,0.0,0.0,0.0,200.0,0.0,0.0,0.0,200.0,10.0,0.0,0.0,0.0,10.0,0.0,0.0,0.0,10.0
1.9523253875645943,0.6509373479633455,-0.27888095268091967,0.005,200.0,0.0,0.0,0.0,200.0,0.0,0.0,0.0,200.0,10.0,0.0,0.0,0.0,10.0,0.0,0.0,0.0,10.0
1.9533255542590433,0.6512979250249117,-0.27944832369076605,0.005,200.0,0.0,0.0,0.0,200.0,0.0,0.0,0.0,200.0,10.0,0.0,0.0,0.0,10.0,0.0,0.0,0.0,10.0
1.9543257209534923,0.6516585020864779,-0.2800156947006125,0.005,200.0,0.0,0.0,0.0,200.0,0.0,0.0,0.0,200.0,10.0,0.0,0.0,0.0,10.0,0.0,0.0,0.0,10.0
1.9553258876479414,0.652019079148044,-0.2805830657104587,0.005,200.0,0.0,0.0,0.0,200.0,0.0,0.0,0.0,200.0,10.0,0.0,0.0,0.0,10.0,0.0,0.0,0.0,10.0
1.9563260543423904,0.6523796562096101,-0.2811504367203051,0.005,200.0,0.0,0.0,0.0,200.0,0.0,0.0,0.0,200.0,10.0,0.0,0.0,0.0,10.0,0.0,0.0,0.0,10.0
1.9573262210368396,0.6527402332711764,-0.2817178077301515,0.005,200.0,0.0,0.0,0.0,200.0,0.0,0.0,0.0,200.0,10.0,0.0,0.0,0.0,10.0,0.0,0.0,0.0,10.0
1.9583263877312886,0.6531008103327426,-0.2822851787399979,0.005,200.0,0.0,0.0,0.0,200.0,0.0,0.0,0.0,200.0,10.0,0.0,0.0,0.0,10.0,0.0,0.0,0.0,10.0
1.9593265544257377,0.6534613873943088,-0.2828525497498443,0.005,200.0,0.0,0.0,0.0,200.0,0.0,0.0,0.0,200.0,10.0,0.0,0.0,0.0,10.0,0.0,0.0,0.0,10.0
1.9603267211201867,0.653821964455875,-0.28341992075969075,0.005,200.0,0.0,0.0,0.0,200.0,0.0,0.0,0.0,200.0,10.0,0.0,0.0,0.0,10.0,0.0,0.0,0.0,10.0
1.961326887814636,0.654182541517441,-0.28398729176953696,0.005,200.0,0.0,0.0,0.0,200.0,0.0,0.0,0.0,200.0,10.0,0.0,0.0,0.0,10.0,0.0,0.0,0.0,10.0
1.962327054509085,0.6545431185790073,-0.28455466277938335,0.005,200.0,0.0,0.0,0.0,200.0,0.0,0.0,0.0,200.0,10.0,0.0,0.0,0.0,10.0,0.0,0.0,0.0,10.0
1.963327221203534,0.6549036956405735,-0.28512203378922973,0.005,200.0,0.0,0.0,0.0,200.0,0.0,0.0,0.0,200.0,10.0,0.0,0.0,0.0,10.0,0.0,0.0,0.0,10.0
1.964327387897983,0.6552642727021397,-0.2856894047990762,0.005,200.0,0.0,0.0,0.0,200.0,0.0,0.0,0.0,200.0,10.0,0.0,0.0,0.0,10.0,0.0,0.0,0.0,10.0
1.9653275545924322,0.6556248497637058,-0.28625677580892256,0.005,200.0,0.0,0.0,0.0,200.0,0.0,0.0,0.0,200.0,10.0,0.0,0.0,0.0,10.0,0.0,0.0,0.0,10.0
1.9663277212868813,0.655985426825272,-0.286824146818769,0.005,200.0,0.0,0.0,0.0,200.0,0.0,0.0,0.0,200.0,10.0,0.0,0.0,0.0,10.0,0.0,0.0,0.0,10.0
1.9673278879813303,0.6562850558771691,-0.2872855582621161,0.005,200.0,0.0,0.0,0.0,200.0,0.0,0.0,0.0,200.0,10.0,0.0,0.0,0.0,10.0,0.0,0.0,0.0,10.0
1.9683280546757793,0.6565667435236227,-0.2877157781447623,0.005,200.0,0.0,0.0,0.0,200.0,0.0,0.0,0.0,200.0,10.0,0.0,0.0,0.0,10.0,0.0,0.0,0.0,10.0
1.9693282213702283,0.6568484311700762,-0.28814599802740853,0.005,200.0,0.0,0.0,0.0,200.0,0.0,0.0,0.0,200.0,10.0,0.0,0.0,0.0,10.0,0.0,0.0,0.0,10.0
1.9703283880646776,0.6571301188165296,-0.2885762179100547,0.005,200.0,0.0,0.0,0.0,200.0,0.0,0.0,0.0,200.0,10.0,0.0,0.0,0.0,10.0,0.0,0.0,0.0,10.0
1.9713285547591266,0.6574118064629831,-0.28900643779270097,0.005,200.0,0.0,0.0,0.0,200.0,0.0,0.0,0.0,200.0,10.0,0.0,0.0,0.0,10.0,0.0,0.0,0.0,10.0
1.9723287214535756,0.6576934941094364,-0.289436657675347,0.005,200.0,0.0,0.0,0.0,200.0,0.0,0.0,0.0,200.0,10.0,0.0,0.0,0.0,10.0,0.0,0.0,0.0,10.0
1.9733288881480247,0.65797518175589,-0.28986687755799323,0.005,200.0,0.0,0.0,0.0,200.0,0.0,0.0,0.0,200.0,10.0,0.0,0.0,0.0,10.0,0.0,0.0,0.0,10.0
1.974329054842474,0.6582568694023435,-0.2902970974406394,0.005,200.0,0.0,0.0,0.0,200.0,0.0,0.0,0.0,200.0,10.0,0.0,0.0,0.0,10.0,0.0,0.0,0.0,10.0
1.975329221536923,0.6585385570487969,-0.29072731732328566,0.005,200.0,0.0,0.0,0.0,200.0,0.0,0.0,0.0,200.0,10.0,0.0,0.0,0.0,10.0,0.0,0.0,0.0,10.0
1.976329388231372,0.6588202446952505,-0.29115753720593185,0.005,200.0,0.0,0.0,0.0,200.0,0.0,0.0,0.0,200.0,10.0,0.0,0.0,0.0,10.0,0.0,0.0,0.0,10.0
1.977329554925821,0.6591019323417039,-0.2915877570885781,0.005,200.0,0.0,0.0,0.0,200.0,0.0,0.0,0.0,200.0,10.0,0.0,0.0,0.0,10.0,0.0,0.0,0.0,10.0
1.9783297216202702,0.6593836199881573,-0.29201797697122417,0.005,200.0,0.0,0.0,0.0,200.0,0.0,0.0,0.0,200.0,10.0,0.0,0.0,0.0,10.0,0.0,0.0,0.0,10.0
1.9793298883147192,0.6596653076346108,-0.29244819685387036,0.005,200.0,0.0,0.0,0.0,200.0,0.0,0.0,0.0,200.0,10.0,0.0,0.0,0.0,10.0,0.0,0.0,0.0,10.0
1.9803300550091683,0.6599469952810643,-0.2928784167365166,0.005,200.0,0.0,0.0,0.0,200.0,0.0,0.0,0.0,200.0,10.0,0.0,0.0,0.0,10.0,0.0,0.0,0.0,10.0
1.9813302217036173,0.6602286829275178,-0.2933086366191628,0.005,200.0,0.0,0.0,0.0,200.0,0.0,0.0,0.0,200.0,10.0,0.0,0.0,0.0,10.0,0.0,0.0,0.0,10.0
1.9823303883980665,0.6605103705739713,-0.29373885650180903,0.005,200.0,0.0,0.0,0.0,200.0,0.0,0.0,0.0,200.0,10.0,0.0,0.0,0.0,10.0,0.0,0.0,0.0,10.0
1.9833305550925155,0.6607920582204247,-0.2941690763844552,0.005,200.0,0.0,0.0,0.0,200.0,0.0,0.0,0.0,200.0,10.0,0.0,0.0,0.0,10.0,0.0,0.0,0.0,10.0
1.9843307217869646,0.6610737458668782,-0.2945992962671013,0.005,200.0,0.0,0.0,0.0,200.0,0.0,0.0,0.0,200.0,10.0,0.0,0.0,0.0,10.0,0.0,0.0,0.0,10.0
1.9853308884814136,0.6613554335133317,-0.29502951614974754,0.005,200.0,0.0,0.0,0.0,200.0,0.0,0.0,0.0,200.0,10.0,0.0,0.0,0.0,10.0,0.0,0.0,0.0,10.0
1.9863310551758626,0.6616371211597851,-0.2954597360323937,0.005,200.0,0.0,0.0,0.0,200.0,0.0,0.0,0.0,200.0,10.0,0.0,0.0,0.0,10.0,0.0,0.0,0.0,10.0
1.9873312218703119,0.6619252880367961,-0.2959622648442302,0.005,200.0,0.0,0.0,0.0,200.0,0.0,0.0,0.0,200.0,10.0,0.0,0.0,0.0,10.0,0.0,0.0,0.0,10.0
1.9883313885647609,0.6622161138433281,-0.29649446760342313,0.005,200.0,0.0,0.0,0.0,200.0,0.0,0.0,0.0,200.0,10.0,0.0,0.0,0.0,10.0,0.0,0.0,0.0,10.0
1.98933155525921,0.6625069396498601,-0.2970266703626158,0.005,200.0,0.0,0.0,0.0,200.0,0.0,0.0,0.0,200.0,10.0,0.0,0.0,0.0,10.0,0.0,0.0,0.0,10.0
1.990331721953659,0.6627977654563921,-0.29755887312180873,0.005,200.0,0.0,0.0,0.0,200.0,0.0,0.0,0.0,200.0,10.0,0.0,0.0,0.0,10.0,0.0,0.0,0.0,10.0
1.9913318886481082,0.6630885912629242,-0.2980910758810016,0.005,200.0,0.0,0.0,0.0,200.0,0.0,0.0,0.0,200.0,10.0,0.0,0.0,0.0,10.0,0.0,0.0,0.0,10.0
1.9923320553425572,0.6633794170694562,-0.2986232786401945,0.005,200.0,0.0,0.0,0.0,200.0,0.0,0.0,0.0,200.0,10.0,0.0,0.0,0.0,10.0,0.0,0.0,0.0,10.0
1.9933322220370062,0.6636702428759883,-0.29915548139938736,0.005,200.0,0.0,0.0,0.0,200.0,0.0,0.0,0.0,200.0,10.0,0.0,0.0,0.0,10.0,0.0,0.0,0.0,10.0
1.9943323887314552,0.6639610686825204,-0.29968768415858027,0.005,200.0,0.0,0.0,0.0,200.0,0.0,0.0,0.0,200.0,10.0,0.0,0.0,0.0,10.0,0.0,0.0,0.0,10.0
1.9953325554259045,0.6642518944890524,-0.30021988691777296,0.005,200.0,0.0,0.0,0.0,200.0,0.0,0.0,0.0,200.0,10.0,0.0,0.0,0.0,10.0,0.0,0.0,0.0,10.0
1.9963327221203535,0.6645427202955845,-0.3007520896769658,0.005,200.0,0.0,0.0,0.0,200.0,0.0,0.0,0.0,200.0,10.0,0.0,0.0,0.0,10.0,0.0,0.0,0.0,10.0
1.9973328888148025,0.6648335461021165,-0.30128429243615873,0.005,200.0,0.0,0.0,0.0,200.0,0.0,0.0,0.0,200.0,10.0,0.0,0.0,0.0,10.0,0.0,0.0,0.0,10.0
1.9983330555092516,0.6651243719086486,-0.3018164951953516,0.005,200.0,0.0,0.0,0.0,200.0,0.0,0.0,0.0,200.0,10.0,0.0,0.0,0.0,10.0,0.0,0.0,0.0,10.0
1.9993332222037008,0.6654151977151807,-0.3023486979545445,0.005,200.0,0.0,0.0,0.0,200.0,0.0,0.0,0.0,200.0,10.0,0.0,0.0,0.0,10.0,0.0,0.0,0.0,10.0
2.0003333888981496,0.6657060235217127,-0.30288090071373736,0.005,200.0,0.0,0.0,0.0,200.0,0.0,0.0,0.0,200.0,10.0,0.0,0.0,0.0,10.0,0.0,0.0,0.0,10.0
2.001333555592599,0.6659968493282447,-0.3034131034729301,0.005,200.0,0.0,0.0,0.0,200.0,0.0,0.0,0.0,200.0,10.0,0.0,0.0,0.0,10.0,0.0,0.0,0.0,10.0
2.002333722287048,0.6662876751347767,-0.30394530623212296,0.005,200.0,0.0,0.0,0.0,200.0,0.0,0.0,0.0,200.0,10.0,0.0,0.0,0.0,10.0,0.0,0.0,0.0,10.0
2.003333888981497,0.6665785009413088,-0.30447750899131587,0.005,200.0,0.0,0.0,0.0,200.0,0.0,0.0,0.0,200.0,10.0,0.0,0.0,0.0,10.0,0.0,0.0,0.0,10.0
2.004334055675946,0.6668693267478408,-0.3050097117505087,0.005,200.0,0.0,0.0,0.0,200.0,0.0,0.0,0.0,200.0,10.0,0.0,0.0,0.0,10.0,0.0,0.0,0.0,10.0
2.005334222370395,0.667160152554373,-0.3055419145097016,0.005,200.0,0.0,0.0,0.0,200.0,0.0,0.0,0.0,200.0,10.0,0.0,0.0,0.0,10.0,0.0,0.0,0.0,10.0
2.006334389064844,0.667450978360905,-0.30607411726889433,0.005,200.0,0.0,0.0,0.0,200.0,0.0,0.0,0.0,200.0,10.0,0.0,0.0,0.0,10.0,0.0,0.0,0.0,10.0
2.0073345557592934,0.6677848121527334,-0.30654669410090657,0.005,200.0,0.0,0.0,0.0,200.0,0.0,0.0,0.0,200.0,10.0,0.0,0.0,0.0,10.0,0.0,0.0,0.0,10.0
2.0083347224537422,0.6681422669105797,-0.30698652301436363,0.005,200.0,0.0,0.0,0.0,200.0,0.0,0.0,0.0,200.0,10.0,0.0,0.0,0.0,10.0,0.0,0.0,0.0,10.0
2.0093348891481915,0.6684997216684259,-0.3074263519278207,0.005,200.0,0.0,0.0,0.0,200.0,0.0,0.0,0.0,200.0,10.0,0.0,0.0,0.0,10.0,0.0,0.0,0.0,10.0
2.0103350558426407,0.6688571764262722,-0.30786618084127776,0.005,200.0,0.0,0.0,0.0,200.0,0.0,0.0,0.0,200.0,10.0,0.0,0.0,0.0,10.0,0.0,0.0,0.0,10.0
2.0113352225370895,0.6692146311841184,-0.3083060097547348,0.005,200.0,0.0,0.0,0.0,200.0,0.0,0.0,0.0,200.0,10.0,0.0,0.0,0.0,10.0,0.0,0.0,0.0,10.0
2.0123353892315388,0.6695720859419645,-0.3087458386681917,0.005,200.0,0.0,0.0,0.0,200.0,0.0,0.0,0.0,200.0,10.0,0.0,0.0,0.0,10.0,0.0,0.0,0.0,10.0
2.0133355559259876,0.6699295406998108,-0.3091856675816488,0.005,200.0,0.0,0.0,0.0,200.0,0.0,0.0,0.0,200.0,10.0,0.0,0.0,0.0,10.0,0.0,0.0,0.0,10.0
2.014335722620437,0.670286995457657,-0.30962549649510585,0.005,200.0,0.0,0.0,0.0,200.0,0.0,0.0,0.0,200.0,10.0,0.0,0.0,0.0,10.0,0.0,0.0,0.0,10.0
2.015335889314886,0.6706444502155032,-0.3100653254085629,0.005,200.0,0.0,0.0,0.0,200.0,0.0,0.0,0.0,200.0,10.0,0.0,0.0,0.0,10.0,0.0,0.0,0.0,10.0
2.016336056009335,0.6710019049733495,-0.31050515432201997,0.005,200.0,0.0,0.0,0.0,200.0,0.0,0.0,0.0,200.0,10.0,0.0,0.0,0.0,10.0,0.0,0.0,0.0,10.0
2.017336222703784,0.6713593597311956,-0.3109449832354769,0.005,200.0,0.0,0.0,0.0,200.0,0.0,0.0,0.0,200.0,10.0,0.0,0.0,0.0,10.0,0.0,0.0,0.0,10.0
2.018336389398233,0.6717168144890419,-0.311384812148934,0.005,200.0,0.0,0.0,0.0,200.0,0.0,0.0,0.0,200.0,10.0,0.0,0.0,0.0,10.0,0.0,0.0,0.0,10.0
2.019336556092682,0.6720742692468881,-0.31182464106239105,0.005,200.0,0.0,0.0,0.0,200.0,0.0,0.0,0.0,200.0,10.0,0.0,0.0,0.0,10.0,0.0,0.0,0.0,10.0
2.0203367227871314,0.6724317240047344,-0.3122644699758481,0.005,200.0,0.0,0.0,0.0,200.0,0.0,0.0,0.0,200.0,10.0,0.0,0.0,0.0,10.0,0.0,0.0,0.0,10.0
2.02133688948158,0.6727891787625806,-0.3127042988893052,0.005,200.0,0.0,0.0,0.0,200.0,0.0,0.0,0.0,200.0,10.0,0.0,0.0,0.0,10.0,0.0,0.0,0.0,10.0
2.0223370561760294,0.6731466335204268,-0.31314412780276224,0.005,200.0,0.0,0.0,0.0,200.0,0.0,0.0,0.0,200.0,10.0,0.0,0.0,0.0,10.0,0.0,0.0,0.0,10.0
2.0233372228704787,0.673504088278273,-0.31358395671621914,0.005,200.0,0.0,0.0,0.0,200.0,0.0,0.0,0.0,200.0,10.0,0.0,0.0,0.0,10.0,0.0,0.0,0.0,10.0
2.0243373895649275,0.6738615430361192,-0.3140237856296762,0.005,200.0,0.0,0.0,0.0,200.0,0.0,0.0,0.0,200.0,10.0,0.0,0.0,0.0,10.0,0.0,0.0,0.0,10.0
2.0253375562593767,0.6742189977939654,-0.31446361454313326,0.005,200.0,0.0,0.0,0.0,200.0,0.0,0.0,0.0,200.0,10.0,0.0,0.0,0.0,10.0,0.0,0.0,0.0,10.0
2.0263377229538255,0.6745764525518116,-0.3149034434565903,0.005,200.0,0.0,0.0,0.0,200.0,0.0,0.0,0.0,200.0,10.0,0.0,0.0,0.0,10.0,0.0,0.0,0.0,10.0
2.0273378896482748,0.6749339090384808,-0.3154805270726134,0.005,200.0,0.0,0.0,0.0,200.0,0.0,0.0,0.0,200.0,10.0,0.0,0.0,0.0,10.0,0.0,0.0,0.0,10.0
2.028338056342724,0.6752913667671203,-0.31615621320484766,0.005,200.0,0.0,0.0,0.0,200.0,0.0,0.0,0.0,200.0,10.0,0.0,0.0,0.0,10.0,0.0,0.0,0.0,10.0
2.029338223037173,0.6756488244957597,-0.3168318993370817,0.005,200.0,0.0,0.0,0.0,200.0,0.0,0.0,0.0,200.0,10.0,0.0,0.0,0.0,10.0,0.0,0.0,0.0,10.0
2.030338389731622,0.6760062822243992,-0.31750758546931596,0.005,200.0,0.0,0.0,0.0,200.0,0.0,0.0,0.0,200.0,10.0,0.0,0.0,0.0,10.0,0.0,0.0,0.0,10.0
2.0313385564260713,0.6763637399530387,-0.31818327160155024,0.005,200.0,0.0,0.0,0.0,200.0,0.0,0.0,0.0,200.0,10.0,0.0,0.0,0.0,10.0,0.0,0.0,0.0,10.0
2.03233872312052,0.6767211976816782,-0.3188589577337845,0.005,200.0,0.0,0.0,0.0,200.0,0.0,0.0,0.0,200.0,10.0,0.0,0.0,0.0,10.0,0.0,0.0,0.0,10.0
2.0333388898149694,0.6770786554103178,-0.31953464386601876,0.005,200.0,0.0,0.0,0.0,200.0,0.0,0.0,0.0,200.0,10.0,0.0,0.0,0.0,10.0,0.0,0.0,0.0,10.0
2.034339056509418,0.6774361131389571,-0.3202103299982528,0.005,200.0,0.0,0.0,0.0,200.0,0.0,0.0,0.0,200.0,10.0,0.0,0.0,0.0,10.0,0.0,0.0,0.0,10.0
2.0353392232038674,0.6777935708675966,-0.32088601613048706,0.005,200.0,0.0,0.0,0.0,200.0,0.0,0.0,0.0,200.0,10.0,0.0,0.0,0.0,10.0,0.0,0.0,0.0,10.0
2.0363393898983166,0.6781510285962361,-0.3215617022627213,0.005,200.0,0.0,0.0,0.0,200.0,0.0,0.0,0.0,200.0,10.0,0.0,0.0,0.0,10.0,0.0,0.0,0.0,10.0
2.0373395565927654,0.6785084863248756,-0.3222373883949556,0.005,200.0,0.0,0.0,0.0,200.0,0.0,0.0,0.0,200.0,10.0,0.0,0.0,0.0,10.0,0.0,0.0,0.0,10.0
2.0383397232872147,0.6788659440535151,-0.32291307452718987,0.005,200.0,0.0,0.0,0.0,200.0,0.0,0.0,0.0,200.0,10.0,0.0,0.0,0.0,10.0,0.0,0.0,0.0,10.0
2.0393398899816635,0.6792234017821547,-0.3235887606594241,0.005,200.0,0.0,0.0,0.0,200.0,0.0,0.0,0.0,200.0,10.0,0.0,0.0,0.0,10.0,0.0,0.0,0.0,10.0
2.0403400566761127,0.679580859510794,-0.32426444679165817,0.005,200.0,0.0,0.0,0.0,200.0,0.0,0.0,0.0,200.0,10.0,0.0,0.0,0.0,10.0,0.0,0.0,0.0,10.0
2.041340223370562,0.6799383172394335,-0.3249401329238924,0.005,200.0,0.0,0.0,0.0,200.0,0.0,0.0,0.0,200.0,10.0,0.0,0.0,0.0,10.0,0.0,0.0,0.0,10.0
2.042340390065011,0.680295774968073,-0.3256158190561267,0.005,200.0,0.0,0.0,0.0,200.0,0.0,0.0,0.0,200.0,10.0,0.0,0.0,0.0,10.0,0.0,0.0,0.0,10.0
2.04334055675946,0.6806532326967125,-0.3262915051883609,0.005,200.0,0.0,0.0,0.0,200.0,0.0,0.0,0.0,200.0,10.0,0.0,0.0,0.0,10.0,0.0,0.0,0.0,10.0
2.0443407234539093,0.681010690425352,-0.3269671913205952,0.005,200.0,0.0,0.0,0.0,200.0,0.0,0.0,0.0,200.0,10.0,0.0,0.0,0.0,10.0,0.0,0.0,0.0,10.0
2.045340890148358,0.6813681481539916,-0.32764287745282944,0.005,200.0,0.0,0.0,0.0,200.0,0.0,0.0,0.0,200.0,10.0,0.0,0.0,0.0,10.0,0.0,0.0,0.0,10.0
2.0463410568428073,0.681725605882631,-0.3283185635850635,0.005,200.0,0.0,0.0,0.0,200.0,0.0,0.0,0.0,200.0,10.0,0.0,0.0,0.0,10.0,0.0,0.0,0.0,10.0
2.047341223537256,0.682122342416417,-0.3289611911471634,0.005,200.0,0.0,0.0,0.0,200.0,0.0,0.0,0.0,200.0,10.0,0.0,0.0,0.0,10.0,0.0,0.0,0.0,10.0
2.0483413902317054,0.6825555702272426,-0.329573106231203,0.005,200.0,0.0,0.0,0.0,200.0,0.0,0.0,0.0,200.0,10.0,0.0,0.0,0.0,10.0,0.0,0.0,0.0,10.0
2.0493415569261546,0.6829887980380681,-0.3301850213152426,0.005,200.0,0.0,0.0,0.0,200.0,0.0,0.0,0.0,200.0,10.0,0.0,0.0,0.0,10.0,0.0,0.0,0.0,10.0
2.0503417236206034,0.6834220258488937,-0.3307969363992822,0.005,200.0,0.0,0.0,0.0,200.0,0.0,0.0,0.0,200.0,10.0,0.0,0.0,0.0,10.0,0.0,0.0,0.0,10.0
2.0513418903150527,0.683855253659719,-0.33140885148332155,0.005,200.0,0.0,0.0,0.0,200.0,0.0,0.0,0.0,200.0,10.0,0.0,0.0,0.0,10.0,0.0,0.0,0.0,10.0
2.0523420570095015,0.6842884814705446,-0.3320207665673612,0.005,200.0,0.0,0.0,0.0,200.0,0.0,0.0,0.0,200.0,10.0,0.0,0.0,0.0,10.0,0.0,0.0,0.0,10.0
2.0533422237039507,0.6847217092813701,-0.33263268165140075,0.005,200.0,0.0,0.0,0.0,200.0,0.0,0.0,0.0,200.0,10.0,0.0,0.0,0.0,10.0,0.0,0.0,0.0,10.0
2.0543423903984,0.6851549370921955,-0.3332445967354403,0.005,200.0,0.0,0.0,0.0,200.0,0.0,0.0,0.0,200.0,10.0,0.0,0.0,0.0,10.0,0.0,0.0,0.0,10.0
2.0553425570928487,0.6855881649030211,-0.33385651181947995,0.005,200.0,0.0,0.0,0.0,200.0,0.0,0.0,0.0,200.0,10.0,0.0,0.0,0.0,10.0,0.0,0.0,0.0,10.0
2.056342723787298,0.6860213927138467,-0.3344684269035195,0.005,200.0,0.0,0.0,0.0,200.0,0.0,0.0,0.0,200.0,10.0,0.0,0.0,0.0,10.0,0.0,0.0,0.0,10.0
2.0573428904817472,0.686454620524672,-0.3350803419875589,0.005,200.0,0.0,0.0,0.0,200.0,0.0,0.0,0.0,200.0,10.0,0.0,0.0,0.0,10.0,0.0,0.0,0.0,10.0
2.058343057176196,0.6868878483354975,-0.3356922570715985,0.005,200.0,0.0,0.0,0.0,200.0,0.0,0.0,0.0,200.0,10.0,0.0,0.0,0.0,10.0,0.0,0.0,0.0,10.0
2.0593432238706453,0.6873210761463231,-0.33630417215563807,0.005,200.0,0.0,0.0,0.0,200.0,0.0,0.0,0.0,200.0,10.0,0.0,0.0,0.0,10.0,0.0,0.0,0.0,10.0
2.060343390565094,0.6877543039571486,-0.3369160872396777,0.005,200.0,0.0,0.0,0.0,200.0,0.0,0.0,0.0,200.0,10.0,0.0,0.0,0.0,10.0,0.0,0.0,0.0,10.0
2.0613435572595433,0.6881875317679741,-0.33752800232371727,0.005,200.0,0.0,0.0,0.0,200.0,0.0,0.0,0.0,200.0,10.0,0.0,0.0,0.0,10.0,0.0,0.0,0.0,10.0
2.0623437239539926,0.6886207595787996,-0.3381399174077569,0.005,200.0,0.0,0.0,0.0,200.0,0.0,0.0,0.0,200.0,10.0,0.0,0.0,0.0,10.0,0.0,0.0,0.0,10.0
2.0633438906484414,0.6890539873896251,-0.33875183249179625,0.005,200.0,0.0,0.0,0.0,200.0,0.0,0.0,0.0,200.0,10.0,0.0,0.0,0.0,10.0,0.0,0.0,0.0,10.0
2.0643440573428906,0.6894872152004505,-0.3393637475758359,0.005,200.0,0.0,0.0,0.0,200.0,0.0,0.0,0.0,200.0,10.0,0.0,0.0,0.0,10.0,0.0,0.0,0.0,10.0
2.0653442240373394,0.6899204430112761,-0.33997566265987544,0.005,200.0,0.0,0.0,0.0,200.0,0.0,0.0,0.0,200.0,10.0,0.0,0.0,0.0,10.0,0.0,0.0,0.0,10.0
2.0663443907317887,0.6903536708221016,-0.340587577743915,0.005,200.0,0.0,0.0,0.0,200.0,0.0,0.0,0.0,200.0,10.0,0.0,0.0,0.0,10.0,0.0,0.0,0.0,10.0
2.067344557426238,0.6907495956437592,-0.34120226629695655,0.005,200.0,0.0,0.0,0.0,200.0,0.0,0.0,0.0,200.0,10.0,0.0,0.0,0.0,10.0,0.0,0.0,0.0,10.0
2.0683447241206867,0.6911008117357519,-0.34182027893416933,0.005,200.0,0.0,0.0,0.0,200.0,0.0,0.0,0.0,200.0,10.0,0.0,0.0,0.0,10.0,0.0,0.0,0.0,10.0
2.069344890815136,0.6914520278277447,-0.3424382915713823,0.005,200.0,0.0,0.0,0.0,200.0,0.0,0.0,0.0,200.0,10.0,0.0,0.0,0.0,10.0,0.0,0.0,0.0,10.0
2.070345057509585,0.6918032439197376,-0.34305630420859523,0.005,200.0,0.0,0.0,0.0,200.0,0.0,0.0,0.0,200.0,10.0,0.0,0.0,0.0,10.0,0.0,0.0,0.0,10.0
2.071345224204034,0.6921544600117304,-0.3436743168458082,0.005,200.0,0.0,0.0,0.0,200.0,0.0,0.0,0.0,200.0,10.0,0.0,0.0,0.0,10.0,0.0,0.0,0.0,10.0
2.0723453908984832,0.6925056761037233,-0.3442923294830212,0.005,200.0,0.0,0.0,0.0,200.0,0.0,0.0,0.0,200.0,10.0,0.0,0.0,0.0,10.0,0.0,0.0,0.0,10.0
2.073345557592932,0.6928568921957161,-0.34491034212023414,0.005,200.0,0.0,0.0,0.0,200.0,0.0,0.0,0.0,200.0,10.0,0.0,0.0,0.0,10.0,0.0,0.0,0.0,10.0
2.0743457242873813,0.6932081082877088,-0.34552835475744686,0.005,200.0,0.0,0.0,0.0,200.0,0.0,0.0,0.0,200.0,10.0,0.0,0.0,0.0,10.0,0.0,0.0,0.0,10.0
2.0753458909818305,0.6935593243797017,-0.3461463673946598,0.005,200.0,0.0,0.0,0.0,200.0,0.0,0.0,0.0,200.0,10.0,0.0,0.0,0.0,10.0,0.0,0.0,0.0,10.0
2.0763460576762793,0.6939105404716945,-0.3467643800318728,0.005,200.0,0.0,0.0,0.0,200.0,0.0,0.0,0.0,200.0,10.0,0.0,0.0,0.0,10.0,0.0,0.0,0.0,10.0
2.0773462243707286,0.6942617565636874,-0.34738239266908577,0.005,200.0,0.0,0.0,0.0,200.0,0.0,0.0,0.0,200.0,10.0,0.0,0.0,0.0,10.0,0.0,0.0,0.0,10.0
2.078346391065178,0.6946129726556803,-0.3480004053062987,0.005,200.0,0.0,0.0,0.0,200.0,0.0,0.0,0.0,200.0,10.0,0.0,0.0,0.0,10.0,0.0,0.0,0.0,10.0
2.0793465577596266,0.6949641887476732,-0.34861841794351167,0.005,200.0,0.0,0.0,0.0,200.0,0.0,0.0,0.0,200.0,10.0,0.0,0.0,0.0,10.0,0.0,0.0,0.0,10.0
2.080346724454076,0.6953154048396659,-0.34923643058072446,0.005,200.0,0.0,0.0,0.0,200.0,0.0,0.0,0.0,200.0,10.0,0.0,0.0,0.0,10.0,0.0,0.0,0.0,10.0
2.0813468911485247,0.6956666209316588,-0.3498544432179374,0.005,200.0,0.0,0.0,0.0,200.0,0.0,0.0,0.0,200.0,10.0,0.0,0.0,0.0,10.0,0.0,0.0,0.0,10.0
2.082347057842974,0.6960178370236516,-0.35047245585515036,0.005,200.0,0.0,0.0,0.0,200.0,0.0,0.0,0.0,200.0,10.0,0.0,0.0,0.0,10.0,0.0,0.0,0.0,10.0
2.083347224537423,0.6963690531156445,-0.3510904684923633,0.005,200.0,0.0,0.0,0.0,200.0,0.0,0.0,0.0,200.0,10.0,0.0,0.0,0.0,10.0,0.0,0.0,0.0,10.0
2.084347391231872,0.6967202692076373,-0.3517084811295763,0.005,200.0,0.0,0.0,0.0,200.0,0.0,0.0,0.0,200.0,10.0,0.0,0.0,0.0,10.0,0.0,0.0,0.0,10.0
2.085347557926321,0.69707148529963,-0.35232649376678904,0.005,200.0,0.0,0.0,0.0,200.0,0.0,0.0,0.0,200.0,10.0,0.0,0.0,0.0,10.0,0.0,0.0,0.0,10.0
2.08634772462077,0.6974227013916229,-0.352944506404002,0.005,200.0,0.0,0.0,0.0,200.0,0.0,0.0,0.0,200.0,10.0,0.0,0.0,0.0,10.0,0.0,0.0,0.0,10.0
2.0873478913152193,0.6977491519176516,-0.3535127943556474,0.005,200.0,0.0,0.0,0.0,200.0,0.0,0.0,0.0,200.0,10.0,0.0,0.0,0.0,10.0,0.0,0.0,0.0,10.0
2.0883480580096685,0.6980370782299585,-0.35400373279641006,0.005,200.0,0.0,0.0,0.0,200.0,0.0,0.0,0.0,200.0,10.0,0.0,0.0,0.0,10.0,0.0,0.0,0.0,10.0
2.0893482247041173,0.6983250045422654,-0.3544946712371727,0.005,200.0,0.0,0.0,0.0,200.0,0.0,0.0,0.0,200.0,10.0,0.0,0.0,0.0,10.0,0.0,0.0,0.0,10.0
2.0903483913985665,0.6986129308545723,-0.3549856096779353,0.005,200.0,0.0,0.0,0.0,200.0,0.0,0.0,0.0,200.0,10.0,0.0,0.0,0.0,10.0,0.0,0.0,0.0,10.0
2.091348558093016,0.6989008571668791,-0.3554765481186978,0.005,200.0,0.0,0.0,0.0,200.0,0.0,0.0,0.0,200.0,10.0,0.0,0.0,0.0,10.0,0.0,0.0,0.0,10.0
2.0923487247874646,0.699188783479186,-0.35596748655946037,0.005,200.0,0.0,0.0,0.0,200.0,0.0,0.0,0.0,200.0,10.0,0.0,0.0,0.0,10.0,0.0,0.0,0.0,10.0
2.093348891481914,0.6994767097914928,-0.356458425000223,0.005,200.0,0.0,0.0,0.0,200.0,0.0,0.0,0.0,200.0,10.0,0.0,0.0,0.0,10.0,0.0,0.0,0.0,10.0
2.0943490581763626,0.6997646361037997,-0.35694936344098566,0.005,200.0,0.0,0.0,0.0,200.0,0.0,0.0,0.0,200.0,10.0,0.0,0.0,0.0,10.0,0.0,0.0,0.0,10.0
2.095349224870812,0.7000525624161066,-0.35744030188174825,0.005,200.0,0.0,0.0,0.0,200.0,0.0,0.0,0.0,200.0,10.0,0.0,0.0,0.0,10.0,0.0,0.0,0.0,10.0
2.096349391565261,0.7003404887284134,-0.3579312403225107,0.005,200.0,0.0,0.0,0.0,200.0,0.0,0.0,0.0,200.0,10.0,0.0,0.0,0.0,10.0,0.0,0.0,0.0,10.0
2.09734955825971,0.7006284150407203,-0.3584221787632733,0.005,200.0,0.0,0.0,0.0,200.0,0.0,0.0,0.0,200.0,10.0,0.0,0.0,0.0,10.0,0.0,0.0,0.0,10.0
2.098349724954159,0.7009163413530272,-0.35891311720403596,0.005,200.0,0.0,0.0,0.0,200.0,0.0,0.0,0.0,200.0,10.0,0.0,0.0,0.0,10.0,0.0,0.0,0.0,10.0
2.099349891648608,0.701204267665334,-0.3594040556447986,0.005,200.0,0.0,0.0,0.0,200.0,0.0,0.0,0.0,200.0,10.0,0.0,0.0,0.0,10.0,0.0,0.0,0.0,10.0
2.100350058343057,0.7014921939776408,-0.3598949940855612,0.005,200.0,0.0,0.0,0.0,200.0,0.0,0.0,0.0,200.0,10.0,0.0,0.0,0.0,10.0,0.0,0.0,0.0,10.0
2.1013502250375065,0.7017801202899477,-0.36038593252632384,0.005,200.0,0.0,0.0,0.0,200.0,0.0,0.0,0.0,200.0,10.0,0.0,0.0,0.0,10.0,0.0,0.0,0.0,10.0
2.1023503917319553,0.7020680466022545,-0.3608768709670863,0.005,200.0,0.0,0.0,0.0,200.0,0.0,0.0,0.0,200.0,10.0,0.0,0.0,0.0,10.0,0.0,0.0,0.0,10.0
2.1033505584264045,0.7023559729145614,-0.3613678094078489,0.005,200.0,0.0,0.0,0.0,200.0,0.0,0.0,0.0,200.0,10.0,0.0,0.0,0.0,10.0,0.0,0.0,0.0,10.0
2.1043507251208537,0.7026438992268683,-0.36185874784861155,0.005,200.0,0.0,0.0,0.0,200.0,0.0,0.0,0.0,200.0,10.0,0.0,0.0,0.0,10.0,0.0,0.0,0.0,10.0
2.1053508918153025,0.7029318255391751,-0.36234968628937414,0.005,200.0,0.0,0.0,0.0,200.0,0.0,0.0,0.0,200.0,10.0,0.0,0.0,0.0,10.0,0.0,0.0,0.0,10.0
2.106351058509752,0.703219751851482,-0.3628406247301368,0.005,200.0,0.0,0.0,0.0,200.0,0.0,0.0,0.0,200.0,10.0,0.0,0.0,0.0,10.0,0.0,0.0,0.0,10.0
2.1073512252042006,0.7035523079240059,-0.36337482779696506,0.005,200.0,0.0,0.0,0.0,200.0,0.0,0.0,0.0,200.0,10.0,0.0,0.0,0.0,10.0,0.0,0.0,0.0,10.0
2.10835139189865,0.7039764005455459,-0.3639977674948054,0.005,200.0,0.0,0.0,0.0,200.0,0.0,0.0,0.0,200.0,10.0,0.0,0.0,0.0,10.0,0.0,0.0,0.0,10.0
2.109351558593099,0.7044004931670862,-0.3646207071926459,0.005,200.0,0.0,0.0,0.0,200.0,0.0,0.0,0.0,200.0,10.0,0.0,0.0,0.0,10.0,0.0,0.0,0.0,10.0
2.110351725287548,0.7048245857886264,-0.3652436468904864,0.005,200.0,0.0,0.0,0.0,200.0,0.0,0.0,0.0,200.0,10.0,0.0,0.0,0.0,10.0,0.0,0.0,0.0,10.0
2.111351891981997,0.7052486784101666,-0.3658665865883269,0.005,200.0,0.0,0.0,0.0,200.0,0.0,0.0,0.0,200.0,10.0,0.0,0.0,0.0,10.0,0.0,0.0,0.0,10.0
2.1123520586764464,0.7056727710317068,-0.36648952628616743,0.005,200.0,0.0,0.0,0.0,200.0,0.0,0.0,0.0,200.0,10.0,0.0,0.0,0.0,10.0,0.0,0.0,0.0,10.0
2.113352225370895,0.7060968636532469,-0.3671124659840077,0.005,200.0,0.0,0.0,0.0,200.0,0.0,0.0,0.0,200.0,10.0,0.0,0.0,0.0,10.0,0.0,0.0,0.0,10.0
2.1143523920653444,0.7065209562747871,-0.3677354056818482,0.005,200.0,0.0,0.0,0.0,200.0,0.0,0.0,0.0,200.0,10.0,0.0,0.0,0.0,10.0,0.0,0.0,0.0,10.0
2.1153525587597932,0.7069450488963273,-0.3683583453796887,0.005,200.0,0.0,0.0,0.0,200.0,0.0,0.0,0.0,200.0,10.0,0.0,0.0,0.0,10.0,0.0,0.0,0.0,10.0
2.1163527254542425,0.7073691415178675,-0.3689812850775292,0.005,200.0,0.0,0.0,0.0,200.0,0.0,0.0,0.0,200.0,10.0,0.0,0.0,0.0,10.0,0.0,0.0,0.0,10.0
2.1173528921486917,0.7077932341394076,-0.36960422477536975,0.005,200.0,0.0,0.0,0.0,200.0,0.0,0.0,0.0,200.0,10.0,0.0,0.0,0.0,10.0,0.0,0.0,0.0,10.0
2.1183530588431405,0.7082173267609478,-0.37022716447321025,0.005,200.0,0.0,0.0,0.0,200.0,0.0,0.0,0.0,200.0,10.0,0.0,0.0,0.0,10.0,0.0,0.0,0.0,10.0
2.1193532255375898,0.7086414193824879,-0.3708501041710505,0.005,200.0,0.0,0.0,0.0,200.0,0.0,0.0,0.0,200.0,10.0,0.0,0.0,0.0,10.0,0.0,0.0,0.0,10.0
2.1203533922320386,0.7090655120040281,-0.371473043868891,0.005,200.0,0.0,0.0,0.0,200.0,0.0,0.0,0.0,200.0,10.0,0.0,0.0,0.0,10.0,0.0,0.0,0.0,10.0
2.121353558926488,0.7094896046255684,-0.37209598356673157,0.005,200.0,0.0,0.0,0.0,200.0,0.0,0.0,0.0,200.0,10.0,0.0,0.0,0.0,10.0,0.0,0.0,0.0,10.0
2.122353725620937,0.7099136972471086,-0.37271892326457207,0.005,200.0,0.0,0.0,0.0,200.0,0.0,0.0,0.0,200.0,10.0,0.0,0.0,0.0,10.0,0.0,0.0,0.0,10.0
2.123353892315386,0.7103377898686488,-0.37334186296241256,0.005,200.0,0.0,0.0,0.0,200.0,0.0,0.0,0.0,200.0,10.0,0.0,0.0,0.0,10.0,0.0,0.0,0.0,10.0
2.124354059009835,0.710761882490189,-0.37396480266025306,0.005,200.0,0.0,0.0,0.0,200.0,0.0,0.0,0.0,200.0,10.0,0.0,0.0,0.0,10.0,0.0,0.0,0.0,10.0
2.1253542257042843,0.7111859751117291,-0.37458774235809333,0.005,200.0,0.0,0.0,0.0,200.0,0.0,0.0,0.0,200.0,10.0,0.0,0.0,0.0,10.0,0.0,0.0,0.0,10.0
2.126354392398733,0.7116100677332693,-0.3752106820559339,0.005,200.0,0.0,0.0,0.0,200.0,0.0,0.0,0.0,200.0,10.0,0.0,0.0,0.0,10.0,0.0,0.0,0.0,10.0
2.1273545590931824,0.7120253864596895,-0.37581181574372535,0.005,200.0,0.0,0.0,0.0,200.0,0.0,0.0,0.0,200.0,10.0,0.0,0.0,0.0,10.0,0.0,0.0,0.0,10.0
2.128354725787631,0.7124162715541301,-0.3763522238339121,0.005,200.0,0.0,0.0,0.0,200.0,0.0,0.0,0.0,200.0,10.0,0.0,0.0,0.0,10.0,0.0,0.0,0.0,10.0
2.1293548924820804,0.7128071566485707,-0.37689263192409883,0.005,200.0,0.0,0.0,0.0,200.0,0.0,0.0,0.0,200.0,10.0,0.0,0.0,0.0,10.0,0.0,0.0,0.0,10.0
2.1303550591765297,0.7131980417430113,-0.37743304001428535,0.005,200.0,0.0,0.0,0.0,200.0,0.0,0.0,0.0,200.0,10.0,0.0,0.0,0.0,10.0,0.0,0.0,0.0,10.0
2.1313552258709785,0.7135889268374518,-0.3779734481044721,0.005,200.0,0.0,0.0,0.0,200.0,0.0,0.0,0.0,200.0,10.0,0.0,0.0,0.0,10.0,0.0,0.0,0.0,10.0
2.1323553925654277,0.7139798119318924,-0.37851385619465877,0.005,200.0,0.0,0.0,0.0,200.0,0.0,0.0,0.0,200.0,10.0,0.0,0.0,0.0,10.0,0.0,0.0,0.0,10.0
2.1333555592598765,0.714370697026333,-0.3790542642848455,0.005,200.0,0.0,0.0,0.0,200.0,0.0,0.0,0.0,200.0,10.0,0.0,0.0,0.0,10.0,0.0,0.0,0.0,10.0
2.1343557259543258,0.7147615821207737,-0.37959467237503225,0.005,200.0,0.0,0.0,0.0,200.0,0.0,0.0,0.0,200.0,10.0,0.0,0.0,0.0,10.0,0.0,0.0,0.0,10.0
2.135355892648775,0.7151524672152143,-0.38013508046521893,0.005,200.0,0.0,0.0,0.0,200.0,0.0,0.0,0.0,200.0,10.0,0.0,0.0,0.0,10.0,0.0,0.0,0.0,10.0
2.136356059343224,0.7155433523096547,-0.3806754885554055,0.005,200.0,0.0,0.0,0.0,200.0,0.0,0.0,0.0,200.0,10.0,0.0,0.0,0.0,10.0,0.0,0.0,0.0,10.0
2.137356226037673,0.7159342374040953,-0.3812158966455922,0.005,200.0,0.0,0.0,0.0,200.0,0.0,0.0,0.0,200.0,10.0,0.0,0.0,0.0,10.0,0.0,0.0,0.0,10.0
2.1383563927321223,0.716325122498536,-0.38175630473577893,0.005,200.0,0.0,0.0,0.0,200.0,0.0,0.0,0.0,200.0,10.0,0.0,0.0,0.0,10.0,0.0,0.0,0.0,10.0
2.139356559426571,0.7167160075929766,-0.38229671282596567,0.005,200.0,0.0,0.0,0.0,200.0,0.0,0.0,0.0,200.0,10.0,0.0,0.0,0.0,10.0,0.0,0.0,0.0,10.0
2.1403567261210203,0.7171068926874172,-0.38283712091615235,0.005,200.0,0.0,0.0,0.0,200.0,0.0,0.0,0.0,200.0,10.0,0.0,0.0,0.0,10.0,0.0,0.0,0.0,10.0
2.141356892815469,0.7174977777818577,-0.3833775290063391,0.005,200.0,0.0,0.0,0.0,200.0,0.0,0.0,0.0,200.0,10.0,0.0,0.0,0.0,10.0,0.0,0.0,0.0,10.0
2.1423570595099184,0.7178886628762983,-0.3839179370965256,0.005,200.0,0.0,0.0,0.0,200.0,0.0,0.0,0.0,200.0,10.0,0.0,0.0,0.0,10.0,0.0,0.0,0.0,10.0
2.1433572262043676,0.7182795479707389,-0.38445834518671235,0.005,200.0,0.0,0.0,0.0,200.0,0.0,0.0,0.0,200.0,10.0,0.0,0.0,0.0,10.0,0.0,0.0,0.0,10.0
2.1443573928988164,0.7186704330651795,-0.3849987532768991,0.005,200.0,0.0,0.0,0.0,200.0,0.0,0.0,0.0,200.0,10.0,0.0,0.0,0.0,10.0,0.0,0.0,0.0,10.0
2.1453575595932657,0.7190613181596202,-0.38553916136708577,0.005,200.0,0.0,0.0,0.0,200.0,0.0,0.0,0.0,200.0,10.0,0.0,0.0,0.0,10.0,0.0,0.0,0.0,10.0
2.1463577262877145,0.7194522032540607,-0.3860795694572725,0.005,200.0,0.0,0.0,0.0,200.0,0.0,0.0,0.0,200.0,10.0,0.0,0.0,0.0,10.0,0.0,0.0,0.0,10.0
2.1473578929821637,0.7198205045569557,-0.38660802780479003,0.005,200.0,0.0,0.0,0.0,200.0,0.0,0.0,0.0,200.0,10.0,0.0,0.0,0.0,10.0,0.0,0.0,0.0,10.0
2.148358059676613,0.7200988470901944,-0.38708888634400956,0.005,200.0,0.0,0.0,0.0,200.0,0.0,0.0,0.0,200.0,10.0,0.0,0.0,0.0,10.0,0.0,0.0,0.0,10.0
2.1493582263710618,0.7203771896234332,-0.38756974488322904,0.005,200.0,0.0,0.0,0.0,200.0,0.0,0.0,0.0,200.0,10.0,0.0,0.0,0.0,10.0,0.0,0.0,0.0,10.0
2.150358393065511,0.720655532156672,-0.38805060342244857,0.005,200.0,0.0,0.0,0.0,200.0,0.0,0.0,0.0,200.0,10.0,0.0,0.0,0.0,10.0,0.0,0.0,0.0,10.0
2.1513585597599603,0.7209338746899108,-0.3885314619616681,0.005,200.0,0.0,0.0,0.0,200.0,0.0,0.0,0.0,200.0,10.0,0.0,0.0,0.0,10.0,0.0,0.0,0.0,10.0
2.152358726454409,0.7212122172231495,-0.3890123205008876,0.005,200.0,0.0,0.0,0.0,200.0,0.0,0.0,0.0,200.0,10.0,0.0,0.0,0.0,10.0,0.0,0.0,0.0,10.0
2.1533588931488583,0.7214905597563882,-0.38949317904010694,0.005,200.0,0.0,0.0,0.0,200.0,0.0,0.0,0.0,200.0,10.0,0.0,0.0,0.0,10.0,0.0,0.0,0.0,10.0
2.154359059843307,0.721768902289627,-0.3899740375793264,0.005,200.0,0.0,0.0,0.0,200.0,0.0,0.0,0.0,200.0,10.0,0.0,0.0,0.0,10.0,0.0,0.0,0.0,10.0
2.1553592265377564,0.7220472448228658,-0.39045489611854595,0.005,200.0,0.0,0.0,0.0,200.0,0.0,0.0,0.0,200.0,10.0,0.0,0.0,0.0,10.0,0.0,0.0,0.0,10.0
2.1563593932322056,0.7223255873561045,-0.3909357546577654,0.005,200.0,0.0,0.0,0.0,200.0,0.0,0.0,0.0,200.0,10.0,0.0,0.0,0.0,10.0,0.0,0.0,0.0,10.0
2.1573595599266544,0.7226039298893433,-0.39141661319698495,0.005,200.0,0.0,0.0,0.0,200.0,0.0,0.0,0.0,200.0,10.0,0.0,0.0,0.0,10.0,0.0,0.0,0.0,10.0
2.1583597266211036,0.7228822724225821,-0.3918974717362045,0.005,200.0,0.0,0.0,0.0,200.0,0.0,0.0,0.0,200.0,10.0,0.0,0.0,0.0,10.0,0.0,0.0,0.0,10.0
2.159359893315553,0.7231606149558207,-0.3923783302754238,0.005,200.0,0.0,0.0,0.0,200.0,0.0,0.0,0.0,200.0,10.0,0.0,0.0,0.0,10.0,0.0,0.0,0.0,10.0
2.1603600600100017,0.7234389574890595,-0.3928591888146433,0.005,200.0,0.0,0.0,0.0,200.0,0.0,0.0,0.0,200.0,10.0,0.0,0.0,0.0,10.0,0.0,0.0,0.0,10.0
2.161360226704451,0.7237173000222983,-0.3933400473538628,0.005,200.0,0.0,0.0,0.0,200.0,0.0,0.0,0.0,200.0,10.0,0.0,0.0,0.0,10.0,0.0,0.0,0.0,10.0
2.1623603933988997,0.723995642555537,-0.39382090589308233,0.005,200.0,0.0,0.0,0.0,200.0,0.0,0.0,0.0,200.0,10.0,0.0,0.0,0.0,10.0,0.0,0.0,0.0,10.0
2.163360560093349,0.7242739850887757,-0.39430176443230186,0.005,200.0,0.0,0.0,0.0,200.0,0.0,0.0,0.0,200.0,10.0,0.0,0.0,0.0,10.0,0.0,0.0,0.0,10.0
2.1643607267877982,0.7245523276220145,-0.39478262297152117,0.005,200.0,0.0,0.0,0.0,200.0,0.0,0.0,0.0,200.0,10.0,0.0,0.0,0.0,10.0,0.0,0.0,0.0,10.0
2.165360893482247,0.7248306701552532,-0.3952634815107407,0.005,200.0,0.0,0.0,0.0,200.0,0.0,0.0,0.0,200.0,10.0,0.0,0.0,0.0,10.0,0.0,0.0,0.0,10.0
2.1663610601766963,0.7251090126884919,-0.3957443400499602,0.005,200.0,0.0,0.0,0.0,200.0,0.0,0.0,0.0,200.0,10.0,0.0,0.0,0.0,10.0,0.0,0.0,0.0,10.0
2.167361226871145,0.7253970118398805,-0.3962239766939618,0.005,200.0,0.0,0.0,0.0,200.0,0.0,0.0,0.0,200.0,10.0,0.0,0.0,0.0,10.0,0.0,0.0,0.0,10.0
2.1683613935655943,0.7257457770274309,-0.39669592433878736,0.005,200.0,0.0,0.0,0.0,200.0,0.0,0.0,0.0,200.0,10.0,0.0,0.0,0.0,10.0,0.0,0.0,0.0,10.0
2.1693615602600436,0.7260945422149814,-0.397167871983613,0.005,200.0,0.0,0.0,0.0,200.0,0.0,0.0,0.0,200.0,10.0,0.0,0.0,0.0,10.0,0.0,0.0,0.0,10.0
2.1703617269544924,0.7264433074025317,-0.3976398196284384,0.005,200.0,0.0,0.0,0.0,200.0,0.0,0.0,0.0,200.0,10.0,0.0,0.0,0.0,10.0,0.0,0.0,0.0,10.0
2.1713618936489416,0.7267920725900822,-0.398111767273264,0.005,200.0,0.0,0.0,0.0,200.0,0.0,0.0,0.0,200.0,10.0,0.0,0.0,0.0,10.0,0.0,0.0,0.0,10.0
2.172362060343391,0.7271408377776326,-0.3985837149180896,0.005,200.0,0.0,0.0,0.0,200.0,0.0,0.0,0.0,200.0,10.0,0.0,0.0,0.0,10.0,0.0,0.0,0.0,10.0
2.1733622270378397,0.7274896029651832,-0.39905566256291514,0.005,200.0,0.0,0.0,0.0,200.0,0.0,0.0,0.0,200.0,10.0,0.0,0.0,0.0,10.0,0.0,0.0,0.0,10.0
2.174362393732289,0.7278383681527336,-0.39952761020774075,0.005,200.0,0.0,0.0,0.0,200.0,0.0,0.0,0.0,200.0,10.0,0.0,0.0,0.0,10.0,0.0,0.0,0.0,10.0
2.1753625604267377,0.728187133340284,-0.3999995578525662,0.005,200.0,0.0,0.0,0.0,200.0,0.0,0.0,0.0,200.0,10.0,0.0,0.0,0.0,10.0,0.0,0.0,0.0,10.0
2.176362727121187,0.7285358985278344,-0.40047150549739174,0.005,200.0,0.0,0.0,0.0,200.0,0.0,0.0,0.0,200.0,10.0,0.0,0.0,0.0,10.0,0.0,0.0,0.0,10.0
2.177362893815636,0.7288846637153849,-0.40094345314221735,0.005,200.0,0.0,0.0,0.0,200.0,0.0,0.0,0.0,200.0,10.0,0.0,0.0,0.0,10.0,0.0,0.0,0.0,10.0
2.178363060510085,0.7292334289029353,-0.4014154007870429,0.005,200.0,0.0,0.0,0.0,200.0,0.0,0.0,0.0,200.0,10.0,0.0,0.0,0.0,10.0,0.0,0.0,0.0,10.0
2.1793632272045342,0.7295821940904857,-0.4018873484318685,0.005,200.0,0.0,0.0,0.0,200.0,0.0,0.0,0.0,200.0,10.0,0.0,0.0,0.0,10.0,0.0,0.0,0.0,10.0
2.180363393898983,0.7299309592780362,-0.4023592960766941,0.005,200.0,0.0,0.0,0.0,200.0,0.0,0.0,0.0,200.0,10.0,0.0,0.0,0.0,10.0,0.0,0.0,0.0,10.0
2.1813635605934323,0.7302797244655865,-0.4028312437215195,0.005,200.0,0.0,0.0,0.0,200.0,0.0,0.0,0.0,200.0,10.0,0.0,0.0,0.0,10.0,0.0,0.0,0.0,10.0
2.1823637272878815,0.730628489653137,-0.4033031913663451,0.005,200.0,0.0,0.0,0.0,200.0,0.0,0.0,0.0,200.0,10.0,0.0,0.0,0.0,10.0,0.0,0.0,0.0,10.0
2.1833638939823303,0.7309772548406874,-0.4037751390111707,0.005,200.0,0.0,0.0,0.0,200.0,0.0,0.0,0.0,200.0,10.0,0.0,0.0,0.0,10.0,0.0,0.0,0.0,10.0
2.1843640606767796,0.7313260200282379,-0.4042470866559963,0.005,200.0,0.0,0.0,0.0,200.0,0.0,0.0,0.0,200.0,10.0,0.0,0.0,0.0,10.0,0.0,0.0,0.0,10.0
2.185364227371229,0.7316747852157883,-0.40471903430082184,0.005,200.0,0.0,0.0,0.0,200.0,0.0,0.0,0.0,200.0,10.0,0.0,0.0,0.0,10.0,0.0,0.0,0.0,10.0
2.1863643940656776,0.7320235504033388,-0.40519098194564745,0.005,200.0,0.0,0.0,0.0,200.0,0.0,0.0,0.0,200.0,10.0,0.0,0.0,0.0,10.0,0.0,0.0,0.0,10.0
2.187364560760127,0.7323769561885536,-0.4056697091692228,0.005,200.0,0.0,0.0,0.0,200.0,0.0,0.0,0.0,200.0,10.0,0.0,0.0,0.0,10.0,0.0,0.0,0.0,10.0
2.1883647274545757,0.7327887913170885,-0.406233797452513,0.005,200.0,0.0,0.0,0.0,200.0,0.0,0.0,0.0,200.0,10.0,0.0,0.0,0.0,10.0,0.0,0.0,0.0,10.0
2.189364894149025,0.7332006264456234,-0.4067978857358032,0.005,200.0,0.0,0.0,0.0,200.0,0.0,0.0,0.0,200.0,10.0,0.0,0.0,0.0,10.0,0.0,0.0,0.0,10.0
2.190365060843474,0.7336124615741584,-0.40736197401909346,0.005,200.0,0.0,0.0,0.0,200.0,0.0,0.0,0.0,200.0,10.0,0.0,0.0,0.0,10.0,0.0,0.0,0.0,10.0
2.191365227537923,0.7340242967026933,-0.40792606230238365,0.005,200.0,0.0,0.0,0.0,200.0,0.0,0.0,0.0,200.0,10.0,0.0,0.0,0.0,10.0,0.0,0.0,0.0,10.0
2.192365394232372,0.7344361318312281,-0.4084901505856737,0.005,200.0,0.0,0.0,0.0,200.0,0.0,0.0,0.0,200.0,10.0,0.0,0.0,0.0,10.0,0.0,0.0,0.0,10.0
2.193365560926821,0.7348479669597631,-0.4090542388689639,0.005,200.0,0.0,0.0,0.0,200.0,0.0,0.0,0.0,200.0,10.0,0.0,0.0,0.0,10.0,0.0,0.0,0.0,10.0
2.1943657276212702,0.735259802088298,-0.40961832715225416,0.005,200.0,0.0,0.0,0.0,200.0,0.0,0.0,0.0,200.0,10.0,0.0,0.0,0.0,10.0,0.0,0.0,0.0,10.0
2.1953658943157195,0.7356716372168329,-0.41018241543554435,0.005,200.0,0.0,0.0,0.0,200.0,0.0,0.0,0.0,200.0,10.0,0.0,0.0,0.0,10.0,0.0,0.0,0.0,10.0
2.1963660610101683,0.7360834723453679,-0.4107465037188346,0.005,200.0,0.0,0.0,0.0,200.0,0.0,0.0,0.0,200.0,10.0,0.0,0.0,0.0,10.0,0.0,0.0,0.0,10.0
2.1973662277046175,0.7364953074739028,-0.4113105920021248,0.005,200.0,0.0,0.0,0.0,200.0,0.0,0.0,0.0,200.0,10.0,0.0,0.0,0.0,10.0,0.0,0.0,0.0,10.0
2.198366394399067,0.7369071426024375,-0.41187468028541485,0.005,200.0,0.0,0.0,0.0,200.0,0.0,0.0,0.0,200.0,10.0,0.0,0.0,0.0,10.0,0.0,0.0,0.0,10.0
2.1993665610935156,0.7373189777309725,-0.41243876856870504,0.005,200.0,0.0,0.0,0.0,200.0,0.0,0.0,0.0,200.0,10.0,0.0,0.0,0.0,10.0,0.0,0.0,0.0,10.0
2.200366727787965,0.7377308128595075,-0.4130028568519953,0.005,200.0,0.0,0.0,0.0,200.0,0.0,0.0,0.0,200.0,10.0,0.0,0.0,0.0,10.0,0.0,0.0,0.0,10.0
2.2013668944824136,0.7381426479880424,-0.41356694513528547,0.005,200.0,0.0,0.0,0.0,200.0,0.0,0.0,0.0,200.0,10.0,0.0,0.0,0.0,10.0,0.0,0.0,0.0,10.0
2.202367061176863,0.7385544831165773,-0.4141310334185757,0.005,200.0,0.0,0.0,0.0,200.0,0.0,0.0,0.0,200.0,10.0,0.0,0.0,0.0,10.0,0.0,0.0,0.0,10.0
2.203367227871312,0.7389663182451123,-0.4146951217018659,0.005,200.0,0.0,0.0,0.0,200.0,0.0,0.0,0.0,200.0,10.0,0.0,0.0,0.0,10.0,0.0,0.0,0.0,10.0
2.204367394565761,0.739378153373647,-0.415259209985156,0.005,200.0,0.0,0.0,0.0,200.0,0.0,0.0,0.0,200.0,10.0,0.0,0.0,0.0,10.0,0.0,0.0,0.0,10.0
2.20536756126021,0.7397899885021819,-0.41582329826844616,0.005,200.0,0.0,0.0,0.0,200.0,0.0,0.0,0.0,200.0,10.0,0.0,0.0,0.0,10.0,0.0,0.0,0.0,10.0
2.2063677279546594,0.740201823630717,-0.4163873865517364,0.005,200.0,0.0,0.0,0.0,200.0,0.0,0.0,0.0,200.0,10.0,0.0,0.0,0.0,10.0,0.0,0.0,0.0,10.0
2.207367894649108,0.7406131131368034,-0.4169508655740135,0.005,200.0,0.0,0.0,0.0,200.0,0.0,0.0,0.0,200.0,10.0,0.0,0.0,0.0,10.0,0.0,0.0,0.0,10.0
2.2083680613435575,0.7409705678946497,-0.41745423084299743,0.005,200.0,0.0,0.0,0.0,200.0,0.0,0.0,0.0,200.0,10.0,0.0,0.0,0.0,10.0,0.0,0.0,0.0,10.0
2.2093682280380063,0.7413280226524959,-0.4179575961119812,0.005,200.0,0.0,0.0,0.0,200.0,0.0,0.0,0.0,200.0,10.0,0.0,0.0,0.0,10.0,0.0,0.0,0.0,10.0
2.2103683947324555,0.7416854774103421,-0.41846096138096506,0.005,200.0,0.0,0.0,0.0,200.0,0.0,0.0,0.0,200.0,10.0,0.0,0.0,0.0,10.0,0.0,0.0,0.0,10.0
2.2113685614269047,0.7420429321681883,-0.418964326649949,0.005,200.0,0.0,0.0,0.0,200.0,0.0,0.0,0.0,200.0,10.0,0.0,0.0,0.0,10.0,0.0,0.0,0.0,10.0
2.2123687281213535,0.7424003869260346,-0.4194676919189329,0.005,200.0,0.0,0.0,0.0,200.0,0.0,0.0,0.0,200.0,10.0,0.0,0.0,0.0,10.0,0.0,0.0,0.0,10.0
2.213368894815803,0.7427578416838808,-0.41997105718791683,0.005,200.0,0.0,0.0,0.0,200.0,0.0,0.0,0.0,200.0,10.0,0.0,0.0,0.0,10.0,0.0,0.0,0.0,10.0
2.2143690615102516,0.743115296441727,-0.42047442245690075,0.005,200.0,0.0,0.0,0.0,200.0,0.0,0.0,0.0,200.0,10.0,0.0,0.0,0.0,10.0,0.0,0.0,0.0,10.0
2.215369228204701,0.7434727511995731,-0.4209777877258845,0.005,200.0,0.0,0.0,0.0,200.0,0.0,0.0,0.0,200.0,10.0,0.0,0.0,0.0,10.0,0.0,0.0,0.0,10.0
2.21636939489915,0.7438302059574194,-0.42148115299486844,0.005,200.0,0.0,0.0,0.0,200.0,0.0,0.0,0.0,200.0,10.0,0.0,0.0,0.0,10.0,0.0,0.0,0.0,10.0
2.217369561593599,0.7441876607152657,-0.4219845182638523,0.005,200.0,0.0,0.0,0.0,200.0,0.0,0.0,0.0,200.0,10.0,0.0,0.0,0.0,10.0,0.0,0.0,0.0,10.0
2.218369728288048,0.7445451154731119,-0.42248788353283623,0.005,200.0,0.0,0.0,0.0,200.0,0.0,0.0,0.0,200.0,10.0,0.0,0.0,0.0,10.0,0.0,0.0,0.0,10.0
2.2193698949824974,0.7449025702309582,-0.42299124880182015,0.005,200.0,0.0,0.0,0.0,200.0,0.0,0.0,0.0,200.0,10.0,0.0,0.0,0.0,10.0,0.0,0.0,0.0,10.0
2.220370061676946,0.7452600249888044,-0.4234946140708041,0.005,200.0,0.0,0.0,0.0,200.0,0.0,0.0,0.0,200.0,10.0,0.0,0.0,0.0,10.0,0.0,0.0,0.0,10.0
2.2213702283713954,0.7456174797466505,-0.42399797933978783,0.005,200.0,0.0,0.0,0.0,200.0,0.0,0.0,0.0,200.0,10.0,0.0,0.0,0.0,10.0,0.0,0.0,0.0,10.0
2.222370395065844,0.7459749345044967,-0.42450134460877176,0.005,200.0,0.0,0.0,0.0,200.0,0.0,0.0,0.0,200.0,10.0,0.0,0.0,0.0,10.0,0.0,0.0,0.0,10.0
2.2233705617602935,0.746332389262343,-0.4250047098777557,0.005,200.0,0.0,0.0,0.0,200.0,0.0,0.0,0.0,200.0,10.0,0.0,0.0,0.0,10.0,0.0,0.0,0.0,10.0
2.2243707284547427,0.7466898440201892,-0.4255080751467396,0.005,200.0,0.0,0.0,0.0,200.0,0.0,0.0,0.0,200.0,10.0,0.0,0.0,0.0,10.0,0.0,0.0,0.0,10.0
2.2253708951491915,0.7470472987780354,-0.4260114404157235,0.005,200.0,0.0,0.0,0.0,200.0,0.0,0.0,0.0,200.0,10.0,0.0,0.0,0.0,10.0,0.0,0.0,0.0,10.0
2.2263710618436408,0.7474047535358816,-0.42651480568470723,0.005,200.0,0.0,0.0,0.0,200.0,0.0,0.0,0.0,200.0,10.0,0.0,0.0,0.0,10.0,0.0,0.0,0.0,10.0
2.2273712285380896,0.7477622082937279,-0.42701817095369116,0.005,200.0,0.0,0.0,0.0,200.0,0.0,0.0,0.0,200.0,10.0,0.0,0.0,0.0,10.0,0.0,0.0,0.0,10.0
2.228371395232539,0.748043521749395,-0.427396161339843,0.005,200.0,0.0,0.0,0.0,200.0,0.0,0.0,0.0,200.0,10.0,0.0,0.0,0.0,10.0,0.0,0.0,0.0,10.0
2.229371561926988,0.7483205303964585,-0.42776706339339654,0.005,200.0,0.0,0.0,0.0,200.0,0.0,0.0,0.0,200.0,10.0,0.0,0.0,0.0,10.0,0.0,0.0,0.0,10.0
2.230371728621437,0.748597539043522,-0.4281379654469501,0.005,200.0,0.0,0.0,0.0,200.0,0.0,0.0,0.0,200.0,10.0,0.0,0.0,0.0,10.0,0.0,0.0,0.0,10.0
2.231371895315886,0.7488745476905854,-0.42850886750050365,0.005,200.0,0.0,0.0,0.0,200.0,0.0,0.0,0.0,200.0,10.0,0.0,0.0,0.0,10.0,0.0,0.0,0.0,10.0
2.2323720620103353,0.7491515563376487,-0.4288797695540571,0.005,200.0,0.0,0.0,0.0,200.0,0.0,0.0,0.0,200.0,10.0,0.0,0.0,0.0,10.0,0.0,0.0,0.0,10.0
2.233372228704784,0.7494285649847122,-0.42925067160761066,0.005,200.0,0.0,0.0,0.0,200.0,0.0,0.0,0.0,200.0,10.0,0.0,0.0,0.0,10.0,0.0,0.0,0.0,10.0
2.2343723953992334,0.7497055736317757,-0.4296215736611642,0.005,200.0,0.0,0.0,0.0,200.0,0.0,0.0,0.0,200.0,10.0,0.0,0.0,0.0,10.0,0.0,0.0,0.0,10.0
2.235372562093682,0.7499825822788391,-0.42999247571471777,0.005,200.0,0.0,0.0,0.0,200.0,0.0,0.0,0.0,200.0,10.0,0.0,0.0,0.0,10.0,0.0,0.0,0.0,10.0
2.2363727287881314,0.7502595909259026,-0.4303633777682713,0.005,200.0,0.0,0.0,0.0,200.0,0.0,0.0,0.0,200.0,10.0,0.0,0.0,0.0,10.0,0.0,0.0,0.0,10.0
2.2373728954825807,0.750536599572966,-0.4307342798218249,0.005,200.0,0.0,0.0,0.0,200.0,0.0,0.0,0.0,200.0,10.0,0.0,0.0,0.0,10.0,0.0,0.0,0.0,10.0
2.2383730621770295,0.7508136082200293,-0.43110518187537833,0.005,200.0,0.0,0.0,0.0,200.0,0.0,0.0,0.0,200.0,10.0,0.0,0.0,0.0,10.0,0.0,0.0,0.0,10.0
2.2393732288714787,0.7510906168670928,-0.4314760839289319,0.005,200.0,0.0,0.0,0.0,200.0,0.0,0.0,0.0,200.0,10.0,0.0,0.0,0.0,10.0,0.0,0.0,0.0,10.0
2.2403733955659275,0.7513676255141563,-0.43184698598248544,0.005,200.0,0.0,0.0,0.0,200.0,0.0,0.0,0.0,200.0,10.0,0.0,0.0,0.0,10.0,0.0,0.0,0.0,10.0
2.2413735622603768,0.7516446341612197,-0.432217888036039,0.005,200.0,0.0,0.0,0.0,200.0,0.0,0.0,0.0,200.0,10.0,0.0,0.0,0.0,10.0,0.0,0.0,0.0,10.0
2.242373728954826,0.7519216428082831,-0.43258879008959256,0.005,200.0,0.0,0.0,0.0,200.0,0.0,0.0,0.0,200.0,10.0,0.0,0.0,0.0,10.0,0.0,0.0,0.0,10.0
2.243373895649275,0.7521986514553465,-0.432959692143146,0.005,200.0,0.0,0.0,0.0,200.0,0.0,0.0,0.0,200.0,10.0,0.0,0.0,0.0,10.0,0.0,0.0,0.0,10.0
2.244374062343724,0.75247566010241,-0.43333059419669956,0.005,200.0,0.0,0.0,0.0,200.0,0.0,0.0,0.0,200.0,10.0,0.0,0.0,0.0,10.0,0.0,0.0,0.0,10.0
2.2453742290381733,0.7527526687494733,-0.4337014962502531,0.005,200.0,0.0,0.0,0.0,200.0,0.0,0.0,0.0,200.0,10.0,0.0,0.0,0.0,10.0,0.0,0.0,0.0,10.0
2.246374395732622,0.7530296773965368,-0.4340723983038067,0.005,200.0,0.0,0.0,0.0,200.0,0.0,0.0,0.0,200.0,10.0,0.0,0.0,0.0,10.0,0.0,0.0,0.0,10.0
2.2473745624270713,0.7533066860436003,-0.43444330035736023,0.005,200.0,0.0,0.0,0.0,200.0,0.0,0.0,0.0,200.0,10.0,0.0,0.0,0.0,10.0,0.0,0.0,0.0,10.0
2.24837472912152,0.7536080942231033,-0.4347696959535209,0.005,200.0,0.0,0.0,0.0,200.0,0.0,0.0,0.0,200.0,10.0,0.0,0.0,0.0,10.0,0.0,0.0,0.0,10.0
2.2493748958159694,0.7539127371891039,-0.4350901910723756,0.005,200.0,0.0,0.0,0.0,200.0,0.0,0.0,0.0,200.0,10.0,0.0,0.0,0.0,10.0,0.0,0.0,0.0,10.0
2.2503750625104186,0.7542173801551045,-0.4354106861912304,0.005,200.0,0.0,0.0,0.0,200.0,0.0,0.0,0.0,200.0,10.0,0.0,0.0,0.0,10.0,0.0,0.0,0.0,10.0
2.2513752292048674,0.7545220231211053,-0.43573118131008526,0.005,200.0,0.0,0.0,0.0,200.0,0.0,0.0,0.0,200.0,10.0,0.0,0.0,0.0,10.0,0.0,0.0,0.0,10.0
2.2523753958993167,0.7548266660871059,-0.43605167642894005,0.005,200.0,0.0,0.0,0.0,200.0,0.0,0.0,0.0,200.0,10.0,0.0,0.0,0.0,10.0,0.0,0.0,0.0,10.0
2.253375562593766,0.7551313090531067,-0.4363721715477949,0.005,200.0,0.0,0.0,0.0,200.0,0.0,0.0,0.0,200.0,10.0,0.0,0.0,0.0,10.0,0.0,0.0,0.0,10.0
2.2543757292882147,0.7554359520191072,-0.4366926666666496,0.005,200.0,0.0,0.0,0.0,200.0,0.0,0.0,0.0,200.0,10.0,0.0,0.0,0.0,10.0,0.0,0.0,0.0,10.0
2.255375895982664,0.7557405949851079,-0.4370131617855044,0.005,200.0,0.0,0.0,0.0,200.0,0.0,0.0,0.0,200.0,10.0,0.0,0.0,0.0,10.0,0.0,0.0,0.0,10.0
2.2563760626771128,0.7560452379511086,-0.4373336569043592,0.005,200.0,0.0,0.0,0.0,200.0,0.0,0.0,0.0,200.0,10.0,0.0,0.0,0.0,10.0,0.0,0.0,0.0,10.0
2.257376229371562,0.7563498809171093,-0.43765415202321406,0.005,200.0,0.0,0.0,0.0,200.0,0.0,0.0,0.0,200.0,10.0,0.0,0.0,0.0,10.0,0.0,0.0,0.0,10.0
2.2583763960660113,0.7566545238831099,-0.43797464714206885,0.005,200.0,0.0,0.0,0.0,200.0,0.0,0.0,0.0,200.0,10.0,0.0,0.0,0.0,10.0,0.0,0.0,0.0,10.0
2.25937656276046,0.7569591668491107,-0.4382951422609237,0.005,200.0,0.0,0.0,0.0,200.0,0.0,0.0,0.0,200.0,10.0,0.0,0.0,0.0,10.0,0.0,0.0,0.0,10.0
2.2603767294549093,0.7572638098151113,-0.4386156373797784,0.005,200.0,0.0,0.0,0.0,200.0,0.0,0.0,0.0,200.0,10.0,0.0,0.0,0.0,10.0,0.0,0.0,0.0,10.0
2.261376896149358,0.757568452781112,-0.4389361324986332,0.005,200.0,0.0,0.0,0.0,200.0,0.0,0.0,0.0,200.0,10.0,0.0,0.0,0.0,10.0,0.0,0.0,0.0,10.0
2.2623770628438074,0.7578730957471127,-0.43925662761748807,0.005,200.0,0.0,0.0,0.0,200.0,0.0,0.0,0.0,200.0,10.0,0.0,0.0,0.0,10.0,0.0,0.0,0.0,10.0
2.2633772295382566,0.7581777387131133,-0.43957712273634286,0.005,200.0,0.0,0.0,0.0,200.0,0.0,0.0,0.0,200.0,10.0,0.0,0.0,0.0,10.0,0.0,0.0,0.0,10.0
2.2643773962327054,0.758482381679114,-0.4398976178551977,0.005,200.0,0.0,0.0,0.0,200.0,0.0,0.0,0.0,200.0,10.0,0.0,0.0,0.0,10.0,0.0,0.0,0.0,10.0
2.2653775629271546,0.7587870246451147,-0.4402181129740525,0.005,200.0,0.0,0.0,0.0,200.0,0.0,0.0,0.0,200.0,10.0,0.0,0.0,0.0,10.0,0.0,0.0,0.0,10.0
2.266377729621604,0.7590916676111154,-0.44053860809290724,0.005,200.0,0.0,0.0,0.0,200.0,0.0,0.0,0.0,200.0,10.0,0.0,0.0,0.0,10.0,0.0,0.0,0.0,10.0
2.2673778963160527,0.759396310577116,-0.440859103211762,0.005,200.0,0.0,0.0,0.0,200.0,0.0,0.0,0.0,200.0,10.0,0.0,0.0,0.0,10.0,0.0,0.0,0.0,10.0
2.268378063010502,0.7596470808899389,-0.44117402630481034,0.005,200.0,0.0,0.0,0.0,200.0,0.0,0.0,0.0,200.0,10.0,0.0,0.0,0.0,10.0,0.0,0.0,0.0,10.0
2.2693782297049507,0.7598859772302247,-0.441487721277885,0.005,200.0,0.0,0.0,0.0,200.0,0.0,0.0,0.0,200.0,10.0,0.0,0.0,0.0,10.0,0.0,0.0,0.0,10.0
2.2703783963994,0.7601248735705105,-0.4418014162509596,0.005,200.0,0.0,0.0,0.0,200.0,0.0,0.0,0.0,200.0,10.0,0.0,0.0,0.0,10.0,0.0,0.0,0.0,10.0
2.2713785630938492,0.7603637699107961,-0.44211511122403413,0.005,200.0,0.0,0.0,0.0,200.0,0.0,0.0,0.0,200.0,10.0,0.0,0.0,0.0,10.0,0.0,0.0,0.0,10.0
2.272378729788298,0.760602666251082,-0.4424288061971087,0.005,200.0,0.0,0.0,0.0,200.0,0.0,0.0,0.0,200.0,10.0,0.0,0.0,0.0,10.0,0.0,0.0,0.0,10.0
2.2733788964827473,0.7608415625913677,-0.4427425011701834,0.005,200.0,0.0,0.0,0.0,200.0,0.0,0.0,0.0,200.0,10.0,0.0,0.0,0.0,10.0,0.0,0.0,0.0,10.0
2.274379063177196,0.7610804589316535,-0.44305619614325803,0.005,200.0,0.0,0.0,0.0,200.0,0.0,0.0,0.0,200.0,10.0,0.0,0.0,0.0,10.0,0.0,0.0,0.0,10.0
2.2753792298716453,0.7613193552719393,-0.4433698911163326,0.005,200.0,0.0,0.0,0.0,200.0,0.0,0.0,0.0,200.0,10.0,0.0,0.0,0.0,10.0,0.0,0.0,0.0,10.0
2.2763793965660946,0.761558251612225,-0.4436835860894073,0.005,200.0,0.0,0.0,0.0,200.0,0.0,0.0,0.0,200.0,10.0,0.0,0.0,0.0,10.0,0.0,0.0,0.0,10.0
2.2773795632605434,0.7617971479525107,-0.44399728106248176,0.005,200.0,0.0,0.0,0.0,200.0,0.0,0.0,0.0,200.0,10.0,0.0,0.0,0.0,10.0,0.0,0.0,0.0,10.0
2.2783797299549926,0.7620360442927965,-0.4443109760355564,0.005,200.0,0.0,0.0,0.0,200.0,0.0,0.0,0.0,200.0,10.0,0.0,0.0,0.0,10.0,0.0,0.0,0.0,10.0
2.279379896649442,0.7622749406330823,-0.444624671008631,0.005,200.0,0.0,0.0,0.0,200.0,0.0,0.0,0.0,200.0,10.0,0.0,0.0,0.0,10.0,0.0,0.0,0.0,10.0
2.2803800633438907,0.762513836973368,-0.44493836598170566,0.005,200.0,0.0,0.0,0.0,200.0,0.0,0.0,0.0,200.0,10.0,0.0,0.0,0.0,10.0,0.0,0.0,0.0,10.0
2.28138023003834,0.7627527333136539,-0.4452520609547803,0.005,200.0,0.0,0.0,0.0,200.0,0.0,0.0,0.0,200.0,10.0,0.0,0.0,0.0,10.0,0.0,0.0,0.0,10.0
2.2823803967327887,0.7629916296539396,-0.4455657559278549,0.005,200.0,0.0,0.0,0.0,200.0,0.0,0.0,0.0,200.0,10.0,0.0,0.0,0.0,10.0,0.0,0.0,0.0,10.0
2.283380563427238,0.7632305259942254,-0.44587945090092945,0.005,200.0,0.0,0.0,0.0,200.0,0.0,0.0,0.0,200.0,10.0,0.0,0.0,0.0,10.0,0.0,0.0,0.0,10.0
2.284380730121687,0.7634694223345111,-0.44619314587400405,0.005,200.0,0.0,0.0,0.0,200.0,0.0,0.0,0.0,200.0,10.0,0.0,0.0,0.0,10.0,0.0,0.0,0.0,10.0
2.285380896816136,0.7637083186747969,-0.4465068408470787,0.005,200.0,0.0,0.0,0.0,200.0,0.0,0.0,0.0,200.0,10.0,0.0,0.0,0.0,10.0,0.0,0.0,0.0,10.0
2.2863810635105852,0.7639472150150827,-0.44682053582015335,0.005,200.0,0.0,0.0,0.0,200.0,0.0,0.0,0.0,200.0,10.0,0.0,0.0,0.0,10.0,0.0,0.0,0.0,10.0
2.2873812302050345,0.7641861113553684,-0.44713423079322795,0.005,200.0,0.0,0.0,0.0,200.0,0.0,0.0,0.0,200.0,10.0,0.0,0.0,0.0,10.0,0.0,0.0,0.0,10.0
2.2883813968994833,0.7644686374212826,-0.4473995479678567,0.005,200.0,0.0,0.0,0.0,200.0,0.0,0.0,0.0,200.0,10.0,0.0,0.0,0.0,10.0,0.0,0.0,0.0,10.0
2.2893815635939325,0.7647652562746785,-0.44764923868546547,0.005,200.0,0.0,0.0,0.0,200.0,0.0,0.0,0.0,200.0,10.0,0.0,0.0,0.0,10.0,0.0,0.0,0.0,10.0
2.2903817302883813,0.7650618751280744,-0.44789892940307424,0.005,200.0,0.0,0.0,0.0,200.0,0.0,0.0,0.0,200.0,10.0,0.0,0.0,0.0,10.0,0.0,0.0,0.0,10.0
2.2913818969828306,0.7653584939814704,-0.448148620120683,0.005,200.0,0.0,0.0,0.0,200.0,0.0,0.0,0.0,200.0,10.0,0.0,0.0,0.0,10.0,0.0,0.0,0.0,10.0
2.29238206367728,0.7656551128348663,-0.4483983108382918,0.005,200.0,0.0,0.0,0.0,200.0,0.0,0.0,0.0,200.0,10.0,0.0,0.0,0.0,10.0,0.0,0.0,0.0,10.0
2.2933822303717286,0.7659517316882621,-0.44864800155590057,0.005,200.0,0.0,0.0,0.0,200.0,0.0,0.0,0.0,200.0,10.0,0.0,0.0,0.0,10.0,0.0,0.0,0.0,10.0
2.294382397066178,0.7662483505416581,-0.44889769227350923,0.005,200.0,0.0,0.0,0.0,200.0,0.0,0.0,0.0,200.0,10.0,0.0,0.0,0.0,10.0,0.0,0.0,0.0,10.0
2.2953825637606267,0.7665449693950539,-0.449147382991118,0.005,200.0,0.0,0.0,0.0,200.0,0.0,0.0,0.0,200.0,10.0,0.0,0.0,0.0,10.0,0.0,0.0,0.0,10.0
2.296382730455076,0.7668415882484498,-0.4493970737087268,0.005,200.0,0.0,0.0,0.0,200.0,0.0,0.0,0.0,200.0,10.0,0.0,0.0,0.0,10.0,0.0,0.0,0.0,10.0
2.297382897149525,0.7671382071018458,-0.44964676442633555,0.005,200.0,0.0,0.0,0.0,200.0,0.0,0.0,0.0,200.0,10.0,0.0,0.0,0.0,10.0,0.0,0.0,0.0,10.0
2.298383063843974,0.7674348259552417,-0.44989645514394433,0.005,200.0,0.0,0.0,0.0,200.0,0.0,0.0,0.0,200.0,10.0,0.0,0.0,0.0,10.0,0.0,0.0,0.0,10.0
2.299383230538423,0.7677314448086376,-0.4501461458615531,0.005,200.0,0.0,0.0,0.0,200.0,0.0,0.0,0.0,200.0,10.0,0.0,0.0,0.0,10.0,0.0,0.0,0.0,10.0
2.3003833972328724,0.7680280636620335,-0.45039583657916177,0.005,200.0,0.0,0.0,0.0,200.0,0.0,0.0,0.0,200.0,10.0,0.0,0.0,0.0,10.0,0.0,0.0,0.0,10.0
2.3013835639273212,0.7683246825154294,-0.45064552729677054,0.005,200.0,0.0,0.0,0.0,200.0,0.0,0.0,0.0,200.0,10.0,0.0,0.0,0.0,10.0,0.0,0.0,0.0,10.0
2.3023837306217705,0.7686213013688253,-0.4508952180143793,0.005,200.0,0.0,0.0,0.0,200.0,0.0,0.0,0.0,200.0,10.0,0.0,0.0,0.0,10.0,0.0,0.0,0.0,10.0
2.3033838973162193,0.7689179202222213,-0.4511449087319881,0.005,200.0,0.0,0.0,0.0,200.0,0.0,0.0,0.0,200.0,10.0,0.0,0.0,0.0,10.0,0.0,0.0,0.0,10.0
2.3043840640106685,0.7692145390756172,-0.45139459944959687,0.005,200.0,0.0,0.0,0.0,200.0,0.0,0.0,0.0,200.0,10.0,0.0,0.0,0.0,10.0,0.0,0.0,0.0,10.0
2.3053842307051178,0.769511157929013,-0.45164429016720553,0.005,200.0,0.0,0.0,0.0,200.0,0.0,0.0,0.0,200.0,10.0,0.0,0.0,0.0,10.0,0.0,0.0,0.0,10.0
2.3063843973995666,0.769807776782409,-0.4518939808848143,0.005,200.0,0.0,0.0,0.0,200.0,0.0,0.0,0.0,200.0,10.0,0.0,0.0,0.0,10.0,0.0,0.0,0.0,10.0
2.307384564094016,0.7701043956358049,-0.4521436716024231,0.005,200.0,0.0,0.0,0.0,200.0,0.0,0.0,0.0,200.0,10.0,0.0,0.0,0.0,10.0,0.0,0.0,0.0,10.0
2.3083847307884646,0.7703102953753127,-0.4522855859395762,0.005,200.0,0.0,0.0,0.0,200.0,0.0,0.0,0.0,200.0,10.0,0.0,0.0,0.0,10.0,0.0,0.0,0.0,10.0
2.309384897482914,0.7704758755086482,-0.45237959966319347,0.005,200.0,0.0,0.0,0.0,200.0,0.0,0.0,0.0,200.0,10.0,0.0,0.0,0.0,10.0,0.0,0.0,0.0,10.0
2.310385064177363,0.7706414556419836,-0.45247361338681075,0.005,200.0,0.0,0.0,0.0,200.0,0.0,0.0,0.0,200.0,10.0,0.0,0.0,0.0,10.0,0.0,0.0,0.0,10.0
2.311385230871812,0.770807035775319,-0.45256762711042803,0.005,200.0,0.0,0.0,0.0,200.0,0.0,0.0,0.0,200.0,10.0,0.0,0.0,0.0,10.0,0.0,0.0,0.0,10.0
2.312385397566261,0.7709726159086544,-0.4526616408340453,0.005,200.0,0.0,0.0,0.0,200.0,0.0,0.0,0.0,200.0,10.0,0.0,0.0,0.0,10.0,0.0,0.0,0.0,10.0
2.3133855642607104,0.7711381960419899,-0.4527556545576626,0.005,200.0,0.0,0.0,0.0,200.0,0.0,0.0,0.0,200.0,10.0,0.0,0.0,0.0,10.0,0.0,0.0,0.0,10.0
2.314385730955159,0.7713037761753252,-0.45284966828127987,0.005,200.0,0.0,0.0,0.0,200.0,0.0,0.0,0.0,200.0,10.0,0.0,0.0,0.0,10.0,0.0,0.0,0.0,10.0
2.3153858976496084,0.7714693563086606,-0.45294368200489715,0.005,200.0,0.0,0.0,0.0,200.0,0.0,0.0,0.0,200.0,10.0,0.0,0.0,0.0,10.0,0.0,0.0,0.0,10.0
2.3163860643440572,0.771634936441996,-0.4530376957285144,0.005,200.0,0.0,0.0,0.0,200.0,0.0,0.0,0.0,200.0,10.0,0.0,0.0,0.0,10.0,0.0,0.0,0.0,10.0
2.3173862310385065,0.7718005165753314,-0.45313170945213166,0.005,200.0,0.0,0.0,0.0,200.0,0.0,0.0,0.0,200.0,10.0,0.0,0.0,0.0,10.0,0.0,0.0,0.0,10.0
2.3183863977329557,0.7719660967086669,-0.45322572317574894,0.005,200.0,0.0,0.0,0.0,200.0,0.0,0.0,0.0,200.0,10.0,0.0,0.0,0.0,10.0,0.0,0.0,0.0,10.0
2.3193865644274045,0.7721316768420022,-0.4533197368993662,0.005,200.0,0.0,0.0,0.0,200.0,0.0,0.0,0.0,200.0,10.0,0.0,0.0,0.0,10.0,0.0,0.0,0.0,10.0
2.320386731121854,0.7722972569753377,-0.4534137506229835,0.005,200.0,0.0,0.0,0.0,200.0,0.0,0.0,0.0,200.0,10.0,0.0,0.0,0.0,10.0,0.0,0.0,0.0,10.0
2.3213868978163026,0.7724628371086731,-0.4535077643466008,0.005,200.0,0.0,0.0,0.0,200.0,0.0,0.0,0.0,200.0,10.0,0.0,0.0,0.0,10.0,0.0,0.0,0.0,10.0
2.322387064510752,0.7726284172420085,-0.453601778070218,0.005,200.0,0.0,0.0,0.0,200.0,0.0,0.0,0.0,200.0,10.0,0.0,0.0,0.0,10.0,0.0,0.0,0.0,10.0
2.323387231205201,0.7727939973753439,-0.4536957917938353,0.005,200.0,0.0,0.0,0.0,200.0,0.0,0.0,0.0,200.0,10.0,0.0,0.0,0.0,10.0,0.0,0.0,0.0,10.0
2.32438739789965,0.7729595775086793,-0.45378980551745257,0.005,200.0,0.0,0.0,0.0,200.0,0.0,0.0,0.0,200.0,10.0,0.0,0.0,0.0,10.0,0.0,0.0,0.0,10.0
2.325387564594099,0.7731251576420147,-0.45388381924106985,0.005,200.0,0.0,0.0,0.0,200.0,0.0,0.0,0.0,200.0,10.0,0.0,0.0,0.0,10.0,0.0,0.0,0.0,10.0
2.3263877312885484,0.7732907377753502,-0.45397783296468713,0.005,200.0,0.0,0.0,0.0,200.0,0.0,0.0,0.0,200.0,10.0,0.0,0.0,0.0,10.0,0.0,0.0,0.0,10.0
2.327387897982997,0.7734563179086856,-0.4540718466883044,0.005,200.0,0.0,0.0,0.0,200.0,0.0,0.0,0.0,200.0,10.0,0.0,0.0,0.0,10.0,0.0,0.0,0.0,10.0
2.3283880646774464,0.7736863544790481,-0.4542061048242365,0.005,200.0,0.0,0.0,0.0,200.0,0.0,0.0,0.0,200.0,10.0,0.0,0.0,0.0,10.0,0.0,0.0,0.0,10.0
2.329388231371895,0.7739544477755277,-0.4543641242887163,0.005,200.0,0.0,0.0,0.0,200.0,0.0,0.0,0.0,200.0,10.0,0.0,0.0,0.0,10.0,0.0,0.0,0.0,10.0
2.3303883980663445,0.7742225410720073,-0.4545221437531961,0.005,200.0,0.0,0.0,0.0,200.0,0.0,0.0,0.0,200.0,10.0,0.0,0.0,0.0,10.0,0.0,0.0,0.0,10.0
2.3313885647607937,0.774490634368487,-0.45468016321767585,0.005,200.0,0.0,0.0,0.0,200.0,0.0,0.0,0.0,200.0,10.0,0.0,0.0,0.0,10.0,0.0,0.0,0.0,10.0
2.3323887314552425,0.7747587276649666,-0.45483818268215565,0.005,200.0,0.0,0.0,0.0,200.0,0.0,0.0,0.0,200.0,10.0,0.0,0.0,0.0,10.0,0.0,0.0,0.0,10.0
2.3333888981496917,0.7750268209614462,-0.45499620214663533,0.005,200.0,0.0,0.0,0.0,200.0,0.0,0.0,0.0,200.0,10.0,0.0,0.0,0.0,10.0,0.0,0.0,0.0,10.0
2.334389064844141,0.7752949142579257,-0.45515422161111513,0.005,200.0,0.0,0.0,0.0,200.0,0.0,0.0,0.0,200.0,10.0,0.0,0.0,0.0,10.0,0.0,0.0,0.0,10.0
2.33538923153859,0.7755630075544053,-0.45531224107559487,0.005,200.0,0.0,0.0,0.0,200.0,0.0,0.0,0.0,200.0,10.0,0.0,0.0,0.0,10.0,0.0,0.0,0.0,10.0
2.336389398233039,0.775831100850885,-0.45547026054007467,0.005,200.0,0.0,0.0,0.0,200.0,0.0,0.0,0.0,200.0,10.0,0.0,0.0,0.0,10.0,0.0,0.0,0.0,10.0
2.337389564927488,0.7760991941473646,-0.4556282800045544,0.005,200.0,0.0,0.0,0.0,200.0,0.0,0.0,0.0,200.0,10.0,0.0,0.0,0.0,10.0,0.0,0.0,0.0,10.0
2.338389731621937,0.7763672874438443,-0.4557862994690342,0.005,200.0,0.0,0.0,0.0,200.0,0.0,0.0,0.0,200.0,10.0,0.0,0.0,0.0,10.0,0.0,0.0,0.0,10.0
2.3393898983163863,0.7766353807403238,-0.4559443189335139,0.005,200.0,0.0,0.0,0.0,200.0,0.0,0.0,0.0,200.0,10.0,0.0,0.0,0.0,10.0,0.0,0.0,0.0,10.0
2.340390065010835,0.7769034740368035,-0.4561023383979937,0.005,200.0,0.0,0.0,0.0,200.0,0.0,0.0,0.0,200.0,10.0,0.0,0.0,0.0,10.0,0.0,0.0,0.0,10.0
2.3413902317052844,0.7771715673332831,-0.4562603578624735,0.005,200.0,0.0,0.0,0.0,200.0,0.0,0.0,0.0,200.0,10.0,0.0,0.0,0.0,10.0,0.0,0.0,0.0,10.0
2.342390398399733,0.7774396606297627,-0.45641837732695323,0.005,200.0,0.0,0.0,0.0,200.0,0.0,0.0,0.0,200.0,10.0,0.0,0.0,0.0,10.0,0.0,0.0,0.0,10.0
2.3433905650941824,0.7777077539262424,-0.456576396791433,0.005,200.0,0.0,0.0,0.0,200.0,0.0,0.0,0.0,200.0,10.0,0.0,0.0,0.0,10.0,0.0,0.0,0.0,10.0
2.3443907317886317,0.777975847222722,-0.45673441625591277,0.005,200.0,0.0,0.0,0.0,200.0,0.0,0.0,0.0,200.0,10.0,0.0,0.0,0.0,10.0,0.0,0.0,0.0,10.0
2.3453908984830805,0.7782439405192015,-0.4568924357203925,0.005,200.0,0.0,0.0,0.0,200.0,0.0,0.0,0.0,200.0,10.0,0.0,0.0,0.0,10.0,0.0,0.0,0.0,10.0
2.3463910651775297,0.7785120338156811,-0.45705045518487225,0.005,200.0,0.0,0.0,0.0,200.0,0.0,0.0,0.0,200.0,10.0,0.0,0.0,0.0,10.0,0.0,0.0,0.0,10.0
2.347391231871979,0.7787801271121607,-0.45720847464935205,0.005,200.0,0.0,0.0,0.0,200.0,0.0,0.0,0.0,200.0,10.0,0.0,0.0,0.0,10.0,0.0,0.0,0.0,10.0
2.3483913985664278,0.7790297028084042,-0.4573834559871348,0.005,200.0,0.0,0.0,0.0,200.0,0.0,0.0,0.0,200.0,10.0,0.0,0.0,0.0,10.0,0.0,0.0,0.0,10.0
2.349391565260877,0.7792650341967738,-0.45757148491976596,0.005,200.0,0.0,0.0,0.0,200.0,0.0,0.0,0.0,200.0,10.0,0.0,0.0,0.0,10.0,0.0,0.0,0.0,10.0
2.350391731955326,0.7795003655851434,-0.4577595138523971,0.005,200.0,0.0,0.0,0.0,200.0,0.0,0.0,0.0,200.0,10.0,0.0,0.0,0.0,10.0,0.0,0.0,0.0,10.0
2.351391898649775,0.7797356969735129,-0.4579475427850283,0.005,200.0,0.0,0.0,0.0,200.0,0.0,0.0,0.0,200.0,10.0,0.0,0.0,0.0,10.0,0.0,0.0,0.0,10.0
2.3523920653442243,0.7799710283618824,-0.4581355717176595,0.005,200.0,0.0,0.0,0.0,200.0,0.0,0.0,0.0,200.0,10.0,0.0,0.0,0.0,10.0,0.0,0.0,0.0,10.0
2.353392232038673,0.780206359750252,-0.4583236006502907,0.005,200.0,0.0,0.0,0.0,200.0,0.0,0.0,0.0,200.0,10.0,0.0,0.0,0.0,10.0,0.0,0.0,0.0,10.0
2.3543923987331223,0.7804416911386215,-0.4585116295829219,0.005,200.0,0.0,0.0,0.0,200.0,0.0,0.0,0.0,200.0,10.0,0.0,0.0,0.0,10.0,0.0,0.0,0.0,10.0
2.355392565427571,0.7806770225269911,-0.4586996585155531,0.005,200.0,0.0,0.0,0.0,200.0,0.0,0.0,0.0,200.0,10.0,0.0,0.0,0.0,10.0,0.0,0.0,0.0,10.0
2.3563927321220204,0.7809123539153606,-0.4588876874481842,0.005,200.0,0.0,0.0,0.0,200.0,0.0,0.0,0.0,200.0,10.0,0.0,0.0,0.0,10.0,0.0,0.0,0.0,10.0
2.3573928988164696,0.7811476853037301,-0.4590757163808154,0.005,200.0,0.0,0.0,0.0,200.0,0.0,0.0,0.0,200.0,10.0,0.0,0.0,0.0,10.0,0.0,0.0,0.0,10.0
2.3583930655109184,0.7813830166920996,-0.4592637453134466,0.005,200.0,0.0,0.0,0.0,200.0,0.0,0.0,0.0,200.0,10.0,0.0,0.0,0.0,10.0,0.0,0.0,0.0,10.0
2.3593932322053677,0.7816183480804693,-0.4594517742460778,0.005,200.0,0.0,0.0,0.0,200.0,0.0,0.0,0.0,200.0,10.0,0.0,0.0,0.0,10.0,0.0,0.0,0.0,10.0
2.360393398899817,0.7818536794688388,-0.459639803178709,0.005,200.0,0.0,0.0,0.0,200.0,0.0,0.0,0.0,200.0,10.0,0.0,0.0,0.0,10.0,0.0,0.0,0.0,10.0
2.3613935655942657,0.7820890108572084,-0.4598278321113402,0.005,200.0,0.0,0.0,0.0,200.0,0.0,0.0,0.0,200.0,10.0,0.0,0.0,0.0,10.0,0.0,0.0,0.0,10.0
2.362393732288715,0.7823243422455778,-0.46001586104397135,0.005,200.0,0.0,0.0,0.0,200.0,0.0,0.0,0.0,200.0,10.0,0.0,0.0,0.0,10.0,0.0,0.0,0.0,10.0
2.3633938989831638,0.7825596736339474,-0.46020388997660255,0.005,200.0,0.0,0.0,0.0,200.0,0.0,0.0,0.0,200.0,10.0,0.0,0.0,0.0,10.0,0.0,0.0,0.0,10.0
2.364394065677613,0.7827950050223169,-0.46039191890923375,0.005,200.0,0.0,0.0,0.0,200.0,0.0,0.0,0.0,200.0,10.0,0.0,0.0,0.0,10.0,0.0,0.0,0.0,10.0
2.3653942323720623,0.7830303364106865,-0.4605799478418649,0.005,200.0,0.0,0.0,0.0,200.0,0.0,0.0,0.0,200.0,10.0,0.0,0.0,0.0,10.0,0.0,0.0,0.0,10.0
2.366394399066511,0.783265667799056,-0.4607679767744961,0.005,200.0,0.0,0.0,0.0,200.0,0.0,0.0,0.0,200.0,10.0,0.0,0.0,0.0,10.0,0.0,0.0,0.0,10.0
2.3673945657609603,0.7835009991874256,-0.46095600570712725,0.005,200.0,0.0,0.0,0.0,200.0,0.0,0.0,0.0,200.0,10.0,0.0,0.0,0.0,10.0,0.0,0.0,0.0,10.0
2.3683947324554095,0.7838026294411768,-0.46112309948943775,0.005,200.0,0.0,0.0,0.0,200.0,0.0,0.0,0.0,200.0,10.0,0.0,0.0,0.0,10.0,0.0,0.0,0.0,10.0
2.3693948991498583,0.7841701165678739,-0.4612693976890963,0.005,200.0,0.0,0.0,0.0,200.0,0.0,0.0,0.0,200.0,10.0,0.0,0.0,0.0,10.0,0.0,0.0,0.0,10.0
2.3703950658443076,0.784537603694571,-0.46141569588875486,0.005,200.0,0.0,0.0,0.0,200.0,0.0,0.0,0.0,200.0,10.0,0.0,0.0,0.0,10.0,0.0,0.0,0.0,10.0
2.3713952325387564,0.7849050908212682,-0.4615619940884134,0.005,200.0,0.0,0.0,0.0,200.0,0.0,0.0,0.0,200.0,10.0,0.0,0.0,0.0,10.0,0.0,0.0,0.0,10.0
2.3723953992332056,0.7852725779479653,-0.461708292288072,0.005,200.0,0.0,0.0,0.0,200.0,0.0,0.0,0.0,200.0,10.0,0.0,0.0,0.0,10.0,0.0,0.0,0.0,10.0
2.373395565927655,0.7856400650746624,-0.46185459048773053,0.005,200.0,0.0,0.0,0.0,200.0,0.0,0.0,0.0,200.0,10.0,0.0,0.0,0.0,10.0,0.0,0.0,0.0,10.0
2.3743957326221037,0.7860075522013595,-0.4620008886873891,0.005,200.0,0.0,0.0,0.0,200.0,0.0,0.0,0.0,200.0,10.0,0.0,0.0,0.0,10.0,0.0,0.0,0.0,10.0
2.375395899316553,0.7863750393280566,-0.46214718688704765,0.005,200.0,0.0,0.0,0.0,200.0,0.0,0.0,0.0,200.0,10.0,0.0,0.0,0.0,10.0,0.0,0.0,0.0,10.0
2.3763960660110017,0.7867425264547538,-0.4622934850867062,0.005,200.0,0.0,0.0,0.0,200.0,0.0,0.0,0.0,200.0,10.0,0.0,0.0,0.0,10.0,0.0,0.0,0.0,10.0
2.377396232705451,0.7871100135814509,-0.46243978328636476,0.005,200.0,0.0,0.0,0.0,200.0,0.0,0.0,0.0,200.0,10.0,0.0,0.0,0.0,10.0,0.0,0.0,0.0,10.0
2.3783963993999,0.7874775007081481,-0.4625860814860233,0.005,200.0,0.0,0.0,0.0,200.0,0.0,0.0,0.0,200.0,10.0,0.0,0.0,0.0,10.0,0.0,0.0,0.0,10.0
2.379396566094349,0.7878449878348451,-0.4627323796856818,0.005,200.0,0.0,0.0,0.0,200.0,0.0,0.0,0.0,200.0,10.0,0.0,0.0,0.0,10.0,0.0,0.0,0.0,10.0
2.3803967327887983,0.7882124749615422,-0.4628786778853404,0.005,200.0,0.0,0.0,0.0,200.0,0.0,0.0,0.0,200.0,10.0,0.0,0.0,0.0,10.0,0.0,0.0,0.0,10.0
2.3813968994832475,0.7885799620882394,-0.463024976084999,0.005,200.0,0.0,0.0,0.0,200.0,0.0,0.0,0.0,200.0,10.0,0.0,0.0,0.0,10.0,0.0,0.0,0.0,10.0
2.3823970661776963,0.7889474492149365,-0.46317127428465754,0.005,200.0,0.0,0.0,0.0,200.0,0.0,0.0,0.0,200.0,10.0,0.0,0.0,0.0,10.0,0.0,0.0,0.0,10.0
2.3833972328721456,0.7893149363416337,-0.4633175724843161,0.005,200.0,0.0,0.0,0.0,200.0,0.0,0.0,0.0,200.0,10.0,0.0,0.0,0.0,10.0,0.0,0.0,0.0,10.0
2.3843973995665944,0.7896824234683307,-0.4634638706839746,0.005,200.0,0.0,0.0,0.0,200.0,0.0,0.0,0.0,200.0,10.0,0.0,0.0,0.0,10.0,0.0,0.0,0.0,10.0
2.3853975662610436,0.7900499105950278,-0.46361016888363316,0.005,200.0,0.0,0.0,0.0,200.0,0.0,0.0,0.0,200.0,10.0,0.0,0.0,0.0,10.0,0.0,0.0,0.0,10.0
2.386397732955493,0.790417397721725,-0.4637564670832917,0.005,200.0,0.0,0.0,0.0,200.0,0.0,0.0,0.0,200.0,10.0,0.0,0.0,0.0,10.0,0.0,0.0,0.0,10.0
2.3873978996499416,0.7907848848484221,-0.46390276528295027,0.005,200.0,0.0,0.0,0.0,200.0,0.0,0.0,0.0,200.0,10.0,0.0,0.0,0.0,10.0,0.0,0.0,0.0,10.0
2.388398066344391,0.7910814863539751,-0.4640261568880455,0.005,200.0,0.0,0.0,0.0,200.0,0.0,0.0,0.0,200.0,10.0,0.0,0.0,0.0,10.0,0.0,0.0,0.0,10.0
2.3893982330388397,0.7912871811087479,-0.4641201720970594,0.005,200.0,0.0,0.0,0.0,200.0,0.0,0.0,0.0,200.0,10.0,0.0,0.0,0.0,10.0,0.0,0.0,0.0,10.0
2.390398399733289,0.7914928758635205,-0.4642141873060733,0.005,200.0,0.0,0.0,0.0,200.0,0.0,0.0,0.0,200.0,10.0,0.0,0.0,0.0,10.0,0.0,0.0,0.0,10.0
2.391398566427738,0.7916985706182932,-0.4643082025150872,0.005,200.0,0.0,0.0,0.0,200.0,0.0,0.0,0.0,200.0,10.0,0.0,0.0,0.0,10.0,0.0,0.0,0.0,10.0
2.392398733122187,0.7919042653730659,-0.4644022177241011,0.005,200.0,0.0,0.0,0.0,200.0,0.0,0.0,0.0,200.0,10.0,0.0,0.0,0.0,10.0,0.0,0.0,0.0,10.0
2.3933988998166362,0.7921099601278386,-0.46449623293311504,0.005,200.0,0.0,0.0,0.0,200.0,0.0,0.0,0.0,200.0,10.0,0.0,0.0,0.0,10.0,0.0,0.0,0.0,10.0
2.3943990665110855,0.7923156548826114,-0.4645902481421289,0.005,200.0,0.0,0.0,0.0,200.0,0.0,0.0,0.0,200.0,10.0,0.0,0.0,0.0,10.0,0.0,0.0,0.0,10.0
2.3953992332055343,0.792521349637384,-0.4646842633511428,0.005,200.0,0.0,0.0,0.0,200.0,0.0,0.0,0.0,200.0,10.0,0.0,0.0,0.0,10.0,0.0,0.0,0.0,10.0
2.3963993998999835,0.7927270443921567,-0.46477827856015674,0.005,200.0,0.0,0.0,0.0,200.0,0.0,0.0,0.0,200.0,10.0,0.0,0.0,0.0,10.0,0.0,0.0,0.0,10.0
2.3973995665944323,0.7929327391469293,-0.4648722937691706,0.005,200.0,0.0,0.0,0.0,200.0,0.0,0.0,0.0,200.0,10.0,0.0,0.0,0.0,10.0,0.0,0.0,0.0,10.0
2.3983997332888816,0.793138433901702,-0.46496630897818453,0.005,200.0,0.0,0.0,0.0,200.0,0.0,0.0,0.0,200.0,10.0,0.0,0.0,0.0,10.0,0.0,0.0,0.0,10.0
2.399399899983331,0.7933441286564747,-0.46506032418719845,0.005,200.0,0.0,0.0,0.0,200.0,0.0,0.0,0.0,200.0,10.0,0.0,0.0,0.0,10.0,0.0,0.0,0.0,10.0
2.4004000666777796,0.7935498234112475,-0.46515433939621237,0.005,200.0,0.0,0.0,0.0,200.0,0.0,0.0,0.0,200.0,10.0,0.0,0.0,0.0,10.0,0.0,0.0,0.0,10.0
2.401400233372229,0.7937555181660201,-0.46524835460522623,0.005,200.0,0.0,0.0,0.0,200.0,0.0,0.0,0.0,200.0,10.0,0.0,0.0,0.0,10.0,0.0,0.0,0.0,10.0
2.4024004000666777,0.7939612129207928,-0.46534236981424015,0.005,200.0,0.0,0.0,0.0,200.0,0.0,0.0,0.0,200.0,10.0,0.0,0.0,0.0,10.0,0.0,0.0,0.0,10.0
2.403400566761127,0.7941669076755655,-0.4654363850232541,0.005,200.0,0.0,0.0,0.0,200.0,0.0,0.0,0.0,200.0,10.0,0.0,0.0,0.0,10.0,0.0,0.0,0.0,10.0
2.404400733455576,0.7943726024303382,-0.465530400232268,0.005,200.0,0.0,0.0,0.0,200.0,0.0,0.0,0.0,200.0,10.0,0.0,0.0,0.0,10.0,0.0,0.0,0.0,10.0
2.405400900150025,0.7945782971851109,-0.4656244154412819,0.005,200.0,0.0,0.0,0.0,200.0,0.0,0.0,0.0,200.0,10.0,0.0,0.0,0.0,10.0,0.0,0.0,0.0,10.0
2.406401066844474,0.7947839919398836,-0.46571843065029583,0.005,200.0,0.0,0.0,0.0,200.0,0.0,0.0,0.0,200.0,10.0,0.0,0.0,0.0,10.0,0.0,0.0,0.0,10.0
2.4074012335389234,0.7949896866946563,-0.4658124458593097,0.005,200.0,0.0,0.0,0.0,200.0,0.0,0.0,0.0,200.0,10.0,0.0,0.0,0.0,10.0,0.0,0.0,0.0,10.0
2.4084014002333722,0.7952351987431457,-0.4659327193833844,0.005,200.0,0.0,0.0,0.0,200.0,0.0,0.0,0.0,200.0,10.0,0.0,0.0,0.0,10.0,0.0,0.0,0.0,10.0
2.4094015669278215,0.7955471914516804,-0.4660968349156409,0.005,200.0,0.0,0.0,0.0,200.0,0.0,0.0,0.0,200.0,10.0,0.0,0.0,0.0,10.0,0.0,0.0,0.0,10.0
2.4104017336222703,0.7958591841602151,-0.4662609504478974,0.005,200.0,0.0,0.0,0.0,200.0,0.0,0.0,0.0,200.0,10.0,0.0,0.0,0.0,10.0,0.0,0.0,0.0,10.0
2.4114019003167195,0.7961711768687497,-0.46642506598015393,0.005,200.0,0.0,0.0,0.0,200.0,0.0,0.0,0.0,200.0,10.0,0.0,0.0,0.0,10.0,0.0,0.0,0.0,10.0
2.4124020670111688,0.7964831695772842,-0.46658918151241036,0.005,200.0,0.0,0.0,0.0,200.0,0.0,0.0,0.0,200.0,10.0,0.0,0.0,0.0,10.0,0.0,0.0,0.0,10.0
2.4134022337056176,0.7967951622858188,-0.4667532970446669,0.005,200.0,0.0,0.0,0.0,200.0,0.0,0.0,0.0,200.0,10.0,0.0,0.0,0.0,10.0,0.0,0.0,0.0,10.0
2.414402400400067,0.7971071549943535,-0.4669174125769234,0.005,200.0,0.0,0.0,0.0,200.0,0.0,0.0,0.0,200.0,10.0,0.0,0.0,0.0,10.0,0.0,0.0,0.0,10.0
2.415402567094516,0.7974191477028881,-0.4670815281091799,0.005,200.0,0.0,0.0,0.0,200.0,0.0,0.0,0.0,200.0,10.0,0.0,0.0,0.0,10.0,0.0,0.0,0.0,10.0
2.416402733788965,0.7977311404114227,-0.4672456436414364,0.005,200.0,0.0,0.0,0.0,200.0,0.0,0.0,0.0,200.0,10.0,0.0,0.0,0.0,10.0,0.0,0.0,0.0,10.0
2.417402900483414,0.7980431331199573,-0.46740975917369293,0.005,200.0,0.0,0.0,0.0,200.0,0.0,0.0,0.0,200.0,10.0,0.0,0.0,0.0,10.0,0.0,0.0,0.0,10.0
2.418403067177863,0.7983551258284919,-0.46757387470594935,0.005,200.0,0.0,0.0,0.0,200.0,0.0,0.0,0.0,200.0,10.0,0.0,0.0,0.0,10.0,0.0,0.0,0.0,10.0
2.419403233872312,0.7986671185370265,-0.4677379902382059,0.005,200.0,0.0,0.0,0.0,200.0,0.0,0.0,0.0,200.0,10.0,0.0,0.0,0.0,10.0,0.0,0.0,0.0,10.0
2.4204034005667614,0.7989791112455612,-0.4679021057704624,0.005,200.0,0.0,0.0,0.0,200.0,0.0,0.0,0.0,200.0,10.0,0.0,0.0,0.0,10.0,0.0,0.0,0.0,10.0
2.42140356726121,0.7992911039540957,-0.4680662213027189,0.005,200.0,0.0,0.0,0.0,200.0,0.0,0.0,0.0,200.0,10.0,0.0,0.0,0.0,10.0,0.0,0.0,0.0,10.0
2.4224037339556594,0.7996030966626304,-0.4682303368349754,0.005,200.0,0.0,0.0,0.0,200.0,0.0,0.0,0.0,200.0,10.0,0.0,0.0,0.0,10.0,0.0,0.0,0.0,10.0
2.4234039006501082,0.7999150893711651,-0.46839445236723193,0.005,200.0,0.0,0.0,0.0,200.0,0.0,0.0,0.0,200.0,10.0,0.0,0.0,0.0,10.0,0.0,0.0,0.0,10.0
2.4244040673445575,0.8002270820796996,-0.46855856789948835,0.005,200.0,0.0,0.0,0.0,200.0,0.0,0.0,0.0,200.0,10.0,0.0,0.0,0.0,10.0,0.0,0.0,0.0,10.0
2.4254042340390067,0.8005390747882342,-0.4687226834317449,0.005,200.0,0.0,0.0,0.0,200.0,0.0,0.0,0.0,200.0,10.0,0.0,0.0,0.0,10.0,0.0,0.0,0.0,10.0
2.4264044007334555,0.8008510674967688,-0.4688867989640014,0.005,200.0,0.0,0.0,0.0,200.0,0.0,0.0,0.0,200.0,10.0,0.0,0.0,0.0,10.0,0.0,0.0,0.0,10.0
2.427404567427905,0.8011630602053035,-0.4690509144962579,0.005,200.0,0.0,0.0,0.0,200.0,0.0,0.0,0.0,200.0,10.0,0.0,0.0,0.0,10.0,0.0,0.0,0.0,10.0
2.428404734122354,0.8014720729299935,-0.46920671656660723,0.005,200.0,0.0,0.0,0.0,200.0,0.0,0.0,0.0,200.0,10.0,0.0,0.0,0.0,10.0,0.0,0.0,0.0,10.0
2.429404900816803,0.8017744848302532,-0.46934410387187186,0.005,200.0,0.0,0.0,0.0,200.0,0.0,0.0,0.0,200.0,10.0,0.0,0.0,0.0,10.0,0.0,0.0,0.0,10.0
2.430405067511252,0.8020768967305129,-0.4694814911771365,0.005,200.0,0.0,0.0,0.0,200.0,0.0,0.0,0.0,200.0,10.0,0.0,0.0,0.0,10.0,0.0,0.0,0.0,10.0
2.431405234205701,0.8023793086307727,-0.46961887848240114,0.005,200.0,0.0,0.0,0.0,200.0,0.0,0.0,0.0,200.0,10.0,0.0,0.0,0.0,10.0,0.0,0.0,0.0,10.0
2.43240540090015,0.8026817205310325,-0.46975626578766577,0.005,200.0,0.0,0.0,0.0,200.0,0.0,0.0,0.0,200.0,10.0,0.0,0.0,0.0,10.0,0.0,0.0,0.0,10.0
2.4334055675945994,0.8029841324312923,-0.4698936530929304,0.005,200.0,0.0,0.0,0.0,200.0,0.0,0.0,0.0,200.0,10.0,0.0,0.0,0.0,10.0,0.0,0.0,0.0,10.0
2.434405734289048,0.803286544331552,-0.47003104039819504,0.005,200.0,0.0,0.0,0.0,200.0,0.0,0.0,0.0,200.0,10.0,0.0,0.0,0.0,10.0,0.0,0.0,0.0,10.0
2.4354059009834974,0.8035889562318117,-0.4701684277034596,0.005,200.0,0.0,0.0,0.0,200.0,0.0,0.0,0.0,200.0,10.0,0.0,0.0,0.0,10.0,0.0,0.0,0.0,10.0
2.436406067677946,0.8038913681320715,-0.47030581500872426,0.005,200.0,0.0,0.0,0.0,200.0,0.0,0.0,0.0,200.0,10.0,0.0,0.0,0.0,10.0,0.0,0.0,0.0,10.0
2.4374062343723955,0.8041937800323313,-0.47044320231398895,0.005,200.0,0.0,0.0,0.0,200.0,0.0,0.0,0.0,200.0,10.0,0.0,0.0,0.0,10.0,0.0,0.0,0.0,10.0
2.4384064010668447,0.8044961919325911,-0.4705805896192536,0.005,200.0,0.0,0.0,0.0,200.0,0.0,0.0,0.0,200.0,10.0,0.0,0.0,0.0,10.0,0.0,0.0,0.0,10.0
2.4394065677612935,0.8047986038328508,-0.4707179769245182,0.005,200.0,0.0,0.0,0.0,200.0,0.0,0.0,0.0,200.0,10.0,0.0,0.0,0.0,10.0,0.0,0.0,0.0,10.0
2.4404067344557427,0.8051010157331107,-0.47085536422978286,0.005,200.0,0.0,0.0,0.0,200.0,0.0,0.0,0.0,200.0,10.0,0.0,0.0,0.0,10.0,0.0,0.0,0.0,10.0
2.441406901150192,0.8054034276333704,-0.47099275153504744,0.005,200.0,0.0,0.0,0.0,200.0,0.0,0.0,0.0,200.0,10.0,0.0,0.0,0.0,10.0,0.0,0.0,0.0,10.0
2.442407067844641,0.8057058395336302,-0.4711301388403121,0.005,200.0,0.0,0.0,0.0,200.0,0.0,0.0,0.0,200.0,10.0,0.0,0.0,0.0,10.0,0.0,0.0,0.0,10.0
2.44340723453909,0.8060082514338899,-0.4712675261455767,0.005,200.0,0.0,0.0,0.0,200.0,0.0,0.0,0.0,200.0,10.0,0.0,0.0,0.0,10.0,0.0,0.0,0.0,10.0
2.444407401233539,0.8063106633341497,-0.47140491345084135,0.005,200.0,0.0,0.0,0.0,200.0,0.0,0.0,0.0,200.0,10.0,0.0,0.0,0.0,10.0,0.0,0.0,0.0,10.0
2.445407567927988,0.8066130752344095,-0.471542300756106,0.005,200.0,0.0,0.0,0.0,200.0,0.0,0.0,0.0,200.0,10.0,0.0,0.0,0.0,10.0,0.0,0.0,0.0,10.0
2.4464077346224373,0.8069154871346692,-0.4716796880613706,0.005,200.0,0.0,0.0,0.0,200.0,0.0,0.0,0.0,200.0,10.0,0.0,0.0,0.0,10.0,0.0,0.0,0.0,10.0
2.447407901316886,0.807217899034929,-0.47181707536663525,0.005,200.0,0.0,0.0,0.0,200.0,0.0,0.0,0.0,200.0,10.0,0.0,0.0,0.0,10.0,0.0,0.0,0.0,10.0
2.4484080680113354,0.8075243930237196,-0.47195034345342113,0.005,200.0,0.0,0.0,0.0,200.0,0.0,0.0,0.0,200.0,10.0,0.0,0.0,0.0,10.0,0.0,0.0,0.0,10.0
2.449408234705784,0.8078432987681785,-0.4720710868894269,0.005,200.0,0.0,0.0,0.0,200.0,0.0,0.0,0.0,200.0,10.0,0.0,0.0,0.0,10.0,0.0,0.0,0.0,10.0
2.4504084014002334,0.8081622045126373,-0.47219183032543266,0.005,200.0,0.0,0.0,0.0,200.0,0.0,0.0,0.0,200.0,10.0,0.0,0.0,0.0,10.0,0.0,0.0,0.0,10.0
2.4514085680946827,0.8084811102570961,-0.4723125737614385,0.005,200.0,0.0,0.0,0.0,200.0,0.0,0.0,0.0,200.0,10.0,0.0,0.0,0.0,10.0,0.0,0.0,0.0,10.0
2.4524087347891315,0.8088000160015548,-0.4724333171974442,0.005,200.0,0.0,0.0,0.0,200.0,0.0,0.0,0.0,200.0,10.0,0.0,0.0,0.0,10.0,0.0,0.0,0.0,10.0
2.4534089014835807,0.8091189217460137,-0.47255406063344996,0.005,200.0,0.0,0.0,0.0,200.0,0.0,0.0,0.0,200.0,10.0,0.0,0.0,0.0,10.0,0.0,0.0,0.0,10.0
2.45440906817803,0.8094378274904726,-0.4726748040694558,0.005,200.0,0.0,0.0,0.0,200.0,0.0,0.0,0.0,200.0,10.0,0.0,0.0,0.0,10.0,0.0,0.0,0.0,10.0
2.4554092348724788,0.8097567332349314,-0.47279554750546154,0.005,200.0,0.0,0.0,0.0,200.0,0.0,0.0,0.0,200.0,10.0,0.0,0.0,0.0,10.0,0.0,0.0,0.0,10.0
2.456409401566928,0.8100756389793903,-0.4729162909414673,0.005,200.0,0.0,0.0,0.0,200.0,0.0,0.0,0.0,200.0,10.0,0.0,0.0,0.0,10.0,0.0,0.0,0.0,10.0
2.457409568261377,0.8103945447238491,-0.47303703437747313,0.005,200.0,0.0,0.0,0.0,200.0,0.0,0.0,0.0,200.0,10.0,0.0,0.0,0.0,10.0,0.0,0.0,0.0,10.0
2.458409734955826,0.8107134504683078,-0.47315777781347884,0.005,200.0,0.0,0.0,0.0,200.0,0.0,0.0,0.0,200.0,10.0,0.0,0.0,0.0,10.0,0.0,0.0,0.0,10.0
2.4594099016502753,0.8110323562127666,-0.47327852124948466,0.005,200.0,0.0,0.0,0.0,200.0,0.0,0.0,0.0,200.0,10.0,0.0,0.0,0.0,10.0,0.0,0.0,0.0,10.0
2.460410068344724,0.8113512619572255,-0.47339926468549043,0.005,200.0,0.0,0.0,0.0,200.0,0.0,0.0,0.0,200.0,10.0,0.0,0.0,0.0,10.0,0.0,0.0,0.0,10.0
2.4614102350391733,0.8116701677016843,-0.4735200081214962,0.005,200.0,0.0,0.0,0.0,200.0,0.0,0.0,0.0,200.0,10.0,0.0,0.0,0.0,10.0,0.0,0.0,0.0,10.0
2.4624104017336226,0.8119890734461431,-0.47364075155750196,0.005,200.0,0.0,0.0,0.0,200.0,0.0,0.0,0.0,200.0,10.0,0.0,0.0,0.0,10.0,0.0,0.0,0.0,10.0
2.4634105684280714,0.8123079791906018,-0.4737614949935077,0.005,200.0,0.0,0.0,0.0,200.0,0.0,0.0,0.0,200.0,10.0,0.0,0.0,0.0,10.0,0.0,0.0,0.0,10.0
2.4644107351225206,0.8126268849350607,-0.4738822384295135,0.005,200.0,0.0,0.0,0.0,200.0,0.0,0.0,0.0,200.0,10.0,0.0,0.0,0.0,10.0,0.0,0.0,0.0,10.0
2.4654109018169694,0.8129457906795196,-0.4740029818655193,0.005,200.0,0.0,0.0,0.0,200.0,0.0,0.0,0.0,200.0,10.0,0.0,0.0,0.0,10.0,0.0,0.0,0.0,10.0
2.4664110685114187,0.8132646964239784,-0.4741237253015251,0.005,200.0,0.0,0.0,0.0,200.0,0.0,0.0,0.0,200.0,10.0,0.0,0.0,0.0,10.0,0.0,0.0,0.0,10.0
2.467411235205868,0.8135836021684373,-0.47424446873753084,0.005,200.0,0.0,0.0,0.0,200.0,0.0,0.0,0.0,200.0,10.0,0.0,0.0,0.0,10.0,0.0,0.0,0.0,10.0
2.4684114019003167,0.8139213637563264,-0.47435641405502543,0.005,200.0,0.0,0.0,0.0,200.0,0.0,0.0,0.0,200.0,10.0,0.0,0.0,0.0,10.0,0.0,0.0,0.0,10.0
2.469411568594766,0.8143427767223428,-0.4744293277194886,0.005,200.0,0.0,0.0,0.0,200.0,0.0,0.0,0.0,200.0,10.0,0.0,0.0,0.0,10.0,0.0,0.0,0.0,10.0
2.4704117352892148,0.8147641896883593,-0.4745022413839517,0.005,200.0,0.0,0.0,0.0,200.0,0.0,0.0,0.0,200.0,10.0,0.0,0.0,0.0,10.0,0.0,0.0,0.0,10.0
2.471411901983664,0.8151856026543758,-0.47457515504841485,0.005,200.0,0.0,0.0,0.0,200.0,0.0,0.0,0.0,200.0,10.0,0.0,0.0,0.0,10.0,0.0,0.0,0.0,10.0
2.4724120686781133,0.8156070156203924,-0.474648068712878,0.005,200.0,0.0,0.0,0.0,200.0,0.0,0.0,0.0,200.0,10.0,0.0,0.0,0.0,10.0,0.0,0.0,0.0,10.0
2.473412235372562,0.8160284285864089,-0.47472098237734117,0.005,200.0,0.0,0.0,0.0,200.0,0.0,0.0,0.0,200.0,10.0,0.0,0.0,0.0,10.0,0.0,0.0,0.0,10.0
2.4744124020670113,0.8164498415524253,-0.4747938960418043,0.005,200.0,0.0,0.0,0.0,200.0,0.0,0.0,0.0,200.0,10.0,0.0,0.0,0.0,10.0,0.0,0.0,0.0,10.0
2.4754125687614605,0.8168712545184418,-0.47486680970626743,0.005,200.0,0.0,0.0,0.0,200.0,0.0,0.0,0.0,200.0,10.0,0.0,0.0,0.0,10.0,0.0,0.0,0.0,10.0
2.4764127354559093,0.8172926674844583,-0.4749397233707306,0.005,200.0,0.0,0.0,0.0,200.0,0.0,0.0,0.0,200.0,10.0,0.0,0.0,0.0,10.0,0.0,0.0,0.0,10.0
2.4774129021503586,0.8177140804504748,-0.47501263703519375,0.005,200.0,0.0,0.0,0.0,200.0,0.0,0.0,0.0,200.0,10.0,0.0,0.0,0.0,10.0,0.0,0.0,0.0,10.0
2.4784130688448074,0.8181354934164913,-0.47508555069965686,0.005,200.0,0.0,0.0,0.0,200.0,0.0,0.0,0.0,200.0,10.0,0.0,0.0,0.0,10.0,0.0,0.0,0.0,10.0
2.4794132355392566,0.8185569063825078,-0.47515846436412,0.005,200.0,0.0,0.0,0.0,200.0,0.0,0.0,0.0,200.0,10.0,0.0,0.0,0.0,10.0,0.0,0.0,0.0,10.0
2.480413402233706,0.8189783193485242,-0.4752313780285832,0.005,200.0,0.0,0.0,0.0,200.0,0.0,0.0,0.0,200.0,10.0,0.0,0.0,0.0,10.0,0.0,0.0,0.0,10.0
2.4814135689281547,0.8193997323145407,-0.4753042916930463,0.005,200.0,0.0,0.0,0.0,200.0,0.0,0.0,0.0,200.0,10.0,0.0,0.0,0.0,10.0,0.0,0.0,0.0,10.0
2.482413735622604,0.8198211452805573,-0.47537720535750944,0.005,200.0,0.0,0.0,0.0,200.0,0.0,0.0,0.0,200.0,10.0,0.0,0.0,0.0,10.0,0.0,0.0,0.0,10.0
2.4834139023170527,0.8202425582465738,-0.4754501190219726,0.005,200.0,0.0,0.0,0.0,200.0,0.0,0.0,0.0,200.0,10.0,0.0,0.0,0.0,10.0,0.0,0.0,0.0,10.0
2.484414069011502,0.8206639712125903,-0.47552303268643575,0.005,200.0,0.0,0.0,0.0,200.0,0.0,0.0,0.0,200.0,10.0,0.0,0.0,0.0,10.0,0.0,0.0,0.0,10.0
2.485414235705951,0.8210853841786068,-0.47559594635089886,0.005,200.0,0.0,0.0,0.0,200.0,0.0,0.0,0.0,200.0,10.0,0.0,0.0,0.0,10.0,0.0,0.0,0.0,10.0
2.4864144024004,0.8215067971446232,-0.475668860015362,0.005,200.0,0.0,0.0,0.0,200.0,0.0,0.0,0.0,200.0,10.0,0.0,0.0,0.0,10.0,0.0,0.0,0.0,10.0
2.4874145690948493,0.8219282101106397,-0.4757417736798252,0.005,200.0,0.0,0.0,0.0,200.0,0.0,0.0,0.0,200.0,10.0,0.0,0.0,0.0,10.0,0.0,0.0,0.0,10.0
2.4884147357892985,0.8223316192348752,-0.47581132812228955,0.005,200.0,0.0,0.0,0.0,200.0,0.0,0.0,0.0,200.0,10.0,0.0,0.0,0.0,10.0,0.0,0.0,0.0,10.0
2.4894149024837473,0.8226035002927657,-0.47585634158181833,0.005,200.0,0.0,0.0,0.0,200.0,0.0,0.0,0.0,200.0,10.0,0.0,0.0,0.0,10.0,0.0,0.0,0.0,10.0
2.4904150691781965,0.8228753813506564,-0.4759013550413472,0.005,200.0,0.0,0.0,0.0,200.0,0.0,0.0,0.0,200.0,10.0,0.0,0.0,0.0,10.0,0.0,0.0,0.0,10.0
2.4914152358726454,0.823147262408547,-0.47594636850087596,0.005,200.0,0.0,0.0,0.0,200.0,0.0,0.0,0.0,200.0,10.0,0.0,0.0,0.0,10.0,0.0,0.0,0.0,10.0
2.4924154025670946,0.8234191434664375,-0.4759913819604048,0.005,200.0,0.0,0.0,0.0,200.0,0.0,0.0,0.0,200.0,10.0,0.0,0.0,0.0,10.0,0.0,0.0,0.0,10.0
2.493415569261544,0.8236910245243282,-0.4760363954199336,0.005,200.0,0.0,0.0,0.0,200.0,0.0,0.0,0.0,200.0,10.0,0.0,0.0,0.0,10.0,0.0,0.0,0.0,10.0
2.4944157359559926,0.8239629055822187,-0.47608140887946243,0.005,200.0,0.0,0.0,0.0,200.0,0.0,0.0,0.0,200.0,10.0,0.0,0.0,0.0,10.0,0.0,0.0,0.0,10.0
2.495415902650442,0.8242347866401094,-0.4761264223389913,0.005,200.0,0.0,0.0,0.0,200.0,0.0,0.0,0.0,200.0,10.0,0.0,0.0,0.0,10.0,0.0,0.0,0.0,10.0
2.4964160693448907,0.824506667698,-0.47617143579852006,0.005,200.0,0.0,0.0,0.0,200.0,0.0,0.0,0.0,200.0,10.0,0.0,0.0,0.0,10.0,0.0,0.0,0.0,10.0
2.49741623603934,0.8247785487558905,-0.4762164492580489,0.005,200.0,0.0,0.0,0.0,200.0,0.0,0.0,0.0,200.0,10.0,0.0,0.0,0.0,10.0,0.0,0.0,0.0,10.0
2.498416402733789,0.8250504298137812,-0.4762614627175777,0.005,200.0,0.0,0.0,0.0,200.0,0.0,0.0,0.0,200.0,10.0,0.0,0.0,0.0,10.0,0.0,0.0,0.0,10.0
2.499416569428238,0.8253223108716717,-0.47630647617710653,0.005,200.0,0.0,0.0,0.0,200.0,0.0,0.0,0.0,200.0,10.0,0.0,0.0,0.0,10.0,0.0,0.0,0.0,10.0
2.5004167361226872,0.8255941919295624,-0.4763514896366353,0.005,200.0,0.0,0.0,0.0,200.0,0.0,0.0,0.0,200.0,10.0,0.0,0.0,0.0,10.0,0.0,0.0,0.0,10.0
2.5014169028171365,0.825866072987453,-0.47639650309616416,0.005,200.0,0.0,0.0,0.0,200.0,0.0,0.0,0.0,200.0,10.0,0.0,0.0,0.0,10.0,0.0,0.0,0.0,10.0
2.5024170695115853,0.8261379540453436,-0.476441516555693,0.005,200.0,0.0,0.0,0.0,200.0,0.0,0.0,0.0,200.0,10.0,0.0,0.0,0.0,10.0,0.0,0.0,0.0,10.0
2.5034172362060345,0.8264098351032341,-0.4764865300152218,0.005,200.0,0.0,0.0,0.0,200.0,0.0,0.0,0.0,200.0,10.0,0.0,0.0,0.0,10.0,0.0,0.0,0.0,10.0
2.5044174029004833,0.8266817161611247,-0.47653154347475063,0.005,200.0,0.0,0.0,0.0,200.0,0.0,0.0,0.0,200.0,10.0,0.0,0.0,0.0,10.0,0.0,0.0,0.0,10.0
2.5054175695949326,0.8269535972190154,-0.4765765569342794,0.005,200.0,0.0,0.0,0.0,200.0,0.0,0.0,0.0,200.0,10.0,0.0,0.0,0.0,10.0,0.0,0.0,0.0,10.0
2.506417736289382,0.827225478276906,-0.47662157039380826,0.005,200.0,0.0,0.0,0.0,200.0,0.0,0.0,0.0,200.0,10.0,0.0,0.0,0.0,10.0,0.0,0.0,0.0,10.0
2.5074179029838306,0.8274973593347966,-0.47666658385333704,0.005,200.0,0.0,0.0,0.0,200.0,0.0,0.0,0.0,200.0,10.0,0.0,0.0,0.0,10.0,0.0,0.0,0.0,10.0
2.50841806967828,0.827775119572684,-0.4767183023684222,0.005,200.0,0.0,0.0,0.0,200.0,0.0,0.0,0.0,200.0,10.0,0.0,0.0,0.0,10.0,0.0,0.0,0.0,10.0
2.509418236372729,0.8281504050316979,-0.47688124592273623,0.005,200.0,0.0,0.0,0.0,200.0,0.0,0.0,0.0,200.0,10.0,0.0,0.0,0.0,10.0,0.0,0.0,0.0,10.0
2.510418403067178,0.8285256904907118,-0.4770441894770503,0.005,200.0,0.0,0.0,0.0,200.0,0.0,0.0,0.0,200.0,10.0,0.0,0.0,0.0,10.0,0.0,0.0,0.0,10.0
2.511418569761627,0.8289009759497257,-0.47720713303136436,0.005,200.0,0.0,0.0,0.0,200.0,0.0,0.0,0.0,200.0,10.0,0.0,0.0,0.0,10.0,0.0,0.0,0.0,10.0
2.512418736456076,0.8292762614087396,-0.4773700765856784,0.005,200.0,0.0,0.0,0.0,200.0,0.0,0.0,0.0,200.0,10.0,0.0,0.0,0.0,10.0,0.0,0.0,0.0,10.0
2.513418903150525,0.8296515468677534,-0.47753302013999244,0.005,200.0,0.0,0.0,0.0,200.0,0.0,0.0,0.0,200.0,10.0,0.0,0.0,0.0,10.0,0.0,0.0,0.0,10.0
2.5144190698449744,0.8300268323267672,-0.47769596369430645,0.005,200.0,0.0,0.0,0.0,200.0,0.0,0.0,0.0,200.0,10.0,0.0,0.0,0.0,10.0,0.0,0.0,0.0,10.0
2.5154192365394232,0.8304021177857811,-0.4778589072486205,0.005,200.0,0.0,0.0,0.0,200.0,0.0,0.0,0.0,200.0,10.0,0.0,0.0,0.0,10.0,0.0,0.0,0.0,10.0
2.5164194032338725,0.830777403244795,-0.4780218508029346,0.005,200.0,0.0,0.0,0.0,200.0,0.0,0.0,0.0,200.0,10.0,0.0,0.0,0.0,10.0,0.0,0.0,0.0,10.0
2.5174195699283213,0.8311526887038089,-0.47818479435724864,0.005,200.0,0.0,0.0,0.0,200.0,0.0,0.0,0.0,200.0,10.0,0.0,0.0,0.0,10.0,0.0,0.0,0.0,10.0
2.5184197366227705,0.8315279741628228,-0.47834773791156265,0.005,200.0,0.0,0.0,0.0,200.0,0.0,0.0,0.0,200.0,10.0,0.0,0.0,0.0,10.0,0.0,0.0,0.0,10.0
2.5194199033172198,0.8319032596218365,-0.4785106814658767,0.005,200.0,0.0,0.0,0.0,200.0,0.0,0.0,0.0,200.0,10.0,0.0,0.0,0.0,10.0,0.0,0.0,0.0,10.0
2.5204200700116686,0.8322785450808503,-0.47867362502019073,0.005,200.0,0.0,0.0,0.0,200.0,0.0,0.0,0.0,200.0,10.0,0.0,0.0,0.0,10.0,0.0,0.0,0.0,10.0
2.521420236706118,0.8326538305398642,-0.4788365685745048,0.005,200.0,0.0,0.0,0.0,200.0,0.0,0.0,0.0,200.0,10.0,0.0,0.0,0.0,10.0,0.0,0.0,0.0,10.0
2.522420403400567,0.8330291159988781,-0.4789995121288188,0.005,200.0,0.0,0.0,0.0,200.0,0.0,0.0,0.0,200.0,10.0,0.0,0.0,0.0,10.0,0.0,0.0,0.0,10.0
2.523420570095016,0.833404401457892,-0.47916245568313287,0.005,200.0,0.0,0.0,0.0,200.0,0.0,0.0,0.0,200.0,10.0,0.0,0.0,0.0,10.0,0.0,0.0,0.0,10.0
2.524420736789465,0.8337796869169058,-0.47932539923744694,0.005,200.0,0.0,0.0,0.0,200.0,0.0,0.0,0.0,200.0,10.0,0.0,0.0,0.0,10.0,0.0,0.0,0.0,10.0
2.525420903483914,0.8341549723759196,-0.47948834279176095,0.005,200.0,0.0,0.0,0.0,200.0,0.0,0.0,0.0,200.0,10.0,0.0,0.0,0.0,10.0,0.0,0.0,0.0,10.0
2.526421070178363,0.8345302578349335,-0.47965128634607496,0.005,200.0,0.0,0.0,0.0,200.0,0.0,0.0,0.0,200.0,10.0,0.0,0.0,0.0,10.0,0.0,0.0,0.0,10.0
2.5274212368728124,0.8349055432939474,-0.479814229900389,0.005,200.0,0.0,0.0,0.0,200.0,0.0,0.0,0.0,200.0,10.0,0.0,0.0,0.0,10.0,0.0,0.0,0.0,10.0
2.528421403567261,0.8352808287529613,-0.4799771734547031,0.005,200.0,0.0,0.0,0.0,200.0,0.0,0.0,0.0,200.0,10.0,0.0,0.0,0.0,10.0,0.0,0.0,0.0,10.0
2.5294215702617104,0.8355518551960968,-0.4799805931308544,0.005,200.0,0.0,0.0,0.0,200.0,0.0,0.0,0.0,200.0,10.0,0.0,0.0,0.0,10.0,0.0,0.0,0.0,10.0
2.5304217369561592,0.8358221795583173,-0.479982938572136,0.005,200.0,0.0,0.0,0.0,200.0,0.0,0.0,0.0,200.0,10.0,0.0,0.0,0.0,10.0,0.0,0.0,0.0,10.0
2.5314219036506085,0.8360925039205378,-0.4799852840134175,0.005,200.0,0.0,0.0,0.0,200.0,0.0,0.0,0.0,200.0,10.0,0.0,0.0,0.0,10.0,0.0,0.0,0.0,10.0
2.5324220703450577,0.8363628282827583,-0.479987629454699,0.005,200.0,0.0,0.0,0.0,200.0,0.0,0.0,0.0,200.0,10.0,0.0,0.0,0.0,10.0,0.0,0.0,0.0,10.0
2.5334222370395065,0.8366331526449788,-0.4799899748959806,0.005,200.0,0.0,0.0,0.0,200.0,0.0,0.0,0.0,200.0,10.0,0.0,0.0,0.0,10.0,0.0,0.0,0.0,10.0
2.5344224037339558,0.8369034770071994,-0.47999232033726213,0.005,200.0,0.0,0.0,0.0,200.0,0.0,0.0,0.0,200.0,10.0,0.0,0.0,0.0,10.0,0.0,0.0,0.0,10.0
2.535422570428405,0.8371738013694199,-0.4799946657785437,0.005,200.0,0.0,0.0,0.0,200.0,0.0,0.0,0.0,200.0,10.0,0.0,0.0,0.0,10.0,0.0,0.0,0.0,10.0
2.536422737122854,0.8374441257316404,-0.47999701121982524,0.005,200.0,0.0,0.0,0.0,200.0,0.0,0.0,0.0,200.0,10.0,0.0,0.0,0.0,10.0,0.0,0.0,0.0,10.0
2.537422903817303,0.8377144500938608,-0.47999935666110677,0.005,200.0,0.0,0.0,0.0,200.0,0.0,0.0,0.0,200.0,10.0,0.0,0.0,0.0,10.0,0.0,0.0,0.0,10.0
2.538423070511752,0.8379847744560813,-0.48000170210238835,0.005,200.0,0.0,0.0,0.0,200.0,0.0,0.0,0.0,200.0,10.0,0.0,0.0,0.0,10.0,0.0,0.0,0.0,10.0
2.539423237206201,0.838255098818302,-0.4800040475436699,0.005,200.0,0.0,0.0,0.0,200.0,0.0,0.0,0.0,200.0,10.0,0.0,0.0,0.0,10.0,0.0,0.0,0.0,10.0
2.5404234039006504,0.8385254231805225,-0.48000639298495146,0.005,200.0,0.0,0.0,0.0,200.0,0.0,0.0,0.0,200.0,10.0,0.0,0.0,0.0,10.0,0.0,0.0,0.0,10.0
2.541423570595099,0.838795747542743,-0.480008738426233,0.005,200.0,0.0,0.0,0.0,200.0,0.0,0.0,0.0,200.0,10.0,0.0,0.0,0.0,10.0,0.0,0.0,0.0,10.0
2.5424237372895484,0.8390660719049634,-0.4800110838675145,0.005,200.0,0.0,0.0,0.0,200.0,0.0,0.0,0.0,200.0,10.0,0.0,0.0,0.0,10.0,0.0,0.0,0.0,10.0
2.5434239039839976,0.8393363962671839,-0.4800134293087961,0.005,200.0,0.0,0.0,0.0,200.0,0.0,0.0,0.0,200.0,10.0,0.0,0.0,0.0,10.0,0.0,0.0,0.0,10.0
2.5444240706784464,0.8396067206294044,-0.4800157747500776,0.005,200.0,0.0,0.0,0.0,200.0,0.0,0.0,0.0,200.0,10.0,0.0,0.0,0.0,10.0,0.0,0.0,0.0,10.0
2.5454242373728957,0.839877044991625,-0.48001812019135914,0.005,200.0,0.0,0.0,0.0,200.0,0.0,0.0,0.0,200.0,10.0,0.0,0.0,0.0,10.0,0.0,0.0,0.0,10.0
2.5464244040673445,0.8401473693538456,-0.4800204656326407,0.005,200.0,0.0,0.0,0.0,200.0,0.0,0.0,0.0,200.0,10.0,0.0,0.0,0.0,10.0,0.0,0.0,0.0,10.0
2.5474245707617937,0.8404176937160661,-0.48002281107392225,0.005,200.0,0.0,0.0,0.0,200.0,0.0,0.0,0.0,200.0,10.0,0.0,0.0,0.0,10.0,0.0,0.0,0.0,10.0
2.548424737456243,0.8406880180782865,-0.48002515651520383,0.005,200.0,0.0,0.0,0.0,200.0,0.0,0.0,0.0,200.0,10.0,0.0,0.0,0.0,10.0,0.0,0.0,0.0,10.0
2.549424904150692,0.8409975013309249,-0.48006869930787016,0.005,200.0,0.0,0.0,0.0,200.0,0.0,0.0,0.0,200.0,10.0,0.0,0.0,0.0,10.0,0.0,0.0,0.0,10.0
2.550425070845141,0.8413099426292423,-0.4801153541306771,0.005,200.0,0.0,0.0,0.0,200.0,0.0,0.0,0.0,200.0,10.0,0.0,0.0,0.0,10.0,0.0,0.0,0.0,10.0
2.55142523753959,0.8416223839275597,-0.480162008953484,0.005,200.0,0.0,0.0,0.0,200.0,0.0,0.0,0.0,200.0,10.0,0.0,0.0,0.0,10.0,0.0,0.0,0.0,10.0
2.552425404234039,0.8419348252258771,-0.4802086637762909,0.005,200.0,0.0,0.0,0.0,200.0,0.0,0.0,0.0,200.0,10.0,0.0,0.0,0.0,10.0,0.0,0.0,0.0,10.0
2.5534255709284883,0.8422472665241945,-0.48025531859909776,0.005,200.0,0.0,0.0,0.0,200.0,0.0,0.0,0.0,200.0,10.0,0.0,0.0,0.0,10.0,0.0,0.0,0.0,10.0
2.554425737622937,0.8425597078225119,-0.48030197342190467,0.005,200.0,0.0,0.0,0.0,200.0,0.0,0.0,0.0,200.0,10.0,0.0,0.0,0.0,10.0,0.0,0.0,0.0,10.0
2.5554259043173864,0.8428721491208293,-0.4803486282447116,0.005,200.0,0.0,0.0,0.0,200.0,0.0,0.0,0.0,200.0,10.0,0.0,0.0,0.0,10.0,0.0,0.0,0.0,10.0
2.5564260710118356,0.8431845904191467,-0.4803952830675185,0.005,200.0,0.0,0.0,0.0,200.0,0.0,0.0,0.0,200.0,10.0,0.0,0.0,0.0,10.0,0.0,0.0,0.0,10.0
2.5574262377062844,0.8434970317174642,-0.4804419378903254,0.005,200.0,0.0,0.0,0.0,200.0,0.0,0.0,0.0,200.0,10.0,0.0,0.0,0.0,10.0,0.0,0.0,0.0,10.0
2.5584264044007337,0.8438094730157816,-0.4804885927131323,0.005,200.0,0.0,0.0,0.0,200.0,0.0,0.0,0.0,200.0,10.0,0.0,0.0,0.0,10.0,0.0,0.0,0.0,10.0
2.5594265710951825,0.8441219143140989,-0.48053524753593924,0.005,200.0,0.0,0.0,0.0,200.0,0.0,0.0,0.0,200.0,10.0,0.0,0.0,0.0,10.0,0.0,0.0,0.0,10.0
2.5604267377896317,0.8444343556124163,-0.48058190235874615,0.005,200.0,0.0,0.0,0.0,200.0,0.0,0.0,0.0,200.0,10.0,0.0,0.0,0.0,10.0,0.0,0.0,0.0,10.0
2.561426904484081,0.8447467969107337,-0.48062855718155306,0.005,200.0,0.0,0.0,0.0,200.0,0.0,0.0,0.0,200.0,10.0,0.0,0.0,0.0,10.0,0.0,0.0,0.0,10.0
2.5624270711785297,0.8450592382090512,-0.48067521200436,0.005,200.0,0.0,0.0,0.0,200.0,0.0,0.0,0.0,200.0,10.0,0.0,0.0,0.0,10.0,0.0,0.0,0.0,10.0
2.563427237872979,0.8453716795073686,-0.4807218668271669,0.005,200.0,0.0,0.0,0.0,200.0,0.0,0.0,0.0,200.0,10.0,0.0,0.0,0.0,10.0,0.0,0.0,0.0,10.0
2.564427404567428,0.845684120805686,-0.4807685216499738,0.005,200.0,0.0,0.0,0.0,200.0,0.0,0.0,0.0,200.0,10.0,0.0,0.0,0.0,10.0,0.0,0.0,0.0,10.0
2.565427571261877,0.8459965621040033,-0.4808151764727807,0.005,200.0,0.0,0.0,0.0,200.0,0.0,0.0,0.0,200.0,10.0,0.0,0.0,0.0,10.0,0.0,0.0,0.0,10.0
2.5664277379563263,0.8463090034023207,-0.4808618312955876,0.005,200.0,0.0,0.0,0.0,200.0,0.0,0.0,0.0,200.0,10.0,0.0,0.0,0.0,10.0,0.0,0.0,0.0,10.0
2.567427904650775,0.8466214447006382,-0.48090848611839454,0.005,200.0,0.0,0.0,0.0,200.0,0.0,0.0,0.0,200.0,10.0,0.0,0.0,0.0,10.0,0.0,0.0,0.0,10.0
2.5684280713452243,0.8469338859989556,-0.48095514094120145,0.005,200.0,0.0,0.0,0.0,200.0,0.0,0.0,0.0,200.0,10.0,0.0,0.0,0.0,10.0,0.0,0.0,0.0,10.0
2.5694282380396736,0.8472853188893064,-0.48098169136770685,0.005,200.0,0.0,0.0,0.0,200.0,0.0,0.0,0.0,200.0,10.0,0.0,0.0,0.0,10.0,0.0,0.0,0.0,10.0
2.5704284047341224,0.8476427736471525,-0.48100513686814256,0.005,200.0,0.0,0.0,0.0,200.0,0.0,0.0,0.0,200.0,10.0,0.0,0.0,0.0,10.0,0.0,0.0,0.0,10.0
2.5714285714285716,0.8480002284049988,-0.4810285823685782,0.005,200.0,0.0,0.0,0.0,200.0,0.0,0.0,0.0,200.0,10.0,0.0,0.0,0.0,10.0,0.0,0.0,0.0,10.0
2.5724287381230204,0.848357683162845,-0.4810520278690139,0.005,200.0,0.0,0.0,0.0,200.0,0.0,0.0,0.0,200.0,10.0,0.0,0.0,0.0,10.0,0.0,0.0,0.0,10.0
2.5734289048174697,0.8487151379206912,-0.4810754733694496,0.005,200.0,0.0,0.0,0.0,200.0,0.0,0.0,0.0,200.0,10.0,0.0,0.0,0.0,10.0,0.0,0.0,0.0,10.0
2.574429071511919,0.8490725926785375,-0.48109891886988526,0.005,200.0,0.0,0.0,0.0,200.0,0.0,0.0,0.0,200.0,10.0,0.0,0.0,0.0,10.0,0.0,0.0,0.0,10.0
2.5754292382063677,0.8494300474363837,-0.48112236437032097,0.005,200.0,0.0,0.0,0.0,200.0,0.0,0.0,0.0,200.0,10.0,0.0,0.0,0.0,10.0,0.0,0.0,0.0,10.0
2.576429404900817,0.8497875021942298,-0.4811458098707566,0.005,200.0,0.0,0.0,0.0,200.0,0.0,0.0,0.0,200.0,10.0,0.0,0.0,0.0,10.0,0.0,0.0,0.0,10.0
2.5774295715952658,0.850144956952076,-0.4811692553711923,0.005,200.0,0.0,0.0,0.0,200.0,0.0,0.0,0.0,200.0,10.0,0.0,0.0,0.0,10.0,0.0,0.0,0.0,10.0
2.578429738289715,0.8505024117099224,-0.481192700871628,0.005,200.0,0.0,0.0,0.0,200.0,0.0,0.0,0.0,200.0,10.0,0.0,0.0,0.0,10.0,0.0,0.0,0.0,10.0
2.5794299049841642,0.8508598664677686,-0.48121614637206367,0.005,200.0,0.0,0.0,0.0,200.0,0.0,0.0,0.0,200.0,10.0,0.0,0.0,0.0,10.0,0.0,0.0,0.0,10.0
2.580430071678613,0.8512173212256148,-0.4812395918724994,0.005,200.0,0.0,0.0,0.0,200.0,0.0,0.0,0.0,200.0,10.0,0.0,0.0,0.0,10.0,0.0,0.0,0.0,10.0
2.5814302383730623,0.8515747759834611,-0.481263037372935,0.005,200.0,0.0,0.0,0.0,200.0,0.0,0.0,0.0,200.0,10.0,0.0,0.0,0.0,10.0,0.0,0.0,0.0,10.0
2.5824304050675115,0.8519322307413072,-0.4812864828733707,0.005,200.0,0.0,0.0,0.0,200.0,0.0,0.0,0.0,200.0,10.0,0.0,0.0,0.0,10.0,0.0,0.0,0.0,10.0
2.5834305717619603,0.8522896854991534,-0.4813099283738064,0.005,200.0,0.0,0.0,0.0,200.0,0.0,0.0,0.0,200.0,10.0,0.0,0.0,0.0,10.0,0.0,0.0,0.0,10.0
2.5844307384564096,0.8526471402569997,-0.4813333738742421,0.005,200.0,0.0,0.0,0.0,200.0,0.0,0.0,0.0,200.0,10.0,0.0,0.0,0.0,10.0,0.0,0.0,0.0,10.0
2.5854309051508584,0.8530045950148459,-0.4813568193746778,0.005,200.0,0.0,0.0,0.0,200.0,0.0,0.0,0.0,200.0,10.0,0.0,0.0,0.0,10.0,0.0,0.0,0.0,10.0
2.5864310718453076,0.8533620497726921,-0.48138026487511343,0.005,200.0,0.0,0.0,0.0,200.0,0.0,0.0,0.0,200.0,10.0,0.0,0.0,0.0,10.0,0.0,0.0,0.0,10.0
2.587431238539757,0.8537195045305382,-0.48140371037554913,0.005,200.0,0.0,0.0,0.0,200.0,0.0,0.0,0.0,200.0,10.0,0.0,0.0,0.0,10.0,0.0,0.0,0.0,10.0
2.5884314052342057,0.8540769592883846,-0.4814271558759848,0.005,200.0,0.0,0.0,0.0,200.0,0.0,0.0,0.0,200.0,10.0,0.0,0.0,0.0,10.0,0.0,0.0,0.0,10.0
2.589431571928655,0.8544530185645254,-0.481431782245636,0.005,200.0,0.0,0.0,0.0,200.0,0.0,0.0,0.0,200.0,10.0,0.0,0.0,0.0,10.0,0.0,0.0,0.0,10.0
2.590431738623104,0.8548336514514135,-0.481431782245636,0.005,200.0,0.0,0.0,0.0,200.0,0.0,0.0,0.0,200.0,10.0,0.0,0.0,0.0,10.0,0.0,0.0,0.0,10.0
2.591431905317553,0.8552142843383017,-0.481431782245636,0.005,200.0,0.0,0.0,0.0,200.0,0.0,0.0,0.0,200.0,10.0,0.0,0.0,0.0,10.0,0.0,0.0,0.0,10.0
2.592432072012002,0.85559491722519,-0.481431782245636,0.005,200.0,0.0,0.0,0.0,200.0,0.0,0.0,0.0,200.0,10.0,0.0,0.0,0.0,10.0,0.0,0.0,0.0,10.0
2.593432238706451,0.855975550112078,-0.481431782245636,0.005,200.0,0.0,0.0,0.0,200.0,0.0,0.0,0.0,200.0,10.0,0.0,0.0,0.0,10.0,0.0,0.0,0.0,10.0
2.5944324054009003,0.8563561829989662,-0.481431782245636,0.005,200.0,0.0,0.0,0.0,200.0,0.0,0.0,0.0,200.0,10.0,0.0,0.0,0.0,10.0,0.0,0.0,0.0,10.0
2.5954325720953495,0.8567368158858545,-0.481431782245636,0.005,200.0,0.0,0.0,0.0,200.0,0.0,0.0,0.0,200.0,10.0,0.0,0.0,0.0,10.0,0.0,0.0,0.0,10.0
2.5964327387897983,0.8571174487727427,-0.481431782245636,0.005,200.0,0.0,0.0,0.0,200.0,0.0,0.0,0.0,200.0,10.0,0.0,0.0,0.0,10.0,0.0,0.0,0.0,10.0
2.5974329054842475,0.8574980816596309,-0.481431782245636,0.005,200.0,0.0,0.0,0.0,200.0,0.0,0.0,0.0,200.0,10.0,0.0,0.0,0.0,10.0,0.0,0.0,0.0,10.0
2.5984330721786963,0.8578787145465191,-0.481431782245636,0.005,200.0,0.0,0.0,0.0,200.0,0.0,0.0,0.0,200.0,10.0,0.0,0.0,0.0,10.0,0.0,0.0,0.0,10.0
2.5994332388731456,0.8582593474334071,-0.481431782245636,0.005,200.0,0.0,0.0,0.0,200.0,0.0,0.0,0.0,200.0,10.0,0.0,0.0,0.0,10.0,0.0,0.0,0.0,10.0
2.600433405567595,0.8586399803202954,-0.481431782245636,0.005,200.0,0.0,0.0,0.0,200.0,0.0,0.0,0.0,200.0,10.0,0.0,0.0,0.0,10.0,0.0,0.0,0.0,10.0
2.6014335722620436,0.8590206132071836,-0.481431782245636,0.005,200.0,0.0,0.0,0.0,200.0,0.0,0.0,0.0,200.0,10.0,0.0,0.0,0.0,10.0,0.0,0.0,0.0,10.0
2.602433738956493,0.8594012460940718,-0.481431782245636,0.005,200.0,0.0,0.0,0.0,200.0,0.0,0.0,0.0,200.0,10.0,0.0,0.0,0.0,10.0,0.0,0.0,0.0,10.0
2.603433905650942,0.85978187898096,-0.481431782245636,0.005,200.0,0.0,0.0,0.0,200.0,0.0,0.0,0.0,200.0,10.0,0.0,0.0,0.0,10.0,0.0,0.0,0.0,10.0
2.604434072345391,0.8601625118678481,-0.481431782245636,0.005,200.0,0.0,0.0,0.0,200.0,0.0,0.0,0.0,200.0,10.0,0.0,0.0,0.0,10.0,0.0,0.0,0.0,10.0
2.60543423903984,0.8605431447547363,-0.481431782245636,0.005,200.0,0.0,0.0,0.0,200.0,0.0,0.0,0.0,200.0,10.0,0.0,0.0,0.0,10.0,0.0,0.0,0.0,10.0
2.606434405734289,0.8609237776416245,-0.481431782245636,0.005,200.0,0.0,0.0,0.0,200.0,0.0,0.0,0.0,200.0,10.0,0.0,0.0,0.0,10.0,0.0,0.0,0.0,10.0
2.607434572428738,0.8613044105285127,-0.481431782245636,0.005,200.0,0.0,0.0,0.0,200.0,0.0,0.0,0.0,200.0,10.0,0.0,0.0,0.0,10.0,0.0,0.0,0.0,10.0
2.6084347391231875,0.861685043415401,-0.481431782245636,0.005,200.0,0.0,0.0,0.0,200.0,0.0,0.0,0.0,200.0,10.0,0.0,0.0,0.0,10.0,0.0,0.0,0.0,10.0
2.6094349058176363,0.8620467352994304,-0.481431782245636,0.005,200.0,0.0,0.0,0.0,200.0,0.0,0.0,0.0,200.0,10.0,0.0,0.0,0.0,10.0,0.0,0.0,0.0,10.0
2.6104350725120855,0.8624017421236275,-0.481431782245636,0.005,200.0,0.0,0.0,0.0,200.0,0.0,0.0,0.0,200.0,10.0,0.0,0.0,0.0,10.0,0.0,0.0,0.0,10.0
2.6114352392065343,0.8627567489478246,-0.481431782245636,0.005,200.0,0.0,0.0,0.0,200.0,0.0,0.0,0.0,200.0,10.0,0.0,0.0,0.0,10.0,0.0,0.0,0.0,10.0
2.6124354059009836,0.8631117557720217,-0.481431782245636,0.005,200.0,0.0,0.0,0.0,200.0,0.0,0.0,0.0,200.0,10.0,0.0,0.0,0.0,10.0,0.0,0.0,0.0,10.0
2.613435572595433,0.8634667625962188,-0.481431782245636,0.005,200.0,0.0,0.0,0.0,200.0,0.0,0.0,0.0,200.0,10.0,0.0,0.0,0.0,10.0,0.0,0.0,0.0,10.0
2.6144357392898816,0.8638217694204159,-0.481431782245636,0.005,200.0,0.0,0.0,0.0,200.0,0.0,0.0,0.0,200.0,10.0,0.0,0.0,0.0,10.0,0.0,0.0,0.0,10.0
2.615435905984331,0.864176776244613,-0.481431782245636,0.005,200.0,0.0,0.0,0.0,200.0,0.0,0.0,0.0,200.0,10.0,0.0,0.0,0.0,10.0,0.0,0.0,0.0,10.0
2.61643607267878,0.86453178306881,-0.481431782245636,0.005,200.0,0.0,0.0,0.0,200.0,0.0,0.0,0.0,200.0,10.0,0.0,0.0,0.0,10.0,0.0,0.0,0.0,10.0
2.617436239373229,0.864886789893007,-0.481431782245636,0.005,200.0,0.0,0.0,0.0,200.0,0.0,0.0,0.0,200.0,10.0,0.0,0.0,0.0,10.0,0.0,0.0,0.0,10.0
2.618436406067678,0.8652417967172042,-0.481431782245636,0.005,200.0,0.0,0.0,0.0,200.0,0.0,0.0,0.0,200.0,10.0,0.0,0.0,0.0,10.0,0.0,0.0,0.0,10.0
2.619436572762127,0.8655968035414013,-0.481431782245636,0.005,200.0,0.0,0.0,0.0,200.0,0.0,0.0,0.0,200.0,10.0,0.0,0.0,0.0,10.0,0.0,0.0,0.0,10.0
2.620436739456576,0.8659518103655984,-0.481431782245636,0.005,200.0,0.0,0.0,0.0,200.0,0.0,0.0,0.0,200.0,10.0,0.0,0.0,0.0,10.0,0.0,0.0,0.0,10.0
2.6214369061510254,0.8663068171897954,-0.481431782245636,0.005,200.0,0.0,0.0,0.0,200.0,0.0,0.0,0.0,200.0,10.0,0.0,0.0,0.0,10.0,0.0,0.0,0.0,10.0
2.6224370728454742,0.8666618240139925,-0.481431782245636,0.005,200.0,0.0,0.0,0.0,200.0,0.0,0.0,0.0,200.0,10.0,0.0,0.0,0.0,10.0,0.0,0.0,0.0,10.0
2.6234372395399235,0.8670168308381896,-0.481431782245636,0.005,200.0,0.0,0.0,0.0,200.0,0.0,0.0,0.0,200.0,10.0,0.0,0.0,0.0,10.0,0.0,0.0,0.0,10.0
2.6244374062343727,0.8673718376623867,-0.481431782245636,0.005,200.0,0.0,0.0,0.0,200.0,0.0,0.0,0.0,200.0,10.0,0.0,0.0,0.0,10.0,0.0,0.0,0.0,10.0
2.6254375729288215,0.8677268444865838,-0.481431782245636,0.005,200.0,0.0,0.0,0.0,200.0,0.0,0.0,0.0,200.0,10.0,0.0,0.0,0.0,10.0,0.0,0.0,0.0,10.0
2.6264377396232708,0.868081851310781,-0.481431782245636,0.005,200.0,0.0,0.0,0.0,200.0,0.0,0.0,0.0,200.0,10.0,0.0,0.0,0.0,10.0,0.0,0.0,0.0,10.0
2.6274379063177196,0.868436858134978,-0.481431782245636,0.005,200.0,0.0,0.0,0.0,200.0,0.0,0.0,0.0,200.0,10.0,0.0,0.0,0.0,10.0,0.0,0.0,0.0,10.0
2.628438073012169,0.868791864959175,-0.481431782245636,0.005,200.0,0.0,0.0,0.0,200.0,0.0,0.0,0.0,200.0,10.0,0.0,0.0,0.0,10.0,0.0,0.0,0.0,10.0
2.629438239706618,0.8690895070173598,-0.481431782245636,0.005,200.0,0.0,0.0,0.0,200.0,0.0,0.0,0.0,200.0,10.0,0.0,0.0,0.0,10.0,0.0,0.0,0.0,10.0
2.630438406401067,0.869359602628499,-0.481431782245636,0.005,200.0,0.0,0.0,0.0,200.0,0.0,0.0,0.0,200.0,10.0,0.0,0.0,0.0,10.0,0.0,0.0,0.0,10.0
2.631438573095516,0.8696296982396383,-0.481431782245636,0.005,200.0,0.0,0.0,0.0,200.0,0.0,0.0,0.0,200.0,10.0,0.0,0.0,0.0,10.0,0.0,0.0,0.0,10.0
2.632438739789965,0.8698997938507774,-0.481431782245636,0.005,200.0,0.0,0.0,0.0,200.0,0.0,0.0,0.0,200.0,10.0,0.0,0.0,0.0,10.0,0.0,0.0,0.0,10.0
2.633438906484414,0.8701698894619166,-0.481431782245636,0.005,200.0,0.0,0.0,0.0,200.0,0.0,0.0,0.0,200.0,10.0,0.0,0.0,0.0,10.0,0.0,0.0,0.0,10.0
2.6344390731788634,0.8704399850730559,-0.481431782245636,0.005,200.0,0.0,0.0,0.0,200.0,0.0,0.0,0.0,200.0,10.0,0.0,0.0,0.0,10.0,0.0,0.0,0.0,10.0
2.635439239873312,0.8707100806841951,-0.481431782245636,0.005,200.0,0.0,0.0,0.0,200.0,0.0,0.0,0.0,200.0,10.0,0.0,0.0,0.0,10.0,0.0,0.0,0.0,10.0
2.6364394065677614,0.8709801762953344,-0.481431782245636,0.005,200.0,0.0,0.0,0.0,200.0,0.0,0.0,0.0,200.0,10.0,0.0,0.0,0.0,10.0,0.0,0.0,0.0,10.0
2.6374395732622107,0.8712502719064736,-0.481431782245636,0.005,200.0,0.0,0.0,0.0,200.0,0.0,0.0,0.0,200.0,10.0,0.0,0.0,0.0,10.0,0.0,0.0,0.0,10.0
2.6384397399566595,0.8715203675176127,-0.481431782245636,0.005,200.0,0.0,0.0,0.0,200.0,0.0,0.0,0.0,200.0,10.0,0.0,0.0,0.0,10.0,0.0,0.0,0.0,10.0
2.6394399066511087,0.871790463128752,-0.481431782245636,0.005,200.0,0.0,0.0,0.0,200.0,0.0,0.0,0.0,200.0,10.0,0.0,0.0,0.0,10.0,0.0,0.0,0.0,10.0
2.6404400733455575,0.8720605587398913,-0.481431782245636,0.005,200.0,0.0,0.0,0.0,200.0,0.0,0.0,0.0,200.0,10.0,0.0,0.0,0.0,10.0,0.0,0.0,0.0,10.0
2.6414402400400068,0.8723306543510305,-0.481431782245636,0.005,200.0,0.0,0.0,0.0,200.0,0.0,0.0,0.0,200.0,10.0,0.0,0.0,0.0,10.0,0.0,0.0,0.0,10.0
2.642440406734456,0.8726007499621697,-0.481431782245636,0.005,200.0,0.0,0.0,0.0,200.0,0.0,0.0,0.0,200.0,10.0,0.0,0.0,0.0,10.0,0.0,0.0,0.0,10.0
2.643440573428905,0.872870845573309,-0.481431782245636,0.005,200.0,0.0,0.0,0.0,200.0,0.0,0.0,0.0,200.0,10.0,0.0,0.0,0.0,10.0,0.0,0.0,0.0,10.0
2.644440740123354,0.8731409411844482,-0.481431782245636,0.005,200.0,0.0,0.0,0.0,200.0,0.0,0.0,0.0,200.0,10.0,0.0,0.0,0.0,10.0,0.0,0.0,0.0,10.0
2.645440906817803,0.8734110367955874,-0.481431782245636,0.005,200.0,0.0,0.0,0.0,200.0,0.0,0.0,0.0,200.0,10.0,0.0,0.0,0.0,10.0,0.0,0.0,0.0,10.0
2.646441073512252,0.8736811324067266,-0.481431782245636,0.005,200.0,0.0,0.0,0.0,200.0,0.0,0.0,0.0,200.0,10.0,0.0,0.0,0.0,10.0,0.0,0.0,0.0,10.0
2.6474412402067014,0.8739512280178658,-0.481431782245636,0.005,200.0,0.0,0.0,0.0,200.0,0.0,0.0,0.0,200.0,10.0,0.0,0.0,0.0,10.0,0.0,0.0,0.0,10.0
2.64844140690115,0.8742213236290051,-0.481431782245636,0.005,200.0,0.0,0.0,0.0,200.0,0.0,0.0,0.0,200.0,10.0,0.0,0.0,0.0,10.0,0.0,0.0,0.0,10.0
2.6494415735955994,0.8745448883622263,-0.48141585533112996,0.005,200.0,0.0,0.0,0.0,200.0,0.0,0.0,0.0,200.0,10.0,0.0,0.0,0.0,10.0,0.0,0.0,0.0,10.0
2.6504417402900486,0.8749023460908658,-0.4813898326675382,0.005,200.0,0.0,0.0,0.0,200.0,0.0,0.0,0.0,200.0,10.0,0.0,0.0,0.0,10.0,0.0,0.0,0.0,10.0
2.6514419069844974,0.8752598038195053,-0.4813638100039464,0.005,200.0,0.0,0.0,0.0,200.0,0.0,0.0,0.0,200.0,10.0,0.0,0.0,0.0,10.0,0.0,0.0,0.0,10.0
2.6524420736789467,0.8756172615481449,-0.48133778734035465,0.005,200.0,0.0,0.0,0.0,200.0,0.0,0.0,0.0,200.0,10.0,0.0,0.0,0.0,10.0,0.0,0.0,0.0,10.0
2.6534422403733955,0.8759747192767844,-0.48131176467676284,0.005,200.0,0.0,0.0,0.0,200.0,0.0,0.0,0.0,200.0,10.0,0.0,0.0,0.0,10.0,0.0,0.0,0.0,10.0
2.6544424070678447,0.8763321770054239,-0.4812857420131711,0.005,200.0,0.0,0.0,0.0,200.0,0.0,0.0,0.0,200.0,10.0,0.0,0.0,0.0,10.0,0.0,0.0,0.0,10.0
2.655442573762294,0.8766896347340633,-0.4812597193495793,0.005,200.0,0.0,0.0,0.0,200.0,0.0,0.0,0.0,200.0,10.0,0.0,0.0,0.0,10.0,0.0,0.0,0.0,10.0
2.656442740456743,0.8770470924627027,-0.48123369668598753,0.005,200.0,0.0,0.0,0.0,200.0,0.0,0.0,0.0,200.0,10.0,0.0,0.0,0.0,10.0,0.0,0.0,0.0,10.0
2.657442907151192,0.8774045501913422,-0.4812076740223957,0.005,200.0,0.0,0.0,0.0,200.0,0.0,0.0,0.0,200.0,10.0,0.0,0.0,0.0,10.0,0.0,0.0,0.0,10.0
2.658443073845641,0.8777620079199818,-0.4811816513588039,0.005,200.0,0.0,0.0,0.0,200.0,0.0,0.0,0.0,200.0,10.0,0.0,0.0,0.0,10.0,0.0,0.0,0.0,10.0
2.65944324054009,0.8781194656486213,-0.48115562869521217,0.005,200.0,0.0,0.0,0.0,200.0,0.0,0.0,0.0,200.0,10.0,0.0,0.0,0.0,10.0,0.0,0.0,0.0,10.0
2.6604434072345393,0.8784769233772608,-0.48112960603162036,0.005,200.0,0.0,0.0,0.0,200.0,0.0,0.0,0.0,200.0,10.0,0.0,0.0,0.0,10.0,0.0,0.0,0.0,10.0
2.661443573928988,0.8788343811059002,-0.4811035833680286,0.005,200.0,0.0,0.0,0.0,200.0,0.0,0.0,0.0,200.0,10.0,0.0,0.0,0.0,10.0,0.0,0.0,0.0,10.0
2.6624437406234374,0.8791918388345397,-0.4810775607044368,0.005,200.0,0.0,0.0,0.0,200.0,0.0,0.0,0.0,200.0,10.0,0.0,0.0,0.0,10.0,0.0,0.0,0.0,10.0
2.6634439073178866,0.8795492965631792,-0.48105153804084505,0.005,200.0,0.0,0.0,0.0,200.0,0.0,0.0,0.0,200.0,10.0,0.0,0.0,0.0,10.0,0.0,0.0,0.0,10.0
2.6644440740123354,0.8799067542918187,-0.48102551537725324,0.005,200.0,0.0,0.0,0.0,200.0,0.0,0.0,0.0,200.0,10.0,0.0,0.0,0.0,10.0,0.0,0.0,0.0,10.0
2.6654442407067847,0.8802642120204582,-0.48099949271366144,0.005,200.0,0.0,0.0,0.0,200.0,0.0,0.0,0.0,200.0,10.0,0.0,0.0,0.0,10.0,0.0,0.0,0.0,10.0
2.6664444074012335,0.8806216697490976,-0.4809734700500697,0.005,200.0,0.0,0.0,0.0,200.0,0.0,0.0,0.0,200.0,10.0,0.0,0.0,0.0,10.0,0.0,0.0,0.0,10.0
2.6674445740956827,0.8809791274777371,-0.4809474473864779,0.005,200.0,0.0,0.0,0.0,200.0,0.0,0.0,0.0,200.0,10.0,0.0,0.0,0.0,10.0,0.0,0.0,0.0,10.0
2.668444740790132,0.8813365852063766,-0.4809214247228861,0.005,200.0,0.0,0.0,0.0,200.0,0.0,0.0,0.0,200.0,10.0,0.0,0.0,0.0,10.0,0.0,0.0,0.0,10.0
2.6694449074845807,0.8816940445644813,-0.48088549898453287,0.005,200.0,0.0,0.0,0.0,200.0,0.0,0.0,0.0,200.0,10.0,0.0,0.0,0.0,10.0,0.0,0.0,0.0,10.0
2.67044507417903,0.8820515052639141,-0.48084142132488206,0.005,200.0,0.0,0.0,0.0,200.0,0.0,0.0,0.0,200.0,10.0,0.0,0.0,0.0,10.0,0.0,0.0,0.0,10.0
2.6714452408734792,0.8824089659633468,-0.48079734366523125,0.005,200.0,0.0,0.0,0.0,200.0,0.0,0.0,0.0,200.0,10.0,0.0,0.0,0.0,10.0,0.0,0.0,0.0,10.0
2.672445407567928,0.8827664266627795,-0.48075326600558044,0.005,200.0,0.0,0.0,0.0,200.0,0.0,0.0,0.0,200.0,10.0,0.0,0.0,0.0,10.0,0.0,0.0,0.0,10.0
2.6734455742623773,0.8831238873622123,-0.48070918834592963,0.005,200.0,0.0,0.0,0.0,200.0,0.0,0.0,0.0,200.0,10.0,0.0,0.0,0.0,10.0,0.0,0.0,0.0,10.0
2.674445740956826,0.883481348061645,-0.4806651106862788,0.005,200.0,0.0,0.0,0.0,200.0,0.0,0.0,0.0,200.0,10.0,0.0,0.0,0.0,10.0,0.0,0.0,0.0,10.0
2.6754459076512753,0.8838388087610778,-0.480621033026628,0.005,200.0,0.0,0.0,0.0,200.0,0.0,0.0,0.0,200.0,10.0,0.0,0.0,0.0,10.0,0.0,0.0,0.0,10.0
2.6764460743457246,0.8841962694605106,-0.4805769553669772,0.005,200.0,0.0,0.0,0.0,200.0,0.0,0.0,0.0,200.0,10.0,0.0,0.0,0.0,10.0,0.0,0.0,0.0,10.0
2.6774462410401734,0.8845537301599434,-0.4805328777073264,0.005,200.0,0.0,0.0,0.0,200.0,0.0,0.0,0.0,200.0,10.0,0.0,0.0,0.0,10.0,0.0,0.0,0.0,10.0
2.6784464077346226,0.8849111908593761,-0.4804888000476756,0.005,200.0,0.0,0.0,0.0,200.0,0.0,0.0,0.0,200.0,10.0,0.0,0.0,0.0,10.0,0.0,0.0,0.0,10.0
2.6794465744290714,0.8852686515588089,-0.48044472238802477,0.005,200.0,0.0,0.0,0.0,200.0,0.0,0.0,0.0,200.0,10.0,0.0,0.0,0.0,10.0,0.0,0.0,0.0,10.0
2.6804467411235207,0.8856261122582416,-0.48040064472837396,0.005,200.0,0.0,0.0,0.0,200.0,0.0,0.0,0.0,200.0,10.0,0.0,0.0,0.0,10.0,0.0,0.0,0.0,10.0
2.68144690781797,0.8859835729576744,-0.48035656706872315,0.005,200.0,0.0,0.0,0.0,200.0,0.0,0.0,0.0,200.0,10.0,0.0,0.0,0.0,10.0,0.0,0.0,0.0,10.0
2.6824470745124187,0.8863410336571071,-0.48031248940907234,0.005,200.0,0.0,0.0,0.0,200.0,0.0,0.0,0.0,200.0,10.0,0.0,0.0,0.0,10.0,0.0,0.0,0.0,10.0
2.683447241206868,0.8866984943565398,-0.48026841174942153,0.005,200.0,0.0,0.0,0.0,200.0,0.0,0.0,0.0,200.0,10.0,0.0,0.0,0.0,10.0,0.0,0.0,0.0,10.0
2.684447407901317,0.8870559550559726,-0.4802243340897707,0.005,200.0,0.0,0.0,0.0,200.0,0.0,0.0,0.0,200.0,10.0,0.0,0.0,0.0,10.0,0.0,0.0,0.0,10.0
2.685447574595766,0.8874134157554053,-0.4801802564301199,0.005,200.0,0.0,0.0,0.0,200.0,0.0,0.0,0.0,200.0,10.0,0.0,0.0,0.0,10.0,0.0,0.0,0.0,10.0
2.6864477412902152,0.8877708764548381,-0.4801361787704691,0.005,200.0,0.0,0.0,0.0,200.0,0.0,0.0,0.0,200.0,10.0,0.0,0.0,0.0,10.0,0.0,0.0,0.0,10.0
2.687447907984664,0.8881283371542709,-0.4800921011108183,0.005,200.0,0.0,0.0,0.0,200.0,0.0,0.0,0.0,200.0,10.0,0.0,0.0,0.0,10.0,0.0,0.0,0.0,10.0
2.6884480746791133,0.8884857978537036,-0.4800480234511675,0.005,200.0,0.0,0.0,0.0,200.0,0.0,0.0,0.0,200.0,10.0,0.0,0.0,0.0,10.0,0.0,0.0,0.0,10.0
2.6894482413735625,0.8888109425322813,-0.4799895072394678,0.005,200.0,0.0,0.0,0.0,200.0,0.0,0.0,0.0,200.0,10.0,0.0,0.0,0.0,10.0,0.0,0.0,0.0,10.0
2.6904484080680113,0.8891017653680201,-0.47991565628973004,0.005,200.0,0.0,0.0,0.0,200.0,0.0,0.0,0.0,200.0,10.0,0.0,0.0,0.0,10.0,0.0,0.0,0.0,10.0
2.6914485747624606,0.889392588203759,-0.4798418053399922,0.005,200.0,0.0,0.0,0.0,200.0,0.0,0.0,0.0,200.0,10.0,0.0,0.0,0.0,10.0,0.0,0.0,0.0,10.0
2.6924487414569094,0.8896834110394978,-0.47976795439025444,0.005,200.0,0.0,0.0,0.0,200.0,0.0,0.0,0.0,200.0,10.0,0.0,0.0,0.0,10.0,0.0,0.0,0.0,10.0
2.6934489081513586,0.8899742338752366,-0.47969410344051666,0.005,200.0,0.0,0.0,0.0,200.0,0.0,0.0,0.0,200.0,10.0,0.0,0.0,0.0,10.0,0.0,0.0,0.0,10.0
2.694449074845808,0.8902650567109752,-0.4796202524907789,0.005,200.0,0.0,0.0,0.0,200.0,0.0,0.0,0.0,200.0,10.0,0.0,0.0,0.0,10.0,0.0,0.0,0.0,10.0
2.6954492415402567,0.8905558795467141,-0.4795464015410411,0.005,200.0,0.0,0.0,0.0,200.0,0.0,0.0,0.0,200.0,10.0,0.0,0.0,0.0,10.0,0.0,0.0,0.0,10.0
2.696449408234706,0.8908467023824529,-0.47947255059130334,0.005,200.0,0.0,0.0,0.0,200.0,0.0,0.0,0.0,200.0,10.0,0.0,0.0,0.0,10.0,0.0,0.0,0.0,10.0
2.697449574929155,0.8911375252181917,-0.4793986996415655,0.005,200.0,0.0,0.0,0.0,200.0,0.0,0.0,0.0,200.0,10.0,0.0,0.0,0.0,10.0,0.0,0.0,0.0,10.0
2.698449741623604,0.8914283480539305,-0.47932484869182773,0.005,200.0,0.0,0.0,0.0,200.0,0.0,0.0,0.0,200.0,10.0,0.0,0.0,0.0,10.0,0.0,0.0,0.0,10.0
2.699449908318053,0.8917191708896693,-0.47925099774208996,0.005,200.0,0.0,0.0,0.0,200.0,0.0,0.0,0.0,200.0,10.0,0.0,0.0,0.0,10.0,0.0,0.0,0.0,10.0
2.700450075012502,0.892009993725408,-0.4791771467923522,0.005,200.0,0.0,0.0,0.0,200.0,0.0,0.0,0.0,200.0,10.0,0.0,0.0,0.0,10.0,0.0,0.0,0.0,10.0
2.7014502417069512,0.8923008165611468,-0.4791032958426144,0.005,200.0,0.0,0.0,0.0,200.0,0.0,0.0,0.0,200.0,10.0,0.0,0.0,0.0,10.0,0.0,0.0,0.0,10.0
2.7024504084014005,0.8925916393968856,-0.47902944489287663,0.005,200.0,0.0,0.0,0.0,200.0,0.0,0.0,0.0,200.0,10.0,0.0,0.0,0.0,10.0,0.0,0.0,0.0,10.0
2.7034505750958493,0.8928824622326245,-0.47895559394313886,0.005,200.0,0.0,0.0,0.0,200.0,0.0,0.0,0.0,200.0,10.0,0.0,0.0,0.0,10.0,0.0,0.0,0.0,10.0
2.7044507417902985,0.8931732850683632,-0.478881742993401,0.005,200.0,0.0,0.0,0.0,200.0,0.0,0.0,0.0,200.0,10.0,0.0,0.0,0.0,10.0,0.0,0.0,0.0,10.0
2.7054509084847473,0.893464107904102,-0.47880789204366325,0.005,200.0,0.0,0.0,0.0,200.0,0.0,0.0,0.0,200.0,10.0,0.0,0.0,0.0,10.0,0.0,0.0,0.0,10.0
2.7064510751791966,0.8937549307398407,-0.4787340410939255,0.005,200.0,0.0,0.0,0.0,200.0,0.0,0.0,0.0,200.0,10.0,0.0,0.0,0.0,10.0,0.0,0.0,0.0,10.0
2.707451241873646,0.8940457535755796,-0.4786601901441877,0.005,200.0,0.0,0.0,0.0,200.0,0.0,0.0,0.0,200.0,10.0,0.0,0.0,0.0,10.0,0.0,0.0,0.0,10.0
2.7084514085680946,0.8943365764113184,-0.47858633919444993,0.005,200.0,0.0,0.0,0.0,200.0,0.0,0.0,0.0,200.0,10.0,0.0,0.0,0.0,10.0,0.0,0.0,0.0,10.0
2.709451575262544,0.8946443976293228,-0.4785039909314386,0.005,200.0,0.0,0.0,0.0,200.0,0.0,0.0,0.0,200.0,10.0,0.0,0.0,0.0,10.0,0.0,0.0,0.0,10.0
2.710451741956993,0.8949755578959937,-0.47840997572242466,0.005,200.0,0.0,0.0,0.0,200.0,0.0,0.0,0.0,200.0,10.0,0.0,0.0,0.0,10.0,0.0,0.0,0.0,10.0
2.711451908651442,0.8953067181626644,-0.4783159605134108,0.005,200.0,0.0,0.0,0.0,200.0,0.0,0.0,0.0,200.0,10.0,0.0,0.0,0.0,10.0,0.0,0.0,0.0,10.0
2.712452075345891,0.8956378784293353,-0.4782219453043969,0.005,200.0,0.0,0.0,0.0,200.0,0.0,0.0,0.0,200.0,10.0,0.0,0.0,0.0,10.0,0.0,0.0,0.0,10.0
2.71345224204034,0.8959690386960061,-0.47812793009538296,0.005,200.0,0.0,0.0,0.0,200.0,0.0,0.0,0.0,200.0,10.0,0.0,0.0,0.0,10.0,0.0,0.0,0.0,10.0
2.714452408734789,0.896300198962677,-0.47803391488636904,0.005,200.0,0.0,0.0,0.0,200.0,0.0,0.0,0.0,200.0,10.0,0.0,0.0,0.0,10.0,0.0,0.0,0.0,10.0
2.7154525754292385,0.8966313592293478,-0.4779398996773551,0.005,200.0,0.0,0.0,0.0,200.0,0.0,0.0,0.0,200.0,10.0,0.0,0.0,0.0,10.0,0.0,0.0,0.0,10.0
2.7164527421236873,0.8969625194960187,-0.4778458844683412,0.005,200.0,0.0,0.0,0.0,200.0,0.0,0.0,0.0,200.0,10.0,0.0,0.0,0.0,10.0,0.0,0.0,0.0,10.0
2.7174529088181365,0.8972936797626894,-0.47775186925932733,0.005,200.0,0.0,0.0,0.0,200.0,0.0,0.0,0.0,200.0,10.0,0.0,0.0,0.0,10.0,0.0,0.0,0.0,10.0
2.7184530755125857,0.8976248400293603,-0.4776578540503134,0.005,200.0,0.0,0.0,0.0,200.0,0.0,0.0,0.0,200.0,10.0,0.0,0.0,0.0,10.0,0.0,0.0,0.0,10.0
2.7194532422070345,0.8979560002960311,-0.4775638388412995,0.005,200.0,0.0,0.0,0.0,200.0,0.0,0.0,0.0,200.0,10.0,0.0,0.0,0.0,10.0,0.0,0.0,0.0,10.0
2.720453408901484,0.898287160562702,-0.4774698236322856,0.005,200.0,0.0,0.0,0.0,200.0,0.0,0.0,0.0,200.0,10.0,0.0,0.0,0.0,10.0,0.0,0.0,0.0,10.0
2.7214535755959326,0.8986183208293728,-0.47737580842327165,0.005,200.0,0.0,0.0,0.0,200.0,0.0,0.0,0.0,200.0,10.0,0.0,0.0,0.0,10.0,0.0,0.0,0.0,10.0
2.722453742290382,0.8989494810960437,-0.4772817932142578,0.005,200.0,0.0,0.0,0.0,200.0,0.0,0.0,0.0,200.0,10.0,0.0,0.0,0.0,10.0,0.0,0.0,0.0,10.0
2.723453908984831,0.8992806413627144,-0.47718777800524387,0.005,200.0,0.0,0.0,0.0,200.0,0.0,0.0,0.0,200.0,10.0,0.0,0.0,0.0,10.0,0.0,0.0,0.0,10.0
2.72445407567928,0.8996118016293853,-0.47709376279622995,0.005,200.0,0.0,0.0,0.0,200.0,0.0,0.0,0.0,200.0,10.0,0.0,0.0,0.0,10.0,0.0,0.0,0.0,10.0
2.725454242373729,0.899942961896056,-0.476999747587216,0.005,200.0,0.0,0.0,0.0,200.0,0.0,0.0,0.0,200.0,10.0,0.0,0.0,0.0,10.0,0.0,0.0,0.0,10.0
2.726454409068178,0.900274122162727,-0.47690573237820216,0.005,200.0,0.0,0.0,0.0,200.0,0.0,0.0,0.0,200.0,10.0,0.0,0.0,0.0,10.0,0.0,0.0,0.0,10.0
2.727454575762627,0.9006052824293977,-0.47681171716918824,0.005,200.0,0.0,0.0,0.0,200.0,0.0,0.0,0.0,200.0,10.0,0.0,0.0,0.0,10.0,0.0,0.0,0.0,10.0
2.7284547424570764,0.9009364426960685,-0.4767177019601743,0.005,200.0,0.0,0.0,0.0,200.0,0.0,0.0,0.0,200.0,10.0,0.0,0.0,0.0,10.0,0.0,0.0,0.0,10.0
2.729454909151525,0.9012801234057236,-0.4766052292771967,0.005,200.0,0.0,0.0,0.0,200.0,0.0,0.0,0.0,200.0,10.0,0.0,0.0,0.0,10.0,0.0,0.0,0.0,10.0
2.7304550758459745,0.901646270704659,-0.47645963664093816,0.005,200.0,0.0,0.0,0.0,200.0,0.0,0.0,0.0,200.0,10.0,0.0,0.0,0.0,10.0,0.0,0.0,0.0,10.0
2.7314552425404237,0.9020124180035942,-0.4763140440046797,0.005,200.0,0.0,0.0,0.0,200.0,0.0,0.0,0.0,200.0,10.0,0.0,0.0,0.0,10.0,0.0,0.0,0.0,10.0
2.7324554092348725,0.9023785653025295,-0.47616845136842123,0.005,200.0,0.0,0.0,0.0,200.0,0.0,0.0,0.0,200.0,10.0,0.0,0.0,0.0,10.0,0.0,0.0,0.0,10.0
2.7334555759293218,0.9027447126014648,-0.47602285873216277,0.005,200.0,0.0,0.0,0.0,200.0,0.0,0.0,0.0,200.0,10.0,0.0,0.0,0.0,10.0,0.0,0.0,0.0,10.0
2.7344557426237706,0.9031108599004,-0.4758772660959043,0.005,200.0,0.0,0.0,0.0,200.0,0.0,0.0,0.0,200.0,10.0,0.0,0.0,0.0,10.0,0.0,0.0,0.0,10.0
2.73545590931822,0.9034770071993353,-0.47573167345964584,0.005,200.0,0.0,0.0,0.0,200.0,0.0,0.0,0.0,200.0,10.0,0.0,0.0,0.0,10.0,0.0,0.0,0.0,10.0
2.736456076012669,0.9038431544982706,-0.4755860808233874,0.005,200.0,0.0,0.0,0.0,200.0,0.0,0.0,0.0,200.0,10.0,0.0,0.0,0.0,10.0,0.0,0.0,0.0,10.0
2.737456242707118,0.9042093017972058,-0.47544048818712886,0.005,200.0,0.0,0.0,0.0,200.0,0.0,0.0,0.0,200.0,10.0,0.0,0.0,0.0,10.0,0.0,0.0,0.0,10.0
2.738456409401567,0.9045754490961412,-0.4752948955508704,0.005,200.0,0.0,0.0,0.0,200.0,0.0,0.0,0.0,200.0,10.0,0.0,0.0,0.0,10.0,0.0,0.0,0.0,10.0
2.739456576096016,0.9049415963950764,-0.47514930291461194,0.005,200.0,0.0,0.0,0.0,200.0,0.0,0.0,0.0,200.0,10.0,0.0,0.0,0.0,10.0,0.0,0.0,0.0,10.0
2.740456742790465,0.9053077436940117,-0.47500371027835353,0.005,200.0,0.0,0.0,0.0,200.0,0.0,0.0,0.0,200.0,10.0,0.0,0.0,0.0,10.0,0.0,0.0,0.0,10.0
2.7414569094849144,0.9056738909929469,-0.474858117642095,0.005,200.0,0.0,0.0,0.0,200.0,0.0,0.0,0.0,200.0,10.0,0.0,0.0,0.0,10.0,0.0,0.0,0.0,10.0
2.742457076179363,0.9060400382918822,-0.47471252500583655,0.005,200.0,0.0,0.0,0.0,200.0,0.0,0.0,0.0,200.0,10.0,0.0,0.0,0.0,10.0,0.0,0.0,0.0,10.0
2.7434572428738124,0.9064061855908175,-0.4745669323695781,0.005,200.0,0.0,0.0,0.0,200.0,0.0,0.0,0.0,200.0,10.0,0.0,0.0,0.0,10.0,0.0,0.0,0.0,10.0
2.7444574095682617,0.9067723328897528,-0.4744213397333196,0.005,200.0,0.0,0.0,0.0,200.0,0.0,0.0,0.0,200.0,10.0,0.0,0.0,0.0,10.0,0.0,0.0,0.0,10.0
2.7454575762627105,0.907138480188688,-0.47427574709706116,0.005,200.0,0.0,0.0,0.0,200.0,0.0,0.0,0.0,200.0,10.0,0.0,0.0,0.0,10.0,0.0,0.0,0.0,10.0
2.7464577429571597,0.9075046274876233,-0.4741301544608027,0.005,200.0,0.0,0.0,0.0,200.0,0.0,0.0,0.0,200.0,10.0,0.0,0.0,0.0,10.0,0.0,0.0,0.0,10.0
2.7474579096516085,0.9078707747865586,-0.47398456182454424,0.005,200.0,0.0,0.0,0.0,200.0,0.0,0.0,0.0,200.0,10.0,0.0,0.0,0.0,10.0,0.0,0.0,0.0,10.0
2.7484580763460578,0.9082369220854939,-0.4738389691882857,0.005,200.0,0.0,0.0,0.0,200.0,0.0,0.0,0.0,200.0,10.0,0.0,0.0,0.0,10.0,0.0,0.0,0.0,10.0
2.749458243040507,0.9086072015492077,-0.4736824734426772,0.005,200.0,0.0,0.0,0.0,200.0,0.0,0.0,0.0,200.0,10.0,0.0,0.0,0.0,10.0,0.0,0.0,0.0,10.0
2.750458409734956,0.9089873888171064,-0.4734998350144227,0.005,200.0,0.0,0.0,0.0,200.0,0.0,0.0,0.0,200.0,10.0,0.0,0.0,0.0,10.0,0.0,0.0,0.0,10.0
2.751458576429405,0.909367576085005,-0.4733171965861682,0.005,200.0,0.0,0.0,0.0,200.0,0.0,0.0,0.0,200.0,10.0,0.0,0.0,0.0,10.0,0.0,0.0,0.0,10.0
2.752458743123854,0.9097477633529036,-0.47313455815791366,0.005,200.0,0.0,0.0,0.0,200.0,0.0,0.0,0.0,200.0,10.0,0.0,0.0,0.0,10.0,0.0,0.0,0.0,10.0
2.753458909818303,0.9101279506208023,-0.4729519197296591,0.005,200.0,0.0,0.0,0.0,200.0,0.0,0.0,0.0,200.0,10.0,0.0,0.0,0.0,10.0,0.0,0.0,0.0,10.0
2.7544590765127523,0.910508137888701,-0.4727692813014046,0.005,200.0,0.0,0.0,0.0,200.0,0.0,0.0,0.0,200.0,10.0,0.0,0.0,0.0,10.0,0.0,0.0,0.0,10.0
2.755459243207201,0.9108883251565997,-0.47258664287315005,0.005,200.0,0.0,0.0,0.0,200.0,0.0,0.0,0.0,200.0,10.0,0.0,0.0,0.0,10.0,0.0,0.0,0.0,10.0
2.7564594099016504,0.9112685124244984,-0.4724040044448955,0.005,200.0,0.0,0.0,0.0,200.0,0.0,0.0,0.0,200.0,10.0,0.0,0.0,0.0,10.0,0.0,0.0,0.0,10.0
2.7574595765960996,0.9116486996923969,-0.472221366016641,0.005,200.0,0.0,0.0,0.0,200.0,0.0,0.0,0.0,200.0,10.0,0.0,0.0,0.0,10.0,0.0,0.0,0.0,10.0
2.7584597432905484,0.9120288869602956,-0.4720387275883865,0.005,200.0,0.0,0.0,0.0,200.0,0.0,0.0,0.0,200.0,10.0,0.0,0.0,0.0,10.0,0.0,0.0,0.0,10.0
2.7594599099849977,0.9124090742281943,-0.47185608916013194,0.005,200.0,0.0,0.0,0.0,200.0,0.0,0.0,0.0,200.0,10.0,0.0,0.0,0.0,10.0,0.0,0.0,0.0,10.0
2.7604600766794465,0.912789261496093,-0.4716734507318774,0.005,200.0,0.0,0.0,0.0,200.0,0.0,0.0,0.0,200.0,10.0,0.0,0.0,0.0,10.0,0.0,0.0,0.0,10.0
2.7614602433738957,0.9131694487639916,-0.47149081230362283,0.005,200.0,0.0,0.0,0.0,200.0,0.0,0.0,0.0,200.0,10.0,0.0,0.0,0.0,10.0,0.0,0.0,0.0,10.0
2.762460410068345,0.9135496360318902,-0.4713081738753684,0.005,200.0,0.0,0.0,0.0,200.0,0.0,0.0,0.0,200.0,10.0,0.0,0.0,0.0,10.0,0.0,0.0,0.0,10.0
2.7634605767627938,0.9139298232997889,-0.47112553544711383,0.005,200.0,0.0,0.0,0.0,200.0,0.0,0.0,0.0,200.0,10.0,0.0,0.0,0.0,10.0,0.0,0.0,0.0,10.0
2.764460743457243,0.9143100105676876,-0.4709428970188593,0.005,200.0,0.0,0.0,0.0,200.0,0.0,0.0,0.0,200.0,10.0,0.0,0.0,0.0,10.0,0.0,0.0,0.0,10.0
2.7654609101516923,0.9146901978355862,-0.4707602585906047,0.005,200.0,0.0,0.0,0.0,200.0,0.0,0.0,0.0,200.0,10.0,0.0,0.0,0.0,10.0,0.0,0.0,0.0,10.0
2.766461076846141,0.9150703851034849,-0.4705776201623502,0.005,200.0,0.0,0.0,0.0,200.0,0.0,0.0,0.0,200.0,10.0,0.0,0.0,0.0,10.0,0.0,0.0,0.0,10.0
2.7674612435405903,0.9154505723713836,-0.47039498173409566,0.005,200.0,0.0,0.0,0.0,200.0,0.0,0.0,0.0,200.0,10.0,0.0,0.0,0.0,10.0,0.0,0.0,0.0,10.0
2.768461410235039,0.9158307596392822,-0.47021234330584116,0.005,200.0,0.0,0.0,0.0,200.0,0.0,0.0,0.0,200.0,10.0,0.0,0.0,0.0,10.0,0.0,0.0,0.0,10.0
2.7694615769294884,0.9162198956220582,-0.4700366308250354,0.005,200.0,0.0,0.0,0.0,200.0,0.0,0.0,0.0,200.0,10.0,0.0,0.0,0.0,10.0,0.0,0.0,0.0,10.0
2.7704617436239376,0.9166388606544256,-0.46988400483572557,0.005,200.0,0.0,0.0,0.0,200.0,0.0,0.0,0.0,200.0,10.0,0.0,0.0,0.0,10.0,0.0,0.0,0.0,10.0
2.7714619103183864,0.917057825686793,-0.4697313788464157,0.005,200.0,0.0,0.0,0.0,200.0,0.0,0.0,0.0,200.0,10.0,0.0,0.0,0.0,10.0,0.0,0.0,0.0,10.0
2.7724620770128356,0.9174767907191603,-0.4695787528571058,0.005,200.0,0.0,0.0,0.0,200.0,0.0,0.0,0.0,200.0,10.0,0.0,0.0,0.0,10.0,0.0,0.0,0.0,10.0
2.7734622437072844,0.9178957557515276,-0.46942612686779606,0.005,200.0,0.0,0.0,0.0,200.0,0.0,0.0,0.0,200.0,10.0,0.0,0.0,0.0,10.0,0.0,0.0,0.0,10.0
2.7744624104017337,0.918314720783895,-0.4692735008784862,0.005,200.0,0.0,0.0,0.0,200.0,0.0,0.0,0.0,200.0,10.0,0.0,0.0,0.0,10.0,0.0,0.0,0.0,10.0
2.775462577096183,0.9187336858162624,-0.4691208748891763,0.005,200.0,0.0,0.0,0.0,200.0,0.0,0.0,0.0,200.0,10.0,0.0,0.0,0.0,10.0,0.0,0.0,0.0,10.0
2.7764627437906317,0.9191526508486297,-0.4689682488998665,0.005,200.0,0.0,0.0,0.0,200.0,0.0,0.0,0.0,200.0,10.0,0.0,0.0,0.0,10.0,0.0,0.0,0.0,10.0
2.777462910485081,0.9195716158809971,-0.4688156229105566,0.005,200.0,0.0,0.0,0.0,200.0,0.0,0.0,0.0,200.0,10.0,0.0,0.0,0.0,10.0,0.0,0.0,0.0,10.0
2.7784630771795302,0.9199905809133645,-0.46866299692124674,0.005,200.0,0.0,0.0,0.0,200.0,0.0,0.0,0.0,200.0,10.0,0.0,0.0,0.0,10.0,0.0,0.0,0.0,10.0
2.779463243873979,0.9204095459457318,-0.4685103709319369,0.005,200.0,0.0,0.0,0.0,200.0,0.0,0.0,0.0,200.0,10.0,0.0,0.0,0.0,10.0,0.0,0.0,0.0,10.0
2.7804634105684283,0.9208285109780991,-0.4683577449426271,0.005,200.0,0.0,0.0,0.0,200.0,0.0,0.0,0.0,200.0,10.0,0.0,0.0,0.0,10.0,0.0,0.0,0.0,10.0
2.781463577262877,0.9212474760104665,-0.46820511895331723,0.005,200.0,0.0,0.0,0.0,200.0,0.0,0.0,0.0,200.0,10.0,0.0,0.0,0.0,10.0,0.0,0.0,0.0,10.0
2.7824637439573263,0.9216664410428339,-0.46805249296400736,0.005,200.0,0.0,0.0,0.0,200.0,0.0,0.0,0.0,200.0,10.0,0.0,0.0,0.0,10.0,0.0,0.0,0.0,10.0
2.7834639106517756,0.9220854060752013,-0.46789986697469754,0.005,200.0,0.0,0.0,0.0,200.0,0.0,0.0,0.0,200.0,10.0,0.0,0.0,0.0,10.0,0.0,0.0,0.0,10.0
2.7844640773462244,0.9225043711075687,-0.46774724098538767,0.005,200.0,0.0,0.0,0.0,200.0,0.0,0.0,0.0,200.0,10.0,0.0,0.0,0.0,10.0,0.0,0.0,0.0,10.0
2.7854642440406736,0.9229233361399358,-0.46759461499607785,0.005,200.0,0.0,0.0,0.0,200.0,0.0,0.0,0.0,200.0,10.0,0.0,0.0,0.0,10.0,0.0,0.0,0.0,10.0
2.7864644107351224,0.9233423011723032,-0.46744198900676803,0.005,200.0,0.0,0.0,0.0,200.0,0.0,0.0,0.0,200.0,10.0,0.0,0.0,0.0,10.0,0.0,0.0,0.0,10.0
2.7874645774295717,0.9237612662046706,-0.46728936301745816,0.005,200.0,0.0,0.0,0.0,200.0,0.0,0.0,0.0,200.0,10.0,0.0,0.0,0.0,10.0,0.0,0.0,0.0,10.0
2.788464744124021,0.924180231237038,-0.4671367370281483,0.005,200.0,0.0,0.0,0.0,200.0,0.0,0.0,0.0,200.0,10.0,0.0,0.0,0.0,10.0,0.0,0.0,0.0,10.0
2.7894649108184697,0.9245889112638979,-0.46698026838233453,0.005,200.0,0.0,0.0,0.0,200.0,0.0,0.0,0.0,200.0,10.0,0.0,0.0,0.0,10.0,0.0,0.0,0.0,10.0
2.790465077512919,0.9249463719633305,-0.46680466330713144,0.005,200.0,0.0,0.0,0.0,200.0,0.0,0.0,0.0,200.0,10.0,0.0,0.0,0.0,10.0,0.0,0.0,0.0,10.0
2.791465244207368,0.9253038326627633,-0.4666290582319283,0.005,200.0,0.0,0.0,0.0,200.0,0.0,0.0,0.0,200.0,10.0,0.0,0.0,0.0,10.0,0.0,0.0,0.0,10.0
2.792465410901817,0.925661293362196,-0.4664534531567251,0.005,200.0,0.0,0.0,0.0,200.0,0.0,0.0,0.0,200.0,10.0,0.0,0.0,0.0,10.0,0.0,0.0,0.0,10.0
2.7934655775962662,0.9260187540616288,-0.46627784808152195,0.005,200.0,0.0,0.0,0.0,200.0,0.0,0.0,0.0,200.0,10.0,0.0,0.0,0.0,10.0,0.0,0.0,0.0,10.0
2.794465744290715,0.9263762147610617,-0.4661022430063188,0.005,200.0,0.0,0.0,0.0,200.0,0.0,0.0,0.0,200.0,10.0,0.0,0.0,0.0,10.0,0.0,0.0,0.0,10.0
2.7954659109851643,0.9267336754604945,-0.4659266379311156,0.005,200.0,0.0,0.0,0.0,200.0,0.0,0.0,0.0,200.0,10.0,0.0,0.0,0.0,10.0,0.0,0.0,0.0,10.0
2.7964660776796135,0.9270911361599271,-0.4657510328559125,0.005,200.0,0.0,0.0,0.0,200.0,0.0,0.0,0.0,200.0,10.0,0.0,0.0,0.0,10.0,0.0,0.0,0.0,10.0
2.7974662443740623,0.9274485968593599,-0.46557542778070937,0.005,200.0,0.0,0.0,0.0,200.0,0.0,0.0,0.0,200.0,10.0,0.0,0.0,0.0,10.0,0.0,0.0,0.0,10.0
2.7984664110685116,0.9278060575587926,-0.46539982270550617,0.005,200.0,0.0,0.0,0.0,200.0,0.0,0.0,0.0,200.0,10.0,0.0,0.0,0.0,10.0,0.0,0.0,0.0,10.0
2.799466577762961,0.9281635182582254,-0.465224217630303,0.005,200.0,0.0,0.0,0.0,200.0,0.0,0.0,0.0,200.0,10.0,0.0,0.0,0.0,10.0,0.0,0.0,0.0,10.0
2.8004667444574096,0.9285209789576582,-0.4650486125550998,0.005,200.0,0.0,0.0,0.0,200.0,0.0,0.0,0.0,200.0,10.0,0.0,0.0,0.0,10.0,0.0,0.0,0.0,10.0
2.801466911151859,0.9288784396570909,-0.4648730074798967,0.005,200.0,0.0,0.0,0.0,200.0,0.0,0.0,0.0,200.0,10.0,0.0,0.0,0.0,10.0,0.0,0.0,0.0,10.0
2.8024670778463077,0.9292359003565236,-0.4646974024046936,0.005,200.0,0.0,0.0,0.0,200.0,0.0,0.0,0.0,200.0,10.0,0.0,0.0,0.0,10.0,0.0,0.0,0.0,10.0
2.803467244540757,0.9295933610559564,-0.4645217973294904,0.005,200.0,0.0,0.0,0.0,200.0,0.0,0.0,0.0,200.0,10.0,0.0,0.0,0.0,10.0,0.0,0.0,0.0,10.0
2.804467411235206,0.9299508217553891,-0.46434619225428725,0.005,200.0,0.0,0.0,0.0,200.0,0.0,0.0,0.0,200.0,10.0,0.0,0.0,0.0,10.0,0.0,0.0,0.0,10.0
2.805467577929655,0.9303082824548219,-0.4641705871790841,0.005,200.0,0.0,0.0,0.0,200.0,0.0,0.0,0.0,200.0,10.0,0.0,0.0,0.0,10.0,0.0,0.0,0.0,10.0
2.806467744624104,0.9306657431542547,-0.4639949821038809,0.005,200.0,0.0,0.0,0.0,200.0,0.0,0.0,0.0,200.0,10.0,0.0,0.0,0.0,10.0,0.0,0.0,0.0,10.0
2.807467911318553,0.9310232038536873,-0.4638193770286778,0.005,200.0,0.0,0.0,0.0,200.0,0.0,0.0,0.0,200.0,10.0,0.0,0.0,0.0,10.0,0.0,0.0,0.0,10.0
2.8084680780130022,0.9313806645531201,-0.46364377195347467,0.005,200.0,0.0,0.0,0.0,200.0,0.0,0.0,0.0,200.0,10.0,0.0,0.0,0.0,10.0,0.0,0.0,0.0,10.0
2.8094682447074515,0.9317381249445442,-0.46346136096478063,0.005,200.0,0.0,0.0,0.0,200.0,0.0,0.0,0.0,200.0,10.0,0.0,0.0,0.0,10.0,0.0,0.0,0.0,10.0
2.8104684114019003,0.9320955826731837,-0.4632201117562301,0.005,200.0,0.0,0.0,0.0,200.0,0.0,0.0,0.0,200.0,10.0,0.0,0.0,0.0,10.0,0.0,0.0,0.0,10.0
2.8114685780963495,0.9324530404018232,-0.46297886254767967,0.005,200.0,0.0,0.0,0.0,200.0,0.0,0.0,0.0,200.0,10.0,0.0,0.0,0.0,10.0,0.0,0.0,0.0,10.0
2.812468744790799,0.9328104981304627,-0.46273761333912916,0.005,200.0,0.0,0.0,0.0,200.0,0.0,0.0,0.0,200.0,10.0,0.0,0.0,0.0,10.0,0.0,0.0,0.0,10.0
2.8134689114852476,0.9331679558591021,-0.46249636413057876,0.005,200.0,0.0,0.0,0.0,200.0,0.0,0.0,0.0,200.0,10.0,0.0,0.0,0.0,10.0,0.0,0.0,0.0,10.0
2.814469078179697,0.9335254135877415,-0.4622551149220283,0.005,200.0,0.0,0.0,0.0,200.0,0.0,0.0,0.0,200.0,10.0,0.0,0.0,0.0,10.0,0.0,0.0,0.0,10.0
2.8154692448741456,0.933882871316381,-0.4620138657134778,0.005,200.0,0.0,0.0,0.0,200.0,0.0,0.0,0.0,200.0,10.0,0.0,0.0,0.0,10.0,0.0,0.0,0.0,10.0
2.816469411568595,0.9342403290450205,-0.46177261650492735,0.005,200.0,0.0,0.0,0.0,200.0,0.0,0.0,0.0,200.0,10.0,0.0,0.0,0.0,10.0,0.0,0.0,0.0,10.0
2.817469578263044,0.9345977867736601,-0.46153136729637684,0.005,200.0,0.0,0.0,0.0,200.0,0.0,0.0,0.0,200.0,10.0,0.0,0.0,0.0,10.0,0.0,0.0,0.0,10.0
2.818469744957493,0.9349552445022996,-0.4612901180878264,0.005,200.0,0.0,0.0,0.0,200.0,0.0,0.0,0.0,200.0,10.0,0.0,0.0,0.0,10.0,0.0,0.0,0.0,10.0
2.819469911651942,0.935312702230939,-0.461048868879276,0.005,200.0,0.0,0.0,0.0,200.0,0.0,0.0,0.0,200.0,10.0,0.0,0.0,0.0,10.0,0.0,0.0,0.0,10.0
2.820470078346391,0.9356701599595785,-0.4608076196707255,0.005,200.0,0.0,0.0,0.0,200.0,0.0,0.0,0.0,200.0,10.0,0.0,0.0,0.0,10.0,0.0,0.0,0.0,10.0
2.82147024504084,0.936027617688218,-0.460566370462175,0.005,200.0,0.0,0.0,0.0,200.0,0.0,0.0,0.0,200.0,10.0,0.0,0.0,0.0,10.0,0.0,0.0,0.0,10.0
2.8224704117352895,0.9363850754168574,-0.4603251212536245,0.005,200.0,0.0,0.0,0.0,200.0,0.0,0.0,0.0,200.0,10.0,0.0,0.0,0.0,10.0,0.0,0.0,0.0,10.0
2.8234705784297383,0.9367425331454969,-0.46008387204507406,0.005,200.0,0.0,0.0,0.0,200.0,0.0,0.0,0.0,200.0,10.0,0.0,0.0,0.0,10.0,0.0,0.0,0.0,10.0
2.8244707451241875,0.9370999908741363,-0.45984262283652366,0.005,200.0,0.0,0.0,0.0,200.0,0.0,0.0,0.0,200.0,10.0,0.0,0.0,0.0,10.0,0.0,0.0,0.0,10.0
2.8254709118186367,0.9374574486027758,-0.45960137362797315,0.005,200.0,0.0,0.0,0.0,200.0,0.0,0.0,0.0,200.0,10.0,0.0,0.0,0.0,10.0,0.0,0.0,0.0,10.0
2.8264710785130855,0.9378149063314153,-0.4593601244194227,0.005,200.0,0.0,0.0,0.0,200.0,0.0,0.0,0.0,200.0,10.0,0.0,0.0,0.0,10.0,0.0,0.0,0.0,10.0
2.827471245207535,0.9381723640600549,-0.4591188752108722,0.005,200.0,0.0,0.0,0.0,200.0,0.0,0.0,0.0,200.0,10.0,0.0,0.0,0.0,10.0,0.0,0.0,0.0,10.0
2.8284714119019836,0.9385298217886944,-0.45887762600232174,0.005,200.0,0.0,0.0,0.0,200.0,0.0,0.0,0.0,200.0,10.0,0.0,0.0,0.0,10.0,0.0,0.0,0.0,10.0
2.829471578596433,0.9388884600052577,-0.4586360286446209,0.005,200.0,0.0,0.0,0.0,200.0,0.0,0.0,0.0,200.0,10.0,0.0,0.0,0.0,10.0,0.0,0.0,0.0,10.0
2.830471745290882,0.9392753315579991,-0.45838610471974106,0.005,200.0,0.0,0.0,0.0,200.0,0.0,0.0,0.0,200.0,10.0,0.0,0.0,0.0,10.0,0.0,0.0,0.0,10.0
2.831471911985331,0.9396622031107408,-0.45813618079486107,0.005,200.0,0.0,0.0,0.0,200.0,0.0,0.0,0.0,200.0,10.0,0.0,0.0,0.0,10.0,0.0,0.0,0.0,10.0
2.83247207867978,0.9400490746634823,-0.45788625686998113,0.005,200.0,0.0,0.0,0.0,200.0,0.0,0.0,0.0,200.0,10.0,0.0,0.0,0.0,10.0,0.0,0.0,0.0,10.0
2.833472245374229,0.940435946216224,-0.45763633294510114,0.005,200.0,0.0,0.0,0.0,200.0,0.0,0.0,0.0,200.0,10.0,0.0,0.0,0.0,10.0,0.0,0.0,0.0,10.0
2.834472412068678,0.9408228177689655,-0.4573864090202212,0.005,200.0,0.0,0.0,0.0,200.0,0.0,0.0,0.0,200.0,10.0,0.0,0.0,0.0,10.0,0.0,0.0,0.0,10.0
2.8354725787631274,0.9412096893217071,-0.45713648509534127,0.005,200.0,0.0,0.0,0.0,200.0,0.0,0.0,0.0,200.0,10.0,0.0,0.0,0.0,10.0,0.0,0.0,0.0,10.0
2.836472745457576,0.9415965608744485,-0.4568865611704614,0.005,200.0,0.0,0.0,0.0,200.0,0.0,0.0,0.0,200.0,10.0,0.0,0.0,0.0,10.0,0.0,0.0,0.0,10.0
2.8374729121520255,0.9419834324271902,-0.4566366372455814,0.005,200.0,0.0,0.0,0.0,200.0,0.0,0.0,0.0,200.0,10.0,0.0,0.0,0.0,10.0,0.0,0.0,0.0,10.0
2.8384730788464747,0.9423703039799318,-0.45638671332070146,0.005,200.0,0.0,0.0,0.0,200.0,0.0,0.0,0.0,200.0,10.0,0.0,0.0,0.0,10.0,0.0,0.0,0.0,10.0
2.8394732455409235,0.9427571755326734,-0.45613678939582153,0.005,200.0,0.0,0.0,0.0,200.0,0.0,0.0,0.0,200.0,10.0,0.0,0.0,0.0,10.0,0.0,0.0,0.0,10.0
2.8404734122353728,0.943144047085415,-0.45588686547094154,0.005,200.0,0.0,0.0,0.0,200.0,0.0,0.0,0.0,200.0,10.0,0.0,0.0,0.0,10.0,0.0,0.0,0.0,10.0
2.8414735789298216,0.9435309186381564,-0.4556369415460617,0.005,200.0,0.0,0.0,0.0,200.0,0.0,0.0,0.0,200.0,10.0,0.0,0.0,0.0,10.0,0.0,0.0,0.0,10.0
2.842473745624271,0.943917790190898,-0.4553870176211817,0.005,200.0,0.0,0.0,0.0,200.0,0.0,0.0,0.0,200.0,10.0,0.0,0.0,0.0,10.0,0.0,0.0,0.0,10.0
2.84347391231872,0.9443046617436396,-0.4551370936963018,0.005,200.0,0.0,0.0,0.0,200.0,0.0,0.0,0.0,200.0,10.0,0.0,0.0,0.0,10.0,0.0,0.0,0.0,10.0
2.844474079013169,0.9446915332963812,-0.4548871697714218,0.005,200.0,0.0,0.0,0.0,200.0,0.0,0.0,0.0,200.0,10.0,0.0,0.0,0.0,10.0,0.0,0.0,0.0,10.0
2.845474245707618,0.9450784048491229,-0.45463724584654186,0.005,200.0,0.0,0.0,0.0,200.0,0.0,0.0,0.0,200.0,10.0,0.0,0.0,0.0,10.0,0.0,0.0,0.0,10.0
2.8464744124020673,0.9454652764018644,-0.4543873219216619,0.005,200.0,0.0,0.0,0.0,200.0,0.0,0.0,0.0,200.0,10.0,0.0,0.0,0.0,10.0,0.0,0.0,0.0,10.0
2.847474579096516,0.9458521479546059,-0.45413739799678204,0.005,200.0,0.0,0.0,0.0,200.0,0.0,0.0,0.0,200.0,10.0,0.0,0.0,0.0,10.0,0.0,0.0,0.0,10.0
2.8484747457909654,0.9462390195073475,-0.45388747407190205,0.005,200.0,0.0,0.0,0.0,200.0,0.0,0.0,0.0,200.0,10.0,0.0,0.0,0.0,10.0,0.0,0.0,0.0,10.0
2.849474912485414,0.9466258910600891,-0.4536375501470221,0.005,200.0,0.0,0.0,0.0,200.0,0.0,0.0,0.0,200.0,10.0,0.0,0.0,0.0,10.0,0.0,0.0,0.0,10.0
2.8504750791798634,0.9470713096949473,-0.4532108679972683,0.005,200.0,0.0,0.0,0.0,200.0,0.0,0.0,0.0,200.0,10.0,0.0,0.0,0.0,10.0,0.0,0.0,0.0,10.0
2.8514752458743127,0.9475181318557467,-0.4527799484928085,0.005,200.0,0.0,0.0,0.0,200.0,0.0,0.0,0.0,200.0,10.0,0.0,0.0,0.0,10.0,0.0,0.0,0.0,10.0
2.8524754125687615,0.9479649540165459,-0.45234902898834883,0.005,200.0,0.0,0.0,0.0,200.0,0.0,0.0,0.0,200.0,10.0,0.0,0.0,0.0,10.0,0.0,0.0,0.0,10.0
2.8534755792632107,0.9484117761773453,-0.4519181094838891,0.005,200.0,0.0,0.0,0.0,200.0,0.0,0.0,0.0,200.0,10.0,0.0,0.0,0.0,10.0,0.0,0.0,0.0,10.0
2.8544757459576595,0.9488585983381447,-0.4514871899794293,0.005,200.0,0.0,0.0,0.0,200.0,0.0,0.0,0.0,200.0,10.0,0.0,0.0,0.0,10.0,0.0,0.0,0.0,10.0
2.8554759126521088,0.9493054204989441,-0.45105627047496955,0.005,200.0,0.0,0.0,0.0,200.0,0.0,0.0,0.0,200.0,10.0,0.0,0.0,0.0,10.0,0.0,0.0,0.0,10.0
2.856476079346558,0.9497522426597435,-0.45062535097050976,0.005,200.0,0.0,0.0,0.0,200.0,0.0,0.0,0.0,200.0,10.0,0.0,0.0,0.0,10.0,0.0,0.0,0.0,10.0
2.857476246041007,0.9501990648205428,-0.45019443146605,0.005,200.0,0.0,0.0,0.0,200.0,0.0,0.0,0.0,200.0,10.0,0.0,0.0,0.0,10.0,0.0,0.0,0.0,10.0
2.858476412735456,0.9506458869813421,-0.44976351196159037,0.005,200.0,0.0,0.0,0.0,200.0,0.0,0.0,0.0,200.0,10.0,0.0,0.0,0.0,10.0,0.0,0.0,0.0,10.0
2.8594765794299053,0.9510927091421415,-0.4493325924571306,0.005,200.0,0.0,0.0,0.0,200.0,0.0,0.0,0.0,200.0,10.0,0.0,0.0,0.0,10.0,0.0,0.0,0.0,10.0
2.860476746124354,0.9515395313029409,-0.4489016729526708,0.005,200.0,0.0,0.0,0.0,200.0,0.0,0.0,0.0,200.0,10.0,0.0,0.0,0.0,10.0,0.0,0.0,0.0,10.0
2.8614769128188033,0.9519863534637403,-0.448470753448211,0.005,200.0,0.0,0.0,0.0,200.0,0.0,0.0,0.0,200.0,10.0,0.0,0.0,0.0,10.0,0.0,0.0,0.0,10.0
2.862477079513252,0.9524331756245397,-0.44803983394375124,0.005,200.0,0.0,0.0,0.0,200.0,0.0,0.0,0.0,200.0,10.0,0.0,0.0,0.0,10.0,0.0,0.0,0.0,10.0
2.8634772462077014,0.952879997785339,-0.44760891443929146,0.005,200.0,0.0,0.0,0.0,200.0,0.0,0.0,0.0,200.0,10.0,0.0,0.0,0.0,10.0,0.0,0.0,0.0,10.0
2.8644774129021506,0.9533268199461382,-0.44717799493483185,0.005,200.0,0.0,0.0,0.0,200.0,0.0,0.0,0.0,200.0,10.0,0.0,0.0,0.0,10.0,0.0,0.0,0.0,10.0
2.8654775795965994,0.9537736421069376,-0.44674707543037206,0.005,200.0,0.0,0.0,0.0,200.0,0.0,0.0,0.0,200.0,10.0,0.0,0.0,0.0,10.0,0.0,0.0,0.0,10.0
2.8664777462910487,0.954220464267737,-0.4463161559259123,0.005,200.0,0.0,0.0,0.0,200.0,0.0,0.0,0.0,200.0,10.0,0.0,0.0,0.0,10.0,0.0,0.0,0.0,10.0
2.8674779129854975,0.9546672864285364,-0.44588523642145256,0.005,200.0,0.0,0.0,0.0,200.0,0.0,0.0,0.0,200.0,10.0,0.0,0.0,0.0,10.0,0.0,0.0,0.0,10.0
2.8684780796799467,0.9551141085893358,-0.4454543169169928,0.005,200.0,0.0,0.0,0.0,200.0,0.0,0.0,0.0,200.0,10.0,0.0,0.0,0.0,10.0,0.0,0.0,0.0,10.0
2.869478246374396,0.955560930750135,-0.4450233974125331,0.005,200.0,0.0,0.0,0.0,200.0,0.0,0.0,0.0,200.0,10.0,0.0,0.0,0.0,10.0,0.0,0.0,0.0,10.0
2.8704784130688448,0.9560002204000323,-0.4445567289965017,0.005,200.0,0.0,0.0,0.0,200.0,0.0,0.0,0.0,200.0,10.0,0.0,0.0,0.0,10.0,0.0,0.0,0.0,10.0
2.871478579763294,0.9564387926679389,-0.44408665592222546,0.005,200.0,0.0,0.0,0.0,200.0,0.0,0.0,0.0,200.0,10.0,0.0,0.0,0.0,10.0,0.0,0.0,0.0,10.0
2.8724787464577433,0.9568773649358455,-0.44361658284794914,0.005,200.0,0.0,0.0,0.0,200.0,0.0,0.0,0.0,200.0,10.0,0.0,0.0,0.0,10.0,0.0,0.0,0.0,10.0
2.873478913152192,0.9573159372037521,-0.4431465097736728,0.005,200.0,0.0,0.0,0.0,200.0,0.0,0.0,0.0,200.0,10.0,0.0,0.0,0.0,10.0,0.0,0.0,0.0,10.0
2.8744790798466413,0.9577545094716586,-0.44267643669939655,0.005,200.0,0.0,0.0,0.0,200.0,0.0,0.0,0.0,200.0,10.0,0.0,0.0,0.0,10.0,0.0,0.0,0.0,10.0
2.87547924654109,0.9581930817395651,-0.4422063636251204,0.005,200.0,0.0,0.0,0.0,200.0,0.0,0.0,0.0,200.0,10.0,0.0,0.0,0.0,10.0,0.0,0.0,0.0,10.0
2.8764794132355394,0.9586316540074717,-0.44173629055084407,0.005,200.0,0.0,0.0,0.0,200.0,0.0,0.0,0.0,200.0,10.0,0.0,0.0,0.0,10.0,0.0,0.0,0.0,10.0
2.8774795799299886,0.9590702262753783,-0.44126621747656775,0.005,200.0,0.0,0.0,0.0,200.0,0.0,0.0,0.0,200.0,10.0,0.0,0.0,0.0,10.0,0.0,0.0,0.0,10.0
2.8784797466244374,0.9595087985432849,-0.4407961444022915,0.005,200.0,0.0,0.0,0.0,200.0,0.0,0.0,0.0,200.0,10.0,0.0,0.0,0.0,10.0,0.0,0.0,0.0,10.0
2.8794799133188866,0.9599473708111915,-0.44032607132801516,0.005,200.0,0.0,0.0,0.0,200.0,0.0,0.0,0.0,200.0,10.0,0.0,0.0,0.0,10.0,0.0,0.0,0.0,10.0
2.880480080013336,0.9603859430790981,-0.43985599825373883,0.005,200.0,0.0,0.0,0.0,200.0,0.0,0.0,0.0,200.0,10.0,0.0,0.0,0.0,10.0,0.0,0.0,0.0,10.0
2.8814802467077847,0.9608245153470045,-0.4393859251794627,0.005,200.0,0.0,0.0,0.0,200.0,0.0,0.0,0.0,200.0,10.0,0.0,0.0,0.0,10.0,0.0,0.0,0.0,10.0
2.882480413402234,0.9612630876149112,-0.4389158521051864,0.005,200.0,0.0,0.0,0.0,200.0,0.0,0.0,0.0,200.0,10.0,0.0,0.0,0.0,10.0,0.0,0.0,0.0,10.0
2.8834805800966827,0.9617016598828177,-0.4384457790309101,0.005,200.0,0.0,0.0,0.0,200.0,0.0,0.0,0.0,200.0,10.0,0.0,0.0,0.0,10.0,0.0,0.0,0.0,10.0
2.884480746791132,0.9621402321507243,-0.43797570595663377,0.005,200.0,0.0,0.0,0.0,200.0,0.0,0.0,0.0,200.0,10.0,0.0,0.0,0.0,10.0,0.0,0.0,0.0,10.0
2.8854809134855812,0.962578804418631,-0.4375056328823575,0.005,200.0,0.0,0.0,0.0,200.0,0.0,0.0,0.0,200.0,10.0,0.0,0.0,0.0,10.0,0.0,0.0,0.0,10.0
2.88648108018003,0.9630173766865374,-0.43703555980808134,0.005,200.0,0.0,0.0,0.0,200.0,0.0,0.0,0.0,200.0,10.0,0.0,0.0,0.0,10.0,0.0,0.0,0.0,10.0
2.8874812468744793,0.963455948954444,-0.436565486733805,0.005,200.0,0.0,0.0,0.0,200.0,0.0,0.0,0.0,200.0,10.0,0.0,0.0,0.0,10.0,0.0,0.0,0.0,10.0
2.888481413568928,0.9638945212223505,-0.4360954136595287,0.005,200.0,0.0,0.0,0.0,200.0,0.0,0.0,0.0,200.0,10.0,0.0,0.0,0.0,10.0,0.0,0.0,0.0,10.0
2.8894815802633773,0.9643330934902572,-0.43562534058525243,0.005,200.0,0.0,0.0,0.0,200.0,0.0,0.0,0.0,200.0,10.0,0.0,0.0,0.0,10.0,0.0,0.0,0.0,10.0
2.8904817469578266,0.9647027590926994,-0.43512758396033113,0.005,200.0,0.0,0.0,0.0,200.0,0.0,0.0,0.0,200.0,10.0,0.0,0.0,0.0,10.0,0.0,0.0,0.0,10.0
2.8914819136522754,0.9650602168213389,-0.43462492276935066,0.005,200.0,0.0,0.0,0.0,200.0,0.0,0.0,0.0,200.0,10.0,0.0,0.0,0.0,10.0,0.0,0.0,0.0,10.0
2.8924820803467246,0.9654176745499783,-0.43412226157837036,0.005,200.0,0.0,0.0,0.0,200.0,0.0,0.0,0.0,200.0,10.0,0.0,0.0,0.0,10.0,0.0,0.0,0.0,10.0
2.893482247041174,0.9657751322786178,-0.4336196003873899,0.005,200.0,0.0,0.0,0.0,200.0,0.0,0.0,0.0,200.0,10.0,0.0,0.0,0.0,10.0,0.0,0.0,0.0,10.0
2.8944824137356227,0.9661325900072574,-0.4331169391964094,0.005,200.0,0.0,0.0,0.0,200.0,0.0,0.0,0.0,200.0,10.0,0.0,0.0,0.0,10.0,0.0,0.0,0.0,10.0
2.895482580430072,0.9664900477358969,-0.43261427800542895,0.005,200.0,0.0,0.0,0.0,200.0,0.0,0.0,0.0,200.0,10.0,0.0,0.0,0.0,10.0,0.0,0.0,0.0,10.0
2.8964827471245207,0.9668475054645363,-0.4321116168144485,0.005,200.0,0.0,0.0,0.0,200.0,0.0,0.0,0.0,200.0,10.0,0.0,0.0,0.0,10.0,0.0,0.0,0.0,10.0
2.89748291381897,0.9672049631931758,-0.431608955623468,0.005,200.0,0.0,0.0,0.0,200.0,0.0,0.0,0.0,200.0,10.0,0.0,0.0,0.0,10.0,0.0,0.0,0.0,10.0
2.898483080513419,0.9675624209218152,-0.4311062944324877,0.005,200.0,0.0,0.0,0.0,200.0,0.0,0.0,0.0,200.0,10.0,0.0,0.0,0.0,10.0,0.0,0.0,0.0,10.0
2.899483247207868,0.9679198786504547,-0.4306036332415073,0.005,200.0,0.0,0.0,0.0,200.0,0.0,0.0,0.0,200.0,10.0,0.0,0.0,0.0,10.0,0.0,0.0,0.0,10.0
2.9004834139023172,0.9682773363790943,-0.43010097205052683,0.005,200.0,0.0,0.0,0.0,200.0,0.0,0.0,0.0,200.0,10.0,0.0,0.0,0.0,10.0,0.0,0.0,0.0,10.0
2.901483580596766,0.9686347941077338,-0.42959831085954636,0.005,200.0,0.0,0.0,0.0,200.0,0.0,0.0,0.0,200.0,10.0,0.0,0.0,0.0,10.0,0.0,0.0,0.0,10.0
2.9024837472912153,0.9689922518363733,-0.4290956496685659,0.005,200.0,0.0,0.0,0.0,200.0,0.0,0.0,0.0,200.0,10.0,0.0,0.0,0.0,10.0,0.0,0.0,0.0,10.0
2.9034839139856645,0.9693497095650127,-0.4285929884775856,0.005,200.0,0.0,0.0,0.0,200.0,0.0,0.0,0.0,200.0,10.0,0.0,0.0,0.0,10.0,0.0,0.0,0.0,10.0
2.9044840806801133,0.9697071672936521,-0.4280903272866051,0.005,200.0,0.0,0.0,0.0,200.0,0.0,0.0,0.0,200.0,10.0,0.0,0.0,0.0,10.0,0.0,0.0,0.0,10.0
2.9054842473745626,0.9700646250222916,-0.42758766609562465,0.005,200.0,0.0,0.0,0.0,200.0,0.0,0.0,0.0,200.0,10.0,0.0,0.0,0.0,10.0,0.0,0.0,0.0,10.0
2.906484414069012,0.9704220827509312,-0.4270850049046442,0.005,200.0,0.0,0.0,0.0,200.0,0.0,0.0,0.0,200.0,10.0,0.0,0.0,0.0,10.0,0.0,0.0,0.0,10.0
2.9074845807634606,0.9707795404795707,-0.4265823437136637,0.005,200.0,0.0,0.0,0.0,200.0,0.0,0.0,0.0,200.0,10.0,0.0,0.0,0.0,10.0,0.0,0.0,0.0,10.0
2.90848474745791,0.9711369982082102,-0.42607968252268325,0.005,200.0,0.0,0.0,0.0,200.0,0.0,0.0,0.0,200.0,10.0,0.0,0.0,0.0,10.0,0.0,0.0,0.0,10.0
2.9094849141523587,0.9714944559368496,-0.425577021331703,0.005,200.0,0.0,0.0,0.0,200.0,0.0,0.0,0.0,200.0,10.0,0.0,0.0,0.0,10.0,0.0,0.0,0.0,10.0
2.910485080846808,0.9718519136654891,-0.42502608248980417,0.005,200.0,0.0,0.0,0.0,200.0,0.0,0.0,0.0,200.0,10.0,0.0,0.0,0.0,10.0,0.0,0.0,0.0,10.0
2.911485247541257,0.9722093713941286,-0.4244619956919106,0.005,200.0,0.0,0.0,0.0,200.0,0.0,0.0,0.0,200.0,10.0,0.0,0.0,0.0,10.0,0.0,0.0,0.0,10.0
2.912485414235706,0.9725668291227682,-0.423897908894017,0.005,200.0,0.0,0.0,0.0,200.0,0.0,0.0,0.0,200.0,10.0,0.0,0.0,0.0,10.0,0.0,0.0,0.0,10.0
2.913485580930155,0.9729242868514076,-0.4233338220961234,0.005,200.0,0.0,0.0,0.0,200.0,0.0,0.0,0.0,200.0,10.0,0.0,0.0,0.0,10.0,0.0,0.0,0.0,10.0
2.914485747624604,0.9732817445800471,-0.4227697352982298,0.005,200.0,0.0,0.0,0.0,200.0,0.0,0.0,0.0,200.0,10.0,0.0,0.0,0.0,10.0,0.0,0.0,0.0,10.0
2.9154859143190532,0.9736392023086865,-0.42220564850033643,0.005,200.0,0.0,0.0,0.0,200.0,0.0,0.0,0.0,200.0,10.0,0.0,0.0,0.0,10.0,0.0,0.0,0.0,10.0
2.9164860810135025,0.973996660037326,-0.4216415617024428,0.005,200.0,0.0,0.0,0.0,200.0,0.0,0.0,0.0,200.0,10.0,0.0,0.0,0.0,10.0,0.0,0.0,0.0,10.0
2.9174862477079513,0.9743541177659655,-0.4210774749045493,0.005,200.0,0.0,0.0,0.0,200.0,0.0,0.0,0.0,200.0,10.0,0.0,0.0,0.0,10.0,0.0,0.0,0.0,10.0
2.9184864144024005,0.9747115754946051,-0.4205133881066557,0.005,200.0,0.0,0.0,0.0,200.0,0.0,0.0,0.0,200.0,10.0,0.0,0.0,0.0,10.0,0.0,0.0,0.0,10.0
2.9194865810968498,0.9750690332232446,-0.41994930130876207,0.005,200.0,0.0,0.0,0.0,200.0,0.0,0.0,0.0,200.0,10.0,0.0,0.0,0.0,10.0,0.0,0.0,0.0,10.0
2.9204867477912986,0.9754264909518839,-0.4193852145108687,0.005,200.0,0.0,0.0,0.0,200.0,0.0,0.0,0.0,200.0,10.0,0.0,0.0,0.0,10.0,0.0,0.0,0.0,10.0
2.921486914485748,0.9757839486805234,-0.4188211277129751,0.005,200.0,0.0,0.0,0.0,200.0,0.0,0.0,0.0,200.0,10.0,0.0,0.0,0.0,10.0,0.0,0.0,0.0,10.0
2.9224870811801966,0.9761414064091629,-0.4182570409150815,0.005,200.0,0.0,0.0,0.0,200.0,0.0,0.0,0.0,200.0,10.0,0.0,0.0,0.0,10.0,0.0,0.0,0.0,10.0
2.923487247874646,0.9764988641378024,-0.41769295411718793,0.005,200.0,0.0,0.0,0.0,200.0,0.0,0.0,0.0,200.0,10.0,0.0,0.0,0.0,10.0,0.0,0.0,0.0,10.0
2.924487414569095,0.976856321866442,-0.4171288673192943,0.005,200.0,0.0,0.0,0.0,200.0,0.0,0.0,0.0,200.0,10.0,0.0,0.0,0.0,10.0,0.0,0.0,0.0,10.0
2.925487581263544,0.9772137795950815,-0.4165647805214007,0.005,200.0,0.0,0.0,0.0,200.0,0.0,0.0,0.0,200.0,10.0,0.0,0.0,0.0,10.0,0.0,0.0,0.0,10.0
2.926487747957993,0.9775712373237209,-0.41600069372350734,0.005,200.0,0.0,0.0,0.0,200.0,0.0,0.0,0.0,200.0,10.0,0.0,0.0,0.0,10.0,0.0,0.0,0.0,10.0
2.9274879146524424,0.9779286950523604,-0.41543660692561374,0.005,200.0,0.0,0.0,0.0,200.0,0.0,0.0,0.0,200.0,10.0,0.0,0.0,0.0,10.0,0.0,0.0,0.0,10.0
2.928488081346891,0.9782861527809998,-0.4148725201277202,0.005,200.0,0.0,0.0,0.0,200.0,0.0,0.0,0.0,200.0,10.0,0.0,0.0,0.0,10.0,0.0,0.0,0.0,10.0
2.9294882480413404,0.9786436105096393,-0.4143084333298266,0.005,200.0,0.0,0.0,0.0,200.0,0.0,0.0,0.0,200.0,10.0,0.0,0.0,0.0,10.0,0.0,0.0,0.0,10.0
2.9304884147357892,0.9789529328029103,-0.4138530767307736,0.005,200.0,0.0,0.0,0.0,200.0,0.0,0.0,0.0,200.0,10.0,0.0,0.0,0.0,10.0,0.0,0.0,0.0,10.0
2.9314885814302385,0.9792437586094422,-0.4134395007173864,0.005,200.0,0.0,0.0,0.0,200.0,0.0,0.0,0.0,200.0,10.0,0.0,0.0,0.0,10.0,0.0,0.0,0.0,10.0
2.9324887481246877,0.9795345844159743,-0.413025924703999,0.005,200.0,0.0,0.0,0.0,200.0,0.0,0.0,0.0,200.0,10.0,0.0,0.0,0.0,10.0,0.0,0.0,0.0,10.0
2.9334889148191365,0.9798254102225064,-0.4126123486906117,0.005,200.0,0.0,0.0,0.0,200.0,0.0,0.0,0.0,200.0,10.0,0.0,0.0,0.0,10.0,0.0,0.0,0.0,10.0
2.934489081513586,0.9801162360290384,-0.4121987726772243,0.005,200.0,0.0,0.0,0.0,200.0,0.0,0.0,0.0,200.0,10.0,0.0,0.0,0.0,10.0,0.0,0.0,0.0,10.0
2.9354892482080346,0.9804070618355706,-0.41178519666383695,0.005,200.0,0.0,0.0,0.0,200.0,0.0,0.0,0.0,200.0,10.0,0.0,0.0,0.0,10.0,0.0,0.0,0.0,10.0
2.936489414902484,0.9806978876421026,-0.4113716206504496,0.005,200.0,0.0,0.0,0.0,200.0,0.0,0.0,0.0,200.0,10.0,0.0,0.0,0.0,10.0,0.0,0.0,0.0,10.0
2.937489581596933,0.9809887134486346,-0.41095804463706237,0.005,200.0,0.0,0.0,0.0,200.0,0.0,0.0,0.0,200.0,10.0,0.0,0.0,0.0,10.0,0.0,0.0,0.0,10.0
2.938489748291382,0.9812795392551666,-0.41054446862367505,0.005,200.0,0.0,0.0,0.0,200.0,0.0,0.0,0.0,200.0,10.0,0.0,0.0,0.0,10.0,0.0,0.0,0.0,10.0
2.939489914985831,0.9815703650616987,-0.4101308926102877,0.005,200.0,0.0,0.0,0.0,200.0,0.0,0.0,0.0,200.0,10.0,0.0,0.0,0.0,10.0,0.0,0.0,0.0,10.0
2.9404900816802804,0.9818611908682308,-0.4097173165969003,0.005,200.0,0.0,0.0,0.0,200.0,0.0,0.0,0.0,200.0,10.0,0.0,0.0,0.0,10.0,0.0,0.0,0.0,10.0
2.941490248374729,0.9821520166747628,-0.40930374058351293,0.005,200.0,0.0,0.0,0.0,200.0,0.0,0.0,0.0,200.0,10.0,0.0,0.0,0.0,10.0,0.0,0.0,0.0,10.0
2.9424904150691784,0.9824428424812949,-0.4088901645701256,0.005,200.0,0.0,0.0,0.0,200.0,0.0,0.0,0.0,200.0,10.0,0.0,0.0,0.0,10.0,0.0,0.0,0.0,10.0
2.943490581763627,0.9827336682878269,-0.40847658855673835,0.005,200.0,0.0,0.0,0.0,200.0,0.0,0.0,0.0,200.0,10.0,0.0,0.0,0.0,10.0,0.0,0.0,0.0,10.0
2.9444907484580765,0.983024494094359,-0.40806301254335103,0.005,200.0,0.0,0.0,0.0,200.0,0.0,0.0,0.0,200.0,10.0,0.0,0.0,0.0,10.0,0.0,0.0,0.0,10.0
2.9454909151525257,0.983315319900891,-0.40764943652996366,0.005,200.0,0.0,0.0,0.0,200.0,0.0,0.0,0.0,200.0,10.0,0.0,0.0,0.0,10.0,0.0,0.0,0.0,10.0
2.9464910818469745,0.9836061457074231,-0.4072358605165763,0.005,200.0,0.0,0.0,0.0,200.0,0.0,0.0,0.0,200.0,10.0,0.0,0.0,0.0,10.0,0.0,0.0,0.0,10.0
2.9474912485414237,0.9838969715139552,-0.40682228450318897,0.005,200.0,0.0,0.0,0.0,200.0,0.0,0.0,0.0,200.0,10.0,0.0,0.0,0.0,10.0,0.0,0.0,0.0,10.0
2.9484914152358725,0.9841877973204871,-0.4064087084898017,0.005,200.0,0.0,0.0,0.0,200.0,0.0,0.0,0.0,200.0,10.0,0.0,0.0,0.0,10.0,0.0,0.0,0.0,10.0
2.949491581930322,0.9844786231270192,-0.4059951324764144,0.005,200.0,0.0,0.0,0.0,200.0,0.0,0.0,0.0,200.0,10.0,0.0,0.0,0.0,10.0,0.0,0.0,0.0,10.0
2.950491748624771,0.9847704745825379,-0.4055443326469898,0.005,200.0,0.0,0.0,0.0,200.0,0.0,0.0,0.0,200.0,10.0,0.0,0.0,0.0,10.0,0.0,0.0,0.0,10.0
2.95149191531922,0.9850628570847401,-0.40507425957271354,0.005,200.0,0.0,0.0,0.0,200.0,0.0,0.0,0.0,200.0,10.0,0.0,0.0,0.0,10.0,0.0,0.0,0.0,10.0
2.952492082013669,0.9853552395869423,-0.4046041864984372,0.005,200.0,0.0,0.0,0.0,200.0,0.0,0.0,0.0,200.0,10.0,0.0,0.0,0.0,10.0,0.0,0.0,0.0,10.0
2.9534922487081183,0.9856476220891444,-0.4041341134241609,0.005,200.0,0.0,0.0,0.0,200.0,0.0,0.0,0.0,200.0,10.0,0.0,0.0,0.0,10.0,0.0,0.0,0.0,10.0
2.954492415402567,0.9859400045913465,-0.40366404034988473,0.005,200.0,0.0,0.0,0.0,200.0,0.0,0.0,0.0,200.0,10.0,0.0,0.0,0.0,10.0,0.0,0.0,0.0,10.0
2.9554925820970164,0.9862323870935485,-0.40319396727560847,0.005,200.0,0.0,0.0,0.0,200.0,0.0,0.0,0.0,200.0,10.0,0.0,0.0,0.0,10.0,0.0,0.0,0.0,10.0
2.956492748791465,0.9865247695957508,-0.40272389420133214,0.005,200.0,0.0,0.0,0.0,200.0,0.0,0.0,0.0,200.0,10.0,0.0,0.0,0.0,10.0,0.0,0.0,0.0,10.0
2.9574929154859144,0.9868171520979528,-0.4022538211270558,0.005,200.0,0.0,0.0,0.0,200.0,0.0,0.0,0.0,200.0,10.0,0.0,0.0,0.0,10.0,0.0,0.0,0.0,10.0
2.9584930821803637,0.987109534600155,-0.40178374805277955,0.005,200.0,0.0,0.0,0.0,200.0,0.0,0.0,0.0,200.0,10.0,0.0,0.0,0.0,10.0,0.0,0.0,0.0,10.0
2.9594932488748125,0.9874019171023571,-0.40131367497850323,0.005,200.0,0.0,0.0,0.0,200.0,0.0,0.0,0.0,200.0,10.0,0.0,0.0,0.0,10.0,0.0,0.0,0.0,10.0
2.9604934155692617,0.9876942996045592,-0.4008436019042271,0.005,200.0,0.0,0.0,0.0,200.0,0.0,0.0,0.0,200.0,10.0,0.0,0.0,0.0,10.0,0.0,0.0,0.0,10.0
2.9614935822637105,0.9879866821067613,-0.40037352882995075,0.005,200.0,0.0,0.0,0.0,200.0,0.0,0.0,0.0,200.0,10.0,0.0,0.0,0.0,10.0,0.0,0.0,0.0,10.0
2.9624937489581598,0.9882790646089635,-0.3999034557556745,0.005,200.0,0.0,0.0,0.0,200.0,0.0,0.0,0.0,200.0,10.0,0.0,0.0,0.0,10.0,0.0,0.0,0.0,10.0
2.963493915652609,0.9885714471111657,-0.39943338268139816,0.005,200.0,0.0,0.0,0.0,200.0,0.0,0.0,0.0,200.0,10.0,0.0,0.0,0.0,10.0,0.0,0.0,0.0,10.0
2.964494082347058,0.9888638296133678,-0.39896330960712184,0.005,200.0,0.0,0.0,0.0,200.0,0.0,0.0,0.0,200.0,10.0,0.0,0.0,0.0,10.0,0.0,0.0,0.0,10.0
2.965494249041507,0.9891562121155699,-0.3984932365328457,0.005,200.0,0.0,0.0,0.0,200.0,0.0,0.0,0.0,200.0,10.0,0.0,0.0,0.0,10.0,0.0,0.0,0.0,10.0
2.9664944157359563,0.989448594617772,-0.3980231634585694,0.005,200.0,0.0,0.0,0.0,200.0,0.0,0.0,0.0,200.0,10.0,0.0,0.0,0.0,10.0,0.0,0.0,0.0,10.0
2.967494582430405,0.9897409771199742,-0.3975530903842931,0.005,200.0,0.0,0.0,0.0,200.0,0.0,0.0,0.0,200.0,10.0,0.0,0.0,0.0,10.0,0.0,0.0,0.0,10.0
2.9684947491248543,0.9900333596221763,-0.3970830173100168,0.005,200.0,0.0,0.0,0.0,200.0,0.0,0.0,0.0,200.0,10.0,0.0,0.0,0.0,10.0,0.0,0.0,0.0,10.0
2.969494915819303,0.9903257421243785,-0.3966129442357405,0.005,200.0,0.0,0.0,0.0,200.0,0.0,0.0,0.0,200.0,10.0,0.0,0.0,0.0,10.0,0.0,0.0,0.0,10.0
2.9704950825137524,0.9906162694009627,-0.39600441632797007,0.005,200.0,0.0,0.0,0.0,200.0,0.0,0.0,0.0,200.0,10.0,0.0,0.0,0.0,10.0,0.0,0.0,0.0,10.0
2.9714952492082016,0.9909055355410313,-0.39530177024686963,0.005,200.0,0.0,0.0,0.0,200.0,0.0,0.0,0.0,200.0,10.0,0.0,0.0,0.0,10.0,0.0,0.0,0.0,10.0
2.9724954159026504,0.9911948016811001,-0.3945991241657689,0.005,200.0,0.0,0.0,0.0,200.0,0.0,0.0,0.0,200.0,10.0,0.0,0.0,0.0,10.0,0.0,0.0,0.0,10.0
2.9734955825970997,0.9914840678211688,-0.3938964780846682,0.005,200.0,0.0,0.0,0.0,200.0,0.0,0.0,0.0,200.0,10.0,0.0,0.0,0.0,10.0,0.0,0.0,0.0,10.0
2.974495749291549,0.9917733339612376,-0.39319383200356756,0.005,200.0,0.0,0.0,0.0,200.0,0.0,0.0,0.0,200.0,10.0,0.0,0.0,0.0,10.0,0.0,0.0,0.0,10.0
2.9754959159859977,0.9920626001013063,-0.39249118592246685,0.005,200.0,0.0,0.0,0.0,200.0,0.0,0.0,0.0,200.0,10.0,0.0,0.0,0.0,10.0,0.0,0.0,0.0,10.0
2.976496082680447,0.992351866241375,-0.3917885398413662,0.005,200.0,0.0,0.0,0.0,200.0,0.0,0.0,0.0,200.0,10.0,0.0,0.0,0.0,10.0,0.0,0.0,0.0,10.0
2.9774962493748958,0.9926411323814436,-0.3910858937602657,0.005,200.0,0.0,0.0,0.0,200.0,0.0,0.0,0.0,200.0,10.0,0.0,0.0,0.0,10.0,0.0,0.0,0.0,10.0
2.978496416069345,0.9929303985215123,-0.39038324767916505,0.005,200.0,0.0,0.0,0.0,200.0,0.0,0.0,0.0,200.0,10.0,0.0,0.0,0.0,10.0,0.0,0.0,0.0,10.0
2.9794965827637943,0.9932196646615811,-0.38968060159806434,0.005,200.0,0.0,0.0,0.0,200.0,0.0,0.0,0.0,200.0,10.0,0.0,0.0,0.0,10.0,0.0,0.0,0.0,10.0
2.980496749458243,0.9935089308016498,-0.3889779555169637,0.005,200.0,0.0,0.0,0.0,200.0,0.0,0.0,0.0,200.0,10.0,0.0,0.0,0.0,10.0,0.0,0.0,0.0,10.0
2.9814969161526923,0.9937981969417184,-0.38827530943586297,0.005,200.0,0.0,0.0,0.0,200.0,0.0,0.0,0.0,200.0,10.0,0.0,0.0,0.0,10.0,0.0,0.0,0.0,10.0
2.982497082847141,0.9940874630817871,-0.38757266335476254,0.005,200.0,0.0,0.0,0.0,200.0,0.0,0.0,0.0,200.0,10.0,0.0,0.0,0.0,10.0,0.0,0.0,0.0,10.0
2.9834972495415903,0.9943767292218558,-0.3868700172736618,0.005,200.0,0.0,0.0,0.0,200.0,0.0,0.0,0.0,200.0,10.0,0.0,0.0,0.0,10.0,0.0,0.0,0.0,10.0
2.9844974162360396,0.9946659953619246,-0.38616737119256117,0.005,200.0,0.0,0.0,0.0,200.0,0.0,0.0,0.0,200.0,10.0,0.0,0.0,0.0,10.0,0.0,0.0,0.0,10.0
2.9854975829304884,0.9949552615019933,-0.38546472511146046,0.005,200.0,0.0,0.0,0.0,200.0,0.0,0.0,0.0,200.0,10.0,0.0,0.0,0.0,10.0,0.0,0.0,0.0,10.0
2.9864977496249376,0.9952445276420621,-0.3847620790303598,0.005,200.0,0.0,0.0,0.0,200.0,0.0,0.0,0.0,200.0,10.0,0.0,0.0,0.0,10.0,0.0,0.0,0.0,10.0
2.987497916319387,0.9955337937821307,-0.3840594329492591,0.005,200.0,0.0,0.0,0.0,200.0,0.0,0.0,0.0,200.0,10.0,0.0,0.0,0.0,10.0,0.0,0.0,0.0,10.0
2.9884980830138357,0.9958230599221993,-0.38335678686815866,0.005,200.0,0.0,0.0,0.0,200.0,0.0,0.0,0.0,200.0,10.0,0.0,0.0,0.0,10.0,0.0,0.0,0.0,10.0
2.989498249708285,0.9961123260622681,-0.38265414078705795,0.005,200.0,0.0,0.0,0.0,200.0,0.0,0.0,0.0,200.0,10.0,0.0,0.0,0.0,10.0,0.0,0.0,0.0,10.0
2.9904984164027337,0.9963963757476959,-0.38195610926198575,0.005,200.0,0.0,0.0,0.0,200.0,0.0,0.0,0.0,200.0,10.0,0.0,0.0,0.0,10.0,0.0,0.0,0.0,10.0
2.991498583097183,0.9966758323284085,-0.3812621408680078,0.005,200.0,0.0,0.0,0.0,200.0,0.0,0.0,0.0,200.0,10.0,0.0,0.0,0.0,10.0,0.0,0.0,0.0,10.0
2.992498749791632,0.9969552889091211,-0.38056817247402985,0.005,200.0,0.0,0.0,0.0,200.0,0.0,0.0,0.0,200.0,10.0,0.0,0.0,0.0,10.0,0.0,0.0,0.0,10.0
2.993498916486081,0.9972347454898337,-0.3798742040800519,0.005,200.0,0.0,0.0,0.0,200.0,0.0,0.0,0.0,200.0,10.0,0.0,0.0,0.0,10.0,0.0,0.0,0.0,10.0
2.9944990831805303,0.9975142020705462,-0.3791802356860742,0.005,200.0,0.0,0.0,0.0,200.0,0.0,0.0,0.0,200.0,10.0,0.0,0.0,0.0,10.0,0.0,0.0,0.0,10.0
2.995499249874979,0.9977936586512588,-0.3784862672920962,0.005,200.0,0.0,0.0,0.0,200.0,0.0,0.0,0.0,200.0,10.0,0.0,0.0,0.0,10.0,0.0,0.0,0.0,10.0
2.9964994165694283,0.9980731152319713,-0.3777922988981183,0.005,200.0,0.0,0.0,0.0,200.0,0.0,0.0,0.0,200.0,10.0,0.0,0.0,0.0,10.0,0.0,0.0,0.0,10.0
2.9974995832638776,0.9983525718126839,-0.3770983305041403,0.005,200.0,0.0,0.0,0.0,200.0,0.0,0.0,0.0,200.0,10.0,0.0,0.0,0.0,10.0,0.0,0.0,0.0,10.0
2.9984997499583264,0.9986320283933965,-0.37640436211016237,0.005,200.0,0.0,0.0,0.0,200.0,0.0,0.0,0.0,200.0,10.0,0.0,0.0,0.0,10.0,0.0,0.0,0.0,10.0
2.9994999166527756,0.998911484974109,-0.37571039371618464,0.005,200.0,0.0,0.0,0.0,200.0,0.0,0.0,0.0,200.0,10.0,0.0,0.0,0.0,10.0,0.0,0.0,0.0,10.0
3.000500083347225,0.9991909415548216,-0.3750164253222067,0.005,200.0,0.0,0.0,0.0,200.0,0.0,0.0,0.0,200.0,10.0,0.0,0.0,0.0,10.0,0.0,0.0,0.0,10.0
3.0015002500416736,0.9994703981355343,-0.3743224569282285,0.005,200.0,0.0,0.0,0.0,200.0,0.0,0.0,0.0,200.0,10.0,0.0,0.0,0.0,10.0,0.0,0.0,0.0,10.0
3.002500416736123,0.9997498547162468,-0.3736284885342508,0.005,200.0,0.0,0.0,0.0,200.0,0.0,0.0,0.0,200.0,10.0,0.0,0.0,0.0,10.0,0.0,0.0,0.0,10.0
3.0035005834305717,1.0000293112969592,-0.37293452014027306,0.005,200.0,0.0,0.0,0.0,200.0,0.0,0.0,0.0,200.0,10.0,0.0,0.0,0.0,10.0,0.0,0.0,0.0,10.0
3.004500750125021,1.0003087678776719,-0.3722405517462949,0.005,200.0,0.0,0.0,0.0,200.0,0.0,0.0,0.0,200.0,10.0,0.0,0.0,0.0,10.0,0.0,0.0,0.0,10.0
3.00550091681947,1.0005882244583844,-0.37154658335231716,0.005,200.0,0.0,0.0,0.0,200.0,0.0,0.0,0.0,200.0,10.0,0.0,0.0,0.0,10.0,0.0,0.0,0.0,10.0
3.006501083513919,1.000867681039097,-0.370852614958339,0.005,200.0,0.0,0.0,0.0,200.0,0.0,0.0,0.0,200.0,10.0,0.0,0.0,0.0,10.0,0.0,0.0,0.0,10.0
3.0075012502083682,1.0011471376198096,-0.37015864656436126,0.005,200.0,0.0,0.0,0.0,200.0,0.0,0.0,0.0,200.0,10.0,0.0,0.0,0.0,10.0,0.0,0.0,0.0,10.0
3.008501416902817,1.001426594200522,-0.36946467817038353,0.005,200.0,0.0,0.0,0.0,200.0,0.0,0.0,0.0,200.0,10.0,0.0,0.0,0.0,10.0,0.0,0.0,0.0,10.0
3.0095015835972663,1.0017060507812348,-0.36877070977640536,0.005,200.0,0.0,0.0,0.0,200.0,0.0,0.0,0.0,200.0,10.0,0.0,0.0,0.0,10.0,0.0,0.0,0.0,10.0
3.0105017502917155,1.001980188151641,-0.3680663060488196,0.005,200.0,0.0,0.0,0.0,200.0,0.0,0.0,0.0,200.0,10.0,0.0,0.0,0.0,10.0,0.0,0.0,0.0,10.0
3.0115019169861643,1.002248284418914,-0.3673500507637785,0.005,200.0,0.0,0.0,0.0,200.0,0.0,0.0,0.0,200.0,10.0,0.0,0.0,0.0,10.0,0.0,0.0,0.0,10.0
3.0125020836806136,1.0025163806861868,-0.36663379547873787,0.005,200.0,0.0,0.0,0.0,200.0,0.0,0.0,0.0,200.0,10.0,0.0,0.0,0.0,10.0,0.0,0.0,0.0,10.0
3.013502250375063,1.0027844769534597,-0.36591754019369727,0.005,200.0,0.0,0.0,0.0,200.0,0.0,0.0,0.0,200.0,10.0,0.0,0.0,0.0,10.0,0.0,0.0,0.0,10.0
3.0145024170695116,1.0030525732207327,-0.36520128490865617,0.005,200.0,0.0,0.0,0.0,200.0,0.0,0.0,0.0,200.0,10.0,0.0,0.0,0.0,10.0,0.0,0.0,0.0,10.0
3.015502583763961,1.0033206694880055,-0.3644850296236155,0.005,200.0,0.0,0.0,0.0,200.0,0.0,0.0,0.0,200.0,10.0,0.0,0.0,0.0,10.0,0.0,0.0,0.0,10.0
3.0165027504584097,1.0035887657552784,-0.36376877433857446,0.005,200.0,0.0,0.0,0.0,200.0,0.0,0.0,0.0,200.0,10.0,0.0,0.0,0.0,10.0,0.0,0.0,0.0,10.0
3.017502917152859,1.0038568620225512,-0.3630525190535338,0.005,200.0,0.0,0.0,0.0,200.0,0.0,0.0,0.0,200.0,10.0,0.0,0.0,0.0,10.0,0.0,0.0,0.0,10.0
3.018503083847308,1.0041249582898242,-0.3623362637684927,0.005,200.0,0.0,0.0,0.0,200.0,0.0,0.0,0.0,200.0,10.0,0.0,0.0,0.0,10.0,0.0,0.0,0.0,10.0
3.019503250541757,1.004393054557097,-0.3616200084834521,0.005,200.0,0.0,0.0,0.0,200.0,0.0,0.0,0.0,200.0,10.0,0.0,0.0,0.0,10.0,0.0,0.0,0.0,10.0
3.020503417236206,1.00466115082437,-0.36090375319841145,0.005,200.0,0.0,0.0,0.0,200.0,0.0,0.0,0.0,200.0,10.0,0.0,0.0,0.0,10.0,0.0,0.0,0.0,10.0
3.0215035839306554,1.0049292470916429,-0.36018749791337035,0.005,200.0,0.0,0.0,0.0,200.0,0.0,0.0,0.0,200.0,10.0,0.0,0.0,0.0,10.0,0.0,0.0,0.0,10.0
3.0225037506251042,1.0051973433589156,-0.35947124262832975,0.005,200.0,0.0,0.0,0.0,200.0,0.0,0.0,0.0,200.0,10.0,0.0,0.0,0.0,10.0,0.0,0.0,0.0,10.0
3.0235039173195535,1.0054654396261886,-0.35875498734328864,0.005,200.0,0.0,0.0,0.0,200.0,0.0,0.0,0.0,200.0,10.0,0.0,0.0,0.0,10.0,0.0,0.0,0.0,10.0
3.0245040840140023,1.0057335358934614,-0.35803873205824804,0.005,200.0,0.0,0.0,0.0,200.0,0.0,0.0,0.0,200.0,10.0,0.0,0.0,0.0,10.0,0.0,0.0,0.0,10.0
3.0255042507084515,1.0060016321607341,-0.3573224767732074,0.005,200.0,0.0,0.0,0.0,200.0,0.0,0.0,0.0,200.0,10.0,0.0,0.0,0.0,10.0,0.0,0.0,0.0,10.0
3.0265044174029008,1.006269728428007,-0.3566062214881663,0.005,200.0,0.0,0.0,0.0,200.0,0.0,0.0,0.0,200.0,10.0,0.0,0.0,0.0,10.0,0.0,0.0,0.0,10.0
3.0275045840973496,1.00653782469528,-0.3558899662031257,0.005,200.0,0.0,0.0,0.0,200.0,0.0,0.0,0.0,200.0,10.0,0.0,0.0,0.0,10.0,0.0,0.0,0.0,10.0
3.028504750791799,1.006805920962553,-0.3551737109180846,0.005,200.0,0.0,0.0,0.0,200.0,0.0,0.0,0.0,200.0,10.0,0.0,0.0,0.0,10.0,0.0,0.0,0.0,10.0
3.0295049174862476,1.0070740172298258,-0.354457455633044,0.005,200.0,0.0,0.0,0.0,200.0,0.0,0.0,0.0,200.0,10.0,0.0,0.0,0.0,10.0,0.0,0.0,0.0,10.0
3.030505084180697,1.0073651072978576,-0.3537405409262886,0.005,200.0,0.0,0.0,0.0,200.0,0.0,0.0,0.0,200.0,10.0,0.0,0.0,0.0,10.0,0.0,0.0,0.0,10.0
3.031505250875146,1.0076900229570884,-0.3530226561611424,0.005,200.0,0.0,0.0,0.0,200.0,0.0,0.0,0.0,200.0,10.0,0.0,0.0,0.0,10.0,0.0,0.0,0.0,10.0
3.032505417569595,1.0080149386163193,-0.3523047713959968,0.005,200.0,0.0,0.0,0.0,200.0,0.0,0.0,0.0,200.0,10.0,0.0,0.0,0.0,10.0,0.0,0.0,0.0,10.0
3.033505584264044,1.0083398542755504,-0.35158688663085064,0.005,200.0,0.0,0.0,0.0,200.0,0.0,0.0,0.0,200.0,10.0,0.0,0.0,0.0,10.0,0.0,0.0,0.0,10.0
3.0345057509584934,1.0086647699347813,-0.35086900186570497,0.005,200.0,0.0,0.0,0.0,200.0,0.0,0.0,0.0,200.0,10.0,0.0,0.0,0.0,10.0,0.0,0.0,0.0,10.0
3.035505917652942,1.0089896855940124,-0.35015111710055885,0.005,200.0,0.0,0.0,0.0,200.0,0.0,0.0,0.0,200.0,10.0,0.0,0.0,0.0,10.0,0.0,0.0,0.0,10.0
3.0365060843473914,1.009314601253243,-0.3494332323354132,0.005,200.0,0.0,0.0,0.0,200.0,0.0,0.0,0.0,200.0,10.0,0.0,0.0,0.0,10.0,0.0,0.0,0.0,10.0
3.0375062510418402,1.0096395169124739,-0.3487153475702675,0.005,200.0,0.0,0.0,0.0,200.0,0.0,0.0,0.0,200.0,10.0,0.0,0.0,0.0,10.0,0.0,0.0,0.0,10.0
3.0385064177362895,1.009964432571705,-0.3479974628051214,0.005,200.0,0.0,0.0,0.0,200.0,0.0,0.0,0.0,200.0,10.0,0.0,0.0,0.0,10.0,0.0,0.0,0.0,10.0
3.0395065844307387,1.0102893482309359,-0.3472795780399757,0.005,200.0,0.0,0.0,0.0,200.0,0.0,0.0,0.0,200.0,10.0,0.0,0.0,0.0,10.0,0.0,0.0,0.0,10.0
3.0405067511251875,1.0106142638901667,-0.34656169327482955,0.005,200.0,0.0,0.0,0.0,200.0,0.0,0.0,0.0,200.0,10.0,0.0,0.0,0.0,10.0,0.0,0.0,0.0,10.0
3.041506917819637,1.0109391795493976,-0.34584380850968394,0.005,200.0,0.0,0.0,0.0,200.0,0.0,0.0,0.0,200.0,10.0,0.0,0.0,0.0,10.0,0.0,0.0,0.0,10.0
3.0425070845140856,1.0112640952086285,-0.34512592374453827,0.005,200.0,0.0,0.0,0.0,200.0,0.0,0.0,0.0,200.0,10.0,0.0,0.0,0.0,10.0,0.0,0.0,0.0,10.0
3.043507251208535,1.0115890108678596,-0.3444080389793921,0.005,200.0,0.0,0.0,0.0,200.0,0.0,0.0,0.0,200.0,10.0,0.0,0.0,0.0,10.0,0.0,0.0,0.0,10.0
3.044507417902984,1.0119139265270904,-0.3436901542142465,0.005,200.0,0.0,0.0,0.0,200.0,0.0,0.0,0.0,200.0,10.0,0.0,0.0,0.0,10.0,0.0,0.0,0.0,10.0
3.045507584597433,1.0122388421863213,-0.3429722694491003,0.005,200.0,0.0,0.0,0.0,200.0,0.0,0.0,0.0,200.0,10.0,0.0,0.0,0.0,10.0,0.0,0.0,0.0,10.0
3.046507751291882,1.0125637578455522,-0.34225438468395464,0.005,200.0,0.0,0.0,0.0,200.0,0.0,0.0,0.0,200.0,10.0,0.0,0.0,0.0,10.0,0.0,0.0,0.0,10.0
3.0475079179863314,1.012888673504783,-0.34153649991880897,0.005,200.0,0.0,0.0,0.0,200.0,0.0,0.0,0.0,200.0,10.0,0.0,0.0,0.0,10.0,0.0,0.0,0.0,10.0
3.04850808468078,1.0132135891640142,-0.34081861515366285,0.005,200.0,0.0,0.0,0.0,200.0,0.0,0.0,0.0,200.0,10.0,0.0,0.0,0.0,10.0,0.0,0.0,0.0,10.0
3.0495082513752294,1.0135385048232448,-0.3401007303885172,0.005,200.0,0.0,0.0,0.0,200.0,0.0,0.0,0.0,200.0,10.0,0.0,0.0,0.0,10.0,0.0,0.0,0.0,10.0
3.050508418069678,1.0138246500207932,-0.3394382695671636,0.005,200.0,0.0,0.0,0.0,200.0,0.0,0.0,0.0,200.0,10.0,0.0,0.0,0.0,10.0,0.0,0.0,0.0,10.0
3.0515085847641275,1.014035915012935,-0.3388828530294098,0.005,200.0,0.0,0.0,0.0,200.0,0.0,0.0,0.0,200.0,10.0,0.0,0.0,0.0,10.0,0.0,0.0,0.0,10.0
3.0525087514585767,1.014247180005077,-0.3383274364916556,0.005,200.0,0.0,0.0,0.0,200.0,0.0,0.0,0.0,200.0,10.0,0.0,0.0,0.0,10.0,0.0,0.0,0.0,10.0
3.0535089181530255,1.0144584449972187,-0.33777201995390177,0.005,200.0,0.0,0.0,0.0,200.0,0.0,0.0,0.0,200.0,10.0,0.0,0.0,0.0,10.0,0.0,0.0,0.0,10.0
3.0545090848474747,1.0146697099893605,-0.33721660341614795,0.005,200.0,0.0,0.0,0.0,200.0,0.0,0.0,0.0,200.0,10.0,0.0,0.0,0.0,10.0,0.0,0.0,0.0,10.0
3.055509251541924,1.0148809749815022,-0.33666118687839375,0.005,200.0,0.0,0.0,0.0,200.0,0.0,0.0,0.0,200.0,10.0,0.0,0.0,0.0,10.0,0.0,0.0,0.0,10.0
3.056509418236373,1.015092239973644,-0.33610577034063993,0.005,200.0,0.0,0.0,0.0,200.0,0.0,0.0,0.0,200.0,10.0,0.0,0.0,0.0,10.0,0.0,0.0,0.0,10.0
3.057509584930822,1.015303504965786,-0.3355503538028857,0.005,200.0,0.0,0.0,0.0,200.0,0.0,0.0,0.0,200.0,10.0,0.0,0.0,0.0,10.0,0.0,0.0,0.0,10.0
3.058509751625271,1.0155147699579277,-0.3349949372651319,0.005,200.0,0.0,0.0,0.0,200.0,0.0,0.0,0.0,200.0,10.0,0.0,0.0,0.0,10.0,0.0,0.0,0.0,10.0
3.05950991831972,1.0157260349500694,-0.3344395207273781,0.005,200.0,0.0,0.0,0.0,200.0,0.0,0.0,0.0,200.0,10.0,0.0,0.0,0.0,10.0,0.0,0.0,0.0,10.0
3.0605100850141693,1.0159372999422112,-0.3338841041896239,0.005,200.0,0.0,0.0,0.0,200.0,0.0,0.0,0.0,200.0,10.0,0.0,0.0,0.0,10.0,0.0,0.0,0.0,10.0
3.061510251708618,1.016148564934353,-0.33332868765187007,0.005,200.0,0.0,0.0,0.0,200.0,0.0,0.0,0.0,200.0,10.0,0.0,0.0,0.0,10.0,0.0,0.0,0.0,10.0
3.0625104184030674,1.0163598299264949,-0.33277327111411587,0.005,200.0,0.0,0.0,0.0,200.0,0.0,0.0,0.0,200.0,10.0,0.0,0.0,0.0,10.0,0.0,0.0,0.0,10.0
3.063510585097516,1.0165710949186366,-0.33221785457636205,0.005,200.0,0.0,0.0,0.0,200.0,0.0,0.0,0.0,200.0,10.0,0.0,0.0,0.0,10.0,0.0,0.0,0.0,10.0
3.0645107517919654,1.0167823599107784,-0.33166243803860823,0.005,200.0,0.0,0.0,0.0,200.0,0.0,0.0,0.0,200.0,10.0,0.0,0.0,0.0,10.0,0.0,0.0,0.0,10.0
3.0655109184864147,1.0169936249029201,-0.331107021500854,0.005,200.0,0.0,0.0,0.0,200.0,0.0,0.0,0.0,200.0,10.0,0.0,0.0,0.0,10.0,0.0,0.0,0.0,10.0
3.0665110851808635,1.0172048898950619,-0.3305516049631002,0.005,200.0,0.0,0.0,0.0,200.0,0.0,0.0,0.0,200.0,10.0,0.0,0.0,0.0,10.0,0.0,0.0,0.0,10.0
3.0675112518753127,1.0174161548872038,-0.329996188425346,0.005,200.0,0.0,0.0,0.0,200.0,0.0,0.0,0.0,200.0,10.0,0.0,0.0,0.0,10.0,0.0,0.0,0.0,10.0
3.068511418569762,1.0176274198793456,-0.3294407718875922,0.005,200.0,0.0,0.0,0.0,200.0,0.0,0.0,0.0,200.0,10.0,0.0,0.0,0.0,10.0,0.0,0.0,0.0,10.0
3.0695115852642108,1.0178386848714873,-0.328885355349838,0.005,200.0,0.0,0.0,0.0,200.0,0.0,0.0,0.0,200.0,10.0,0.0,0.0,0.0,10.0,0.0,0.0,0.0,10.0
3.07051175195866,1.0180657257694348,-0.3282700650025097,0.005,200.0,0.0,0.0,0.0,200.0,0.0,0.0,0.0,200.0,10.0,0.0,0.0,0.0,10.0,0.0,0.0,0.0,10.0
3.071511918653109,1.0183338220367075,-0.32749895847604815,0.005,200.0,0.0,0.0,0.0,200.0,0.0,0.0,0.0,200.0,10.0,0.0,0.0,0.0,10.0,0.0,0.0,0.0,10.0
3.072512085347558,1.0186019183039805,-0.3267278519495861,0.005,200.0,0.0,0.0,0.0,200.0,0.0,0.0,0.0,200.0,10.0,0.0,0.0,0.0,10.0,0.0,0.0,0.0,10.0
3.0735122520420073,1.0188700145712533,-0.3259567454231245,0.005,200.0,0.0,0.0,0.0,200.0,0.0,0.0,0.0,200.0,10.0,0.0,0.0,0.0,10.0,0.0,0.0,0.0,10.0
3.074512418736456,1.0191381108385262,-0.32518563889666247,0.005,200.0,0.0,0.0,0.0,200.0,0.0,0.0,0.0,200.0,10.0,0.0,0.0,0.0,10.0,0.0,0.0,0.0,10.0
3.0755125854309053,1.019406207105799,-0.3244145323702009,0.005,200.0,0.0,0.0,0.0,200.0,0.0,0.0,0.0,200.0,10.0,0.0,0.0,0.0,10.0,0.0,0.0,0.0,10.0
3.076512752125354,1.019674303373072,-0.32364342584373934,0.005,200.0,0.0,0.0,0.0,200.0,0.0,0.0,0.0,200.0,10.0,0.0,0.0,0.0,10.0,0.0,0.0,0.0,10.0
3.0775129188198034,1.019942399640345,-0.3228723193172772,0.005,200.0,0.0,0.0,0.0,200.0,0.0,0.0,0.0,200.0,10.0,0.0,0.0,0.0,10.0,0.0,0.0,0.0,10.0
3.0785130855142526,1.0202104959076177,-0.32210121279081566,0.005,200.0,0.0,0.0,0.0,200.0,0.0,0.0,0.0,200.0,10.0,0.0,0.0,0.0,10.0,0.0,0.0,0.0,10.0
3.0795132522087014,1.0204785921748907,-0.3213301062643536,0.005,200.0,0.0,0.0,0.0,200.0,0.0,0.0,0.0,200.0,10.0,0.0,0.0,0.0,10.0,0.0,0.0,0.0,10.0
3.0805134189031507,1.0207466884421634,-0.32055899973789204,0.005,200.0,0.0,0.0,0.0,200.0,0.0,0.0,0.0,200.0,10.0,0.0,0.0,0.0,10.0,0.0,0.0,0.0,10.0
3.0815135855976,1.0210147847094362,-0.3197878932114305,0.005,200.0,0.0,0.0,0.0,200.0,0.0,0.0,0.0,200.0,10.0,0.0,0.0,0.0,10.0,0.0,0.0,0.0,10.0
3.0825137522920487,1.0212828809767092,-0.3190167866849684,0.005,200.0,0.0,0.0,0.0,200.0,0.0,0.0,0.0,200.0,10.0,0.0,0.0,0.0,10.0,0.0,0.0,0.0,10.0
3.083513918986498,1.0215509772439821,-0.31824568015850685,0.005,200.0,0.0,0.0,0.0,200.0,0.0,0.0,0.0,200.0,10.0,0.0,0.0,0.0,10.0,0.0,0.0,0.0,10.0
3.0845140856809468,1.0218190735112551,-0.31747457363204473,0.005,200.0,0.0,0.0,0.0,200.0,0.0,0.0,0.0,200.0,10.0,0.0,0.0,0.0,10.0,0.0,0.0,0.0,10.0
3.085514252375396,1.0220871697785279,-0.31670346710558317,0.005,200.0,0.0,0.0,0.0,200.0,0.0,0.0,0.0,200.0,10.0,0.0,0.0,0.0,10.0,0.0,0.0,0.0,10.0
3.0865144190698452,1.0223552660458008,-0.3159323605791211,0.005,200.0,0.0,0.0,0.0,200.0,0.0,0.0,0.0,200.0,10.0,0.0,0.0,0.0,10.0,0.0,0.0,0.0,10.0
3.087514585764294,1.0226233623130736,-0.31516125405265955,0.005,200.0,0.0,0.0,0.0,200.0,0.0,0.0,0.0,200.0,10.0,0.0,0.0,0.0,10.0,0.0,0.0,0.0,10.0
3.0885147524587433,1.0228914585803464,-0.314390147526198,0.005,200.0,0.0,0.0,0.0,200.0,0.0,0.0,0.0,200.0,10.0,0.0,0.0,0.0,10.0,0.0,0.0,0.0,10.0
3.089514919153192,1.0231595548476193,-0.3136190409997359,0.005,200.0,0.0,0.0,0.0,200.0,0.0,0.0,0.0,200.0,10.0,0.0,0.0,0.0,10.0,0.0,0.0,0.0,10.0
3.0905150858476413,1.0234401476027508,-0.31280638390549986,0.005,200.0,0.0,0.0,0.0,200.0,0.0,0.0,0.0,200.0,10.0,0.0,0.0,0.0,10.0,0.0,0.0,0.0,10.0
3.0915152525420906,1.0237666258992386,-0.3118411583202163,0.005,200.0,0.0,0.0,0.0,200.0,0.0,0.0,0.0,200.0,10.0,0.0,0.0,0.0,10.0,0.0,0.0,0.0,10.0
3.0925154192365394,1.024093104195726,-0.3108759327349334,0.005,200.0,0.0,0.0,0.0,200.0,0.0,0.0,0.0,200.0,10.0,0.0,0.0,0.0,10.0,0.0,0.0,0.0,10.0
3.0935155859309886,1.0244195824922133,-0.3099107071496505,0.005,200.0,0.0,0.0,0.0,200.0,0.0,0.0,0.0,200.0,10.0,0.0,0.0,0.0,10.0,0.0,0.0,0.0,10.0
3.094515752625438,1.0247460607887011,-0.30894548156436696,0.005,200.0,0.0,0.0,0.0,200.0,0.0,0.0,0.0,200.0,10.0,0.0,0.0,0.0,10.0,0.0,0.0,0.0,10.0
3.0955159193198867,1.0250725390851885,-0.30798025597908407,0.005,200.0,0.0,0.0,0.0,200.0,0.0,0.0,0.0,200.0,10.0,0.0,0.0,0.0,10.0,0.0,0.0,0.0,10.0
3.096516086014336,1.025399017381676,-0.3070150303938005,0.005,200.0,0.0,0.0,0.0,200.0,0.0,0.0,0.0,200.0,10.0,0.0,0.0,0.0,10.0,0.0,0.0,0.0,10.0
3.0975162527087847,1.0257254956781636,-0.3060498048085176,0.005,200.0,0.0,0.0,0.0,200.0,0.0,0.0,0.0,200.0,10.0,0.0,0.0,0.0,10.0,0.0,0.0,0.0,10.0
3.098516419403234,1.026051973974651,-0.3050845792232347,0.005,200.0,0.0,0.0,0.0,200.0,0.0,0.0,0.0,200.0,10.0,0.0,0.0,0.0,10.0,0.0,0.0,0.0,10.0
3.099516586097683,1.0263784522711386,-0.3041193536379512,0.005,200.0,0.0,0.0,0.0,200.0,0.0,0.0,0.0,200.0,10.0,0.0,0.0,0.0,10.0,0.0,0.0,0.0,10.0
3.100516752792132,1.0267049305676261,-0.3031541280526682,0.005,200.0,0.0,0.0,0.0,200.0,0.0,0.0,0.0,200.0,10.0,0.0,0.0,0.0,10.0,0.0,0.0,0.0,10.0
3.1015169194865813,1.0270314088641137,-0.3021889024673847,0.005,200.0,0.0,0.0,0.0,200.0,0.0,0.0,0.0,200.0,10.0,0.0,0.0,0.0,10.0,0.0,0.0,0.0,10.0
3.1025170861810305,1.0273578871606013,-0.3012236768821018,0.005,200.0,0.0,0.0,0.0,200.0,0.0,0.0,0.0,200.0,10.0,0.0,0.0,0.0,10.0,0.0,0.0,0.0,10.0
3.1035172528754793,1.0276843654570889,-0.3002584512968182,0.005,200.0,0.0,0.0,0.0,200.0,0.0,0.0,0.0,200.0,10.0,0.0,0.0,0.0,10.0,0.0,0.0,0.0,10.0
3.1045174195699285,1.0280108437535762,-0.2992932257115353,0.005,200.0,0.0,0.0,0.0,200.0,0.0,0.0,0.0,200.0,10.0,0.0,0.0,0.0,10.0,0.0,0.0,0.0,10.0
3.1055175862643773,1.0283373220500638,-0.29832800012625244,0.005,200.0,0.0,0.0,0.0,200.0,0.0,0.0,0.0,200.0,10.0,0.0,0.0,0.0,10.0,0.0,0.0,0.0,10.0
3.1065177529588266,1.0286638003465514,-0.2973627745409689,0.005,200.0,0.0,0.0,0.0,200.0,0.0,0.0,0.0,200.0,10.0,0.0,0.0,0.0,10.0,0.0,0.0,0.0,10.0
3.107517919653276,1.0289902786430387,-0.296397548955686,0.005,200.0,0.0,0.0,0.0,200.0,0.0,0.0,0.0,200.0,10.0,0.0,0.0,0.0,10.0,0.0,0.0,0.0,10.0
3.1085180863477246,1.0293167569395265,-0.2954323233704024,0.005,200.0,0.0,0.0,0.0,200.0,0.0,0.0,0.0,200.0,10.0,0.0,0.0,0.0,10.0,0.0,0.0,0.0,10.0
3.109518253042174,1.0296432352360139,-0.29446709778511954,0.005,200.0,0.0,0.0,0.0,200.0,0.0,0.0,0.0,200.0,10.0,0.0,0.0,0.0,10.0,0.0,0.0,0.0,10.0
3.1105184197366227,1.0299678356732143,-0.29354385912150116,0.005,200.0,0.0,0.0,0.0,200.0,0.0,0.0,0.0,200.0,10.0,0.0,0.0,0.0,10.0,0.0,0.0,0.0,10.0
3.111518586431072,1.030281836637995,-0.2928576133046115,0.005,200.0,0.0,0.0,0.0,200.0,0.0,0.0,0.0,200.0,10.0,0.0,0.0,0.0,10.0,0.0,0.0,0.0,10.0
3.112518753125521,1.030595837602776,-0.29217136748772227,0.005,200.0,0.0,0.0,0.0,200.0,0.0,0.0,0.0,200.0,10.0,0.0,0.0,0.0,10.0,0.0,0.0,0.0,10.0
3.11351891981997,1.0309098385675568,-0.2914851216708326,0.005,200.0,0.0,0.0,0.0,200.0,0.0,0.0,0.0,200.0,10.0,0.0,0.0,0.0,10.0,0.0,0.0,0.0,10.0
3.114519086514419,1.0312238395323374,-0.29079887585394343,0.005,200.0,0.0,0.0,0.0,200.0,0.0,0.0,0.0,200.0,10.0,0.0,0.0,0.0,10.0,0.0,0.0,0.0,10.0
3.1155192532088685,1.031537840497118,-0.29011263003705423,0.005,200.0,0.0,0.0,0.0,200.0,0.0,0.0,0.0,200.0,10.0,0.0,0.0,0.0,10.0,0.0,0.0,0.0,10.0
3.1165194199033173,1.031851841461899,-0.28942638422016453,0.005,200.0,0.0,0.0,0.0,200.0,0.0,0.0,0.0,200.0,10.0,0.0,0.0,0.0,10.0,0.0,0.0,0.0,10.0
3.1175195865977665,1.0321658424266795,-0.28874013840327534,0.005,200.0,0.0,0.0,0.0,200.0,0.0,0.0,0.0,200.0,10.0,0.0,0.0,0.0,10.0,0.0,0.0,0.0,10.0
3.1185197532922153,1.0324798433914606,-0.28805389258638564,0.005,200.0,0.0,0.0,0.0,200.0,0.0,0.0,0.0,200.0,10.0,0.0,0.0,0.0,10.0,0.0,0.0,0.0,10.0
3.1195199199866646,1.0327938443562412,-0.28736764676949644,0.005,200.0,0.0,0.0,0.0,200.0,0.0,0.0,0.0,200.0,10.0,0.0,0.0,0.0,10.0,0.0,0.0,0.0,10.0
3.120520086681114,1.0331078453210218,-0.28668140095260725,0.005,200.0,0.0,0.0,0.0,200.0,0.0,0.0,0.0,200.0,10.0,0.0,0.0,0.0,10.0,0.0,0.0,0.0,10.0
3.1215202533755626,1.0334218462858027,-0.2859951551357176,0.005,200.0,0.0,0.0,0.0,200.0,0.0,0.0,0.0,200.0,10.0,0.0,0.0,0.0,10.0,0.0,0.0,0.0,10.0
3.122520420070012,1.0337358472505833,-0.28530890931882835,0.005,200.0,0.0,0.0,0.0,200.0,0.0,0.0,0.0,200.0,10.0,0.0,0.0,0.0,10.0,0.0,0.0,0.0,10.0
3.1235205867644606,1.0340498482153642,-0.2846226635019387,0.005,200.0,0.0,0.0,0.0,200.0,0.0,0.0,0.0,200.0,10.0,0.0,0.0,0.0,10.0,0.0,0.0,0.0,10.0
3.12452075345891,1.034363849180145,-0.2839364176850495,0.005,200.0,0.0,0.0,0.0,200.0,0.0,0.0,0.0,200.0,10.0,0.0,0.0,0.0,10.0,0.0,0.0,0.0,10.0
3.125520920153359,1.0346778501449259,-0.2832501718681598,0.005,200.0,0.0,0.0,0.0,200.0,0.0,0.0,0.0,200.0,10.0,0.0,0.0,0.0,10.0,0.0,0.0,0.0,10.0
3.126521086847808,1.0349918511097065,-0.2825639260512706,0.005,200.0,0.0,0.0,0.0,200.0,0.0,0.0,0.0,200.0,10.0,0.0,0.0,0.0,10.0,0.0,0.0,0.0,10.0
3.127521253542257,1.035305852074487,-0.2818776802343814,0.005,200.0,0.0,0.0,0.0,200.0,0.0,0.0,0.0,200.0,10.0,0.0,0.0,0.0,10.0,0.0,0.0,0.0,10.0
3.1285214202367064,1.035619853039268,-0.2811914344174917,0.005,200.0,0.0,0.0,0.0,200.0,0.0,0.0,0.0,200.0,10.0,0.0,0.0,0.0,10.0,0.0,0.0,0.0,10.0
3.1295215869311552,1.0359338540040486,-0.28050518860060253,0.005,200.0,0.0,0.0,0.0,200.0,0.0,0.0,0.0,200.0,10.0,0.0,0.0,0.0,10.0,0.0,0.0,0.0,10.0
3.1305217536256045,1.036234793811664,-0.27982616077802386,0.005,200.0,0.0,0.0,0.0,200.0,0.0,0.0,0.0,200.0,10.0,0.0,0.0,0.0,10.0,0.0,0.0,0.0,10.0
3.1315219203200533,1.0363985914690412,-0.2792229218957106,0.005,200.0,0.0,0.0,0.0,200.0,0.0,0.0,0.0,200.0,10.0,0.0,0.0,0.0,10.0,0.0,0.0,0.0,10.0
3.1325220870145025,1.0365623891264184,-0.2786196830133973,0.005,200.0,0.0,0.0,0.0,200.0,0.0,0.0,0.0,200.0,10.0,0.0,0.0,0.0,10.0,0.0,0.0,0.0,10.0
3.1335222537089518,1.0367261867837958,-0.2780164441310836,0.005,200.0,0.0,0.0,0.0,200.0,0.0,0.0,0.0,200.0,10.0,0.0,0.0,0.0,10.0,0.0,0.0,0.0,10.0
3.1345224204034006,1.0368899844411732,-0.27741320524877033,0.005,200.0,0.0,0.0,0.0,200.0,0.0,0.0,0.0,200.0,10.0,0.0,0.0,0.0,10.0,0.0,0.0,0.0,10.0
3.13552258709785,1.0370537820985506,-0.2768099663664566,0.005,200.0,0.0,0.0,0.0,200.0,0.0,0.0,0.0,200.0,10.0,0.0,0.0,0.0,10.0,0.0,0.0,0.0,10.0
3.136522753792299,1.0372175797559278,-0.2762067274841433,0.005,200.0,0.0,0.0,0.0,200.0,0.0,0.0,0.0,200.0,10.0,0.0,0.0,0.0,10.0,0.0,0.0,0.0,10.0
3.137522920486748,1.037381377413305,-0.27560348860183004,0.005,200.0,0.0,0.0,0.0,200.0,0.0,0.0,0.0,200.0,10.0,0.0,0.0,0.0,10.0,0.0,0.0,0.0,10.0
3.138523087181197,1.0375451750706823,-0.27500024971951637,0.005,200.0,0.0,0.0,0.0,200.0,0.0,0.0,0.0,200.0,10.0,0.0,0.0,0.0,10.0,0.0,0.0,0.0,10.0
3.139523253875646,1.0377089727280597,-0.2743970108372031,0.005,200.0,0.0,0.0,0.0,200.0,0.0,0.0,0.0,200.0,10.0,0.0,0.0,0.0,10.0,0.0,0.0,0.0,10.0
3.140523420570095,1.037872770385437,-0.27379377195488935,0.005,200.0,0.0,0.0,0.0,200.0,0.0,0.0,0.0,200.0,10.0,0.0,0.0,0.0,10.0,0.0,0.0,0.0,10.0
3.1415235872645444,1.0380365680428143,-0.27319053307257607,0.005,200.0,0.0,0.0,0.0,200.0,0.0,0.0,0.0,200.0,10.0,0.0,0.0,0.0,10.0,0.0,0.0,0.0,10.0
3.142523753958993,1.0382003657001917,-0.2725872941902624,0.005,200.0,0.0,0.0,0.0,200.0,0.0,0.0,0.0,200.0,10.0,0.0,0.0,0.0,10.0,0.0,0.0,0.0,10.0
3.1435239206534424,1.0383641633575689,-0.2719840553079491,0.005,200.0,0.0,0.0,0.0,200.0,0.0,0.0,0.0,200.0,10.0,0.0,0.0,0.0,10.0,0.0,0.0,0.0,10.0
3.1445240873478912,1.038527961014946,-0.27138081642563583,0.005,200.0,0.0,0.0,0.0,200.0,0.0,0.0,0.0,200.0,10.0,0.0,0.0,0.0,10.0,0.0,0.0,0.0,10.0
3.1455242540423405,1.0386917586723234,-0.27077757754332216,0.005,200.0,0.0,0.0,0.0,200.0,0.0,0.0,0.0,200.0,10.0,0.0,0.0,0.0,10.0,0.0,0.0,0.0,10.0
3.1465244207367897,1.0388555563297008,-0.2701743386610089,0.005,200.0,0.0,0.0,0.0,200.0,0.0,0.0,0.0,200.0,10.0,0.0,0.0,0.0,10.0,0.0,0.0,0.0,10.0
3.1475245874312385,1.0390193539870782,-0.26957109977869514,0.005,200.0,0.0,0.0,0.0,200.0,0.0,0.0,0.0,200.0,10.0,0.0,0.0,0.0,10.0,0.0,0.0,0.0,10.0
3.1485247541256878,1.0391831516444554,-0.26896786089638186,0.005,200.0,0.0,0.0,0.0,200.0,0.0,0.0,0.0,200.0,10.0,0.0,0.0,0.0,10.0,0.0,0.0,0.0,10.0
3.149524920820137,1.0393469493018326,-0.2683646220140686,0.005,200.0,0.0,0.0,0.0,200.0,0.0,0.0,0.0,200.0,10.0,0.0,0.0,0.0,10.0,0.0,0.0,0.0,10.0
3.150525087514586,1.0395103816808036,-0.2677600985369019,0.005,200.0,0.0,0.0,0.0,200.0,0.0,0.0,0.0,200.0,10.0,0.0,0.0,0.0,10.0,0.0,0.0,0.0,10.0
3.151525254209035,1.0396585767319608,-0.2671019891030115,0.005,200.0,0.0,0.0,0.0,200.0,0.0,0.0,0.0,200.0,10.0,0.0,0.0,0.0,10.0,0.0,0.0,0.0,10.0
3.152525420903484,1.039806771783118,-0.2664438796691206,0.005,200.0,0.0,0.0,0.0,200.0,0.0,0.0,0.0,200.0,10.0,0.0,0.0,0.0,10.0,0.0,0.0,0.0,10.0
3.153525587597933,1.0399549668342754,-0.26578577023523015,0.005,200.0,0.0,0.0,0.0,200.0,0.0,0.0,0.0,200.0,10.0,0.0,0.0,0.0,10.0,0.0,0.0,0.0,10.0
3.1545257542923824,1.0401031618854326,-0.2651276608013397,0.005,200.0,0.0,0.0,0.0,200.0,0.0,0.0,0.0,200.0,10.0,0.0,0.0,0.0,10.0,0.0,0.0,0.0,10.0
3.155525920986831,1.04025135693659,-0.2644695513674488,0.005,200.0,0.0,0.0,0.0,200.0,0.0,0.0,0.0,200.0,10.0,0.0,0.0,0.0,10.0,0.0,0.0,0.0,10.0
3.1565260876812804,1.0403995519877474,-0.2638114419335584,0.005,200.0,0.0,0.0,0.0,200.0,0.0,0.0,0.0,200.0,10.0,0.0,0.0,0.0,10.0,0.0,0.0,0.0,10.0
3.157526254375729,1.0405477470389046,-0.2631533324996675,0.005,200.0,0.0,0.0,0.0,200.0,0.0,0.0,0.0,200.0,10.0,0.0,0.0,0.0,10.0,0.0,0.0,0.0,10.0
3.1585264210701784,1.0406959420900619,-0.26249522306577705,0.005,200.0,0.0,0.0,0.0,200.0,0.0,0.0,0.0,200.0,10.0,0.0,0.0,0.0,10.0,0.0,0.0,0.0,10.0
3.1595265877646277,1.0408441371412194,-0.2618371136318862,0.005,200.0,0.0,0.0,0.0,200.0,0.0,0.0,0.0,200.0,10.0,0.0,0.0,0.0,10.0,0.0,0.0,0.0,10.0
3.1605267544590765,1.0409923321923766,-0.2611790041979958,0.005,200.0,0.0,0.0,0.0,200.0,0.0,0.0,0.0,200.0,10.0,0.0,0.0,0.0,10.0,0.0,0.0,0.0,10.0
3.1615269211535257,1.041140527243534,-0.26052089476410534,0.005,200.0,0.0,0.0,0.0,200.0,0.0,0.0,0.0,200.0,10.0,0.0,0.0,0.0,10.0,0.0,0.0,0.0,10.0
3.162527087847975,1.0412887222946912,-0.25986278533021445,0.005,200.0,0.0,0.0,0.0,200.0,0.0,0.0,0.0,200.0,10.0,0.0,0.0,0.0,10.0,0.0,0.0,0.0,10.0
3.163527254542424,1.0414369173458484,-0.259204675896324,0.005,200.0,0.0,0.0,0.0,200.0,0.0,0.0,0.0,200.0,10.0,0.0,0.0,0.0,10.0,0.0,0.0,0.0,10.0
3.164527421236873,1.041585112397006,-0.2585465664624331,0.005,200.0,0.0,0.0,0.0,200.0,0.0,0.0,0.0,200.0,10.0,0.0,0.0,0.0,10.0,0.0,0.0,0.0,10.0
3.165527587931322,1.0417333074481632,-0.2578884570285427,0.005,200.0,0.0,0.0,0.0,200.0,0.0,0.0,0.0,200.0,10.0,0.0,0.0,0.0,10.0,0.0,0.0,0.0,10.0
3.166527754625771,1.0418815024993204,-0.25723034759465224,0.005,200.0,0.0,0.0,0.0,200.0,0.0,0.0,0.0,200.0,10.0,0.0,0.0,0.0,10.0,0.0,0.0,0.0,10.0
3.1675279213202203,1.0420296975504777,-0.25657223816076136,0.005,200.0,0.0,0.0,0.0,200.0,0.0,0.0,0.0,200.0,10.0,0.0,0.0,0.0,10.0,0.0,0.0,0.0,10.0
3.168528088014669,1.042177892601635,-0.2559141287268709,0.005,200.0,0.0,0.0,0.0,200.0,0.0,0.0,0.0,200.0,10.0,0.0,0.0,0.0,10.0,0.0,0.0,0.0,10.0
3.1695282547091184,1.0423260876527924,-0.25525601929298003,0.005,200.0,0.0,0.0,0.0,200.0,0.0,0.0,0.0,200.0,10.0,0.0,0.0,0.0,10.0,0.0,0.0,0.0,10.0
3.170528421403567,1.0424742827039497,-0.2545979098590896,0.005,200.0,0.0,0.0,0.0,200.0,0.0,0.0,0.0,200.0,10.0,0.0,0.0,0.0,10.0,0.0,0.0,0.0,10.0
3.1715285880980164,1.0426607685578746,-0.25397469358933866,0.005,200.0,0.0,0.0,0.0,200.0,0.0,0.0,0.0,200.0,10.0,0.0,0.0,0.0,10.0,0.0,0.0,0.0,10.0
3.1725287547924657,1.0428488554209745,-0.25335293626721683,0.005,200.0,0.0,0.0,0.0,200.0,0.0,0.0,0.0,200.0,10.0,0.0,0.0,0.0,10.0,0.0,0.0,0.0,10.0
3.1735289214869145,1.0430369422840742,-0.2527311789450954,0.005,200.0,0.0,0.0,0.0,200.0,0.0,0.0,0.0,200.0,10.0,0.0,0.0,0.0,10.0,0.0,0.0,0.0,10.0
3.1745290881813637,1.043225029147174,-0.25210942162297356,0.005,200.0,0.0,0.0,0.0,200.0,0.0,0.0,0.0,200.0,10.0,0.0,0.0,0.0,10.0,0.0,0.0,0.0,10.0
3.175529254875813,1.0434131160102738,-0.2514876643008521,0.005,200.0,0.0,0.0,0.0,200.0,0.0,0.0,0.0,200.0,10.0,0.0,0.0,0.0,10.0,0.0,0.0,0.0,10.0
3.1765294215702617,1.0436012028733737,-0.2508659069787303,0.005,200.0,0.0,0.0,0.0,200.0,0.0,0.0,0.0,200.0,10.0,0.0,0.0,0.0,10.0,0.0,0.0,0.0,10.0
3.177529588264711,1.0437892897364736,-0.2502441496566089,0.005,200.0,0.0,0.0,0.0,200.0,0.0,0.0,0.0,200.0,10.0,0.0,0.0,0.0,10.0,0.0,0.0,0.0,10.0
3.17852975495916,1.0439773765995732,-0.24962239233448746,0.005,200.0,0.0,0.0,0.0,200.0,0.0,0.0,0.0,200.0,10.0,0.0,0.0,0.0,10.0,0.0,0.0,0.0,10.0
3.179529921653609,1.0441654634626731,-0.24900063501236563,0.005,200.0,0.0,0.0,0.0,200.0,0.0,0.0,0.0,200.0,10.0,0.0,0.0,0.0,10.0,0.0,0.0,0.0,10.0
3.1805300883480583,1.044353550325773,-0.24837887769024422,0.005,200.0,0.0,0.0,0.0,200.0,0.0,0.0,0.0,200.0,10.0,0.0,0.0,0.0,10.0,0.0,0.0,0.0,10.0
3.181530255042507,1.044541637188873,-0.2477571203681224,0.005,200.0,0.0,0.0,0.0,200.0,0.0,0.0,0.0,200.0,10.0,0.0,0.0,0.0,10.0,0.0,0.0,0.0,10.0
3.1825304217369563,1.0447297240519726,-0.24713536304600098,0.005,200.0,0.0,0.0,0.0,200.0,0.0,0.0,0.0,200.0,10.0,0.0,0.0,0.0,10.0,0.0,0.0,0.0,10.0
3.1835305884314056,1.0449178109150725,-0.24651360572387954,0.005,200.0,0.0,0.0,0.0,200.0,0.0,0.0,0.0,200.0,10.0,0.0,0.0,0.0,10.0,0.0,0.0,0.0,10.0
3.1845307551258544,1.0451058977781724,-0.2458918484017577,0.005,200.0,0.0,0.0,0.0,200.0,0.0,0.0,0.0,200.0,10.0,0.0,0.0,0.0,10.0,0.0,0.0,0.0,10.0
3.1855309218203036,1.045293984641272,-0.2452700910796363,0.005,200.0,0.0,0.0,0.0,200.0,0.0,0.0,0.0,200.0,10.0,0.0,0.0,0.0,10.0,0.0,0.0,0.0,10.0
3.1865310885147524,1.045482071504372,-0.24464833375751446,0.005,200.0,0.0,0.0,0.0,200.0,0.0,0.0,0.0,200.0,10.0,0.0,0.0,0.0,10.0,0.0,0.0,0.0,10.0
3.1875312552092017,1.0456701583674717,-0.24402657643539305,0.005,200.0,0.0,0.0,0.0,200.0,0.0,0.0,0.0,200.0,10.0,0.0,0.0,0.0,10.0,0.0,0.0,0.0,10.0
3.188531421903651,1.0458582452305716,-0.24340481911327164,0.005,200.0,0.0,0.0,0.0,200.0,0.0,0.0,0.0,200.0,10.0,0.0,0.0,0.0,10.0,0.0,0.0,0.0,10.0
3.1895315885980997,1.0460463320936715,-0.24278306179114978,0.005,200.0,0.0,0.0,0.0,200.0,0.0,0.0,0.0,200.0,10.0,0.0,0.0,0.0,10.0,0.0,0.0,0.0,10.0
3.190531755292549,1.0462344189567712,-0.24216130446902837,0.005,200.0,0.0,0.0,0.0,200.0,0.0,0.0,0.0,200.0,10.0,0.0,0.0,0.0,10.0,0.0,0.0,0.0,10.0
3.1915319219869978,1.046459465270083,-0.24133843501461863,0.005,200.0,0.0,0.0,0.0,200.0,0.0,0.0,0.0,200.0,10.0,0.0,0.0,0.0,10.0,0.0,0.0,0.0,10.0
3.192532088681447,1.0466887867436805,-0.24049230258968357,0.005,200.0,0.0,0.0,0.0,200.0,0.0,0.0,0.0,200.0,10.0,0.0,0.0,0.0,10.0,0.0,0.0,0.0,10.0
3.1935322553758962,1.046918108217278,-0.23964617016474796,0.005,200.0,0.0,0.0,0.0,200.0,0.0,0.0,0.0,200.0,10.0,0.0,0.0,0.0,10.0,0.0,0.0,0.0,10.0
3.194532422070345,1.0471474296908754,-0.23880003773981293,0.005,200.0,0.0,0.0,0.0,200.0,0.0,0.0,0.0,200.0,10.0,0.0,0.0,0.0,10.0,0.0,0.0,0.0,10.0
3.1955325887647943,1.0473767511644727,-0.23795390531487787,0.005,200.0,0.0,0.0,0.0,200.0,0.0,0.0,0.0,200.0,10.0,0.0,0.0,0.0,10.0,0.0,0.0,0.0,10.0
3.1965327554592435,1.0476060726380703,-0.23710777288994225,0.005,200.0,0.0,0.0,0.0,200.0,0.0,0.0,0.0,200.0,10.0,0.0,0.0,0.0,10.0,0.0,0.0,0.0,10.0
3.1975329221536923,1.0478353941116676,-0.23626164046500722,0.005,200.0,0.0,0.0,0.0,200.0,0.0,0.0,0.0,200.0,10.0,0.0,0.0,0.0,10.0,0.0,0.0,0.0,10.0
3.1985330888481416,1.0480647155852651,-0.2354155080400716,0.005,200.0,0.0,0.0,0.0,200.0,0.0,0.0,0.0,200.0,10.0,0.0,0.0,0.0,10.0,0.0,0.0,0.0,10.0
3.1995332555425904,1.0482940370588625,-0.23456937561513655,0.005,200.0,0.0,0.0,0.0,200.0,0.0,0.0,0.0,200.0,10.0,0.0,0.0,0.0,10.0,0.0,0.0,0.0,10.0
3.2005334222370396,1.04852335853246,-0.23372324319020152,0.005,200.0,0.0,0.0,0.0,200.0,0.0,0.0,0.0,200.0,10.0,0.0,0.0,0.0,10.0,0.0,0.0,0.0,10.0
3.201533588931489,1.0487526800060574,-0.2328771107652659,0.005,200.0,0.0,0.0,0.0,200.0,0.0,0.0,0.0,200.0,10.0,0.0,0.0,0.0,10.0,0.0,0.0,0.0,10.0
3.2025337556259377,1.048982001479655,-0.23203097834033085,0.005,200.0,0.0,0.0,0.0,200.0,0.0,0.0,0.0,200.0,10.0,0.0,0.0,0.0,10.0,0.0,0.0,0.0,10.0
3.203533922320387,1.0492113229532525,-0.23118484591539523,0.005,200.0,0.0,0.0,0.0,200.0,0.0,0.0,0.0,200.0,10.0,0.0,0.0,0.0,10.0,0.0,0.0,0.0,10.0
3.2045340890148357,1.0494406444268498,-0.2303387134904602,0.005,200.0,0.0,0.0,0.0,200.0,0.0,0.0,0.0,200.0,10.0,0.0,0.0,0.0,10.0,0.0,0.0,0.0,10.0
3.205534255709285,1.0496699659004471,-0.22949258106552514,0.005,200.0,0.0,0.0,0.0,200.0,0.0,0.0,0.0,200.0,10.0,0.0,0.0,0.0,10.0,0.0,0.0,0.0,10.0
3.206534422403734,1.0498992873740447,-0.22864644864058953,0.005,200.0,0.0,0.0,0.0,200.0,0.0,0.0,0.0,200.0,10.0,0.0,0.0,0.0,10.0,0.0,0.0,0.0,10.0
3.207534589098183,1.050128608847642,-0.2278003162156545,0.005,200.0,0.0,0.0,0.0,200.0,0.0,0.0,0.0,200.0,10.0,0.0,0.0,0.0,10.0,0.0,0.0,0.0,10.0
3.2085347557926323,1.0503579303212396,-0.22695418379071888,0.005,200.0,0.0,0.0,0.0,200.0,0.0,0.0,0.0,200.0,10.0,0.0,0.0,0.0,10.0,0.0,0.0,0.0,10.0
3.2095349224870815,1.050587251794837,-0.22610805136578382,0.005,200.0,0.0,0.0,0.0,200.0,0.0,0.0,0.0,200.0,10.0,0.0,0.0,0.0,10.0,0.0,0.0,0.0,10.0
3.2105350891815303,1.0508165732684345,-0.2252619189408482,0.005,200.0,0.0,0.0,0.0,200.0,0.0,0.0,0.0,200.0,10.0,0.0,0.0,0.0,10.0,0.0,0.0,0.0,10.0
3.2115352558759795,1.0510549842367412,-0.2244696703468248,0.005,200.0,0.0,0.0,0.0,200.0,0.0,0.0,0.0,200.0,10.0,0.0,0.0,0.0,10.0,0.0,0.0,0.0,10.0
3.2125354225704283,1.0512952204047887,-0.22368824179916913,0.005,200.0,0.0,0.0,0.0,200.0,0.0,0.0,0.0,200.0,10.0,0.0,0.0,0.0,10.0,0.0,0.0,0.0,10.0
3.2135355892648776,1.0515354565728365,-0.22290681325151296,0.005,200.0,0.0,0.0,0.0,200.0,0.0,0.0,0.0,200.0,10.0,0.0,0.0,0.0,10.0,0.0,0.0,0.0,10.0
3.214535755959327,1.0517756927408841,-0.22212538470385731,0.005,200.0,0.0,0.0,0.0,200.0,0.0,0.0,0.0,200.0,10.0,0.0,0.0,0.0,10.0,0.0,0.0,0.0,10.0
3.2155359226537756,1.0520159289089317,-0.22134395615620114,0.005,200.0,0.0,0.0,0.0,200.0,0.0,0.0,0.0,200.0,10.0,0.0,0.0,0.0,10.0,0.0,0.0,0.0,10.0
3.216536089348225,1.0522561650769793,-0.2205625276085455,0.005,200.0,0.0,0.0,0.0,200.0,0.0,0.0,0.0,200.0,10.0,0.0,0.0,0.0,10.0,0.0,0.0,0.0,10.0
3.2175362560426737,1.0524964012450269,-0.21978109906088983,0.005,200.0,0.0,0.0,0.0,200.0,0.0,0.0,0.0,200.0,10.0,0.0,0.0,0.0,10.0,0.0,0.0,0.0,10.0
3.218536422737123,1.0527366374130747,-0.21899967051323366,0.005,200.0,0.0,0.0,0.0,200.0,0.0,0.0,0.0,200.0,10.0,0.0,0.0,0.0,10.0,0.0,0.0,0.0,10.0
3.219536589431572,1.052976873581122,-0.218218241965578,0.005,200.0,0.0,0.0,0.0,200.0,0.0,0.0,0.0,200.0,10.0,0.0,0.0,0.0,10.0,0.0,0.0,0.0,10.0
3.220536756126021,1.0532171097491698,-0.21743681341792184,0.005,200.0,0.0,0.0,0.0,200.0,0.0,0.0,0.0,200.0,10.0,0.0,0.0,0.0,10.0,0.0,0.0,0.0,10.0
3.22153692282047,1.0534573459172174,-0.21665538487026617,0.005,200.0,0.0,0.0,0.0,200.0,0.0,0.0,0.0,200.0,10.0,0.0,0.0,0.0,10.0,0.0,0.0,0.0,10.0
3.2225370895149195,1.053697582085265,-0.21587395632261053,0.005,200.0,0.0,0.0,0.0,200.0,0.0,0.0,0.0,200.0,10.0,0.0,0.0,0.0,10.0,0.0,0.0,0.0,10.0
3.2235372562093683,1.0539378182533126,-0.21509252777495436,0.005,200.0,0.0,0.0,0.0,200.0,0.0,0.0,0.0,200.0,10.0,0.0,0.0,0.0,10.0,0.0,0.0,0.0,10.0
3.2245374229038175,1.0541780544213601,-0.2143110992272987,0.005,200.0,0.0,0.0,0.0,200.0,0.0,0.0,0.0,200.0,10.0,0.0,0.0,0.0,10.0,0.0,0.0,0.0,10.0
3.2255375895982663,1.054418290589408,-0.21352967067964254,0.005,200.0,0.0,0.0,0.0,200.0,0.0,0.0,0.0,200.0,10.0,0.0,0.0,0.0,10.0,0.0,0.0,0.0,10.0
3.2265377562927156,1.0546585267574553,-0.21274824213198687,0.005,200.0,0.0,0.0,0.0,200.0,0.0,0.0,0.0,200.0,10.0,0.0,0.0,0.0,10.0,0.0,0.0,0.0,10.0
3.227537922987165,1.054898762925503,-0.2119668135843307,0.005,200.0,0.0,0.0,0.0,200.0,0.0,0.0,0.0,200.0,10.0,0.0,0.0,0.0,10.0,0.0,0.0,0.0,10.0
3.2285380896816136,1.0551389990935507,-0.21118538503667506,0.005,200.0,0.0,0.0,0.0,200.0,0.0,0.0,0.0,200.0,10.0,0.0,0.0,0.0,10.0,0.0,0.0,0.0,10.0
3.229538256376063,1.0553792352615983,-0.2104039564890194,0.005,200.0,0.0,0.0,0.0,200.0,0.0,0.0,0.0,200.0,10.0,0.0,0.0,0.0,10.0,0.0,0.0,0.0,10.0
3.230538423070512,1.0556194714296459,-0.2096225279413632,0.005,200.0,0.0,0.0,0.0,200.0,0.0,0.0,0.0,200.0,10.0,0.0,0.0,0.0,10.0,0.0,0.0,0.0,10.0
3.231538589764961,1.055751534159292,-0.2088494039034919,0.005,200.0,0.0,0.0,0.0,200.0,0.0,0.0,0.0,200.0,10.0,0.0,0.0,0.0,10.0,0.0,0.0,0.0,10.0
3.23253875645941,1.0558511448574177,-0.20807877121855536,0.005,200.0,0.0,0.0,0.0,200.0,0.0,0.0,0.0,200.0,10.0,0.0,0.0,0.0,10.0,0.0,0.0,0.0,10.0
3.233538923153859,1.0559507555555434,-0.20730813853361932,0.005,200.0,0.0,0.0,0.0,200.0,0.0,0.0,0.0,200.0,10.0,0.0,0.0,0.0,10.0,0.0,0.0,0.0,10.0
3.234539089848308,1.0560503662536693,-0.2065375058486833,0.005,200.0,0.0,0.0,0.0,200.0,0.0,0.0,0.0,200.0,10.0,0.0,0.0,0.0,10.0,0.0,0.0,0.0,10.0
3.2355392565427574,1.056149976951795,-0.20576687316374676,0.005,200.0,0.0,0.0,0.0,200.0,0.0,0.0,0.0,200.0,10.0,0.0,0.0,0.0,10.0,0.0,0.0,0.0,10.0
3.2365394232372062,1.0562495876499207,-0.2049962404788107,0.005,200.0,0.0,0.0,0.0,200.0,0.0,0.0,0.0,200.0,10.0,0.0,0.0,0.0,10.0,0.0,0.0,0.0,10.0
3.2375395899316555,1.0563491983480464,-0.20422560779387416,0.005,200.0,0.0,0.0,0.0,200.0,0.0,0.0,0.0,200.0,10.0,0.0,0.0,0.0,10.0,0.0,0.0,0.0,10.0
3.2385397566261043,1.056448809046172,-0.20345497510893812,0.005,200.0,0.0,0.0,0.0,200.0,0.0,0.0,0.0,200.0,10.0,0.0,0.0,0.0,10.0,0.0,0.0,0.0,10.0
3.2395399233205535,1.056548419744298,-0.2026843424240021,0.005,200.0,0.0,0.0,0.0,200.0,0.0,0.0,0.0,200.0,10.0,0.0,0.0,0.0,10.0,0.0,0.0,0.0,10.0
3.2405400900150028,1.0566480304424237,-0.20191370973906556,0.005,200.0,0.0,0.0,0.0,200.0,0.0,0.0,0.0,200.0,10.0,0.0,0.0,0.0,10.0,0.0,0.0,0.0,10.0
3.2415402567094516,1.0567476411405494,-0.2011430770541295,0.005,200.0,0.0,0.0,0.0,200.0,0.0,0.0,0.0,200.0,10.0,0.0,0.0,0.0,10.0,0.0,0.0,0.0,10.0
3.242540423403901,1.0568472518386751,-0.20037244436919296,0.005,200.0,0.0,0.0,0.0,200.0,0.0,0.0,0.0,200.0,10.0,0.0,0.0,0.0,10.0,0.0,0.0,0.0,10.0
3.24354059009835,1.056946862536801,-0.19960181168425695,0.005,200.0,0.0,0.0,0.0,200.0,0.0,0.0,0.0,200.0,10.0,0.0,0.0,0.0,10.0,0.0,0.0,0.0,10.0
3.244540756792799,1.0570464732349267,-0.1988311789993204,0.005,200.0,0.0,0.0,0.0,200.0,0.0,0.0,0.0,200.0,10.0,0.0,0.0,0.0,10.0,0.0,0.0,0.0,10.0
3.245540923487248,1.0571460839330524,-0.19806054631438436,0.005,200.0,0.0,0.0,0.0,200.0,0.0,0.0,0.0,200.0,10.0,0.0,0.0,0.0,10.0,0.0,0.0,0.0,10.0
3.246541090181697,1.0572456946311781,-0.19728991362944834,0.005,200.0,0.0,0.0,0.0,200.0,0.0,0.0,0.0,200.0,10.0,0.0,0.0,0.0,10.0,0.0,0.0,0.0,10.0
3.247541256876146,1.0573453053293038,-0.1965192809445118,0.005,200.0,0.0,0.0,0.0,200.0,0.0,0.0,0.0,200.0,10.0,0.0,0.0,0.0,10.0,0.0,0.0,0.0,10.0
3.2485414235705954,1.0574449160274297,-0.19574864825957575,0.005,200.0,0.0,0.0,0.0,200.0,0.0,0.0,0.0,200.0,10.0,0.0,0.0,0.0,10.0,0.0,0.0,0.0,10.0
3.249541590265044,1.0575445267255554,-0.1949780155746392,0.005,200.0,0.0,0.0,0.0,200.0,0.0,0.0,0.0,200.0,10.0,0.0,0.0,0.0,10.0,0.0,0.0,0.0,10.0
3.2505417569594934,1.0576441374236811,-0.19420738288970316,0.005,200.0,0.0,0.0,0.0,200.0,0.0,0.0,0.0,200.0,10.0,0.0,0.0,0.0,10.0,0.0,0.0,0.0,10.0
3.2515419236539422,1.0577934464726335,-0.19332357985235343,0.005,200.0,0.0,0.0,0.0,200.0,0.0,0.0,0.0,200.0,10.0,0.0,0.0,0.0,10.0,0.0,0.0,0.0,10.0
3.2525420903483915,1.0579634827958642,-0.19239257780546562,0.005,200.0,0.0,0.0,0.0,200.0,0.0,0.0,0.0,200.0,10.0,0.0,0.0,0.0,10.0,0.0,0.0,0.0,10.0
3.2535422570428407,1.0581335191190948,-0.19146157575857842,0.005,200.0,0.0,0.0,0.0,200.0,0.0,0.0,0.0,200.0,10.0,0.0,0.0,0.0,10.0,0.0,0.0,0.0,10.0
3.2545424237372895,1.0583035554423257,-0.1905305737116906,0.005,200.0,0.0,0.0,0.0,200.0,0.0,0.0,0.0,200.0,10.0,0.0,0.0,0.0,10.0,0.0,0.0,0.0,10.0
3.2555425904317388,1.058473591765556,-0.18959957166480343,0.005,200.0,0.0,0.0,0.0,200.0,0.0,0.0,0.0,200.0,10.0,0.0,0.0,0.0,10.0,0.0,0.0,0.0,10.0
3.256542757126188,1.0586436280887868,-0.18866856961791623,0.005,200.0,0.0,0.0,0.0,200.0,0.0,0.0,0.0,200.0,10.0,0.0,0.0,0.0,10.0,0.0,0.0,0.0,10.0
3.257542923820637,1.0588136644120176,-0.1877375675710284,0.005,200.0,0.0,0.0,0.0,200.0,0.0,0.0,0.0,200.0,10.0,0.0,0.0,0.0,10.0,0.0,0.0,0.0,10.0
3.258543090515086,1.0589837007352483,-0.1868065655241412,0.005,200.0,0.0,0.0,0.0,200.0,0.0,0.0,0.0,200.0,10.0,0.0,0.0,0.0,10.0,0.0,0.0,0.0,10.0
3.259543257209535,1.059153737058479,-0.1858755634772534,0.005,200.0,0.0,0.0,0.0,200.0,0.0,0.0,0.0,200.0,10.0,0.0,0.0,0.0,10.0,0.0,0.0,0.0,10.0
3.260543423903984,1.0593237733817096,-0.1849445614303662,0.005,200.0,0.0,0.0,0.0,200.0,0.0,0.0,0.0,200.0,10.0,0.0,0.0,0.0,10.0,0.0,0.0,0.0,10.0
3.2615435905984334,1.0594938097049404,-0.18401355938347838,0.005,200.0,0.0,0.0,0.0,200.0,0.0,0.0,0.0,200.0,10.0,0.0,0.0,0.0,10.0,0.0,0.0,0.0,10.0
3.262543757292882,1.059663846028171,-0.1830825573365912,0.005,200.0,0.0,0.0,0.0,200.0,0.0,0.0,0.0,200.0,10.0,0.0,0.0,0.0,10.0,0.0,0.0,0.0,10.0
3.2635439239873314,1.0598338823514017,-0.182151555289704,0.005,200.0,0.0,0.0,0.0,200.0,0.0,0.0,0.0,200.0,10.0,0.0,0.0,0.0,10.0,0.0,0.0,0.0,10.0
3.26454409068178,1.0600039186746324,-0.1812205532428162,0.005,200.0,0.0,0.0,0.0,200.0,0.0,0.0,0.0,200.0,10.0,0.0,0.0,0.0,10.0,0.0,0.0,0.0,10.0
3.2655442573762294,1.060173954997863,-0.180289551195929,0.005,200.0,0.0,0.0,0.0,200.0,0.0,0.0,0.0,200.0,10.0,0.0,0.0,0.0,10.0,0.0,0.0,0.0,10.0
3.2665444240706787,1.060343991321094,-0.17935854914904117,0.005,200.0,0.0,0.0,0.0,200.0,0.0,0.0,0.0,200.0,10.0,0.0,0.0,0.0,10.0,0.0,0.0,0.0,10.0
3.2675445907651275,1.0605140276443246,-0.178427547102154,0.005,200.0,0.0,0.0,0.0,200.0,0.0,0.0,0.0,200.0,10.0,0.0,0.0,0.0,10.0,0.0,0.0,0.0,10.0
3.2685447574595767,1.0606840639675552,-0.1774965450552668,0.005,200.0,0.0,0.0,0.0,200.0,0.0,0.0,0.0,200.0,10.0,0.0,0.0,0.0,10.0,0.0,0.0,0.0,10.0
3.269544924154026,1.0608541002907859,-0.17656554300837898,0.005,200.0,0.0,0.0,0.0,200.0,0.0,0.0,0.0,200.0,10.0,0.0,0.0,0.0,10.0,0.0,0.0,0.0,10.0
3.270545090848475,1.0610241366140165,-0.17563454096149178,0.005,200.0,0.0,0.0,0.0,200.0,0.0,0.0,0.0,200.0,10.0,0.0,0.0,0.0,10.0,0.0,0.0,0.0,10.0
3.271545257542924,1.0611356457266574,-0.17472250398188163,0.005,200.0,0.0,0.0,0.0,200.0,0.0,0.0,0.0,200.0,10.0,0.0,0.0,0.0,10.0,0.0,0.0,0.0,10.0
3.272545424237373,1.0612145381125635,-0.1738210360762237,0.005,200.0,0.0,0.0,0.0,200.0,0.0,0.0,0.0,200.0,10.0,0.0,0.0,0.0,10.0,0.0,0.0,0.0,10.0
3.273545590931822,1.0612934304984694,-0.17291956817056575,0.005,200.0,0.0,0.0,0.0,200.0,0.0,0.0,0.0,200.0,10.0,0.0,0.0,0.0,10.0,0.0,0.0,0.0,10.0
3.2745457576262713,1.0613723228843754,-0.17201810026490721,0.005,200.0,0.0,0.0,0.0,200.0,0.0,0.0,0.0,200.0,10.0,0.0,0.0,0.0,10.0,0.0,0.0,0.0,10.0
3.27554592432072,1.0614512152702813,-0.17111663235924926,0.005,200.0,0.0,0.0,0.0,200.0,0.0,0.0,0.0,200.0,10.0,0.0,0.0,0.0,10.0,0.0,0.0,0.0,10.0
3.2765460910151694,1.0615301076561874,-0.17021516445359072,0.005,200.0,0.0,0.0,0.0,200.0,0.0,0.0,0.0,200.0,10.0,0.0,0.0,0.0,10.0,0.0,0.0,0.0,10.0
3.2775462577096186,1.0616090000420932,-0.1693136965479328,0.005,200.0,0.0,0.0,0.0,200.0,0.0,0.0,0.0,200.0,10.0,0.0,0.0,0.0,10.0,0.0,0.0,0.0,10.0
3.2785464244040674,1.0616878924279993,-0.16841222864227484,0.005,200.0,0.0,0.0,0.0,200.0,0.0,0.0,0.0,200.0,10.0,0.0,0.0,0.0,10.0,0.0,0.0,0.0,10.0
3.2795465910985167,1.0617667848139052,-0.1675107607366163,0.005,200.0,0.0,0.0,0.0,200.0,0.0,0.0,0.0,200.0,10.0,0.0,0.0,0.0,10.0,0.0,0.0,0.0,10.0
3.2805467577929655,1.0618456771998113,-0.16660929283095835,0.005,200.0,0.0,0.0,0.0,200.0,0.0,0.0,0.0,200.0,10.0,0.0,0.0,0.0,10.0,0.0,0.0,0.0,10.0
3.2815469244874147,1.0619245695857171,-0.1657078249252998,0.005,200.0,0.0,0.0,0.0,200.0,0.0,0.0,0.0,200.0,10.0,0.0,0.0,0.0,10.0,0.0,0.0,0.0,10.0
3.282547091181864,1.0620034619716232,-0.16480635701964189,0.005,200.0,0.0,0.0,0.0,200.0,0.0,0.0,0.0,200.0,10.0,0.0,0.0,0.0,10.0,0.0,0.0,0.0,10.0
3.2835472578763127,1.062082354357529,-0.16390488911398332,0.005,200.0,0.0,0.0,0.0,200.0,0.0,0.0,0.0,200.0,10.0,0.0,0.0,0.0,10.0,0.0,0.0,0.0,10.0
3.284547424570762,1.0621612467434352,-0.1630034212083254,0.005,200.0,0.0,0.0,0.0,200.0,0.0,0.0,0.0,200.0,10.0,0.0,0.0,0.0,10.0,0.0,0.0,0.0,10.0
3.285547591265211,1.062240139129341,-0.16210195330266744,0.005,200.0,0.0,0.0,0.0,200.0,0.0,0.0,0.0,200.0,10.0,0.0,0.0,0.0,10.0,0.0,0.0,0.0,10.0
3.28654775795966,1.062319031515247,-0.1612004853970089,0.005,200.0,0.0,0.0,0.0,200.0,0.0,0.0,0.0,200.0,10.0,0.0,0.0,0.0,10.0,0.0,0.0,0.0,10.0
3.2875479246541093,1.062397923901153,-0.16029901749135098,0.005,200.0,0.0,0.0,0.0,200.0,0.0,0.0,0.0,200.0,10.0,0.0,0.0,0.0,10.0,0.0,0.0,0.0,10.0
3.288548091348558,1.062476816287059,-0.1593975495856924,0.005,200.0,0.0,0.0,0.0,200.0,0.0,0.0,0.0,200.0,10.0,0.0,0.0,0.0,10.0,0.0,0.0,0.0,10.0
3.2895482580430073,1.062555708672965,-0.15849608168003448,0.005,200.0,0.0,0.0,0.0,200.0,0.0,0.0,0.0,200.0,10.0,0.0,0.0,0.0,10.0,0.0,0.0,0.0,10.0
3.2905484247374566,1.062634601058871,-0.15759461377437653,0.005,200.0,0.0,0.0,0.0,200.0,0.0,0.0,0.0,200.0,10.0,0.0,0.0,0.0,10.0,0.0,0.0,0.0,10.0
3.2915485914319054,1.0627671330347521,-0.15664960216196142,0.005,200.0,0.0,0.0,0.0,200.0,0.0,0.0,0.0,200.0,10.0,0.0,0.0,0.0,10.0,0.0,0.0,0.0,10.0
3.2925487581263546,1.0629387319952392,-0.15567287663595542,0.005,200.0,0.0,0.0,0.0,200.0,0.0,0.0,0.0,200.0,10.0,0.0,0.0,0.0,10.0,0.0,0.0,0.0,10.0
3.2935489248208034,1.0631103309557268,-0.1546961511099488,0.005,200.0,0.0,0.0,0.0,200.0,0.0,0.0,0.0,200.0,10.0,0.0,0.0,0.0,10.0,0.0,0.0,0.0,10.0
3.2945490915152527,1.063281929916214,-0.15371942558394283,0.005,200.0,0.0,0.0,0.0,200.0,0.0,0.0,0.0,200.0,10.0,0.0,0.0,0.0,10.0,0.0,0.0,0.0,10.0
3.295549258209702,1.0634535288767013,-0.15274270005793683,0.005,200.0,0.0,0.0,0.0,200.0,0.0,0.0,0.0,200.0,10.0,0.0,0.0,0.0,10.0,0.0,0.0,0.0,10.0
3.2965494249041507,1.0636251278371887,-0.15176597453193022,0.005,200.0,0.0,0.0,0.0,200.0,0.0,0.0,0.0,200.0,10.0,0.0,0.0,0.0,10.0,0.0,0.0,0.0,10.0
3.2975495915986,1.0637967267976758,-0.15078924900592422,0.005,200.0,0.0,0.0,0.0,200.0,0.0,0.0,0.0,200.0,10.0,0.0,0.0,0.0,10.0,0.0,0.0,0.0,10.0
3.2985497582930488,1.0639683257581631,-0.1498125234799176,0.005,200.0,0.0,0.0,0.0,200.0,0.0,0.0,0.0,200.0,10.0,0.0,0.0,0.0,10.0,0.0,0.0,0.0,10.0
3.299549924987498,1.0641399247186505,-0.1488357979539116,0.005,200.0,0.0,0.0,0.0,200.0,0.0,0.0,0.0,200.0,10.0,0.0,0.0,0.0,10.0,0.0,0.0,0.0,10.0
3.3005500916819472,1.0643115236791378,-0.147859072427905,0.005,200.0,0.0,0.0,0.0,200.0,0.0,0.0,0.0,200.0,10.0,0.0,0.0,0.0,10.0,0.0,0.0,0.0,10.0
3.301550258376396,1.0644831226396252,-0.146882346901899,0.005,200.0,0.0,0.0,0.0,200.0,0.0,0.0,0.0,200.0,10.0,0.0,0.0,0.0,10.0,0.0,0.0,0.0,10.0
3.3025504250708453,1.0646547216001123,-0.14590562137589302,0.005,200.0,0.0,0.0,0.0,200.0,0.0,0.0,0.0,200.0,10.0,0.0,0.0,0.0,10.0,0.0,0.0,0.0,10.0
3.3035505917652945,1.0648263205605997,-0.14492889584988639,0.005,200.0,0.0,0.0,0.0,200.0,0.0,0.0,0.0,200.0,10.0,0.0,0.0,0.0,10.0,0.0,0.0,0.0,10.0
3.3045507584597433,1.064997919521087,-0.1439521703238804,0.005,200.0,0.0,0.0,0.0,200.0,0.0,0.0,0.0,200.0,10.0,0.0,0.0,0.0,10.0,0.0,0.0,0.0,10.0
3.3055509251541926,1.0651695184815744,-0.14297544479787377,0.005,200.0,0.0,0.0,0.0,200.0,0.0,0.0,0.0,200.0,10.0,0.0,0.0,0.0,10.0,0.0,0.0,0.0,10.0
3.3065510918486414,1.0653411174420615,-0.1419987192718678,0.005,200.0,0.0,0.0,0.0,200.0,0.0,0.0,0.0,200.0,10.0,0.0,0.0,0.0,10.0,0.0,0.0,0.0,10.0
3.3075512585430906,1.0655127164025489,-0.14102199374586183,0.005,200.0,0.0,0.0,0.0,200.0,0.0,0.0,0.0,200.0,10.0,0.0,0.0,0.0,10.0,0.0,0.0,0.0,10.0
3.30855142523754,1.0656843153630362,-0.1400452682198552,0.005,200.0,0.0,0.0,0.0,200.0,0.0,0.0,0.0,200.0,10.0,0.0,0.0,0.0,10.0,0.0,0.0,0.0,10.0
3.3095515919319887,1.0658559143235236,-0.13906854269384922,0.005,200.0,0.0,0.0,0.0,200.0,0.0,0.0,0.0,200.0,10.0,0.0,0.0,0.0,10.0,0.0,0.0,0.0,10.0
3.310551758626438,1.066027513284011,-0.13809181716784258,0.005,200.0,0.0,0.0,0.0,200.0,0.0,0.0,0.0,200.0,10.0,0.0,0.0,0.0,10.0,0.0,0.0,0.0,10.0
3.311551925320887,1.0661812069257472,-0.13708249117001062,0.005,200.0,0.0,0.0,0.0,200.0,0.0,0.0,0.0,200.0,10.0,0.0,0.0,0.0,10.0,0.0,0.0,0.0,10.0
3.312552092015336,1.0663180416634648,-0.13604246992273217,0.005,200.0,0.0,0.0,0.0,200.0,0.0,0.0,0.0,200.0,10.0,0.0,0.0,0.0,10.0,0.0,0.0,0.0,10.0
3.313552258709785,1.0664548764011823,-0.135002448675453,0.005,200.0,0.0,0.0,0.0,200.0,0.0,0.0,0.0,200.0,10.0,0.0,0.0,0.0,10.0,0.0,0.0,0.0,10.0
3.314552425404234,1.0665917111389,-0.13396242742817455,0.005,200.0,0.0,0.0,0.0,200.0,0.0,0.0,0.0,200.0,10.0,0.0,0.0,0.0,10.0,0.0,0.0,0.0,10.0
3.3155525920986832,1.0667285458766176,-0.13292240618089537,0.005,200.0,0.0,0.0,0.0,200.0,0.0,0.0,0.0,200.0,10.0,0.0,0.0,0.0,10.0,0.0,0.0,0.0,10.0
3.3165527587931325,1.0668653806143353,-0.1318823849336169,0.005,200.0,0.0,0.0,0.0,200.0,0.0,0.0,0.0,200.0,10.0,0.0,0.0,0.0,10.0,0.0,0.0,0.0,10.0
3.3175529254875813,1.0670022153520529,-0.13084236368633775,0.005,200.0,0.0,0.0,0.0,200.0,0.0,0.0,0.0,200.0,10.0,0.0,0.0,0.0,10.0,0.0,0.0,0.0,10.0
3.3185530921820305,1.0671390500897704,-0.12980234243905928,0.005,200.0,0.0,0.0,0.0,200.0,0.0,0.0,0.0,200.0,10.0,0.0,0.0,0.0,10.0,0.0,0.0,0.0,10.0
3.3195532588764793,1.0672758848274881,-0.1287623211917808,0.005,200.0,0.0,0.0,0.0,200.0,0.0,0.0,0.0,200.0,10.0,0.0,0.0,0.0,10.0,0.0,0.0,0.0,10.0
3.3205534255709286,1.0674127195652057,-0.12772229994450165,0.005,200.0,0.0,0.0,0.0,200.0,0.0,0.0,0.0,200.0,10.0,0.0,0.0,0.0,10.0,0.0,0.0,0.0,10.0
3.321553592265378,1.0675495543029234,-0.12668227869722318,0.005,200.0,0.0,0.0,0.0,200.0,0.0,0.0,0.0,200.0,10.0,0.0,0.0,0.0,10.0,0.0,0.0,0.0,10.0
3.3225537589598266,1.067686389040641,-0.12564225744994403,0.005,200.0,0.0,0.0,0.0,200.0,0.0,0.0,0.0,200.0,10.0,0.0,0.0,0.0,10.0,0.0,0.0,0.0,10.0
3.323553925654276,1.0678232237783585,-0.12460223620266556,0.005,200.0,0.0,0.0,0.0,200.0,0.0,0.0,0.0,200.0,10.0,0.0,0.0,0.0,10.0,0.0,0.0,0.0,10.0
3.324554092348725,1.0679600585160762,-0.12356221495538709,0.005,200.0,0.0,0.0,0.0,200.0,0.0,0.0,0.0,200.0,10.0,0.0,0.0,0.0,10.0,0.0,0.0,0.0,10.0
3.325554259043174,1.0680968932537938,-0.12252219370810792,0.005,200.0,0.0,0.0,0.0,200.0,0.0,0.0,0.0,200.0,10.0,0.0,0.0,0.0,10.0,0.0,0.0,0.0,10.0
3.326554425737623,1.0682337279915115,-0.12148217246082946,0.005,200.0,0.0,0.0,0.0,200.0,0.0,0.0,0.0,200.0,10.0,0.0,0.0,0.0,10.0,0.0,0.0,0.0,10.0
3.327554592432072,1.068370562729229,-0.1204421512135503,0.005,200.0,0.0,0.0,0.0,200.0,0.0,0.0,0.0,200.0,10.0,0.0,0.0,0.0,10.0,0.0,0.0,0.0,10.0
3.328554759126521,1.0685073974669466,-0.11940212996627184,0.005,200.0,0.0,0.0,0.0,200.0,0.0,0.0,0.0,200.0,10.0,0.0,0.0,0.0,10.0,0.0,0.0,0.0,10.0
3.3295549258209705,1.0686442322046643,-0.11836210871899336,0.005,200.0,0.0,0.0,0.0,200.0,0.0,0.0,0.0,200.0,10.0,0.0,0.0,0.0,10.0,0.0,0.0,0.0,10.0
3.3305550925154193,1.0687810669423818,-0.1173220874717142,0.005,200.0,0.0,0.0,0.0,200.0,0.0,0.0,0.0,200.0,10.0,0.0,0.0,0.0,10.0,0.0,0.0,0.0,10.0
3.3315552592098685,1.0688964672576668,-0.11632716267988037,0.005,200.0,0.0,0.0,0.0,200.0,0.0,0.0,0.0,200.0,10.0,0.0,0.0,0.0,10.0,0.0,0.0,0.0,10.0
3.3325554259043173,1.0689858287190335,-0.11538702173021566,0.005,200.0,0.0,0.0,0.0,200.0,0.0,0.0,0.0,200.0,10.0,0.0,0.0,0.0,10.0,0.0,0.0,0.0,10.0
3.3335555925987665,1.0690751901804,-0.11444688078055157,0.005,200.0,0.0,0.0,0.0,200.0,0.0,0.0,0.0,200.0,10.0,0.0,0.0,0.0,10.0,0.0,0.0,0.0,10.0
3.334555759293216,1.0691645516417667,-0.11350673983088685,0.005,200.0,0.0,0.0,0.0,200.0,0.0,0.0,0.0,200.0,10.0,0.0,0.0,0.0,10.0,0.0,0.0,0.0,10.0
3.3355559259876646,1.0692539131031333,-0.11256659888122277,0.005,200.0,0.0,0.0,0.0,200.0,0.0,0.0,0.0,200.0,10.0,0.0,0.0,0.0,10.0,0.0,0.0,0.0,10.0
3.336556092682114,1.0693432745644997,-0.11162645793155868,0.005,200.0,0.0,0.0,0.0,200.0,0.0,0.0,0.0,200.0,10.0,0.0,0.0,0.0,10.0,0.0,0.0,0.0,10.0
3.337556259376563,1.0694326360258664,-0.11068631698189396,0.005,200.0,0.0,0.0,0.0,200.0,0.0,0.0,0.0,200.0,10.0,0.0,0.0,0.0,10.0,0.0,0.0,0.0,10.0
3.338556426071012,1.069521997487233,-0.10974617603222987,0.005,200.0,0.0,0.0,0.0,200.0,0.0,0.0,0.0,200.0,10.0,0.0,0.0,0.0,10.0,0.0,0.0,0.0,10.0
3.339556592765461,1.0696113589485996,-0.10880603508256517,0.005,200.0,0.0,0.0,0.0,200.0,0.0,0.0,0.0,200.0,10.0,0.0,0.0,0.0,10.0,0.0,0.0,0.0,10.0
3.34055675945991,1.0697007204099662,-0.10786589413290108,0.005,200.0,0.0,0.0,0.0,200.0,0.0,0.0,0.0,200.0,10.0,0.0,0.0,0.0,10.0,0.0,0.0,0.0,10.0
3.341556926154359,1.0697900818713328,-0.106925753183237,0.005,200.0,0.0,0.0,0.0,200.0,0.0,0.0,0.0,200.0,10.0,0.0,0.0,0.0,10.0,0.0,0.0,0.0,10.0
3.3425570928488084,1.0698794433326995,-0.10598561223357228,0.005,200.0,0.0,0.0,0.0,200.0,0.0,0.0,0.0,200.0,10.0,0.0,0.0,0.0,10.0,0.0,0.0,0.0,10.0
3.343557259543257,1.069968804794066,-0.10504547128390819,0.005,200.0,0.0,0.0,0.0,200.0,0.0,0.0,0.0,200.0,10.0,0.0,0.0,0.0,10.0,0.0,0.0,0.0,10.0
3.3445574262377065,1.0700581662554327,-0.10410533033424348,0.005,200.0,0.0,0.0,0.0,200.0,0.0,0.0,0.0,200.0,10.0,0.0,0.0,0.0,10.0,0.0,0.0,0.0,10.0
3.3455575929321553,1.0701475277167993,-0.10316518938457939,0.005,200.0,0.0,0.0,0.0,200.0,0.0,0.0,0.0,200.0,10.0,0.0,0.0,0.0,10.0,0.0,0.0,0.0,10.0
3.3465577596266045,1.070236889178166,-0.10222504843491531,0.005,200.0,0.0,0.0,0.0,200.0,0.0,0.0,0.0,200.0,10.0,0.0,0.0,0.0,10.0,0.0,0.0,0.0,10.0
3.3475579263210538,1.0703262506395326,-0.1012849074852506,0.005,200.0,0.0,0.0,0.0,200.0,0.0,0.0,0.0,200.0,10.0,0.0,0.0,0.0,10.0,0.0,0.0,0.0,10.0
3.3485580930155026,1.0704156121008992,-0.10034476653558651,0.005,200.0,0.0,0.0,0.0,200.0,0.0,0.0,0.0,200.0,10.0,0.0,0.0,0.0,10.0,0.0,0.0,0.0,10.0
3.349558259709952,1.0705049735622658,-0.0994046255859218,0.005,200.0,0.0,0.0,0.0,200.0,0.0,0.0,0.0,200.0,10.0,0.0,0.0,0.0,10.0,0.0,0.0,0.0,10.0
3.350558426404401,1.0705943350236324,-0.0984644846362577,0.005,200.0,0.0,0.0,0.0,200.0,0.0,0.0,0.0,200.0,10.0,0.0,0.0,0.0,10.0,0.0,0.0,0.0,10.0
3.35155859309885,1.0706917389688304,-0.09755999460669788,0.005,200.0,0.0,0.0,0.0,200.0,0.0,0.0,0.0,200.0,10.0,0.0,0.0,0.0,10.0,0.0,0.0,0.0,10.0
3.352558759793299,1.0708018306255898,-0.09671174697695922,0.005,200.0,0.0,0.0,0.0,200.0,0.0,0.0,0.0,200.0,10.0,0.0,0.0,0.0,10.0,0.0,0.0,0.0,10.0
3.353558926487748,1.070911922282349,-0.09586349934722055,0.005,200.0,0.0,0.0,0.0,200.0,0.0,0.0,0.0,200.0,10.0,0.0,0.0,0.0,10.0,0.0,0.0,0.0,10.0
3.354559093182197,1.0710220139391087,-0.0950152517174813,0.005,200.0,0.0,0.0,0.0,200.0,0.0,0.0,0.0,200.0,10.0,0.0,0.0,0.0,10.0,0.0,0.0,0.0,10.0
3.3555592598766464,1.071132105595868,-0.09416700408774263,0.005,200.0,0.0,0.0,0.0,200.0,0.0,0.0,0.0,200.0,10.0,0.0,0.0,0.0,10.0,0.0,0.0,0.0,10.0
3.356559426571095,1.0712421972526276,-0.0933187564580034,0.005,200.0,0.0,0.0,0.0,200.0,0.0,0.0,0.0,200.0,10.0,0.0,0.0,0.0,10.0,0.0,0.0,0.0,10.0
3.3575595932655444,1.071352288909387,-0.09247050882826473,0.005,200.0,0.0,0.0,0.0,200.0,0.0,0.0,0.0,200.0,10.0,0.0,0.0,0.0,10.0,0.0,0.0,0.0,10.0
3.3585597599599937,1.0714623805661463,-0.09162226119852605,0.005,200.0,0.0,0.0,0.0,200.0,0.0,0.0,0.0,200.0,10.0,0.0,0.0,0.0,10.0,0.0,0.0,0.0,10.0
3.3595599266544425,1.0715724722229059,-0.09077401356878682,0.005,200.0,0.0,0.0,0.0,200.0,0.0,0.0,0.0,200.0,10.0,0.0,0.0,0.0,10.0,0.0,0.0,0.0,10.0
3.3605600933488917,1.0716825638796652,-0.08992576593904815,0.005,200.0,0.0,0.0,0.0,200.0,0.0,0.0,0.0,200.0,10.0,0.0,0.0,0.0,10.0,0.0,0.0,0.0,10.0
3.3615602600433405,1.0717926555364246,-0.08907751830930892,0.005,200.0,0.0,0.0,0.0,200.0,0.0,0.0,0.0,200.0,10.0,0.0,0.0,0.0,10.0,0.0,0.0,0.0,10.0
3.3625604267377898,1.0719027471931841,-0.08822927067957025,0.005,200.0,0.0,0.0,0.0,200.0,0.0,0.0,0.0,200.0,10.0,0.0,0.0,0.0,10.0,0.0,0.0,0.0,10.0
3.363560593432239,1.0720128388499435,-0.08738102304983157,0.005,200.0,0.0,0.0,0.0,200.0,0.0,0.0,0.0,200.0,10.0,0.0,0.0,0.0,10.0,0.0,0.0,0.0,10.0
3.364560760126688,1.0721229305067028,-0.08653277542009233,0.005,200.0,0.0,0.0,0.0,200.0,0.0,0.0,0.0,200.0,10.0,0.0,0.0,0.0,10.0,0.0,0.0,0.0,10.0
3.365560926821137,1.0722330221634624,-0.08568452779035367,0.005,200.0,0.0,0.0,0.0,200.0,0.0,0.0,0.0,200.0,10.0,0.0,0.0,0.0,10.0,0.0,0.0,0.0,10.0
3.366561093515586,1.0723431138202217,-0.08483628016061442,0.005,200.0,0.0,0.0,0.0,200.0,0.0,0.0,0.0,200.0,10.0,0.0,0.0,0.0,10.0,0.0,0.0,0.0,10.0
3.367561260210035,1.0724532054769813,-0.08398803253087575,0.005,200.0,0.0,0.0,0.0,200.0,0.0,0.0,0.0,200.0,10.0,0.0,0.0,0.0,10.0,0.0,0.0,0.0,10.0
3.3685614269044843,1.0725632971337407,-0.08313978490113652,0.005,200.0,0.0,0.0,0.0,200.0,0.0,0.0,0.0,200.0,10.0,0.0,0.0,0.0,10.0,0.0,0.0,0.0,10.0
3.369561593598933,1.0726733887905,-0.08229153727139785,0.005,200.0,0.0,0.0,0.0,200.0,0.0,0.0,0.0,200.0,10.0,0.0,0.0,0.0,10.0,0.0,0.0,0.0,10.0
3.3705617602933824,1.0727834804472596,-0.08144328964165917,0.005,200.0,0.0,0.0,0.0,200.0,0.0,0.0,0.0,200.0,10.0,0.0,0.0,0.0,10.0,0.0,0.0,0.0,10.0
3.3715619269878316,1.0728876429968108,-0.0806253913403111,0.005,200.0,0.0,0.0,0.0,200.0,0.0,0.0,0.0,200.0,10.0,0.0,0.0,0.0,10.0,0.0,0.0,0.0,10.0
3.3725620936822804,1.0729794583334131,-0.07987069473313889,0.005,200.0,0.0,0.0,0.0,200.0,0.0,0.0,0.0,200.0,10.0,0.0,0.0,0.0,10.0,0.0,0.0,0.0,10.0
3.3735622603767297,1.0730712736700154,-0.07911599812596617,0.005,200.0,0.0,0.0,0.0,200.0,0.0,0.0,0.0,200.0,10.0,0.0,0.0,0.0,10.0,0.0,0.0,0.0,10.0
3.3745624270711785,1.0731630890066175,-0.07836130151879396,0.005,200.0,0.0,0.0,0.0,200.0,0.0,0.0,0.0,200.0,10.0,0.0,0.0,0.0,10.0,0.0,0.0,0.0,10.0
3.3755625937656277,1.0732549043432198,-0.07760660491162175,0.005,200.0,0.0,0.0,0.0,200.0,0.0,0.0,0.0,200.0,10.0,0.0,0.0,0.0,10.0,0.0,0.0,0.0,10.0
3.376562760460077,1.073346719679822,-0.07685190830444903,0.005,200.0,0.0,0.0,0.0,200.0,0.0,0.0,0.0,200.0,10.0,0.0,0.0,0.0,10.0,0.0,0.0,0.0,10.0
3.3775629271545258,1.0734385350164244,-0.07609721169727682,0.005,200.0,0.0,0.0,0.0,200.0,0.0,0.0,0.0,200.0,10.0,0.0,0.0,0.0,10.0,0.0,0.0,0.0,10.0
3.378563093848975,1.0735303503530267,-0.0753425150901041,0.005,200.0,0.0,0.0,0.0,200.0,0.0,0.0,0.0,200.0,10.0,0.0,0.0,0.0,10.0,0.0,0.0,0.0,10.0
3.379563260543424,1.073622165689629,-0.07458781848293189,0.005,200.0,0.0,0.0,0.0,200.0,0.0,0.0,0.0,200.0,10.0,0.0,0.0,0.0,10.0,0.0,0.0,0.0,10.0
3.380563427237873,1.0737139810262313,-0.07383312187575967,0.005,200.0,0.0,0.0,0.0,200.0,0.0,0.0,0.0,200.0,10.0,0.0,0.0,0.0,10.0,0.0,0.0,0.0,10.0
3.3815635939323223,1.0738057963628336,-0.07307842526858696,0.005,200.0,0.0,0.0,0.0,200.0,0.0,0.0,0.0,200.0,10.0,0.0,0.0,0.0,10.0,0.0,0.0,0.0,10.0
3.382563760626771,1.0738976116994359,-0.07232372866141475,0.005,200.0,0.0,0.0,0.0,200.0,0.0,0.0,0.0,200.0,10.0,0.0,0.0,0.0,10.0,0.0,0.0,0.0,10.0
3.3835639273212204,1.0739894270360382,-0.07156903205424203,0.005,200.0,0.0,0.0,0.0,200.0,0.0,0.0,0.0,200.0,10.0,0.0,0.0,0.0,10.0,0.0,0.0,0.0,10.0
3.3845640940156696,1.0740812423726402,-0.07081433544706982,0.005,200.0,0.0,0.0,0.0,200.0,0.0,0.0,0.0,200.0,10.0,0.0,0.0,0.0,10.0,0.0,0.0,0.0,10.0
3.3855642607101184,1.0741730577092425,-0.0700596388398971,0.005,200.0,0.0,0.0,0.0,200.0,0.0,0.0,0.0,200.0,10.0,0.0,0.0,0.0,10.0,0.0,0.0,0.0,10.0
3.3865644274045676,1.0742648730458448,-0.06930494223272489,0.005,200.0,0.0,0.0,0.0,200.0,0.0,0.0,0.0,200.0,10.0,0.0,0.0,0.0,10.0,0.0,0.0,0.0,10.0
3.3875645940990164,1.0743566883824471,-0.06855024562555267,0.005,200.0,0.0,0.0,0.0,200.0,0.0,0.0,0.0,200.0,10.0,0.0,0.0,0.0,10.0,0.0,0.0,0.0,10.0
3.3885647607934657,1.0744485037190494,-0.06779554901837996,0.005,200.0,0.0,0.0,0.0,200.0,0.0,0.0,0.0,200.0,10.0,0.0,0.0,0.0,10.0,0.0,0.0,0.0,10.0
3.389564927487915,1.0745403190556517,-0.06704085241120775,0.005,200.0,0.0,0.0,0.0,200.0,0.0,0.0,0.0,200.0,10.0,0.0,0.0,0.0,10.0,0.0,0.0,0.0,10.0
3.3905650941823637,1.074632134392254,-0.06628615580403503,0.005,200.0,0.0,0.0,0.0,200.0,0.0,0.0,0.0,200.0,10.0,0.0,0.0,0.0,10.0,0.0,0.0,0.0,10.0
3.391565260876813,1.0746999979019165,-0.06550216527010187,0.005,200.0,0.0,0.0,0.0,200.0,0.0,0.0,0.0,200.0,10.0,0.0,0.0,0.0,10.0,0.0,0.0,0.0,10.0
3.3925654275712622,1.0746999979019165,-0.06463517527701283,0.005,200.0,0.0,0.0,0.0,200.0,0.0,0.0,0.0,200.0,10.0,0.0,0.0,0.0,10.0,0.0,0.0,0.0,10.0
3.393565594265711,1.0746999979019165,-0.06376818528392322,0.005,200.0,0.0,0.0,0.0,200.0,0.0,0.0,0.0,200.0,10.0,0.0,0.0,0.0,10.0,0.0,0.0,0.0,10.0
3.3945657609601603,1.0746999979019165,-0.06290119529083418,0.005,200.0,0.0,0.0,0.0,200.0,0.0,0.0,0.0,200.0,10.0,0.0,0.0,0.0,10.0,0.0,0.0,0.0,10.0
3.395565927654609,1.0746999979019165,-0.06203420529774456,0.005,200.0,0.0,0.0,0.0,200.0,0.0,0.0,0.0,200.0,10.0,0.0,0.0,0.0,10.0,0.0,0.0,0.0,10.0
3.3965660943490583,1.0746999979019165,-0.06116721530465552,0.005,200.0,0.0,0.0,0.0,200.0,0.0,0.0,0.0,200.0,10.0,0.0,0.0,0.0,10.0,0.0,0.0,0.0,10.0
3.3975662610435076,1.0746999979019165,-0.06030022531156648,0.005,200.0,0.0,0.0,0.0,200.0,0.0,0.0,0.0,200.0,10.0,0.0,0.0,0.0,10.0,0.0,0.0,0.0,10.0
3.3985664277379564,1.0746999979019165,-0.05943323531847686,0.005,200.0,0.0,0.0,0.0,200.0,0.0,0.0,0.0,200.0,10.0,0.0,0.0,0.0,10.0,0.0,0.0,0.0,10.0
3.3995665944324056,1.0746999979019165,-0.05856624532538782,0.005,200.0,0.0,0.0,0.0,200.0,0.0,0.0,0.0,200.0,10.0,0.0,0.0,0.0,10.0,0.0,0.0,0.0,10.0
3.4005667611268544,1.0746999979019165,-0.0576992553322982,0.005,200.0,0.0,0.0,0.0,200.0,0.0,0.0,0.0,200.0,10.0,0.0,0.0,0.0,10.0,0.0,0.0,0.0,10.0
3.4015669278213037,1.0746999979019165,-0.05683226533920916,0.005,200.0,0.0,0.0,0.0,200.0,0.0,0.0,0.0,200.0,10.0,0.0,0.0,0.0,10.0,0.0,0.0,0.0,10.0
3.402567094515753,1.0746999979019165,-0.055965275346119545,0.005,200.0,0.0,0.0,0.0,200.0,0.0,0.0,0.0,200.0,10.0,0.0,0.0,0.0,10.0,0.0,0.0,0.0,10.0
3.4035672612102017,1.0746999979019165,-0.055098285353030504,0.005,200.0,0.0,0.0,0.0,200.0,0.0,0.0,0.0,200.0,10.0,0.0,0.0,0.0,10.0,0.0,0.0,0.0,10.0
3.404567427904651,1.0746999979019165,-0.054231295359941464,0.005,200.0,0.0,0.0,0.0,200.0,0.0,0.0,0.0,200.0,10.0,0.0,0.0,0.0,10.0,0.0,0.0,0.0,10.0
3.4055675945991,1.0746999979019165,-0.05336430536685184,0.005,200.0,0.0,0.0,0.0,200.0,0.0,0.0,0.0,200.0,10.0,0.0,0.0,0.0,10.0,0.0,0.0,0.0,10.0
3.406567761293549,1.0746999979019165,-0.0524973153737628,0.005,200.0,0.0,0.0,0.0,200.0,0.0,0.0,0.0,200.0,10.0,0.0,0.0,0.0,10.0,0.0,0.0,0.0,10.0
3.4075679279879982,1.0746999979019165,-0.051630325380673185,0.005,200.0,0.0,0.0,0.0,200.0,0.0,0.0,0.0,200.0,10.0,0.0,0.0,0.0,10.0,0.0,0.0,0.0,10.0
3.408568094682447,1.0746999979019165,-0.050763335387584145,0.005,200.0,0.0,0.0,0.0,200.0,0.0,0.0,0.0,200.0,10.0,0.0,0.0,0.0,10.0,0.0,0.0,0.0,10.0
3.4095682613768963,1.0746999979019165,-0.049896345394495105,0.005,200.0,0.0,0.0,0.0,200.0,0.0,0.0,0.0,200.0,10.0,0.0,0.0,0.0,10.0,0.0,0.0,0.0,10.0
3.4105684280713455,1.0746999979019165,-0.04902935540140549,0.005,200.0,0.0,0.0,0.0,200.0,0.0,0.0,0.0,200.0,10.0,0.0,0.0,0.0,10.0,0.0,0.0,0.0,10.0
3.4115685947657943,1.0746999979019165,-0.0481848453543676,0.005,200.0,0.0,0.0,0.0,200.0,0.0,0.0,0.0,200.0,10.0,0.0,0.0,0.0,10.0,0.0,0.0,0.0,10.0
3.4125687614602436,1.0746999979019165,-0.04743177915567282,0.005,200.0,0.0,0.0,0.0,200.0,0.0,0.0,0.0,200.0,10.0,0.0,0.0,0.0,10.0,0.0,0.0,0.0,10.0
3.4135689281546924,1.0746999979019165,-0.04667871295697854,0.005,200.0,0.0,0.0,0.0,200.0,0.0,0.0,0.0,200.0,10.0,0.0,0.0,0.0,10.0,0.0,0.0,0.0,10.0
3.4145690948491416,1.0746999979019165,-0.04592564675828426,0.005,200.0,0.0,0.0,0.0,200.0,0.0,0.0,0.0,200.0,10.0,0.0,0.0,0.0,10.0,0.0,0.0,0.0,10.0
3.415569261543591,1.0746999979019165,-0.04517258055958948,0.005,200.0,0.0,0.0,0.0,200.0,0.0,0.0,0.0,200.0,10.0,0.0,0.0,0.0,10.0,0.0,0.0,0.0,10.0
3.4165694282380397,1.0746999979019165,-0.0444195143608952,0.005,200.0,0.0,0.0,0.0,200.0,0.0,0.0,0.0,200.0,10.0,0.0,0.0,0.0,10.0,0.0,0.0,0.0,10.0
3.417569594932489,1.0746999979019165,-0.043666448162200416,0.005,200.0,0.0,0.0,0.0,200.0,0.0,0.0,0.0,200.0,10.0,0.0,0.0,0.0,10.0,0.0,0.0,0.0,10.0
3.418569761626938,1.0746999979019165,-0.04291338196350614,0.005,200.0,0.0,0.0,0.0,200.0,0.0,0.0,0.0,200.0,10.0,0.0,0.0,0.0,10.0,0.0,0.0,0.0,10.0
3.419569928321387,1.0746999979019165,-0.04216031576481186,0.005,200.0,0.0,0.0,0.0,200.0,0.0,0.0,0.0,200.0,10.0,0.0,0.0,0.0,10.0,0.0,0.0,0.0,10.0
3.420570095015836,1.0746999979019165,-0.04140724956611708,0.005,200.0,0.0,0.0,0.0,200.0,0.0,0.0,0.0,200.0,10.0,0.0,0.0,0.0,10.0,0.0,0.0,0.0,10.0
3.421570261710285,1.0746999979019165,-0.0406541833674228,0.005,200.0,0.0,0.0,0.0,200.0,0.0,0.0,0.0,200.0,10.0,0.0,0.0,0.0,10.0,0.0,0.0,0.0,10.0
3.4225704284047342,1.0746999979019165,-0.03990111716872802,0.005,200.0,0.0,0.0,0.0,200.0,0.0,0.0,0.0,200.0,10.0,0.0,0.0,0.0,10.0,0.0,0.0,0.0,10.0
3.4235705950991835,1.0746999979019165,-0.03914805097003374,0.005,200.0,0.0,0.0,0.0,200.0,0.0,0.0,0.0,200.0,10.0,0.0,0.0,0.0,10.0,0.0,0.0,0.0,10.0
3.4245707617936323,1.0746999979019165,-0.03839498477133896,0.005,200.0,0.0,0.0,0.0,200.0,0.0,0.0,0.0,200.0,10.0,0.0,0.0,0.0,10.0,0.0,0.0,0.0,10.0
3.4255709284880815,1.0746999979019165,-0.03764191857264468,0.005,200.0,0.0,0.0,0.0,200.0,0.0,0.0,0.0,200.0,10.0,0.0,0.0,0.0,10.0,0.0,0.0,0.0,10.0
3.4265710951825303,1.0746999979019165,-0.0368888523739504,0.005,200.0,0.0,0.0,0.0,200.0,0.0,0.0,0.0,200.0,10.0,0.0,0.0,0.0,10.0,0.0,0.0,0.0,10.0
3.4275712618769796,1.0746999979019165,-0.03613578617525562,0.005,200.0,0.0,0.0,0.0,200.0,0.0,0.0,0.0,200.0,10.0,0.0,0.0,0.0,10.0,0.0,0.0,0.0,10.0
3.428571428571429,1.0746999979019165,-0.03538271997656134,0.005,200.0,0.0,0.0,0.0,200.0,0.0,0.0,0.0,200.0,10.0,0.0,0.0,0.0,10.0,0.0,0.0,0.0,10.0
3.4295715952658776,1.0746999979019165,-0.03462965377786656,0.005,200.0,0.0,0.0,0.0,200.0,0.0,0.0,0.0,200.0,10.0,0.0,0.0,0.0,10.0,0.0,0.0,0.0,10.0
3.430571761960327,1.0746999979019165,-0.03387658757917228,0.005,200.0,0.0,0.0,0.0,200.0,0.0,0.0,0.0,200.0,10.0,0.0,0.0,0.0,10.0,0.0,0.0,0.0,10.0
3.431571928654776,1.0746999979019165,-0.03311731279514838,0.005,200.0,0.0,0.0,0.0,200.0,0.0,0.0,0.0,200.0,10.0,0.0,0.0,0.0,10.0,0.0,0.0,0.0,10.0
3.432572095349225,1.0746999979019165,-0.032317837421114645,0.005,200.0,0.0,0.0,0.0,200.0,0.0,0.0,0.0,200.0,10.0,0.0,0.0,0.0,10.0,0.0,0.0,0.0,10.0
3.433572262043674,1.0746999979019165,-0.031518362047081444,0.005,200.0,0.0,0.0,0.0,200.0,0.0,0.0,0.0,200.0,10.0,0.0,0.0,0.0,10.0,0.0,0.0,0.0,10.0
3.434572428738123,1.0746999979019165,-0.03071888667304771,0.005,200.0,0.0,0.0,0.0,200.0,0.0,0.0,0.0,200.0,10.0,0.0,0.0,0.0,10.0,0.0,0.0,0.0,10.0
3.435572595432572,1.0746999979019165,-0.029919411299014508,0.005,200.0,0.0,0.0,0.0,200.0,0.0,0.0,0.0,200.0,10.0,0.0,0.0,0.0,10.0,0.0,0.0,0.0,10.0
3.4365727621270215,1.0746999979019165,-0.029119935924981306,0.005,200.0,0.0,0.0,0.0,200.0,0.0,0.0,0.0,200.0,10.0,0.0,0.0,0.0,10.0,0.0,0.0,0.0,10.0
3.4375729288214703,1.0746999979019165,-0.02832046055094757,0.005,200.0,0.0,0.0,0.0,200.0,0.0,0.0,0.0,200.0,10.0,0.0,0.0,0.0,10.0,0.0,0.0,0.0,10.0
3.4385730955159195,1.0746999979019165,-0.02752098517691437,0.005,200.0,0.0,0.0,0.0,200.0,0.0,0.0,0.0,200.0,10.0,0.0,0.0,0.0,10.0,0.0,0.0,0.0,10.0
3.4395732622103687,1.0746999979019165,-0.026721509802880638,0.005,200.0,0.0,0.0,0.0,200.0,0.0,0.0,0.0,200.0,10.0,0.0,0.0,0.0,10.0,0.0,0.0,0.0,10.0
3.4405734289048175,1.0746999979019165,-0.025922034428847437,0.005,200.0,0.0,0.0,0.0,200.0,0.0,0.0,0.0,200.0,10.0,0.0,0.0,0.0,10.0,0.0,0.0,0.0,10.0
3.441573595599267,1.0746999979019165,-0.025122559054813705,0.005,200.0,0.0,0.0,0.0,200.0,0.0,0.0,0.0,200.0,10.0,0.0,0.0,0.0,10.0,0.0,0.0,0.0,10.0
3.4425737622937156,1.0746999979019165,-0.024323083680780504,0.005,200.0,0.0,0.0,0.0,200.0,0.0,0.0,0.0,200.0,10.0,0.0,0.0,0.0,10.0,0.0,0.0,0.0,10.0
3.443573928988165,1.0746999979019165,-0.023523608306747303,0.005,200.0,0.0,0.0,0.0,200.0,0.0,0.0,0.0,200.0,10.0,0.0,0.0,0.0,10.0,0.0,0.0,0.0,10.0
3.444574095682614,1.0746999979019165,-0.022724132932713567,0.005,200.0,0.0,0.0,0.0,200.0,0.0,0.0,0.0,200.0,10.0,0.0,0.0,0.0,10.0,0.0,0.0,0.0,10.0
3.445574262377063,1.0746999979019165,-0.021924657558680366,0.005,200.0,0.0,0.0,0.0,200.0,0.0,0.0,0.0,200.0,10.0,0.0,0.0,0.0,10.0,0.0,0.0,0.0,10.0
3.446574429071512,1.0746999979019165,-0.02112518218464663,0.005,200.0,0.0,0.0,0.0,200.0,0.0,0.0,0.0,200.0,10.0,0.0,0.0,0.0,10.0,0.0,0.0,0.0,10.0
3.447574595765961,1.0746999979019165,-0.02032570681061343,0.005,200.0,0.0,0.0,0.0,200.0,0.0,0.0,0.0,200.0,10.0,0.0,0.0,0.0,10.0,0.0,0.0,0.0,10.0
3.44857476246041,1.0746999979019165,-0.01952623143658023,0.005,200.0,0.0,0.0,0.0,200.0,0.0,0.0,0.0,200.0,10.0,0.0,0.0,0.0,10.0,0.0,0.0,0.0,10.0
3.4495749291548594,1.0746999979019165,-0.018726756062546496,0.005,200.0,0.0,0.0,0.0,200.0,0.0,0.0,0.0,200.0,10.0,0.0,0.0,0.0,10.0,0.0,0.0,0.0,10.0
3.450575095849308,1.0746999979019165,-0.017927280688513295,0.005,200.0,0.0,0.0,0.0,200.0,0.0,0.0,0.0,200.0,10.0,0.0,0.0,0.0,10.0,0.0,0.0,0.0,10.0
3.4515752625437575,1.0746999979019165,-0.01712452811748619,0.005,200.0,0.0,0.0,0.0,200.0,0.0,0.0,0.0,200.0,10.0,0.0,0.0,0.0,10.0,0.0,0.0,0.0,10.0
3.4525754292382067,1.0746999979019165,-0.016278391700547696,0.005,200.0,0.0,0.0,0.0,200.0,0.0,0.0,0.0,200.0,10.0,0.0,0.0,0.0,10.0,0.0,0.0,0.0,10.0
3.4535755959326555,1.0746999979019165,-0.015432255283609201,0.005,200.0,0.0,0.0,0.0,200.0,0.0,0.0,0.0,200.0,10.0,0.0,0.0,0.0,10.0,0.0,0.0,0.0,10.0
3.4545757626271048,1.0746999979019165,-0.01458611886667014,0.005,200.0,0.0,0.0,0.0,200.0,0.0,0.0,0.0,200.0,10.0,0.0,0.0,0.0,10.0,0.0,0.0,0.0,10.0
3.4555759293215536,1.0746999979019165,-0.013739982449731646,0.005,200.0,0.0,0.0,0.0,200.0,0.0,0.0,0.0,200.0,10.0,0.0,0.0,0.0,10.0,0.0,0.0,0.0,10.0
3.456576096016003,1.0746999979019165,-0.012893846032792589,0.005,200.0,0.0,0.0,0.0,200.0,0.0,0.0,0.0,200.0,10.0,0.0,0.0,0.0,10.0,0.0,0.0,0.0,10.0
3.457576262710452,1.0746999979019165,-0.012047709615854092,0.005,200.0,0.0,0.0,0.0,200.0,0.0,0.0,0.0,200.0,10.0,0.0,0.0,0.0,10.0,0.0,0.0,0.0,10.0
3.458576429404901,1.0746999979019165,-0.011201573198915033,0.005,200.0,0.0,0.0,0.0,200.0,0.0,0.0,0.0,200.0,10.0,0.0,0.0,0.0,10.0,0.0,0.0,0.0,10.0
3.45957659609935,1.0746999979019165,-0.010355436781976538,0.005,200.0,0.0,0.0,0.0,200.0,0.0,0.0,0.0,200.0,10.0,0.0,0.0,0.0,10.0,0.0,0.0,0.0,10.0
3.460576762793799,1.0746999979019165,-0.009509300365038043,0.005,200.0,0.0,0.0,0.0,200.0,0.0,0.0,0.0,200.0,10.0,0.0,0.0,0.0,10.0,0.0,0.0,0.0,10.0
3.461576929488248,1.0746999979019165,-0.008663163948098985,0.005,200.0,0.0,0.0,0.0,200.0,0.0,0.0,0.0,200.0,10.0,0.0,0.0,0.0,10.0,0.0,0.0,0.0,10.0
3.4625770961826974,1.0746999979019165,-0.007817027531160488,0.005,200.0,0.0,0.0,0.0,200.0,0.0,0.0,0.0,200.0,10.0,0.0,0.0,0.0,10.0,0.0,0.0,0.0,10.0
3.463577262877146,1.0746999979019165,-0.006970891114221429,0.005,200.0,0.0,0.0,0.0,200.0,0.0,0.0,0.0,200.0,10.0,0.0,0.0,0.0,10.0,0.0,0.0,0.0,10.0
3.4645774295715954,1.0746999979019165,-0.006124754697282934,0.005,200.0,0.0,0.0,0.0,200.0,0.0,0.0,0.0,200.0,10.0,0.0,0.0,0.0,10.0,0.0,0.0,0.0,10.0
3.4655775962660447,1.0746999979019165,-0.005278618280344439,0.005,200.0,0.0,0.0,0.0,200.0,0.0,0.0,0.0,200.0,10.0,0.0,0.0,0.0,10.0,0.0,0.0,0.0,10.0
3.4665777629604935,1.0746999979019165,-0.0044324818634053804,0.005,200.0,0.0,0.0,0.0,200.0,0.0,0.0,0.0,200.0,10.0,0.0,0.0,0.0,10.0,0.0,0.0,0.0,10.0
3.4675779296549427,1.0746999979019165,-0.0035863454464668855,0.005,200.0,0.0,0.0,0.0,200.0,0.0,0.0,0.0,200.0,10.0,0.0,0.0,0.0,10.0,0.0,0.0,0.0,10.0
3.4685780963493915,1.0746999979019165,-0.002740209029527825,0.005,200.0,0.0,0.0,0.0,200.0,0.0,0.0,0.0,200.0,10.0,0.0,0.0,0.0,10.0,0.0,0.0,0.0,10.0
3.4695782630438408,1.0746999979019165,-0.00189407261258933,0.005,200.0,0.0,0.0,0.0,200.0,0.0,0.0,0.0,200.0,10.0,0.0,0.0,0.0,10.0,0.0,0.0,0.0,10.0
3.47057842973829,1.0746999979019165,-0.0010479361956508351,0.005,200.0,0.0,0.0,0.0,200.0,0.0,0.0,0.0,200.0,10.0,0.0,0.0,0.0,10.0,0.0,0.0,0.0,10.0
3.471578596432739,1.0746999979019165,-0.00020196763970890773,0.005,200.0,0.0,0.0,0.0,200.0,0.0,0.0,0.0,200.0,10.0,0.0,0.0,0.0,10.0,0.0,0.0,0.0,10.0
3.472578763127188,1.0746999979019165,0.0006190735581597668,0.005,200.0,0.0,0.0,0.0,200.0,0.0,0.0,0.0,200.0,10.0,0.0,0.0,0.0,10.0,0.0,0.0,0.0,10.0
3.473578929821637,1.0746999979019165,0.0014401147560289883,0.005,200.0,0.0,0.0,0.0,200.0,0.0,0.0,0.0,200.0,10.0,0.0,0.0,0.0,10.0,0.0,0.0,0.0,10.0
3.474579096516086,1.0746999979019165,0.002261155953897663,0.005,200.0,0.0,0.0,0.0,200.0,0.0,0.0,0.0,200.0,10.0,0.0,0.0,0.0,10.0,0.0,0.0,0.0,10.0
3.4755792632105353,1.0746999979019165,0.0030821971517668843,0.005,200.0,0.0,0.0,0.0,200.0,0.0,0.0,0.0,200.0,10.0,0.0,0.0,0.0,10.0,0.0,0.0,0.0,10.0
3.476579429904984,1.0746999979019165,0.003903238349635559,0.005,200.0,0.0,0.0,0.0,200.0,0.0,0.0,0.0,200.0,10.0,0.0,0.0,0.0,10.0,0.0,0.0,0.0,10.0
3.4775795965994334,1.0746999979019165,0.004724279547504233,0.005,200.0,0.0,0.0,0.0,200.0,0.0,0.0,0.0,200.0,10.0,0.0,0.0,0.0,10.0,0.0,0.0,0.0,10.0
3.4785797632938826,1.0746999979019165,0.005545320745373455,0.005,200.0,0.0,0.0,0.0,200.0,0.0,0.0,0.0,200.0,10.0,0.0,0.0,0.0,10.0,0.0,0.0,0.0,10.0
3.4795799299883314,1.0746999979019165,0.0063663619432421294,0.005,200.0,0.0,0.0,0.0,200.0,0.0,0.0,0.0,200.0,10.0,0.0,0.0,0.0,10.0,0.0,0.0,0.0,10.0
3.4805800966827807,1.0746999979019165,0.007187403141111351,0.005,200.0,0.0,0.0,0.0,200.0,0.0,0.0,0.0,200.0,10.0,0.0,0.0,0.0,10.0,0.0,0.0,0.0,10.0
3.4815802633772295,1.0746999979019165,0.008008444338980026,0.005,200.0,0.0,0.0,0.0,200.0,0.0,0.0,0.0,200.0,10.0,0.0,0.0,0.0,10.0,0.0,0.0,0.0,10.0
3.4825804300716787,1.0746999979019165,0.0088294855368487,0.005,200.0,0.0,0.0,0.0,200.0,0.0,0.0,0.0,200.0,10.0,0.0,0.0,0.0,10.0,0.0,0.0,0.0,10.0
3.483580596766128,1.0746999979019165,0.009650526734717921,0.005,200.0,0.0,0.0,0.0,200.0,0.0,0.0,0.0,200.0,10.0,0.0,0.0,0.0,10.0,0.0,0.0,0.0,10.0
3.4845807634605768,1.0746999979019165,0.010471567932586596,0.005,200.0,0.0,0.0,0.0,200.0,0.0,0.0,0.0,200.0,10.0,0.0,0.0,0.0,10.0,0.0,0.0,0.0,10.0
3.485580930155026,1.0746999979019165,0.011292609130455817,0.005,200.0,0.0,0.0,0.0,200.0,0.0,0.0,0.0,200.0,10.0,0.0,0.0,0.0,10.0,0.0,0.0,0.0,10.0
3.4865810968494753,1.0746999979019165,0.012113650328324493,0.005,200.0,0.0,0.0,0.0,200.0,0.0,0.0,0.0,200.0,10.0,0.0,0.0,0.0,10.0,0.0,0.0,0.0,10.0
3.487581263543924,1.0746999979019165,0.012934691526193167,0.005,200.0,0.0,0.0,0.0,200.0,0.0,0.0,0.0,200.0,10.0,0.0,0.0,0.0,10.0,0.0,0.0,0.0,10.0
3.4885814302383733,1.0746999979019165,0.013755732724062388,0.005,200.0,0.0,0.0,0.0,200.0,0.0,0.0,0.0,200.0,10.0,0.0,0.0,0.0,10.0,0.0,0.0,0.0,10.0
3.489581596932822,1.0746999979019165,0.014576773921931062,0.005,200.0,0.0,0.0,0.0,200.0,0.0,0.0,0.0,200.0,10.0,0.0,0.0,0.0,10.0,0.0,0.0,0.0,10.0
3.4905817636272714,1.0746999979019165,0.015397815119800285,0.005,200.0,0.0,0.0,0.0,200.0,0.0,0.0,0.0,200.0,10.0,0.0,0.0,0.0,10.0,0.0,0.0,0.0,10.0
3.4915819303217206,1.0746999979019165,0.016218856317668957,0.005,200.0,0.0,0.0,0.0,200.0,0.0,0.0,0.0,200.0,10.0,0.0,0.0,0.0,10.0,0.0,0.0,0.0,10.0
3.4925820970161694,1.0746999979019165,0.01706731842855977,0.005,200.0,0.0,0.0,0.0,200.0,0.0,0.0,0.0,200.0,10.0,0.0,0.0,0.0,10.0,0.0,0.0,0.0,10.0
3.4935822637106186,1.0746999979019165,0.017917433573213716,0.005,200.0,0.0,0.0,0.0,200.0,0.0,0.0,0.0,200.0,10.0,0.0,0.0,0.0,10.0,0.0,0.0,0.0,10.0
3.4945824304050674,1.0746999979019165,0.018767548717867667,0.005,200.0,0.0,0.0,0.0,200.0,0.0,0.0,0.0,200.0,10.0,0.0,0.0,0.0,10.0,0.0,0.0,0.0,10.0
3.4955825970995167,1.0746999979019165,0.019617663862522183,0.005,200.0,0.0,0.0,0.0,200.0,0.0,0.0,0.0,200.0,10.0,0.0,0.0,0.0,10.0,0.0,0.0,0.0,10.0
3.496582763793966,1.0746999979019165,0.020467779007176133,0.005,200.0,0.0,0.0,0.0,200.0,0.0,0.0,0.0,200.0,10.0,0.0,0.0,0.0,10.0,0.0,0.0,0.0,10.0
3.4975829304884147,1.0746999979019165,0.02131789415183065,0.005,200.0,0.0,0.0,0.0,200.0,0.0,0.0,0.0,200.0,10.0,0.0,0.0,0.0,10.0,0.0,0.0,0.0,10.0
3.498583097182864,1.0746999979019165,0.022168009296484596,0.005,200.0,0.0,0.0,0.0,200.0,0.0,0.0,0.0,200.0,10.0,0.0,0.0,0.0,10.0,0.0,0.0,0.0,10.0
3.499583263877313,1.0746999979019165,0.023018124441138547,0.005,200.0,0.0,0.0,0.0,200.0,0.0,0.0,0.0,200.0,10.0,0.0,0.0,0.0,10.0,0.0,0.0,0.0,10.0
3.500583430571762,1.0746999979019165,0.023868239585793063,0.005,200.0,0.0,0.0,0.0,200.0,0.0,0.0,0.0,200.0,10.0,0.0,0.0,0.0,10.0,0.0,0.0,0.0,10.0
3.5015835972662113,1.0746999979019165,0.024718354730447013,0.005,200.0,0.0,0.0,0.0,200.0,0.0,0.0,0.0,200.0,10.0,0.0,0.0,0.0,10.0,0.0,0.0,0.0,10.0
3.50258376396066,1.0746999979019165,0.02556846987510153,0.005,200.0,0.0,0.0,0.0,200.0,0.0,0.0,0.0,200.0,10.0,0.0,0.0,0.0,10.0,0.0,0.0,0.0,10.0
3.5035839306551093,1.0746999979019165,0.026418585019755476,0.005,200.0,0.0,0.0,0.0,200.0,0.0,0.0,0.0,200.0,10.0,0.0,0.0,0.0,10.0,0.0,0.0,0.0,10.0
3.5045840973495586,1.0746999979019165,0.027268700164409427,0.005,200.0,0.0,0.0,0.0,200.0,0.0,0.0,0.0,200.0,10.0,0.0,0.0,0.0,10.0,0.0,0.0,0.0,10.0
3.5055842640440074,1.0746999979019165,0.028118815309063943,0.005,200.0,0.0,0.0,0.0,200.0,0.0,0.0,0.0,200.0,10.0,0.0,0.0,0.0,10.0,0.0,0.0,0.0,10.0
3.5065844307384566,1.0746999979019165,0.028968930453717893,0.005,200.0,0.0,0.0,0.0,200.0,0.0,0.0,0.0,200.0,10.0,0.0,0.0,0.0,10.0,0.0,0.0,0.0,10.0
3.5075845974329054,1.0746999979019165,0.02981904559837241,0.005,200.0,0.0,0.0,0.0,200.0,0.0,0.0,0.0,200.0,10.0,0.0,0.0,0.0,10.0,0.0,0.0,0.0,10.0
3.5085847641273546,1.0746999979019165,0.030669160743026357,0.005,200.0,0.0,0.0,0.0,200.0,0.0,0.0,0.0,200.0,10.0,0.0,0.0,0.0,10.0,0.0,0.0,0.0,10.0
3.509584930821804,1.0746999979019165,0.03151927588768087,0.005,200.0,0.0,0.0,0.0,200.0,0.0,0.0,0.0,200.0,10.0,0.0,0.0,0.0,10.0,0.0,0.0,0.0,10.0
3.5105850975162527,1.0746999979019165,0.03236939103233483,0.005,200.0,0.0,0.0,0.0,200.0,0.0,0.0,0.0,200.0,10.0,0.0,0.0,0.0,10.0,0.0,0.0,0.0,10.0
3.511585264210702,1.0746999979019165,0.033219506176988774,0.005,200.0,0.0,0.0,0.0,200.0,0.0,0.0,0.0,200.0,10.0,0.0,0.0,0.0,10.0,0.0,0.0,0.0,10.0
3.512585430905151,1.0746999979019165,0.034331324682134484,0.005,200.0,0.0,0.0,0.0,200.0,0.0,0.0,0.0,200.0,10.0,0.0,0.0,0.0,10.0,0.0,0.0,0.0,10.0
3.5135855975996,1.0746999979019165,0.03547896570050253,0.005,200.0,0.0,0.0,0.0,200.0,0.0,0.0,0.0,200.0,10.0,0.0,0.0,0.0,10.0,0.0,0.0,0.0,10.0
3.5145857642940492,1.0746999979019165,0.03662660671887134,0.005,200.0,0.0,0.0,0.0,200.0,0.0,0.0,0.0,200.0,10.0,0.0,0.0,0.0,10.0,0.0,0.0,0.0,10.0
3.515585930988498,1.0746999979019165,0.03777424773723939,0.005,200.0,0.0,0.0,0.0,200.0,0.0,0.0,0.0,200.0,10.0,0.0,0.0,0.0,10.0,0.0,0.0,0.0,10.0
3.5165860976829473,1.0746999979019165,0.03892188875560743,0.005,200.0,0.0,0.0,0.0,200.0,0.0,0.0,0.0,200.0,10.0,0.0,0.0,0.0,10.0,0.0,0.0,0.0,10.0
3.5175862643773965,1.0746999979019165,0.040069529773976244,0.005,200.0,0.0,0.0,0.0,200.0,0.0,0.0,0.0,200.0,10.0,0.0,0.0,0.0,10.0,0.0,0.0,0.0,10.0
3.5185864310718453,1.0746999979019165,0.04121717079234429,0.005,200.0,0.0,0.0,0.0,200.0,0.0,0.0,0.0,200.0,10.0,0.0,0.0,0.0,10.0,0.0,0.0,0.0,10.0
3.5195865977662946,1.0746999979019165,0.0423648118107131,0.005,200.0,0.0,0.0,0.0,200.0,0.0,0.0,0.0,200.0,10.0,0.0,0.0,0.0,10.0,0.0,0.0,0.0,10.0
3.5205867644607434,1.0746999979019165,0.043512452829081144,0.005,200.0,0.0,0.0,0.0,200.0,0.0,0.0,0.0,200.0,10.0,0.0,0.0,0.0,10.0,0.0,0.0,0.0,10.0
3.5215869311551926,1.0746999979019165,0.04466009384744919,0.005,200.0,0.0,0.0,0.0,200.0,0.0,0.0,0.0,200.0,10.0,0.0,0.0,0.0,10.0,0.0,0.0,0.0,10.0
3.522587097849642,1.0746999979019165,0.045807734865818,0.005,200.0,0.0,0.0,0.0,200.0,0.0,0.0,0.0,200.0,10.0,0.0,0.0,0.0,10.0,0.0,0.0,0.0,10.0
3.5235872645440907,1.0746999979019165,0.04695537588418605,0.005,200.0,0.0,0.0,0.0,200.0,0.0,0.0,0.0,200.0,10.0,0.0,0.0,0.0,10.0,0.0,0.0,0.0,10.0
3.52458743123854,1.0746999979019165,0.04810301690255486,0.005,200.0,0.0,0.0,0.0,200.0,0.0,0.0,0.0,200.0,10.0,0.0,0.0,0.0,10.0,0.0,0.0,0.0,10.0
3.525587597932989,1.0746999979019165,0.04925065792092291,0.005,200.0,0.0,0.0,0.0,200.0,0.0,0.0,0.0,200.0,10.0,0.0,0.0,0.0,10.0,0.0,0.0,0.0,10.0
3.526587764627438,1.0746999979019165,0.050398298939291715,0.005,200.0,0.0,0.0,0.0,200.0,0.0,0.0,0.0,200.0,10.0,0.0,0.0,0.0,10.0,0.0,0.0,0.0,10.0
3.527587931321887,1.0746999979019165,0.05154593995765976,0.005,200.0,0.0,0.0,0.0,200.0,0.0,0.0,0.0,200.0,10.0,0.0,0.0,0.0,10.0,0.0,0.0,0.0,10.0
3.528588098016336,1.0746999979019165,0.052693580976027804,0.005,200.0,0.0,0.0,0.0,200.0,0.0,0.0,0.0,200.0,10.0,0.0,0.0,0.0,10.0,0.0,0.0,0.0,10.0
3.5295882647107852,1.0746999979019165,0.053841221994396615,0.005,200.0,0.0,0.0,0.0,200.0,0.0,0.0,0.0,200.0,10.0,0.0,0.0,0.0,10.0,0.0,0.0,0.0,10.0
3.5305884314052345,1.0746999979019165,0.05498886301276466,0.005,200.0,0.0,0.0,0.0,200.0,0.0,0.0,0.0,200.0,10.0,0.0,0.0,0.0,10.0,0.0,0.0,0.0,10.0
3.5315885980996833,1.0746999979019165,0.056136504031133475,0.005,200.0,0.0,0.0,0.0,200.0,0.0,0.0,0.0,200.0,10.0,0.0,0.0,0.0,10.0,0.0,0.0,0.0,10.0
3.5325887647941325,1.0746999979019165,0.056972663215566544,0.005,200.0,0.0,0.0,0.0,200.0,0.0,0.0,0.0,200.0,10.0,0.0,0.0,0.0,10.0,0.0,0.0,0.0,10.0
3.5335889314885818,1.0746999979019165,0.05773861133087516,0.005,200.0,0.0,0.0,0.0,200.0,0.0,0.0,0.0,200.0,10.0,0.0,0.0,0.0,10.0,0.0,0.0,0.0,10.0
3.5345890981830306,1.0746999979019165,0.0585045594461843,0.005,200.0,0.0,0.0,0.0,200.0,0.0,0.0,0.0,200.0,10.0,0.0,0.0,0.0,10.0,0.0,0.0,0.0,10.0
3.53558926487748,1.0746999979019165,0.05927050756149293,0.005,200.0,0.0,0.0,0.0,200.0,0.0,0.0,0.0,200.0,10.0,0.0,0.0,0.0,10.0,0.0,0.0,0.0,10.0
3.5365894315719286,1.0746999979019165,0.06003645567680206,0.005,200.0,0.0,0.0,0.0,200.0,0.0,0.0,0.0,200.0,10.0,0.0,0.0,0.0,10.0,0.0,0.0,0.0,10.0
3.537589598266378,1.0746999979019165,0.06080240379211069,0.005,200.0,0.0,0.0,0.0,200.0,0.0,0.0,0.0,200.0,10.0,0.0,0.0,0.0,10.0,0.0,0.0,0.0,10.0
3.538589764960827,1.0746999979019165,0.061568351907419314,0.005,200.0,0.0,0.0,0.0,200.0,0.0,0.0,0.0,200.0,10.0,0.0,0.0,0.0,10.0,0.0,0.0,0.0,10.0
3.539589931655276,1.0746999979019165,0.062334300022728446,0.005,200.0,0.0,0.0,0.0,200.0,0.0,0.0,0.0,200.0,10.0,0.0,0.0,0.0,10.0,0.0,0.0,0.0,10.0
3.540590098349725,1.0746999979019165,0.06310024813803707,0.005,200.0,0.0,0.0,0.0,200.0,0.0,0.0,0.0,200.0,10.0,0.0,0.0,0.0,10.0,0.0,0.0,0.0,10.0
3.541590265044174,1.0746999979019165,0.0638661962533462,0.005,200.0,0.0,0.0,0.0,200.0,0.0,0.0,0.0,200.0,10.0,0.0,0.0,0.0,10.0,0.0,0.0,0.0,10.0
3.542590431738623,1.0746999979019165,0.06463214436865483,0.005,200.0,0.0,0.0,0.0,200.0,0.0,0.0,0.0,200.0,10.0,0.0,0.0,0.0,10.0,0.0,0.0,0.0,10.0
3.5435905984330724,1.0746999979019165,0.06539809248396397,0.005,200.0,0.0,0.0,0.0,200.0,0.0,0.0,0.0,200.0,10.0,0.0,0.0,0.0,10.0,0.0,0.0,0.0,10.0
3.5445907651275212,1.0746999979019165,0.06616404059927258,0.005,200.0,0.0,0.0,0.0,200.0,0.0,0.0,0.0,200.0,10.0,0.0,0.0,0.0,10.0,0.0,0.0,0.0,10.0
3.5455909318219705,1.0746999979019165,0.06692998871458122,0.005,200.0,0.0,0.0,0.0,200.0,0.0,0.0,0.0,200.0,10.0,0.0,0.0,0.0,10.0,0.0,0.0,0.0,10.0
3.5465910985164197,1.0746999979019165,0.06769593682989035,0.005,200.0,0.0,0.0,0.0,200.0,0.0,0.0,0.0,200.0,10.0,0.0,0.0,0.0,10.0,0.0,0.0,0.0,10.0
3.5475912652108685,1.0746999979019165,0.06846188494519898,0.005,200.0,0.0,0.0,0.0,200.0,0.0,0.0,0.0,200.0,10.0,0.0,0.0,0.0,10.0,0.0,0.0,0.0,10.0
3.548591431905318,1.0746999979019165,0.06922783306050811,0.005,200.0,0.0,0.0,0.0,200.0,0.0,0.0,0.0,200.0,10.0,0.0,0.0,0.0,10.0,0.0,0.0,0.0,10.0
3.5495915985997666,1.0746999979019165,0.06999378117581674,0.005,200.0,0.0,0.0,0.0,200.0,0.0,0.0,0.0,200.0,10.0,0.0,0.0,0.0,10.0,0.0,0.0,0.0,10.0
3.550591765294216,1.0746999979019165,0.07075972929112537,0.005,200.0,0.0,0.0,0.0,200.0,0.0,0.0,0.0,200.0,10.0,0.0,0.0,0.0,10.0,0.0,0.0,0.0,10.0
3.551591931988665,1.0746999979019165,0.07152567740643449,0.005,200.0,0.0,0.0,0.0,200.0,0.0,0.0,0.0,200.0,10.0,0.0,0.0,0.0,10.0,0.0,0.0,0.0,10.0
3.552592098683114,1.0746999979019165,0.07213972878145136,0.005,200.0,0.0,0.0,0.0,200.0,0.0,0.0,0.0,200.0,10.0,0.0,0.0,0.0,10.0,0.0,0.0,0.0,10.0
3.553592265377563,1.0746999979019165,0.07270382300632829,0.005,200.0,0.0,0.0,0.0,200.0,0.0,0.0,0.0,200.0,10.0,0.0,0.0,0.0,10.0,0.0,0.0,0.0,10.0
3.554592432072012,1.0746999979019165,0.07326791723120485,0.005,200.0,0.0,0.0,0.0,200.0,0.0,0.0,0.0,200.0,10.0,0.0,0.0,0.0,10.0,0.0,0.0,0.0,10.0
3.555592598766461,1.0746999979019165,0.07383201145608141,0.005,200.0,0.0,0.0,0.0,200.0,0.0,0.0,0.0,200.0,10.0,0.0,0.0,0.0,10.0,0.0,0.0,0.0,10.0
3.5565927654609104,1.0746999979019165,0.07439610568095835,0.005,200.0,0.0,0.0,0.0,200.0,0.0,0.0,0.0,200.0,10.0,0.0,0.0,0.0,10.0,0.0,0.0,0.0,10.0
3.557592932155359,1.0746999979019165,0.0749601999058349,0.005,200.0,0.0,0.0,0.0,200.0,0.0,0.0,0.0,200.0,10.0,0.0,0.0,0.0,10.0,0.0,0.0,0.0,10.0
3.5585930988498085,1.0746999979019165,0.07552429413071184,0.005,200.0,0.0,0.0,0.0,200.0,0.0,0.0,0.0,200.0,10.0,0.0,0.0,0.0,10.0,0.0,0.0,0.0,10.0
3.5595932655442577,1.0746999979019165,0.0760883883555884,0.005,200.0,0.0,0.0,0.0,200.0,0.0,0.0,0.0,200.0,10.0,0.0,0.0,0.0,10.0,0.0,0.0,0.0,10.0
3.5605934322387065,1.0746999979019165,0.07665248258046534,0.005,200.0,0.0,0.0,0.0,200.0,0.0,0.0,0.0,200.0,10.0,0.0,0.0,0.0,10.0,0.0,0.0,0.0,10.0
3.5615935989331557,1.0746999979019165,0.07721657680534189,0.005,200.0,0.0,0.0,0.0,200.0,0.0,0.0,0.0,200.0,10.0,0.0,0.0,0.0,10.0,0.0,0.0,0.0,10.0
3.5625937656276045,1.0746999979019165,0.07778067103021845,0.005,200.0,0.0,0.0,0.0,200.0,0.0,0.0,0.0,200.0,10.0,0.0,0.0,0.0,10.0,0.0,0.0,0.0,10.0
3.563593932322054,1.0746999979019165,0.07834476525509539,0.005,200.0,0.0,0.0,0.0,200.0,0.0,0.0,0.0,200.0,10.0,0.0,0.0,0.0,10.0,0.0,0.0,0.0,10.0
3.564594099016503,1.0746999979019165,0.07890885947997194,0.005,200.0,0.0,0.0,0.0,200.0,0.0,0.0,0.0,200.0,10.0,0.0,0.0,0.0,10.0,0.0,0.0,0.0,10.0
3.565594265710952,1.0746999979019165,0.07947295370484887,0.005,200.0,0.0,0.0,0.0,200.0,0.0,0.0,0.0,200.0,10.0,0.0,0.0,0.0,10.0,0.0,0.0,0.0,10.0
3.566594432405401,1.0746999979019165,0.08003704792972544,0.005,200.0,0.0,0.0,0.0,200.0,0.0,0.0,0.0,200.0,10.0,0.0,0.0,0.0,10.0,0.0,0.0,0.0,10.0
3.5675945990998503,1.0746999979019165,0.08060114215460198,0.005,200.0,0.0,0.0,0.0,200.0,0.0,0.0,0.0,200.0,10.0,0.0,0.0,0.0,10.0,0.0,0.0,0.0,10.0
3.568594765794299,1.0746999979019165,0.08116523637947892,0.005,200.0,0.0,0.0,0.0,200.0,0.0,0.0,0.0,200.0,10.0,0.0,0.0,0.0,10.0,0.0,0.0,0.0,10.0
3.5695949324887484,1.0746999979019165,0.08172933060435549,0.005,200.0,0.0,0.0,0.0,200.0,0.0,0.0,0.0,200.0,10.0,0.0,0.0,0.0,10.0,0.0,0.0,0.0,10.0
3.570595099183197,1.0746999979019165,0.08229342482923242,0.005,200.0,0.0,0.0,0.0,200.0,0.0,0.0,0.0,200.0,10.0,0.0,0.0,0.0,10.0,0.0,0.0,0.0,10.0
3.5715952658776464,1.0746999979019165,0.08285751905410899,0.005,200.0,0.0,0.0,0.0,200.0,0.0,0.0,0.0,200.0,10.0,0.0,0.0,0.0,10.0,0.0,0.0,0.0,10.0
3.5725954325720957,1.07459943203911,0.08352433720202741,0.005,200.0,0.0,0.0,0.0,200.0,0.0,0.0,0.0,200.0,10.0,0.0,0.0,0.0,10.0,0.0,0.0,0.0,10.0
3.5735955992665445,1.0744534650829,0.0842375307132613,0.005,200.0,0.0,0.0,0.0,200.0,0.0,0.0,0.0,200.0,10.0,0.0,0.0,0.0,10.0,0.0,0.0,0.0,10.0
3.5745957659609937,1.0743074981266905,0.0849507242244947,0.005,200.0,0.0,0.0,0.0,200.0,0.0,0.0,0.0,200.0,10.0,0.0,0.0,0.0,10.0,0.0,0.0,0.0,10.0
3.5755959326554425,1.0741615311704809,0.0856639177357286,0.005,200.0,0.0,0.0,0.0,200.0,0.0,0.0,0.0,200.0,10.0,0.0,0.0,0.0,10.0,0.0,0.0,0.0,10.0
3.5765960993498918,1.074015564214271,0.08637711124696201,0.005,200.0,0.0,0.0,0.0,200.0,0.0,0.0,0.0,200.0,10.0,0.0,0.0,0.0,10.0,0.0,0.0,0.0,10.0
3.577596266044341,1.0738695972580614,0.08709030475819542,0.005,200.0,0.0,0.0,0.0,200.0,0.0,0.0,0.0,200.0,10.0,0.0,0.0,0.0,10.0,0.0,0.0,0.0,10.0
3.57859643273879,1.0737236303018518,0.0878034982694293,0.005,200.0,0.0,0.0,0.0,200.0,0.0,0.0,0.0,200.0,10.0,0.0,0.0,0.0,10.0,0.0,0.0,0.0,10.0
3.579596599433239,1.0735776633456422,0.08851669178066271,0.005,200.0,0.0,0.0,0.0,200.0,0.0,0.0,0.0,200.0,10.0,0.0,0.0,0.0,10.0,0.0,0.0,0.0,10.0
3.5805967661276883,1.0734316963894324,0.0892298852918966,0.005,200.0,0.0,0.0,0.0,200.0,0.0,0.0,0.0,200.0,10.0,0.0,0.0,0.0,10.0,0.0,0.0,0.0,10.0
3.581596932822137,1.0732857294332228,0.08994307880313002,0.005,200.0,0.0,0.0,0.0,200.0,0.0,0.0,0.0,200.0,10.0,0.0,0.0,0.0,10.0,0.0,0.0,0.0,10.0
3.5825970995165863,1.073139762477013,0.09065627231436389,0.005,200.0,0.0,0.0,0.0,200.0,0.0,0.0,0.0,200.0,10.0,0.0,0.0,0.0,10.0,0.0,0.0,0.0,10.0
3.583597266211035,1.0729937955208033,0.09136946582559731,0.005,200.0,0.0,0.0,0.0,200.0,0.0,0.0,0.0,200.0,10.0,0.0,0.0,0.0,10.0,0.0,0.0,0.0,10.0
3.5845974329054844,1.0728478285645937,0.09208265933683071,0.005,200.0,0.0,0.0,0.0,200.0,0.0,0.0,0.0,200.0,10.0,0.0,0.0,0.0,10.0,0.0,0.0,0.0,10.0
3.5855975995999336,1.072701861608384,0.0927958528480646,0.005,200.0,0.0,0.0,0.0,200.0,0.0,0.0,0.0,200.0,10.0,0.0,0.0,0.0,10.0,0.0,0.0,0.0,10.0
3.5865977662943824,1.0725558946521745,0.09350904635929802,0.005,200.0,0.0,0.0,0.0,200.0,0.0,0.0,0.0,200.0,10.0,0.0,0.0,0.0,10.0,0.0,0.0,0.0,10.0
3.5875979329888317,1.0724099276959647,0.0942222398705319,0.005,200.0,0.0,0.0,0.0,200.0,0.0,0.0,0.0,200.0,10.0,0.0,0.0,0.0,10.0,0.0,0.0,0.0,10.0
3.5885980996832805,1.072263960739755,0.09493543338176531,0.005,200.0,0.0,0.0,0.0,200.0,0.0,0.0,0.0,200.0,10.0,0.0,0.0,0.0,10.0,0.0,0.0,0.0,10.0
3.5895982663777297,1.0721179937835454,0.09564862689299872,0.005,200.0,0.0,0.0,0.0,200.0,0.0,0.0,0.0,200.0,10.0,0.0,0.0,0.0,10.0,0.0,0.0,0.0,10.0
3.590598433072179,1.0719720268273356,0.0963618204042326,0.005,200.0,0.0,0.0,0.0,200.0,0.0,0.0,0.0,200.0,10.0,0.0,0.0,0.0,10.0,0.0,0.0,0.0,10.0
3.5915985997666278,1.071826059871126,0.09707501391546601,0.005,200.0,0.0,0.0,0.0,200.0,0.0,0.0,0.0,200.0,10.0,0.0,0.0,0.0,10.0,0.0,0.0,0.0,10.0
3.592598766461077,1.071620577850984,0.09783029502993924,0.005,200.0,0.0,0.0,0.0,200.0,0.0,0.0,0.0,200.0,10.0,0.0,0.0,0.0,10.0,0.0,0.0,0.0,10.0
3.5935989331555263,1.0713794504449574,0.09861078369287612,0.005,200.0,0.0,0.0,0.0,200.0,0.0,0.0,0.0,200.0,10.0,0.0,0.0,0.0,10.0,0.0,0.0,0.0,10.0
3.594599099849975,1.0711383230389306,0.099391272355813,0.005,200.0,0.0,0.0,0.0,200.0,0.0,0.0,0.0,200.0,10.0,0.0,0.0,0.0,10.0,0.0,0.0,0.0,10.0
3.5955992665444243,1.070897195632904,0.10017176101875042,0.005,200.0,0.0,0.0,0.0,200.0,0.0,0.0,0.0,200.0,10.0,0.0,0.0,0.0,10.0,0.0,0.0,0.0,10.0
3.596599433238873,1.0706560682268773,0.1009522496816873,0.005,200.0,0.0,0.0,0.0,200.0,0.0,0.0,0.0,200.0,10.0,0.0,0.0,0.0,10.0,0.0,0.0,0.0,10.0
3.5975995999333223,1.0704149408208505,0.10173273834462469,0.005,200.0,0.0,0.0,0.0,200.0,0.0,0.0,0.0,200.0,10.0,0.0,0.0,0.0,10.0,0.0,0.0,0.0,10.0
3.5985997666277716,1.070173813414824,0.10251322700756157,0.005,200.0,0.0,0.0,0.0,200.0,0.0,0.0,0.0,200.0,10.0,0.0,0.0,0.0,10.0,0.0,0.0,0.0,10.0
3.5995999333222204,1.0699326860087972,0.10329371567049898,0.005,200.0,0.0,0.0,0.0,200.0,0.0,0.0,0.0,200.0,10.0,0.0,0.0,0.0,10.0,0.0,0.0,0.0,10.0
3.6006001000166696,1.0696915586027707,0.10407420433343587,0.005,200.0,0.0,0.0,0.0,200.0,0.0,0.0,0.0,200.0,10.0,0.0,0.0,0.0,10.0,0.0,0.0,0.0,10.0
3.6016002667111184,1.069450431196744,0.10485469299637275,0.005,200.0,0.0,0.0,0.0,200.0,0.0,0.0,0.0,200.0,10.0,0.0,0.0,0.0,10.0,0.0,0.0,0.0,10.0
3.6026004334055677,1.0692093037907173,0.10563518165931014,0.005,200.0,0.0,0.0,0.0,200.0,0.0,0.0,0.0,200.0,10.0,0.0,0.0,0.0,10.0,0.0,0.0,0.0,10.0
3.603600600100017,1.0689681763846908,0.10641567032224702,0.005,200.0,0.0,0.0,0.0,200.0,0.0,0.0,0.0,200.0,10.0,0.0,0.0,0.0,10.0,0.0,0.0,0.0,10.0
3.6046007667944657,1.068727048978664,0.10719615898518443,0.005,200.0,0.0,0.0,0.0,200.0,0.0,0.0,0.0,200.0,10.0,0.0,0.0,0.0,10.0,0.0,0.0,0.0,10.0
3.605600933488915,1.0684859215726374,0.10797664764812132,0.005,200.0,0.0,0.0,0.0,200.0,0.0,0.0,0.0,200.0,10.0,0.0,0.0,0.0,10.0,0.0,0.0,0.0,10.0
3.606601100183364,1.068244794166611,0.1087571363110582,0.005,200.0,0.0,0.0,0.0,200.0,0.0,0.0,0.0,200.0,10.0,0.0,0.0,0.0,10.0,0.0,0.0,0.0,10.0
3.607601266877813,1.0680036667605841,0.10953762497399559,0.005,200.0,0.0,0.0,0.0,200.0,0.0,0.0,0.0,200.0,10.0,0.0,0.0,0.0,10.0,0.0,0.0,0.0,10.0
3.6086014335722623,1.0677625393545576,0.11031811363693247,0.005,200.0,0.0,0.0,0.0,200.0,0.0,0.0,0.0,200.0,10.0,0.0,0.0,0.0,10.0,0.0,0.0,0.0,10.0
3.609601600266711,1.0675214119485308,0.11109860229986987,0.005,200.0,0.0,0.0,0.0,200.0,0.0,0.0,0.0,200.0,10.0,0.0,0.0,0.0,10.0,0.0,0.0,0.0,10.0
3.6106017669611603,1.0672802845425042,0.11187909096280677,0.005,200.0,0.0,0.0,0.0,200.0,0.0,0.0,0.0,200.0,10.0,0.0,0.0,0.0,10.0,0.0,0.0,0.0,10.0
3.6116019336556096,1.0670391571364775,0.11265957962574363,0.005,200.0,0.0,0.0,0.0,200.0,0.0,0.0,0.0,200.0,10.0,0.0,0.0,0.0,10.0,0.0,0.0,0.0,10.0
3.6126021003500584,1.0668051672649494,0.11338882401255197,0.005,200.0,0.0,0.0,0.0,200.0,0.0,0.0,0.0,200.0,10.0,0.0,0.0,0.0,10.0,0.0,0.0,0.0,10.0
3.6136022670445076,1.0665767429709176,0.11407811006499724,0.005,200.0,0.0,0.0,0.0,200.0,0.0,0.0,0.0,200.0,10.0,0.0,0.0,0.0,10.0,0.0,0.0,0.0,10.0
3.614602433738957,1.0663483186768858,0.11476739611744295,0.005,200.0,0.0,0.0,0.0,200.0,0.0,0.0,0.0,200.0,10.0,0.0,0.0,0.0,10.0,0.0,0.0,0.0,10.0
3.6156026004334056,1.066119894382854,0.11545668216988822,0.005,200.0,0.0,0.0,0.0,200.0,0.0,0.0,0.0,200.0,10.0,0.0,0.0,0.0,10.0,0.0,0.0,0.0,10.0
3.616602767127855,1.065891470088822,0.11614596822233393,0.005,200.0,0.0,0.0,0.0,200.0,0.0,0.0,0.0,200.0,10.0,0.0,0.0,0.0,10.0,0.0,0.0,0.0,10.0
3.6176029338223037,1.0656630457947902,0.1168352542747792,0.005,200.0,0.0,0.0,0.0,200.0,0.0,0.0,0.0,200.0,10.0,0.0,0.0,0.0,10.0,0.0,0.0,0.0,10.0
3.618603100516753,1.0654346215007584,0.11752454032722445,0.005,200.0,0.0,0.0,0.0,200.0,0.0,0.0,0.0,200.0,10.0,0.0,0.0,0.0,10.0,0.0,0.0,0.0,10.0
3.619603267211202,1.0652061972067264,0.11821382637967018,0.005,200.0,0.0,0.0,0.0,200.0,0.0,0.0,0.0,200.0,10.0,0.0,0.0,0.0,10.0,0.0,0.0,0.0,10.0
3.620603433905651,1.0649777729126946,0.11890311243211543,0.005,200.0,0.0,0.0,0.0,200.0,0.0,0.0,0.0,200.0,10.0,0.0,0.0,0.0,10.0,0.0,0.0,0.0,10.0
3.6216036006001002,1.0647493486186628,0.11959239848456116,0.005,200.0,0.0,0.0,0.0,200.0,0.0,0.0,0.0,200.0,10.0,0.0,0.0,0.0,10.0,0.0,0.0,0.0,10.0
3.622603767294549,1.064520924324631,0.12028168453700641,0.005,200.0,0.0,0.0,0.0,200.0,0.0,0.0,0.0,200.0,10.0,0.0,0.0,0.0,10.0,0.0,0.0,0.0,10.0
3.6236039339889983,1.0642925000305992,0.12097097058945167,0.005,200.0,0.0,0.0,0.0,200.0,0.0,0.0,0.0,200.0,10.0,0.0,0.0,0.0,10.0,0.0,0.0,0.0,10.0
3.6246041006834475,1.0640640757365671,0.12166025664189739,0.005,200.0,0.0,0.0,0.0,200.0,0.0,0.0,0.0,200.0,10.0,0.0,0.0,0.0,10.0,0.0,0.0,0.0,10.0
3.6256042673778963,1.0638356514425353,0.12234954269434264,0.005,200.0,0.0,0.0,0.0,200.0,0.0,0.0,0.0,200.0,10.0,0.0,0.0,0.0,10.0,0.0,0.0,0.0,10.0
3.6266044340723456,1.0636072271485033,0.12303882874678837,0.005,200.0,0.0,0.0,0.0,200.0,0.0,0.0,0.0,200.0,10.0,0.0,0.0,0.0,10.0,0.0,0.0,0.0,10.0
3.627604600766795,1.0633788028544715,0.12372811479923362,0.005,200.0,0.0,0.0,0.0,200.0,0.0,0.0,0.0,200.0,10.0,0.0,0.0,0.0,10.0,0.0,0.0,0.0,10.0
3.6286047674612436,1.0631503785604397,0.12441740085167889,0.005,200.0,0.0,0.0,0.0,200.0,0.0,0.0,0.0,200.0,10.0,0.0,0.0,0.0,10.0,0.0,0.0,0.0,10.0
3.629604934155693,1.062921954266408,0.1251066869041246,0.005,200.0,0.0,0.0,0.0,200.0,0.0,0.0,0.0,200.0,10.0,0.0,0.0,0.0,10.0,0.0,0.0,0.0,10.0
3.6306051008501417,1.062693529972376,0.12579597295656986,0.005,200.0,0.0,0.0,0.0,200.0,0.0,0.0,0.0,200.0,10.0,0.0,0.0,0.0,10.0,0.0,0.0,0.0,10.0
3.631605267544591,1.062465105678344,0.12648525900901558,0.005,200.0,0.0,0.0,0.0,200.0,0.0,0.0,0.0,200.0,10.0,0.0,0.0,0.0,10.0,0.0,0.0,0.0,10.0
3.63260543423904,1.062214027863579,0.12719113123001557,0.005,200.0,0.0,0.0,0.0,200.0,0.0,0.0,0.0,200.0,10.0,0.0,0.0,0.0,10.0,0.0,0.0,0.0,10.0
3.633605600933489,1.0619401444910288,0.1279137009361383,0.005,200.0,0.0,0.0,0.0,200.0,0.0,0.0,0.0,200.0,10.0,0.0,0.0,0.0,10.0,0.0,0.0,0.0,10.0
3.634605767627938,1.0616662611184786,0.12863627064226052,0.005,200.0,0.0,0.0,0.0,200.0,0.0,0.0,0.0,200.0,10.0,0.0,0.0,0.0,10.0,0.0,0.0,0.0,10.0
3.635605934322387,1.0613923777459284,0.12935884034838274,0.005,200.0,0.0,0.0,0.0,200.0,0.0,0.0,0.0,200.0,10.0,0.0,0.0,0.0,10.0,0.0,0.0,0.0,10.0
3.6366061010168362,1.0611184943733782,0.13008141005450546,0.005,200.0,0.0,0.0,0.0,200.0,0.0,0.0,0.0,200.0,10.0,0.0,0.0,0.0,10.0,0.0,0.0,0.0,10.0
3.6376062677112855,1.060844611000828,0.1308039797606277,0.005,200.0,0.0,0.0,0.0,200.0,0.0,0.0,0.0,200.0,10.0,0.0,0.0,0.0,10.0,0.0,0.0,0.0,10.0
3.6386064344057343,1.0605707276282776,0.13152654946675038,0.005,200.0,0.0,0.0,0.0,200.0,0.0,0.0,0.0,200.0,10.0,0.0,0.0,0.0,10.0,0.0,0.0,0.0,10.0
3.6396066011001835,1.0602968442557277,0.1322491191728726,0.005,200.0,0.0,0.0,0.0,200.0,0.0,0.0,0.0,200.0,10.0,0.0,0.0,0.0,10.0,0.0,0.0,0.0,10.0
3.6406067677946328,1.0600229608831775,0.13297168887899485,0.005,200.0,0.0,0.0,0.0,200.0,0.0,0.0,0.0,200.0,10.0,0.0,0.0,0.0,10.0,0.0,0.0,0.0,10.0
3.6416069344890816,1.059749077510627,0.13369425858511755,0.005,200.0,0.0,0.0,0.0,200.0,0.0,0.0,0.0,200.0,10.0,0.0,0.0,0.0,10.0,0.0,0.0,0.0,10.0
3.642607101183531,1.059475194138077,0.13441682829123977,0.005,200.0,0.0,0.0,0.0,200.0,0.0,0.0,0.0,200.0,10.0,0.0,0.0,0.0,10.0,0.0,0.0,0.0,10.0
3.6436072678779796,1.0592013107655267,0.1351393979973625,0.005,200.0,0.0,0.0,0.0,200.0,0.0,0.0,0.0,200.0,10.0,0.0,0.0,0.0,10.0,0.0,0.0,0.0,10.0
3.644607434572429,1.0589274273929765,0.13586196770348472,0.005,200.0,0.0,0.0,0.0,200.0,0.0,0.0,0.0,200.0,10.0,0.0,0.0,0.0,10.0,0.0,0.0,0.0,10.0
3.645607601266878,1.0586535440204263,0.13658453740960694,0.005,200.0,0.0,0.0,0.0,200.0,0.0,0.0,0.0,200.0,10.0,0.0,0.0,0.0,10.0,0.0,0.0,0.0,10.0
3.646607767961327,1.0583796606478761,0.13730710711572966,0.005,200.0,0.0,0.0,0.0,200.0,0.0,0.0,0.0,200.0,10.0,0.0,0.0,0.0,10.0,0.0,0.0,0.0,10.0
3.647607934655776,1.058105777275326,0.13802967682185188,0.005,200.0,0.0,0.0,0.0,200.0,0.0,0.0,0.0,200.0,10.0,0.0,0.0,0.0,10.0,0.0,0.0,0.0,10.0
3.6486081013502254,1.0578318939027755,0.13875224652797458,0.005,200.0,0.0,0.0,0.0,200.0,0.0,0.0,0.0,200.0,10.0,0.0,0.0,0.0,10.0,0.0,0.0,0.0,10.0
3.649608268044674,1.0575580105302256,0.1394748162340968,0.005,200.0,0.0,0.0,0.0,200.0,0.0,0.0,0.0,200.0,10.0,0.0,0.0,0.0,10.0,0.0,0.0,0.0,10.0
3.6506084347391234,1.0572841271576752,0.14019738594021952,0.005,200.0,0.0,0.0,0.0,200.0,0.0,0.0,0.0,200.0,10.0,0.0,0.0,0.0,10.0,0.0,0.0,0.0,10.0
3.6516086014335722,1.057010243785125,0.14091995564634174,0.005,200.0,0.0,0.0,0.0,200.0,0.0,0.0,0.0,200.0,10.0,0.0,0.0,0.0,10.0,0.0,0.0,0.0,10.0
3.6526087681280215,1.0567000237360145,0.1416832019704877,0.005,200.0,0.0,0.0,0.0,200.0,0.0,0.0,0.0,200.0,10.0,0.0,0.0,0.0,10.0,0.0,0.0,0.0,10.0
3.6536089348224707,1.0563425660073749,0.14249932789806516,0.005,200.0,0.0,0.0,0.0,200.0,0.0,0.0,0.0,200.0,10.0,0.0,0.0,0.0,10.0,0.0,0.0,0.0,10.0
3.6546091015169195,1.0559851082787355,0.14331545382564204,0.005,200.0,0.0,0.0,0.0,200.0,0.0,0.0,0.0,200.0,10.0,0.0,0.0,0.0,10.0,0.0,0.0,0.0,10.0
3.655609268211369,1.0556276505500957,0.1441315797532195,0.005,200.0,0.0,0.0,0.0,200.0,0.0,0.0,0.0,200.0,10.0,0.0,0.0,0.0,10.0,0.0,0.0,0.0,10.0
3.6566094349058176,1.0552701928214563,0.14494770568079637,0.005,200.0,0.0,0.0,0.0,200.0,0.0,0.0,0.0,200.0,10.0,0.0,0.0,0.0,10.0,0.0,0.0,0.0,10.0
3.657609601600267,1.054912735092817,0.14576383160837328,0.005,200.0,0.0,0.0,0.0,200.0,0.0,0.0,0.0,200.0,10.0,0.0,0.0,0.0,10.0,0.0,0.0,0.0,10.0
3.658609768294716,1.0545552773641773,0.1465799575359507,0.005,200.0,0.0,0.0,0.0,200.0,0.0,0.0,0.0,200.0,10.0,0.0,0.0,0.0,10.0,0.0,0.0,0.0,10.0
3.659609934989165,1.054197819635538,0.14739608346352762,0.005,200.0,0.0,0.0,0.0,200.0,0.0,0.0,0.0,200.0,10.0,0.0,0.0,0.0,10.0,0.0,0.0,0.0,10.0
3.660610101683614,1.0538403619068983,0.14821220939110505,0.005,200.0,0.0,0.0,0.0,200.0,0.0,0.0,0.0,200.0,10.0,0.0,0.0,0.0,10.0,0.0,0.0,0.0,10.0
3.6616102683780634,1.053482904178259,0.14902833531868195,0.005,200.0,0.0,0.0,0.0,200.0,0.0,0.0,0.0,200.0,10.0,0.0,0.0,0.0,10.0,0.0,0.0,0.0,10.0
3.662610435072512,1.0531254464496196,0.14984446124625886,0.005,200.0,0.0,0.0,0.0,200.0,0.0,0.0,0.0,200.0,10.0,0.0,0.0,0.0,10.0,0.0,0.0,0.0,10.0
3.6636106017669614,1.05276798872098,0.1506605871738363,0.005,200.0,0.0,0.0,0.0,200.0,0.0,0.0,0.0,200.0,10.0,0.0,0.0,0.0,10.0,0.0,0.0,0.0,10.0
3.66461076846141,1.0524105309923406,0.1514767131014132,0.005,200.0,0.0,0.0,0.0,200.0,0.0,0.0,0.0,200.0,10.0,0.0,0.0,0.0,10.0,0.0,0.0,0.0,10.0
3.6656109351558595,1.052053073263701,0.15229283902899063,0.005,200.0,0.0,0.0,0.0,200.0,0.0,0.0,0.0,200.0,10.0,0.0,0.0,0.0,10.0,0.0,0.0,0.0,10.0
3.6666111018503087,1.0516956155350616,0.15310896495656753,0.005,200.0,0.0,0.0,0.0,200.0,0.0,0.0,0.0,200.0,10.0,0.0,0.0,0.0,10.0,0.0,0.0,0.0,10.0
3.6676112685447575,1.0513381578064218,0.15392509088414497,0.005,200.0,0.0,0.0,0.0,200.0,0.0,0.0,0.0,200.0,10.0,0.0,0.0,0.0,10.0,0.0,0.0,0.0,10.0
3.6686114352392067,1.0509807000777824,0.15474121681172187,0.005,200.0,0.0,0.0,0.0,200.0,0.0,0.0,0.0,200.0,10.0,0.0,0.0,0.0,10.0,0.0,0.0,0.0,10.0
3.6696116019336555,1.050623242349143,0.15555734273929875,0.005,200.0,0.0,0.0,0.0,200.0,0.0,0.0,0.0,200.0,10.0,0.0,0.0,0.0,10.0,0.0,0.0,0.0,10.0
3.670611768628105,1.0502657846205035,0.1563734686668762,0.005,200.0,0.0,0.0,0.0,200.0,0.0,0.0,0.0,200.0,10.0,0.0,0.0,0.0,10.0,0.0,0.0,0.0,10.0
3.671611935322554,1.049908326891864,0.15718959459445309,0.005,200.0,0.0,0.0,0.0,200.0,0.0,0.0,0.0,200.0,10.0,0.0,0.0,0.0,10.0,0.0,0.0,0.0,10.0
3.672612102017003,1.0495508691632245,0.15798195864204806,0.005,200.0,0.0,0.0,0.0,200.0,0.0,0.0,0.0,200.0,10.0,0.0,0.0,0.0,10.0,0.0,0.0,0.0,10.0
3.673612268711452,1.049193411434585,0.15873407734336584,0.005,200.0,0.0,0.0,0.0,200.0,0.0,0.0,0.0,200.0,10.0,0.0,0.0,0.0,10.0,0.0,0.0,0.0,10.0
3.6746124354059013,1.0488359537059457,0.15948619604468364,0.005,200.0,0.0,0.0,0.0,200.0,0.0,0.0,0.0,200.0,10.0,0.0,0.0,0.0,10.0,0.0,0.0,0.0,10.0
3.67561260210035,1.0484784959773061,0.16023831474600195,0.005,200.0,0.0,0.0,0.0,200.0,0.0,0.0,0.0,200.0,10.0,0.0,0.0,0.0,10.0,0.0,0.0,0.0,10.0
3.6766127687947994,1.0481210382486668,0.16099043344731973,0.005,200.0,0.0,0.0,0.0,200.0,0.0,0.0,0.0,200.0,10.0,0.0,0.0,0.0,10.0,0.0,0.0,0.0,10.0
3.677612935489248,1.0477635805200272,0.16174255214863803,0.005,200.0,0.0,0.0,0.0,200.0,0.0,0.0,0.0,200.0,10.0,0.0,0.0,0.0,10.0,0.0,0.0,0.0,10.0
3.6786131021836974,1.0474061227913878,0.16249467084995584,0.005,200.0,0.0,0.0,0.0,200.0,0.0,0.0,0.0,200.0,10.0,0.0,0.0,0.0,10.0,0.0,0.0,0.0,10.0
3.6796132688781467,1.0470486650627482,0.16324678955127364,0.005,200.0,0.0,0.0,0.0,200.0,0.0,0.0,0.0,200.0,10.0,0.0,0.0,0.0,10.0,0.0,0.0,0.0,10.0
3.6806134355725955,1.0466912073341086,0.16399890825259192,0.005,200.0,0.0,0.0,0.0,200.0,0.0,0.0,0.0,200.0,10.0,0.0,0.0,0.0,10.0,0.0,0.0,0.0,10.0
3.6816136022670447,1.0463337496054692,0.16475102695390972,0.005,200.0,0.0,0.0,0.0,200.0,0.0,0.0,0.0,200.0,10.0,0.0,0.0,0.0,10.0,0.0,0.0,0.0,10.0
3.6826137689614935,1.0459762918768296,0.16550314565522803,0.005,200.0,0.0,0.0,0.0,200.0,0.0,0.0,0.0,200.0,10.0,0.0,0.0,0.0,10.0,0.0,0.0,0.0,10.0
3.6836139356559428,1.0456188341481902,0.1662552643565458,0.005,200.0,0.0,0.0,0.0,200.0,0.0,0.0,0.0,200.0,10.0,0.0,0.0,0.0,10.0,0.0,0.0,0.0,10.0
3.684614102350392,1.0452613764195506,0.1670073830578641,0.005,200.0,0.0,0.0,0.0,200.0,0.0,0.0,0.0,200.0,10.0,0.0,0.0,0.0,10.0,0.0,0.0,0.0,10.0
3.685614269044841,1.0449039186909113,0.16775950175918192,0.005,200.0,0.0,0.0,0.0,200.0,0.0,0.0,0.0,200.0,10.0,0.0,0.0,0.0,10.0,0.0,0.0,0.0,10.0
3.68661443573929,1.0445464609622719,0.1685116204604997,0.005,200.0,0.0,0.0,0.0,200.0,0.0,0.0,0.0,200.0,10.0,0.0,0.0,0.0,10.0,0.0,0.0,0.0,10.0
3.6876146024337393,1.0441890032336323,0.169263739161818,0.005,200.0,0.0,0.0,0.0,200.0,0.0,0.0,0.0,200.0,10.0,0.0,0.0,0.0,10.0,0.0,0.0,0.0,10.0
3.688614769128188,1.043831545504993,0.1700158578631358,0.005,200.0,0.0,0.0,0.0,200.0,0.0,0.0,0.0,200.0,10.0,0.0,0.0,0.0,10.0,0.0,0.0,0.0,10.0
3.6896149358226373,1.0434740877763533,0.1707679765644541,0.005,200.0,0.0,0.0,0.0,200.0,0.0,0.0,0.0,200.0,10.0,0.0,0.0,0.0,10.0,0.0,0.0,0.0,10.0
3.690615102517086,1.043116630047714,0.1715200952657719,0.005,200.0,0.0,0.0,0.0,200.0,0.0,0.0,0.0,200.0,10.0,0.0,0.0,0.0,10.0,0.0,0.0,0.0,10.0
3.6916152692115354,1.0427591723190743,0.1722722139670897,0.005,200.0,0.0,0.0,0.0,200.0,0.0,0.0,0.0,200.0,10.0,0.0,0.0,0.0,10.0,0.0,0.0,0.0,10.0
3.6926154359059846,1.0424222158062237,0.17304590382681695,0.005,200.0,0.0,0.0,0.0,200.0,0.0,0.0,0.0,200.0,10.0,0.0,0.0,0.0,10.0,0.0,0.0,0.0,10.0
3.6936156026004334,1.0421313870288986,0.17386812879296384,0.005,200.0,0.0,0.0,0.0,200.0,0.0,0.0,0.0,200.0,10.0,0.0,0.0,0.0,10.0,0.0,0.0,0.0,10.0
3.6946157692948827,1.041840558251573,0.1746903537591113,0.005,200.0,0.0,0.0,0.0,200.0,0.0,0.0,0.0,200.0,10.0,0.0,0.0,0.0,10.0,0.0,0.0,0.0,10.0
3.695615935989332,1.041549729474248,0.1755125787252582,0.005,200.0,0.0,0.0,0.0,200.0,0.0,0.0,0.0,200.0,10.0,0.0,0.0,0.0,10.0,0.0,0.0,0.0,10.0
3.6966161026837807,1.0412589006969226,0.17633480369140508,0.005,200.0,0.0,0.0,0.0,200.0,0.0,0.0,0.0,200.0,10.0,0.0,0.0,0.0,10.0,0.0,0.0,0.0,10.0
3.69761626937823,1.0409680719195973,0.1771570286575525,0.005,200.0,0.0,0.0,0.0,200.0,0.0,0.0,0.0,200.0,10.0,0.0,0.0,0.0,10.0,0.0,0.0,0.0,10.0
3.6986164360726788,1.040677243142272,0.17797925362369943,0.005,200.0,0.0,0.0,0.0,200.0,0.0,0.0,0.0,200.0,10.0,0.0,0.0,0.0,10.0,0.0,0.0,0.0,10.0
3.699616602767128,1.0403864143649466,0.17880147858984685,0.005,200.0,0.0,0.0,0.0,200.0,0.0,0.0,0.0,200.0,10.0,0.0,0.0,0.0,10.0,0.0,0.0,0.0,10.0
3.7006167694615772,1.0400955855876213,0.17962370355599375,0.005,200.0,0.0,0.0,0.0,200.0,0.0,0.0,0.0,200.0,10.0,0.0,0.0,0.0,10.0,0.0,0.0,0.0,10.0
3.701616936156026,1.039804756810296,0.1804459285221412,0.005,200.0,0.0,0.0,0.0,200.0,0.0,0.0,0.0,200.0,10.0,0.0,0.0,0.0,10.0,0.0,0.0,0.0,10.0
3.7026171028504753,1.0395139280329706,0.1812681534882881,0.005,200.0,0.0,0.0,0.0,200.0,0.0,0.0,0.0,200.0,10.0,0.0,0.0,0.0,10.0,0.0,0.0,0.0,10.0
3.703617269544924,1.0392230992556455,0.182090378454435,0.005,200.0,0.0,0.0,0.0,200.0,0.0,0.0,0.0,200.0,10.0,0.0,0.0,0.0,10.0,0.0,0.0,0.0,10.0
3.7046174362393733,1.03893227047832,0.18291260342058244,0.005,200.0,0.0,0.0,0.0,200.0,0.0,0.0,0.0,200.0,10.0,0.0,0.0,0.0,10.0,0.0,0.0,0.0,10.0
3.7056176029338226,1.0386414417009948,0.18373482838672933,0.005,200.0,0.0,0.0,0.0,200.0,0.0,0.0,0.0,200.0,10.0,0.0,0.0,0.0,10.0,0.0,0.0,0.0,10.0
3.7066177696282714,1.0383506129236693,0.18455705335287678,0.005,200.0,0.0,0.0,0.0,200.0,0.0,0.0,0.0,200.0,10.0,0.0,0.0,0.0,10.0,0.0,0.0,0.0,10.0
3.7076179363227206,1.0380597841463441,0.18537927831902368,0.005,200.0,0.0,0.0,0.0,200.0,0.0,0.0,0.0,200.0,10.0,0.0,0.0,0.0,10.0,0.0,0.0,0.0,10.0
3.70861810301717,1.0377689553690188,0.18620150328517057,0.005,200.0,0.0,0.0,0.0,200.0,0.0,0.0,0.0,200.0,10.0,0.0,0.0,0.0,10.0,0.0,0.0,0.0,10.0
3.7096182697116187,1.0374781265916935,0.18702372825131802,0.005,200.0,0.0,0.0,0.0,200.0,0.0,0.0,0.0,200.0,10.0,0.0,0.0,0.0,10.0,0.0,0.0,0.0,10.0
3.710618436406068,1.0371872978143681,0.18784595321746492,0.005,200.0,0.0,0.0,0.0,200.0,0.0,0.0,0.0,200.0,10.0,0.0,0.0,0.0,10.0,0.0,0.0,0.0,10.0
3.7116186031005167,1.0368964690370428,0.18866817818361237,0.005,200.0,0.0,0.0,0.0,200.0,0.0,0.0,0.0,200.0,10.0,0.0,0.0,0.0,10.0,0.0,0.0,0.0,10.0
3.712618769794966,1.0365893729906677,0.18946555835601767,0.005,200.0,0.0,0.0,0.0,200.0,0.0,0.0,0.0,200.0,10.0,0.0,0.0,0.0,10.0,0.0,0.0,0.0,10.0
3.713618936489415,1.0362319152620283,0.19018602176971605,0.005,200.0,0.0,0.0,0.0,200.0,0.0,0.0,0.0,200.0,10.0,0.0,0.0,0.0,10.0,0.0,0.0,0.0,10.0
3.714619103183864,1.0358744575333887,0.19090648518341494,0.005,200.0,0.0,0.0,0.0,200.0,0.0,0.0,0.0,200.0,10.0,0.0,0.0,0.0,10.0,0.0,0.0,0.0,10.0
3.7156192698783133,1.0355169998047493,0.19162694859711332,0.005,200.0,0.0,0.0,0.0,200.0,0.0,0.0,0.0,200.0,10.0,0.0,0.0,0.0,10.0,0.0,0.0,0.0,10.0
3.716619436572762,1.0351595420761095,0.1923474120108122,0.005,200.0,0.0,0.0,0.0,200.0,0.0,0.0,0.0,200.0,10.0,0.0,0.0,0.0,10.0,0.0,0.0,0.0,10.0
3.7176196032672113,1.0348020843474701,0.1930678754245106,0.005,200.0,0.0,0.0,0.0,200.0,0.0,0.0,0.0,200.0,10.0,0.0,0.0,0.0,10.0,0.0,0.0,0.0,10.0
3.7186197699616605,1.0344446266188307,0.19378833883820898,0.005,200.0,0.0,0.0,0.0,200.0,0.0,0.0,0.0,200.0,10.0,0.0,0.0,0.0,10.0,0.0,0.0,0.0,10.0
3.7196199366561093,1.0340871688901911,0.19450880225190786,0.005,200.0,0.0,0.0,0.0,200.0,0.0,0.0,0.0,200.0,10.0,0.0,0.0,0.0,10.0,0.0,0.0,0.0,10.0
3.7206201033505586,1.0337297111615518,0.19522926566560625,0.005,200.0,0.0,0.0,0.0,200.0,0.0,0.0,0.0,200.0,10.0,0.0,0.0,0.0,10.0,0.0,0.0,0.0,10.0
3.721620270045008,1.0333722534329122,0.19594972907930513,0.005,200.0,0.0,0.0,0.0,200.0,0.0,0.0,0.0,200.0,10.0,0.0,0.0,0.0,10.0,0.0,0.0,0.0,10.0
3.7226204367394566,1.0330147957042728,0.19667019249300352,0.005,200.0,0.0,0.0,0.0,200.0,0.0,0.0,0.0,200.0,10.0,0.0,0.0,0.0,10.0,0.0,0.0,0.0,10.0
3.723620603433906,1.0326573379756332,0.1973906559067024,0.005,200.0,0.0,0.0,0.0,200.0,0.0,0.0,0.0,200.0,10.0,0.0,0.0,0.0,10.0,0.0,0.0,0.0,10.0
3.7246207701283547,1.0322998802469938,0.1981111193204008,0.005,200.0,0.0,0.0,0.0,200.0,0.0,0.0,0.0,200.0,10.0,0.0,0.0,0.0,10.0,0.0,0.0,0.0,10.0
3.725620936822804,1.0319424225183544,0.19883158273409918,0.005,200.0,0.0,0.0,0.0,200.0,0.0,0.0,0.0,200.0,10.0,0.0,0.0,0.0,10.0,0.0,0.0,0.0,10.0
3.726621103517253,1.0315849647897148,0.19955204614779806,0.005,200.0,0.0,0.0,0.0,200.0,0.0,0.0,0.0,200.0,10.0,0.0,0.0,0.0,10.0,0.0,0.0,0.0,10.0
3.727621270211702,1.0312275070610755,0.20027250956149645,0.005,200.0,0.0,0.0,0.0,200.0,0.0,0.0,0.0,200.0,10.0,0.0,0.0,0.0,10.0,0.0,0.0,0.0,10.0
3.728621436906151,1.0308700493324356,0.20099297297519533,0.005,200.0,0.0,0.0,0.0,200.0,0.0,0.0,0.0,200.0,10.0,0.0,0.0,0.0,10.0,0.0,0.0,0.0,10.0
3.7296216036006,1.0305125916037963,0.20171343638889372,0.005,200.0,0.0,0.0,0.0,200.0,0.0,0.0,0.0,200.0,10.0,0.0,0.0,0.0,10.0,0.0,0.0,0.0,10.0
3.7306217702950493,1.030155133875157,0.2024338998025921,0.005,200.0,0.0,0.0,0.0,200.0,0.0,0.0,0.0,200.0,10.0,0.0,0.0,0.0,10.0,0.0,0.0,0.0,10.0
3.7316219369894985,1.0297976761465173,0.203154363216291,0.005,200.0,0.0,0.0,0.0,200.0,0.0,0.0,0.0,200.0,10.0,0.0,0.0,0.0,10.0,0.0,0.0,0.0,10.0
3.7326221036839473,1.0294497579430557,0.20385352875475343,0.005,200.0,0.0,0.0,0.0,200.0,0.0,0.0,0.0,200.0,10.0,0.0,0.0,0.0,10.0,0.0,0.0,0.0,10.0
3.7336222703783966,1.0291451209186415,0.2044560650444603,0.005,200.0,0.0,0.0,0.0,200.0,0.0,0.0,0.0,200.0,10.0,0.0,0.0,0.0,10.0,0.0,0.0,0.0,10.0
3.734622437072846,1.0288404838942273,0.20505860133416676,0.005,200.0,0.0,0.0,0.0,200.0,0.0,0.0,0.0,200.0,10.0,0.0,0.0,0.0,10.0,0.0,0.0,0.0,10.0
3.7356226037672946,1.0285358468698134,0.20566113762387322,0.005,200.0,0.0,0.0,0.0,200.0,0.0,0.0,0.0,200.0,10.0,0.0,0.0,0.0,10.0,0.0,0.0,0.0,10.0
3.736622770461744,1.0282312098453992,0.20626367391358008,0.005,200.0,0.0,0.0,0.0,200.0,0.0,0.0,0.0,200.0,10.0,0.0,0.0,0.0,10.0,0.0,0.0,0.0,10.0
3.7376229371561926,1.027926572820985,0.20686621020328655,0.005,200.0,0.0,0.0,0.0,200.0,0.0,0.0,0.0,200.0,10.0,0.0,0.0,0.0,10.0,0.0,0.0,0.0,10.0
3.738623103850642,1.0276219357965708,0.20746874649299343,0.005,200.0,0.0,0.0,0.0,200.0,0.0,0.0,0.0,200.0,10.0,0.0,0.0,0.0,10.0,0.0,0.0,0.0,10.0
3.739623270545091,1.0273172987721566,0.2080712827826999,0.005,200.0,0.0,0.0,0.0,200.0,0.0,0.0,0.0,200.0,10.0,0.0,0.0,0.0,10.0,0.0,0.0,0.0,10.0
3.74062343723954,1.0270126617477424,0.20867381907240676,0.005,200.0,0.0,0.0,0.0,200.0,0.0,0.0,0.0,200.0,10.0,0.0,0.0,0.0,10.0,0.0,0.0,0.0,10.0
3.741623603933989,1.0267080247233284,0.20927635536211323,0.005,200.0,0.0,0.0,0.0,200.0,0.0,0.0,0.0,200.0,10.0,0.0,0.0,0.0,10.0,0.0,0.0,0.0,10.0
3.7426237706284384,1.0264033876989143,0.2098788916518197,0.005,200.0,0.0,0.0,0.0,200.0,0.0,0.0,0.0,200.0,10.0,0.0,0.0,0.0,10.0,0.0,0.0,0.0,10.0
3.7436239373228872,1.0260987506745,0.21048142794152655,0.005,200.0,0.0,0.0,0.0,200.0,0.0,0.0,0.0,200.0,10.0,0.0,0.0,0.0,10.0,0.0,0.0,0.0,10.0
3.7446241040173365,1.025794113650086,0.21108396423123302,0.005,200.0,0.0,0.0,0.0,200.0,0.0,0.0,0.0,200.0,10.0,0.0,0.0,0.0,10.0,0.0,0.0,0.0,10.0
3.7456242707117853,1.0254894766256717,0.21168650052093987,0.005,200.0,0.0,0.0,0.0,200.0,0.0,0.0,0.0,200.0,10.0,0.0,0.0,0.0,10.0,0.0,0.0,0.0,10.0
3.7466244374062345,1.0251848396012577,0.21228903681064634,0.005,200.0,0.0,0.0,0.0,200.0,0.0,0.0,0.0,200.0,10.0,0.0,0.0,0.0,10.0,0.0,0.0,0.0,10.0
3.7476246041006838,1.0248802025768435,0.2128915731003528,0.005,200.0,0.0,0.0,0.0,200.0,0.0,0.0,0.0,200.0,10.0,0.0,0.0,0.0,10.0,0.0,0.0,0.0,10.0
3.7486247707951326,1.0245755655524293,0.2134941093900597,0.005,200.0,0.0,0.0,0.0,200.0,0.0,0.0,0.0,200.0,10.0,0.0,0.0,0.0,10.0,0.0,0.0,0.0,10.0
3.749624937489582,1.0242709285280154,0.21409664567976613,0.005,200.0,0.0,0.0,0.0,200.0,0.0,0.0,0.0,200.0,10.0,0.0,0.0,0.0,10.0,0.0,0.0,0.0,10.0
3.7506251041840306,1.023966291503601,0.21469918196947302,0.005,200.0,0.0,0.0,0.0,200.0,0.0,0.0,0.0,200.0,10.0,0.0,0.0,0.0,10.0,0.0,0.0,0.0,10.0
3.75162527087848,1.023661654479187,0.2153017182591795,0.005,200.0,0.0,0.0,0.0,200.0,0.0,0.0,0.0,200.0,10.0,0.0,0.0,0.0,10.0,0.0,0.0,0.0,10.0
3.752625437572929,1.0233612948009265,0.21588935303994045,0.005,200.0,0.0,0.0,0.0,200.0,0.0,0.0,0.0,200.0,10.0,0.0,0.0,0.0,10.0,0.0,0.0,0.0,10.0
3.753625604267378,1.0230931985336535,0.21636458786751228,0.005,200.0,0.0,0.0,0.0,200.0,0.0,0.0,0.0,200.0,10.0,0.0,0.0,0.0,10.0,0.0,0.0,0.0,10.0
3.754625770961827,1.0228251022663808,0.21683982269508378,0.005,200.0,0.0,0.0,0.0,200.0,0.0,0.0,0.0,200.0,10.0,0.0,0.0,0.0,10.0,0.0,0.0,0.0,10.0
3.7556259376562764,1.0225570059991078,0.21731505752265562,0.005,200.0,0.0,0.0,0.0,200.0,0.0,0.0,0.0,200.0,10.0,0.0,0.0,0.0,10.0,0.0,0.0,0.0,10.0
3.756626104350725,1.022288909731835,0.21779029235022712,0.005,200.0,0.0,0.0,0.0,200.0,0.0,0.0,0.0,200.0,10.0,0.0,0.0,0.0,10.0,0.0,0.0,0.0,10.0
3.7576262710451744,1.022020813464562,0.21826552717779896,0.005,200.0,0.0,0.0,0.0,200.0,0.0,0.0,0.0,200.0,10.0,0.0,0.0,0.0,10.0,0.0,0.0,0.0,10.0
3.7586264377396232,1.021752717197289,0.21874076200537046,0.005,200.0,0.0,0.0,0.0,200.0,0.0,0.0,0.0,200.0,10.0,0.0,0.0,0.0,10.0,0.0,0.0,0.0,10.0
3.7596266044340725,1.0214846209300164,0.21921599683294196,0.005,200.0,0.0,0.0,0.0,200.0,0.0,0.0,0.0,200.0,10.0,0.0,0.0,0.0,10.0,0.0,0.0,0.0,10.0
3.7606267711285217,1.0212165246627434,0.2196912316605138,0.005,200.0,0.0,0.0,0.0,200.0,0.0,0.0,0.0,200.0,10.0,0.0,0.0,0.0,10.0,0.0,0.0,0.0,10.0
3.7616269378229705,1.0209484283954706,0.2201664664880853,0.005,200.0,0.0,0.0,0.0,200.0,0.0,0.0,0.0,200.0,10.0,0.0,0.0,0.0,10.0,0.0,0.0,0.0,10.0
3.7626271045174198,1.0206803321281976,0.22064170131565713,0.005,200.0,0.0,0.0,0.0,200.0,0.0,0.0,0.0,200.0,10.0,0.0,0.0,0.0,10.0,0.0,0.0,0.0,10.0
3.7636272712118686,1.0204122358609249,0.22111693614322864,0.005,200.0,0.0,0.0,0.0,200.0,0.0,0.0,0.0,200.0,10.0,0.0,0.0,0.0,10.0,0.0,0.0,0.0,10.0
3.764627437906318,1.020144139593652,0.22159217097080014,0.005,200.0,0.0,0.0,0.0,200.0,0.0,0.0,0.0,200.0,10.0,0.0,0.0,0.0,10.0,0.0,0.0,0.0,10.0
3.765627604600767,1.019876043326379,0.22206740579837198,0.005,200.0,0.0,0.0,0.0,200.0,0.0,0.0,0.0,200.0,10.0,0.0,0.0,0.0,10.0,0.0,0.0,0.0,10.0
3.766627771295216,1.0196079470591062,0.22254264062594348,0.005,200.0,0.0,0.0,0.0,200.0,0.0,0.0,0.0,200.0,10.0,0.0,0.0,0.0,10.0,0.0,0.0,0.0,10.0
3.767627937989665,1.0193398507918332,0.2230178754535153,0.005,200.0,0.0,0.0,0.0,200.0,0.0,0.0,0.0,200.0,10.0,0.0,0.0,0.0,10.0,0.0,0.0,0.0,10.0
3.7686281046841144,1.0190717545245604,0.22349311028108682,0.005,200.0,0.0,0.0,0.0,200.0,0.0,0.0,0.0,200.0,10.0,0.0,0.0,0.0,10.0,0.0,0.0,0.0,10.0
3.769628271378563,1.0188036582572877,0.22396834510865832,0.005,200.0,0.0,0.0,0.0,200.0,0.0,0.0,0.0,200.0,10.0,0.0,0.0,0.0,10.0,0.0,0.0,0.0,10.0
3.7706284380730124,1.0185355619900147,0.22444357993623015,0.005,200.0,0.0,0.0,0.0,200.0,0.0,0.0,0.0,200.0,10.0,0.0,0.0,0.0,10.0,0.0,0.0,0.0,10.0
3.771628604767461,1.0182674657227417,0.22491881476380166,0.005,200.0,0.0,0.0,0.0,200.0,0.0,0.0,0.0,200.0,10.0,0.0,0.0,0.0,10.0,0.0,0.0,0.0,10.0
3.7726287714619104,1.0179993697734133,0.225392305348233,0.005,200.0,0.0,0.0,0.0,200.0,0.0,0.0,0.0,200.0,10.0,0.0,0.0,0.0,10.0,0.0,0.0,0.0,10.0
3.7736289381563597,1.017731279447727,0.22583494463211723,0.005,200.0,0.0,0.0,0.0,200.0,0.0,0.0,0.0,200.0,10.0,0.0,0.0,0.0,10.0,0.0,0.0,0.0,10.0
3.7746291048508085,1.0174631891220405,0.22627758391600172,0.005,200.0,0.0,0.0,0.0,200.0,0.0,0.0,0.0,200.0,10.0,0.0,0.0,0.0,10.0,0.0,0.0,0.0,10.0
3.7756292715452577,1.0171950987963543,0.22672022319988594,0.005,200.0,0.0,0.0,0.0,200.0,0.0,0.0,0.0,200.0,10.0,0.0,0.0,0.0,10.0,0.0,0.0,0.0,10.0
3.7766294382397065,1.016927008470668,0.22716286248377013,0.005,200.0,0.0,0.0,0.0,200.0,0.0,0.0,0.0,200.0,10.0,0.0,0.0,0.0,10.0,0.0,0.0,0.0,10.0
3.777629604934156,1.0166589181449814,0.22760550176765462,0.005,200.0,0.0,0.0,0.0,200.0,0.0,0.0,0.0,200.0,10.0,0.0,0.0,0.0,10.0,0.0,0.0,0.0,10.0
3.778629771628605,1.0163908278192952,0.22804814105153884,0.005,200.0,0.0,0.0,0.0,200.0,0.0,0.0,0.0,200.0,10.0,0.0,0.0,0.0,10.0,0.0,0.0,0.0,10.0
3.779629938323054,1.0161227374936088,0.22849078033542333,0.005,200.0,0.0,0.0,0.0,200.0,0.0,0.0,0.0,200.0,10.0,0.0,0.0,0.0,10.0,0.0,0.0,0.0,10.0
3.780630105017503,1.0158546471679226,0.22893341961930755,0.005,200.0,0.0,0.0,0.0,200.0,0.0,0.0,0.0,200.0,10.0,0.0,0.0,0.0,10.0,0.0,0.0,0.0,10.0
3.7816302717119523,1.0155865568422362,0.22937605890319174,0.005,200.0,0.0,0.0,0.0,200.0,0.0,0.0,0.0,200.0,10.0,0.0,0.0,0.0,10.0,0.0,0.0,0.0,10.0
3.782630438406401,1.0153184665165498,0.22981869818707623,0.005,200.0,0.0,0.0,0.0,200.0,0.0,0.0,0.0,200.0,10.0,0.0,0.0,0.0,10.0,0.0,0.0,0.0,10.0
3.7836306051008504,1.0150503761908636,0.23026133747096045,0.005,200.0,0.0,0.0,0.0,200.0,0.0,0.0,0.0,200.0,10.0,0.0,0.0,0.0,10.0,0.0,0.0,0.0,10.0
3.784630771795299,1.014782285865177,0.23070397675484494,0.005,200.0,0.0,0.0,0.0,200.0,0.0,0.0,0.0,200.0,10.0,0.0,0.0,0.0,10.0,0.0,0.0,0.0,10.0
3.7856309384897484,1.0145141955394907,0.23114661603872916,0.005,200.0,0.0,0.0,0.0,200.0,0.0,0.0,0.0,200.0,10.0,0.0,0.0,0.0,10.0,0.0,0.0,0.0,10.0
3.7866311051841977,1.0142461052138045,0.23158925532261335,0.005,200.0,0.0,0.0,0.0,200.0,0.0,0.0,0.0,200.0,10.0,0.0,0.0,0.0,10.0,0.0,0.0,0.0,10.0
3.7876312718786465,1.0139780148881181,0.23203189460649784,0.005,200.0,0.0,0.0,0.0,200.0,0.0,0.0,0.0,200.0,10.0,0.0,0.0,0.0,10.0,0.0,0.0,0.0,10.0
3.7886314385730957,1.0137099245624317,0.23247453389038206,0.005,200.0,0.0,0.0,0.0,200.0,0.0,0.0,0.0,200.0,10.0,0.0,0.0,0.0,10.0,0.0,0.0,0.0,10.0
3.789631605267545,1.0134418342367453,0.23291717317426655,0.005,200.0,0.0,0.0,0.0,200.0,0.0,0.0,0.0,200.0,10.0,0.0,0.0,0.0,10.0,0.0,0.0,0.0,10.0
3.7906317719619937,1.013173743911059,0.23335981245815077,0.005,200.0,0.0,0.0,0.0,200.0,0.0,0.0,0.0,200.0,10.0,0.0,0.0,0.0,10.0,0.0,0.0,0.0,10.0
3.791631938656443,1.0129056535853727,0.23380245174203526,0.005,200.0,0.0,0.0,0.0,200.0,0.0,0.0,0.0,200.0,10.0,0.0,0.0,0.0,10.0,0.0,0.0,0.0,10.0
3.792632105350892,1.0126375632596862,0.23424509102591945,0.005,200.0,0.0,0.0,0.0,200.0,0.0,0.0,0.0,200.0,10.0,0.0,0.0,0.0,10.0,0.0,0.0,0.0,10.0
3.793632272045341,1.0123156411267458,0.23480795928688297,0.005,200.0,0.0,0.0,0.0,200.0,0.0,0.0,0.0,200.0,10.0,0.0,0.0,0.0,10.0,0.0,0.0,0.0,10.0
3.7946324387397903,1.0119931734011638,0.23537204608477677,0.005,200.0,0.0,0.0,0.0,200.0,0.0,0.0,0.0,200.0,10.0,0.0,0.0,0.0,10.0,0.0,0.0,0.0,10.0
3.795632605434239,1.011670705675582,0.23593613288267015,0.005,200.0,0.0,0.0,0.0,200.0,0.0,0.0,0.0,200.0,10.0,0.0,0.0,0.0,10.0,0.0,0.0,0.0,10.0
3.7966327721286883,1.0113482379500003,0.23650021968056392,0.005,200.0,0.0,0.0,0.0,200.0,0.0,0.0,0.0,200.0,10.0,0.0,0.0,0.0,10.0,0.0,0.0,0.0,10.0
3.797632938823137,1.0110257702244185,0.23706430647845733,0.005,200.0,0.0,0.0,0.0,200.0,0.0,0.0,0.0,200.0,10.0,0.0,0.0,0.0,10.0,0.0,0.0,0.0,10.0
3.7986331055175864,1.0107033024988368,0.23762839327635074,0.005,200.0,0.0,0.0,0.0,200.0,0.0,0.0,0.0,200.0,10.0,0.0,0.0,0.0,10.0,0.0,0.0,0.0,10.0
3.7996332722120356,1.010380834773255,0.2381924800742445,0.005,200.0,0.0,0.0,0.0,200.0,0.0,0.0,0.0,200.0,10.0,0.0,0.0,0.0,10.0,0.0,0.0,0.0,10.0
3.8006334389064844,1.0100583670476733,0.23875656687213792,0.005,200.0,0.0,0.0,0.0,200.0,0.0,0.0,0.0,200.0,10.0,0.0,0.0,0.0,10.0,0.0,0.0,0.0,10.0
3.8016336056009337,1.0097358993220913,0.2393206536700317,0.005,200.0,0.0,0.0,0.0,200.0,0.0,0.0,0.0,200.0,10.0,0.0,0.0,0.0,10.0,0.0,0.0,0.0,10.0
3.802633772295383,1.0094134315965098,0.23988474046792507,0.005,200.0,0.0,0.0,0.0,200.0,0.0,0.0,0.0,200.0,10.0,0.0,0.0,0.0,10.0,0.0,0.0,0.0,10.0
3.8036339389898317,1.009090963870928,0.24044882726581848,0.005,200.0,0.0,0.0,0.0,200.0,0.0,0.0,0.0,200.0,10.0,0.0,0.0,0.0,10.0,0.0,0.0,0.0,10.0
3.804634105684281,1.008768496145346,0.24101291406371225,0.005,200.0,0.0,0.0,0.0,200.0,0.0,0.0,0.0,200.0,10.0,0.0,0.0,0.0,10.0,0.0,0.0,0.0,10.0
3.8056342723787298,1.0084460284197643,0.24157700086160566,0.005,200.0,0.0,0.0,0.0,200.0,0.0,0.0,0.0,200.0,10.0,0.0,0.0,0.0,10.0,0.0,0.0,0.0,10.0
3.806634439073179,1.0081235606941825,0.24214108765949943,0.005,200.0,0.0,0.0,0.0,200.0,0.0,0.0,0.0,200.0,10.0,0.0,0.0,0.0,10.0,0.0,0.0,0.0,10.0
3.8076346057676282,1.0078010929686008,0.24270517445739284,0.005,200.0,0.0,0.0,0.0,200.0,0.0,0.0,0.0,200.0,10.0,0.0,0.0,0.0,10.0,0.0,0.0,0.0,10.0
3.808634772462077,1.0074786252430188,0.2432692612552866,0.005,200.0,0.0,0.0,0.0,200.0,0.0,0.0,0.0,200.0,10.0,0.0,0.0,0.0,10.0,0.0,0.0,0.0,10.0
3.8096349391565263,1.0071561575174373,0.24383334805318002,0.005,200.0,0.0,0.0,0.0,200.0,0.0,0.0,0.0,200.0,10.0,0.0,0.0,0.0,10.0,0.0,0.0,0.0,10.0
3.810635105850975,1.0068336897918555,0.2443974348510734,0.005,200.0,0.0,0.0,0.0,200.0,0.0,0.0,0.0,200.0,10.0,0.0,0.0,0.0,10.0,0.0,0.0,0.0,10.0
3.8116352725454243,1.0065112220662735,0.24496152164896717,0.005,200.0,0.0,0.0,0.0,200.0,0.0,0.0,0.0,200.0,10.0,0.0,0.0,0.0,10.0,0.0,0.0,0.0,10.0
3.8126354392398736,1.006188754340692,0.24552560844686058,0.005,200.0,0.0,0.0,0.0,200.0,0.0,0.0,0.0,200.0,10.0,0.0,0.0,0.0,10.0,0.0,0.0,0.0,10.0
3.8136356059343224,1.0057624348562386,0.24621958562902146,0.005,200.0,0.0,0.0,0.0,200.0,0.0,0.0,0.0,200.0,10.0,0.0,0.0,0.0,10.0,0.0,0.0,0.0,10.0
3.8146357726287716,1.0053278672176513,0.24692387901498655,0.005,200.0,0.0,0.0,0.0,200.0,0.0,0.0,0.0,200.0,10.0,0.0,0.0,0.0,10.0,0.0,0.0,0.0,10.0
3.815635939323221,1.0048932995790643,0.2476281724009516,0.005,200.0,0.0,0.0,0.0,200.0,0.0,0.0,0.0,200.0,10.0,0.0,0.0,0.0,10.0,0.0,0.0,0.0,10.0
3.8166361060176697,1.0044587319404767,0.24833246578691717,0.005,200.0,0.0,0.0,0.0,200.0,0.0,0.0,0.0,200.0,10.0,0.0,0.0,0.0,10.0,0.0,0.0,0.0,10.0
3.817636272712119,1.0040241643018895,0.24903675917288223,0.005,200.0,0.0,0.0,0.0,200.0,0.0,0.0,0.0,200.0,10.0,0.0,0.0,0.0,10.0,0.0,0.0,0.0,10.0
3.8186364394065677,1.003589596663302,0.24974105255884776,0.005,200.0,0.0,0.0,0.0,200.0,0.0,0.0,0.0,200.0,10.0,0.0,0.0,0.0,10.0,0.0,0.0,0.0,10.0
3.819636606101017,1.0031550290247147,0.2504453459448128,0.005,200.0,0.0,0.0,0.0,200.0,0.0,0.0,0.0,200.0,10.0,0.0,0.0,0.0,10.0,0.0,0.0,0.0,10.0
3.820636772795466,1.0027204613861274,0.25114963933077794,0.005,200.0,0.0,0.0,0.0,200.0,0.0,0.0,0.0,200.0,10.0,0.0,0.0,0.0,10.0,0.0,0.0,0.0,10.0
3.821636939489915,1.0022858937475398,0.25185393271674344,0.005,200.0,0.0,0.0,0.0,200.0,0.0,0.0,0.0,200.0,10.0,0.0,0.0,0.0,10.0,0.0,0.0,0.0,10.0
3.8226371061843643,1.0018513261089528,0.25255822610270856,0.005,200.0,0.0,0.0,0.0,200.0,0.0,0.0,0.0,200.0,10.0,0.0,0.0,0.0,10.0,0.0,0.0,0.0,10.0
3.8236372728788135,1.0014167584703653,0.25326251948867406,0.005,200.0,0.0,0.0,0.0,200.0,0.0,0.0,0.0,200.0,10.0,0.0,0.0,0.0,10.0,0.0,0.0,0.0,10.0
3.8246374395732623,1.000982190831778,0.2539668128746391,0.005,200.0,0.0,0.0,0.0,200.0,0.0,0.0,0.0,200.0,10.0,0.0,0.0,0.0,10.0,0.0,0.0,0.0,10.0
3.8256376062677115,1.0005476231931905,0.2546711062606047,0.005,200.0,0.0,0.0,0.0,200.0,0.0,0.0,0.0,200.0,10.0,0.0,0.0,0.0,10.0,0.0,0.0,0.0,10.0
3.8266377729621603,1.0001130555546032,0.25537539964656975,0.005,200.0,0.0,0.0,0.0,200.0,0.0,0.0,0.0,200.0,10.0,0.0,0.0,0.0,10.0,0.0,0.0,0.0,10.0
3.8276379396566096,0.999678487916016,0.25607969303253486,0.005,200.0,0.0,0.0,0.0,200.0,0.0,0.0,0.0,200.0,10.0,0.0,0.0,0.0,10.0,0.0,0.0,0.0,10.0
3.828638106351059,0.9992439202774285,0.25678398641850037,0.005,200.0,0.0,0.0,0.0,200.0,0.0,0.0,0.0,200.0,10.0,0.0,0.0,0.0,10.0,0.0,0.0,0.0,10.0
3.8296382730455076,0.9988093526388412,0.2574882798044654,0.005,200.0,0.0,0.0,0.0,200.0,0.0,0.0,0.0,200.0,10.0,0.0,0.0,0.0,10.0,0.0,0.0,0.0,10.0
3.830638439739957,0.9983747850002537,0.258192573190431,0.005,200.0,0.0,0.0,0.0,200.0,0.0,0.0,0.0,200.0,10.0,0.0,0.0,0.0,10.0,0.0,0.0,0.0,10.0
3.8316386064344057,0.9979402173616665,0.25889686657639605,0.005,200.0,0.0,0.0,0.0,200.0,0.0,0.0,0.0,200.0,10.0,0.0,0.0,0.0,10.0,0.0,0.0,0.0,10.0
3.832638773128855,0.9975056497230792,0.25960115996236116,0.005,200.0,0.0,0.0,0.0,200.0,0.0,0.0,0.0,200.0,10.0,0.0,0.0,0.0,10.0,0.0,0.0,0.0,10.0
3.833638939823304,0.9970891593714359,0.26015433292028045,0.005,200.0,0.0,0.0,0.0,200.0,0.0,0.0,0.0,200.0,10.0,0.0,0.0,0.0,10.0,0.0,0.0,0.0,10.0
3.834639106517753,0.9966755417669431,0.2606834906163781,0.005,200.0,0.0,0.0,0.0,200.0,0.0,0.0,0.0,200.0,10.0,0.0,0.0,0.0,10.0,0.0,0.0,0.0,10.0
3.835639273212202,0.9962619241624499,0.26121264831247604,0.005,200.0,0.0,0.0,0.0,200.0,0.0,0.0,0.0,200.0,10.0,0.0,0.0,0.0,10.0,0.0,0.0,0.0,10.0
3.8366394399066515,0.995848306557957,0.2617418060085736,0.005,200.0,0.0,0.0,0.0,200.0,0.0,0.0,0.0,200.0,10.0,0.0,0.0,0.0,10.0,0.0,0.0,0.0,10.0
3.8376396066011003,0.9954346889534641,0.26227096370467123,0.005,200.0,0.0,0.0,0.0,200.0,0.0,0.0,0.0,200.0,10.0,0.0,0.0,0.0,10.0,0.0,0.0,0.0,10.0
3.8386397732955495,0.9950210713489709,0.2628001214007692,0.005,200.0,0.0,0.0,0.0,200.0,0.0,0.0,0.0,200.0,10.0,0.0,0.0,0.0,10.0,0.0,0.0,0.0,10.0
3.8396399399899983,0.994607453744478,0.26332927909686676,0.005,200.0,0.0,0.0,0.0,200.0,0.0,0.0,0.0,200.0,10.0,0.0,0.0,0.0,10.0,0.0,0.0,0.0,10.0
3.8406401066844476,0.9941938361399848,0.2638584367929647,0.005,200.0,0.0,0.0,0.0,200.0,0.0,0.0,0.0,200.0,10.0,0.0,0.0,0.0,10.0,0.0,0.0,0.0,10.0
3.841640273378897,0.9937802185354919,0.26438759448906235,0.005,200.0,0.0,0.0,0.0,200.0,0.0,0.0,0.0,200.0,10.0,0.0,0.0,0.0,10.0,0.0,0.0,0.0,10.0
3.8426404400733456,0.9933666009309987,0.2649167521851603,0.005,200.0,0.0,0.0,0.0,200.0,0.0,0.0,0.0,200.0,10.0,0.0,0.0,0.0,10.0,0.0,0.0,0.0,10.0
3.843640606767795,0.9929529833265058,0.2654459098812579,0.005,200.0,0.0,0.0,0.0,200.0,0.0,0.0,0.0,200.0,10.0,0.0,0.0,0.0,10.0,0.0,0.0,0.0,10.0
3.8446407734622436,0.9925393657220128,0.2659750675773555,0.005,200.0,0.0,0.0,0.0,200.0,0.0,0.0,0.0,200.0,10.0,0.0,0.0,0.0,10.0,0.0,0.0,0.0,10.0
3.845640940156693,0.9921257481175197,0.26650422527345347,0.005,200.0,0.0,0.0,0.0,200.0,0.0,0.0,0.0,200.0,10.0,0.0,0.0,0.0,10.0,0.0,0.0,0.0,10.0
3.846641106851142,0.9917121305130268,0.26703338296955104,0.005,200.0,0.0,0.0,0.0,200.0,0.0,0.0,0.0,200.0,10.0,0.0,0.0,0.0,10.0,0.0,0.0,0.0,10.0
3.847641273545591,0.9912985129085337,0.267562540665649,0.005,200.0,0.0,0.0,0.0,200.0,0.0,0.0,0.0,200.0,10.0,0.0,0.0,0.0,10.0,0.0,0.0,0.0,10.0
3.84864144024004,0.9908848953040407,0.2680916983617466,0.005,200.0,0.0,0.0,0.0,200.0,0.0,0.0,0.0,200.0,10.0,0.0,0.0,0.0,10.0,0.0,0.0,0.0,10.0
3.8496416069344894,0.9904712776995478,0.2686208560578442,0.005,200.0,0.0,0.0,0.0,200.0,0.0,0.0,0.0,200.0,10.0,0.0,0.0,0.0,10.0,0.0,0.0,0.0,10.0
3.8506417736289382,0.9900576600950546,0.26915001375394215,0.005,200.0,0.0,0.0,0.0,200.0,0.0,0.0,0.0,200.0,10.0,0.0,0.0,0.0,10.0,0.0,0.0,0.0,10.0
3.8516419403233875,0.9896440424905617,0.2696791714500398,0.005,200.0,0.0,0.0,0.0,200.0,0.0,0.0,0.0,200.0,10.0,0.0,0.0,0.0,10.0,0.0,0.0,0.0,10.0
3.8526421070178363,0.9892304248860685,0.27020832914613774,0.005,200.0,0.0,0.0,0.0,200.0,0.0,0.0,0.0,200.0,10.0,0.0,0.0,0.0,10.0,0.0,0.0,0.0,10.0
3.8536422737122855,0.9888169877547824,0.27069025866626434,0.005,200.0,0.0,0.0,0.0,200.0,0.0,0.0,0.0,200.0,10.0,0.0,0.0,0.0,10.0,0.0,0.0,0.0,10.0
3.8546424404067348,0.9884035959305776,0.2711603317405405,0.005,200.0,0.0,0.0,0.0,200.0,0.0,0.0,0.0,200.0,10.0,0.0,0.0,0.0,10.0,0.0,0.0,0.0,10.0
3.8556426071011836,0.9879902041063724,0.27163040481481693,0.005,200.0,0.0,0.0,0.0,200.0,0.0,0.0,0.0,200.0,10.0,0.0,0.0,0.0,10.0,0.0,0.0,0.0,10.0
3.856642773795633,0.9875768122821675,0.2721004778890931,0.005,200.0,0.0,0.0,0.0,200.0,0.0,0.0,0.0,200.0,10.0,0.0,0.0,0.0,10.0,0.0,0.0,0.0,10.0
3.8576429404900816,0.9871634204579623,0.2725705509633696,0.005,200.0,0.0,0.0,0.0,200.0,0.0,0.0,0.0,200.0,10.0,0.0,0.0,0.0,10.0,0.0,0.0,0.0,10.0
3.858643107184531,0.9867500286337575,0.2730406240376457,0.005,200.0,0.0,0.0,0.0,200.0,0.0,0.0,0.0,200.0,10.0,0.0,0.0,0.0,10.0,0.0,0.0,0.0,10.0
3.85964327387898,0.9863366368095523,0.27351069711192216,0.005,200.0,0.0,0.0,0.0,200.0,0.0,0.0,0.0,200.0,10.0,0.0,0.0,0.0,10.0,0.0,0.0,0.0,10.0
3.860643440573429,0.9859232449853474,0.2739807701861983,0.005,200.0,0.0,0.0,0.0,200.0,0.0,0.0,0.0,200.0,10.0,0.0,0.0,0.0,10.0,0.0,0.0,0.0,10.0
3.861643607267878,0.9855098531611426,0.2744508432604745,0.005,200.0,0.0,0.0,0.0,200.0,0.0,0.0,0.0,200.0,10.0,0.0,0.0,0.0,10.0,0.0,0.0,0.0,10.0
3.8626437739623274,0.9850964613369374,0.2749209163347509,0.005,200.0,0.0,0.0,0.0,200.0,0.0,0.0,0.0,200.0,10.0,0.0,0.0,0.0,10.0,0.0,0.0,0.0,10.0
3.863643940656776,0.9846830695127325,0.27539098940902706,0.005,200.0,0.0,0.0,0.0,200.0,0.0,0.0,0.0,200.0,10.0,0.0,0.0,0.0,10.0,0.0,0.0,0.0,10.0
3.8646441073512254,0.9842696776885274,0.27586106248330355,0.005,200.0,0.0,0.0,0.0,200.0,0.0,0.0,0.0,200.0,10.0,0.0,0.0,0.0,10.0,0.0,0.0,0.0,10.0
3.8656442740456742,0.9838562858643225,0.27633113555757965,0.005,200.0,0.0,0.0,0.0,200.0,0.0,0.0,0.0,200.0,10.0,0.0,0.0,0.0,10.0,0.0,0.0,0.0,10.0
3.8666444407401235,0.9834428940401176,0.2768012086318558,0.005,200.0,0.0,0.0,0.0,200.0,0.0,0.0,0.0,200.0,10.0,0.0,0.0,0.0,10.0,0.0,0.0,0.0,10.0
3.8676446074345727,0.9830295022159125,0.2772712817061323,0.005,200.0,0.0,0.0,0.0,200.0,0.0,0.0,0.0,200.0,10.0,0.0,0.0,0.0,10.0,0.0,0.0,0.0,10.0
3.8686447741290215,0.9826161103917076,0.27774135478040846,0.005,200.0,0.0,0.0,0.0,200.0,0.0,0.0,0.0,200.0,10.0,0.0,0.0,0.0,10.0,0.0,0.0,0.0,10.0
3.8696449408234708,0.9822027185675024,0.2782114278546849,0.005,200.0,0.0,0.0,0.0,200.0,0.0,0.0,0.0,200.0,10.0,0.0,0.0,0.0,10.0,0.0,0.0,0.0,10.0
3.87064510751792,0.9817893267432976,0.27868150092896105,0.005,200.0,0.0,0.0,0.0,200.0,0.0,0.0,0.0,200.0,10.0,0.0,0.0,0.0,10.0,0.0,0.0,0.0,10.0
3.871645274212369,0.9813759349190926,0.2791515740032372,0.005,200.0,0.0,0.0,0.0,200.0,0.0,0.0,0.0,200.0,10.0,0.0,0.0,0.0,10.0,0.0,0.0,0.0,10.0
3.872645440906818,0.9809625430948875,0.2796216470775137,0.005,200.0,0.0,0.0,0.0,200.0,0.0,0.0,0.0,200.0,10.0,0.0,0.0,0.0,10.0,0.0,0.0,0.0,10.0
3.873645607601267,0.9805334108355525,0.2801432978920109,0.005,200.0,0.0,0.0,0.0,200.0,0.0,0.0,0.0,200.0,10.0,0.0,0.0,0.0,10.0,0.0,0.0,0.0,10.0
3.874645774295716,0.9800986263290566,0.28068346980413333,0.005,200.0,0.0,0.0,0.0,200.0,0.0,0.0,0.0,200.0,10.0,0.0,0.0,0.0,10.0,0.0,0.0,0.0,10.0
3.8756459409901654,0.9796638418225612,0.2812236417162554,0.005,200.0,0.0,0.0,0.0,200.0,0.0,0.0,0.0,200.0,10.0,0.0,0.0,0.0,10.0,0.0,0.0,0.0,10.0
3.876646107684614,0.9792290573160657,0.28176381362837755,0.005,200.0,0.0,0.0,0.0,200.0,0.0,0.0,0.0,200.0,10.0,0.0,0.0,0.0,10.0,0.0,0.0,0.0,10.0
3.8776462743790634,0.97879427280957,0.28230398554049996,0.005,200.0,0.0,0.0,0.0,200.0,0.0,0.0,0.0,200.0,10.0,0.0,0.0,0.0,10.0,0.0,0.0,0.0,10.0
3.878646441073512,0.9783594883030745,0.2828441574526221,0.005,200.0,0.0,0.0,0.0,200.0,0.0,0.0,0.0,200.0,10.0,0.0,0.0,0.0,10.0,0.0,0.0,0.0,10.0
3.8796466077679614,0.9779247037965787,0.2833843293647445,0.005,200.0,0.0,0.0,0.0,200.0,0.0,0.0,0.0,200.0,10.0,0.0,0.0,0.0,10.0,0.0,0.0,0.0,10.0
3.8806467744624107,0.9774899192900833,0.2839245012768666,0.005,200.0,0.0,0.0,0.0,200.0,0.0,0.0,0.0,200.0,10.0,0.0,0.0,0.0,10.0,0.0,0.0,0.0,10.0
3.8816469411568595,0.9770551347835875,0.28446467318898905,0.005,200.0,0.0,0.0,0.0,200.0,0.0,0.0,0.0,200.0,10.0,0.0,0.0,0.0,10.0,0.0,0.0,0.0,10.0
3.8826471078513087,0.976620350277092,0.2850048451011111,0.005,200.0,0.0,0.0,0.0,200.0,0.0,0.0,0.0,200.0,10.0,0.0,0.0,0.0,10.0,0.0,0.0,0.0,10.0
3.883647274545758,0.9761855657705966,0.28554501701323326,0.005,200.0,0.0,0.0,0.0,200.0,0.0,0.0,0.0,200.0,10.0,0.0,0.0,0.0,10.0,0.0,0.0,0.0,10.0
3.8846474412402068,0.9757507812641009,0.28608518892535567,0.005,200.0,0.0,0.0,0.0,200.0,0.0,0.0,0.0,200.0,10.0,0.0,0.0,0.0,10.0,0.0,0.0,0.0,10.0
3.885647607934656,0.9753159967576054,0.2866253608374778,0.005,200.0,0.0,0.0,0.0,200.0,0.0,0.0,0.0,200.0,10.0,0.0,0.0,0.0,10.0,0.0,0.0,0.0,10.0
3.886647774629105,0.9748812122511096,0.2871655327496002,0.005,200.0,0.0,0.0,0.0,200.0,0.0,0.0,0.0,200.0,10.0,0.0,0.0,0.0,10.0,0.0,0.0,0.0,10.0
3.887647941323554,0.9744464277446141,0.2877057046617223,0.005,200.0,0.0,0.0,0.0,200.0,0.0,0.0,0.0,200.0,10.0,0.0,0.0,0.0,10.0,0.0,0.0,0.0,10.0
3.8886481080180033,0.9740116432381187,0.28824587657384443,0.005,200.0,0.0,0.0,0.0,200.0,0.0,0.0,0.0,200.0,10.0,0.0,0.0,0.0,10.0,0.0,0.0,0.0,10.0
3.889648274712452,0.9735768587316229,0.28878604848596684,0.005,200.0,0.0,0.0,0.0,200.0,0.0,0.0,0.0,200.0,10.0,0.0,0.0,0.0,10.0,0.0,0.0,0.0,10.0
3.8906484414069014,0.9731420742251274,0.289326220398089,0.005,200.0,0.0,0.0,0.0,200.0,0.0,0.0,0.0,200.0,10.0,0.0,0.0,0.0,10.0,0.0,0.0,0.0,10.0
3.89164860810135,0.9727072897186317,0.2898663923102114,0.005,200.0,0.0,0.0,0.0,200.0,0.0,0.0,0.0,200.0,10.0,0.0,0.0,0.0,10.0,0.0,0.0,0.0,10.0
3.8926487747957994,0.9722725052121363,0.29040656422233346,0.005,200.0,0.0,0.0,0.0,200.0,0.0,0.0,0.0,200.0,10.0,0.0,0.0,0.0,10.0,0.0,0.0,0.0,10.0
3.8936489414902486,0.971866332991836,0.2909241999898636,0.005,200.0,0.0,0.0,0.0,200.0,0.0,0.0,0.0,200.0,10.0,0.0,0.0,0.0,10.0,0.0,0.0,0.0,10.0
3.8946491081846975,0.9714741110404267,0.29143084798540386,0.005,200.0,0.0,0.0,0.0,200.0,0.0,0.0,0.0,200.0,10.0,0.0,0.0,0.0,10.0,0.0,0.0,0.0,10.0
3.8956492748791467,0.9710818890890176,0.29193749598094376,0.005,200.0,0.0,0.0,0.0,200.0,0.0,0.0,0.0,200.0,10.0,0.0,0.0,0.0,10.0,0.0,0.0,0.0,10.0
3.896649441573596,0.9706896671376083,0.29244414397648405,0.005,200.0,0.0,0.0,0.0,200.0,0.0,0.0,0.0,200.0,10.0,0.0,0.0,0.0,10.0,0.0,0.0,0.0,10.0
3.8976496082680447,0.9702974451861992,0.292950791972024,0.005,200.0,0.0,0.0,0.0,200.0,0.0,0.0,0.0,200.0,10.0,0.0,0.0,0.0,10.0,0.0,0.0,0.0,10.0
3.898649774962494,0.9699052232347899,0.29345743996756424,0.005,200.0,0.0,0.0,0.0,200.0,0.0,0.0,0.0,200.0,10.0,0.0,0.0,0.0,10.0,0.0,0.0,0.0,10.0
3.899649941656943,0.9695130012833808,0.2939640879631042,0.005,200.0,0.0,0.0,0.0,200.0,0.0,0.0,0.0,200.0,10.0,0.0,0.0,0.0,10.0,0.0,0.0,0.0,10.0
3.900650108351392,0.9691207793319717,0.29447073595864415,0.005,200.0,0.0,0.0,0.0,200.0,0.0,0.0,0.0,200.0,10.0,0.0,0.0,0.0,10.0,0.0,0.0,0.0,10.0
3.9016502750458413,0.9687285573805624,0.2949773839541844,0.005,200.0,0.0,0.0,0.0,200.0,0.0,0.0,0.0,200.0,10.0,0.0,0.0,0.0,10.0,0.0,0.0,0.0,10.0
3.90265044174029,0.9683363354291534,0.29548403194972434,0.005,200.0,0.0,0.0,0.0,200.0,0.0,0.0,0.0,200.0,10.0,0.0,0.0,0.0,10.0,0.0,0.0,0.0,10.0
3.9036506084347393,0.967944113477744,0.2959906799452646,0.005,200.0,0.0,0.0,0.0,200.0,0.0,0.0,0.0,200.0,10.0,0.0,0.0,0.0,10.0,0.0,0.0,0.0,10.0
3.9046507751291886,0.967551891526335,0.2964973279408045,0.005,200.0,0.0,0.0,0.0,200.0,0.0,0.0,0.0,200.0,10.0,0.0,0.0,0.0,10.0,0.0,0.0,0.0,10.0
3.9056509418236374,0.9671596695749259,0.2970039759363445,0.005,200.0,0.0,0.0,0.0,200.0,0.0,0.0,0.0,200.0,10.0,0.0,0.0,0.0,10.0,0.0,0.0,0.0,10.0
3.9066511085180866,0.9667674476235166,0.29751062393188477,0.005,200.0,0.0,0.0,0.0,200.0,0.0,0.0,0.0,200.0,10.0,0.0,0.0,0.0,10.0,0.0,0.0,0.0,10.0
3.9076512752125354,0.9663752256721075,0.29801727192742467,0.005,200.0,0.0,0.0,0.0,200.0,0.0,0.0,0.0,200.0,10.0,0.0,0.0,0.0,10.0,0.0,0.0,0.0,10.0
3.9086514419069847,0.9659830037206982,0.29852391992296495,0.005,200.0,0.0,0.0,0.0,200.0,0.0,0.0,0.0,200.0,10.0,0.0,0.0,0.0,10.0,0.0,0.0,0.0,10.0
3.909651608601434,0.9655907817692891,0.2990305679185049,0.005,200.0,0.0,0.0,0.0,200.0,0.0,0.0,0.0,200.0,10.0,0.0,0.0,0.0,10.0,0.0,0.0,0.0,10.0
3.9106517752958827,0.96519855981788,0.2995372159140448,0.005,200.0,0.0,0.0,0.0,200.0,0.0,0.0,0.0,200.0,10.0,0.0,0.0,0.0,10.0,0.0,0.0,0.0,10.0
3.911651941990332,0.9648063378664707,0.3000438639095851,0.005,200.0,0.0,0.0,0.0,200.0,0.0,0.0,0.0,200.0,10.0,0.0,0.0,0.0,10.0,0.0,0.0,0.0,10.0
3.9126521086847807,0.9644141159150618,0.30055051190512505,0.005,200.0,0.0,0.0,0.0,200.0,0.0,0.0,0.0,200.0,10.0,0.0,0.0,0.0,10.0,0.0,0.0,0.0,10.0
3.91365227537923,0.9638836668280486,0.3011289425324671,0.005,200.0,0.0,0.0,0.0,200.0,0.0,0.0,0.0,200.0,10.0,0.0,0.0,0.0,10.0,0.0,0.0,0.0,10.0
3.9146524420736792,0.9632643574395764,0.30175351913739556,0.005,200.0,0.0,0.0,0.0,200.0,0.0,0.0,0.0,200.0,10.0,0.0,0.0,0.0,10.0,0.0,0.0,0.0,10.0
3.915652608768128,0.9626450480511036,0.3023780957423245,0.005,200.0,0.0,0.0,0.0,200.0,0.0,0.0,0.0,200.0,10.0,0.0,0.0,0.0,10.0,0.0,0.0,0.0,10.0
3.9166527754625773,0.9620257386626314,0.303002672347253,0.005,200.0,0.0,0.0,0.0,200.0,0.0,0.0,0.0,200.0,10.0,0.0,0.0,0.0,10.0,0.0,0.0,0.0,10.0
3.9176529421570265,0.9614064292741591,0.30362724895218146,0.005,200.0,0.0,0.0,0.0,200.0,0.0,0.0,0.0,200.0,10.0,0.0,0.0,0.0,10.0,0.0,0.0,0.0,10.0
3.9186531088514753,0.9607871198856864,0.3042518255571104,0.005,200.0,0.0,0.0,0.0,200.0,0.0,0.0,0.0,200.0,10.0,0.0,0.0,0.0,10.0,0.0,0.0,0.0,10.0
3.9196532755459246,0.9601678104972141,0.3048764021620389,0.005,200.0,0.0,0.0,0.0,200.0,0.0,0.0,0.0,200.0,10.0,0.0,0.0,0.0,10.0,0.0,0.0,0.0,10.0
3.9206534422403734,0.9595485011087415,0.3055009787669678,0.005,200.0,0.0,0.0,0.0,200.0,0.0,0.0,0.0,200.0,10.0,0.0,0.0,0.0,10.0,0.0,0.0,0.0,10.0
3.9216536089348226,0.9589291917202691,0.3061255553718963,0.005,200.0,0.0,0.0,0.0,200.0,0.0,0.0,0.0,200.0,10.0,0.0,0.0,0.0,10.0,0.0,0.0,0.0,10.0
3.922653775629272,0.9583098823317969,0.30675013197682477,0.005,200.0,0.0,0.0,0.0,200.0,0.0,0.0,0.0,200.0,10.0,0.0,0.0,0.0,10.0,0.0,0.0,0.0,10.0
3.9236539423237207,0.9576905729433242,0.3073747085817537,0.005,200.0,0.0,0.0,0.0,200.0,0.0,0.0,0.0,200.0,10.0,0.0,0.0,0.0,10.0,0.0,0.0,0.0,10.0
3.92465410901817,0.957071263554852,0.3079992851866822,0.005,200.0,0.0,0.0,0.0,200.0,0.0,0.0,0.0,200.0,10.0,0.0,0.0,0.0,10.0,0.0,0.0,0.0,10.0
3.9256542757126187,0.9564519541663792,0.3086238617916111,0.005,200.0,0.0,0.0,0.0,200.0,0.0,0.0,0.0,200.0,10.0,0.0,0.0,0.0,10.0,0.0,0.0,0.0,10.0
3.926654442407068,0.955832644777907,0.3092484383965396,0.005,200.0,0.0,0.0,0.0,200.0,0.0,0.0,0.0,200.0,10.0,0.0,0.0,0.0,10.0,0.0,0.0,0.0,10.0
3.927654609101517,0.9552133353894346,0.3098730150014681,0.005,200.0,0.0,0.0,0.0,200.0,0.0,0.0,0.0,200.0,10.0,0.0,0.0,0.0,10.0,0.0,0.0,0.0,10.0
3.928654775795966,0.954594026000962,0.310497591606397,0.005,200.0,0.0,0.0,0.0,200.0,0.0,0.0,0.0,200.0,10.0,0.0,0.0,0.0,10.0,0.0,0.0,0.0,10.0
3.9296549424904152,0.9539747166124897,0.3111221682113255,0.005,200.0,0.0,0.0,0.0,200.0,0.0,0.0,0.0,200.0,10.0,0.0,0.0,0.0,10.0,0.0,0.0,0.0,10.0
3.9306551091848645,0.953355407224017,0.3117467448162544,0.005,200.0,0.0,0.0,0.0,200.0,0.0,0.0,0.0,200.0,10.0,0.0,0.0,0.0,10.0,0.0,0.0,0.0,10.0
3.9316552758793133,0.9527360978355447,0.3123713214211829,0.005,200.0,0.0,0.0,0.0,200.0,0.0,0.0,0.0,200.0,10.0,0.0,0.0,0.0,10.0,0.0,0.0,0.0,10.0
3.9326554425737625,0.952116788447072,0.31299589802611183,0.005,200.0,0.0,0.0,0.0,200.0,0.0,0.0,0.0,200.0,10.0,0.0,0.0,0.0,10.0,0.0,0.0,0.0,10.0
3.9336556092682113,0.9514965089604663,0.31350851089264037,0.005,200.0,0.0,0.0,0.0,200.0,0.0,0.0,0.0,200.0,10.0,0.0,0.0,0.0,10.0,0.0,0.0,0.0,10.0
3.9346557759626606,0.9508754200668292,0.3139277061614855,0.005,200.0,0.0,0.0,0.0,200.0,0.0,0.0,0.0,200.0,10.0,0.0,0.0,0.0,10.0,0.0,0.0,0.0,10.0
3.93565594265711,0.9502543311731917,0.31434690143033095,0.005,200.0,0.0,0.0,0.0,200.0,0.0,0.0,0.0,200.0,10.0,0.0,0.0,0.0,10.0,0.0,0.0,0.0,10.0
3.9366561093515586,0.9496332422795546,0.3147660966991761,0.005,200.0,0.0,0.0,0.0,200.0,0.0,0.0,0.0,200.0,10.0,0.0,0.0,0.0,10.0,0.0,0.0,0.0,10.0
3.937656276046008,0.949012153385917,0.3151852919680216,0.005,200.0,0.0,0.0,0.0,200.0,0.0,0.0,0.0,200.0,10.0,0.0,0.0,0.0,10.0,0.0,0.0,0.0,10.0
3.9386564427404567,0.94839106449228,0.31560448723686674,0.005,200.0,0.0,0.0,0.0,200.0,0.0,0.0,0.0,200.0,10.0,0.0,0.0,0.0,10.0,0.0,0.0,0.0,10.0
3.939656609434906,0.9477699755986428,0.3160236825057119,0.005,200.0,0.0,0.0,0.0,200.0,0.0,0.0,0.0,200.0,10.0,0.0,0.0,0.0,10.0,0.0,0.0,0.0,10.0
3.940656776129355,0.9471488867050053,0.3164428777745573,0.005,200.0,0.0,0.0,0.0,200.0,0.0,0.0,0.0,200.0,10.0,0.0,0.0,0.0,10.0,0.0,0.0,0.0,10.0
3.941656942823804,0.9465277978113681,0.31686207304340247,0.005,200.0,0.0,0.0,0.0,200.0,0.0,0.0,0.0,200.0,10.0,0.0,0.0,0.0,10.0,0.0,0.0,0.0,10.0
3.942657109518253,0.9459067089177305,0.31728126831224795,0.005,200.0,0.0,0.0,0.0,200.0,0.0,0.0,0.0,200.0,10.0,0.0,0.0,0.0,10.0,0.0,0.0,0.0,10.0
3.9436572762127025,0.9452856200240934,0.3177004635810931,0.005,200.0,0.0,0.0,0.0,200.0,0.0,0.0,0.0,200.0,10.0,0.0,0.0,0.0,10.0,0.0,0.0,0.0,10.0
3.9446574429071513,0.9446645311304563,0.31811965884993826,0.005,200.0,0.0,0.0,0.0,200.0,0.0,0.0,0.0,200.0,10.0,0.0,0.0,0.0,10.0,0.0,0.0,0.0,10.0
3.9456576096016005,0.9440434422368188,0.3185388541187837,0.005,200.0,0.0,0.0,0.0,200.0,0.0,0.0,0.0,200.0,10.0,0.0,0.0,0.0,10.0,0.0,0.0,0.0,10.0
3.9466577762960493,0.9434223533431817,0.31895804938762884,0.005,200.0,0.0,0.0,0.0,200.0,0.0,0.0,0.0,200.0,10.0,0.0,0.0,0.0,10.0,0.0,0.0,0.0,10.0
3.9476579429904985,0.9428012644495442,0.3193772446564743,0.005,200.0,0.0,0.0,0.0,200.0,0.0,0.0,0.0,200.0,10.0,0.0,0.0,0.0,10.0,0.0,0.0,0.0,10.0
3.948658109684948,0.9421801755559069,0.3197964399253195,0.005,200.0,0.0,0.0,0.0,200.0,0.0,0.0,0.0,200.0,10.0,0.0,0.0,0.0,10.0,0.0,0.0,0.0,10.0
3.9496582763793966,0.9415590866622695,0.3202156351941649,0.005,200.0,0.0,0.0,0.0,200.0,0.0,0.0,0.0,200.0,10.0,0.0,0.0,0.0,10.0,0.0,0.0,0.0,10.0
3.950658443073846,0.9409379977686323,0.32063483046301006,0.005,200.0,0.0,0.0,0.0,200.0,0.0,0.0,0.0,200.0,10.0,0.0,0.0,0.0,10.0,0.0,0.0,0.0,10.0
3.951658609768295,0.9403169088749952,0.3210540257318552,0.005,200.0,0.0,0.0,0.0,200.0,0.0,0.0,0.0,200.0,10.0,0.0,0.0,0.0,10.0,0.0,0.0,0.0,10.0
3.952658776462744,0.9396958199813576,0.32147322100070064,0.005,200.0,0.0,0.0,0.0,200.0,0.0,0.0,0.0,200.0,10.0,0.0,0.0,0.0,10.0,0.0,0.0,0.0,10.0
3.953658943157193,0.939098122418374,0.32191692215439704,0.005,200.0,0.0,0.0,0.0,200.0,0.0,0.0,0.0,200.0,10.0,0.0,0.0,0.0,10.0,0.0,0.0,0.0,10.0
3.954659109851642,0.9385256030238017,0.32238700117026003,0.005,200.0,0.0,0.0,0.0,200.0,0.0,0.0,0.0,200.0,10.0,0.0,0.0,0.0,10.0,0.0,0.0,0.0,10.0
3.955659276546091,0.9379530836292298,0.32285708018612275,0.005,200.0,0.0,0.0,0.0,200.0,0.0,0.0,0.0,200.0,10.0,0.0,0.0,0.0,10.0,0.0,0.0,0.0,10.0
3.9566594432405404,0.937380564234658,0.3233271592019854,0.005,200.0,0.0,0.0,0.0,200.0,0.0,0.0,0.0,200.0,10.0,0.0,0.0,0.0,10.0,0.0,0.0,0.0,10.0
3.957659609934989,0.9368080448400857,0.3237972382178484,0.005,200.0,0.0,0.0,0.0,200.0,0.0,0.0,0.0,200.0,10.0,0.0,0.0,0.0,10.0,0.0,0.0,0.0,10.0
3.9586597766294385,0.9362355254455138,0.32426731723371105,0.005,200.0,0.0,0.0,0.0,200.0,0.0,0.0,0.0,200.0,10.0,0.0,0.0,0.0,10.0,0.0,0.0,0.0,10.0
3.9596599433238873,0.9356630060509415,0.32473739624957404,0.005,200.0,0.0,0.0,0.0,200.0,0.0,0.0,0.0,200.0,10.0,0.0,0.0,0.0,10.0,0.0,0.0,0.0,10.0
3.9606601100183365,0.9350904866563696,0.32520747526543675,0.005,200.0,0.0,0.0,0.0,200.0,0.0,0.0,0.0,200.0,10.0,0.0,0.0,0.0,10.0,0.0,0.0,0.0,10.0
3.9616602767127858,0.9345179672617977,0.3256775542812994,0.005,200.0,0.0,0.0,0.0,200.0,0.0,0.0,0.0,200.0,10.0,0.0,0.0,0.0,10.0,0.0,0.0,0.0,10.0
3.9626604434072346,0.9339454478672254,0.3261476332971624,0.005,200.0,0.0,0.0,0.0,200.0,0.0,0.0,0.0,200.0,10.0,0.0,0.0,0.0,10.0,0.0,0.0,0.0,10.0
3.963660610101684,0.9333729284726535,0.32661771231302505,0.005,200.0,0.0,0.0,0.0,200.0,0.0,0.0,0.0,200.0,10.0,0.0,0.0,0.0,10.0,0.0,0.0,0.0,10.0
3.964660776796133,0.9328004090780813,0.32708779132888804,0.005,200.0,0.0,0.0,0.0,200.0,0.0,0.0,0.0,200.0,10.0,0.0,0.0,0.0,10.0,0.0,0.0,0.0,10.0
3.965660943490582,0.9322278896835094,0.32755787034475076,0.005,200.0,0.0,0.0,0.0,200.0,0.0,0.0,0.0,200.0,10.0,0.0,0.0,0.0,10.0,0.0,0.0,0.0,10.0
3.966661110185031,0.9316553702889371,0.32802794936061375,0.005,200.0,0.0,0.0,0.0,200.0,0.0,0.0,0.0,200.0,10.0,0.0,0.0,0.0,10.0,0.0,0.0,0.0,10.0
3.96766127687948,0.9310828508943653,0.3284980283764764,0.005,200.0,0.0,0.0,0.0,200.0,0.0,0.0,0.0,200.0,10.0,0.0,0.0,0.0,10.0,0.0,0.0,0.0,10.0
3.968661443573929,0.9305103314997933,0.32896810739233906,0.005,200.0,0.0,0.0,0.0,200.0,0.0,0.0,0.0,200.0,10.0,0.0,0.0,0.0,10.0,0.0,0.0,0.0,10.0
3.9696616102683784,0.9299378121052211,0.32943818640820205,0.005,200.0,0.0,0.0,0.0,200.0,0.0,0.0,0.0,200.0,10.0,0.0,0.0,0.0,10.0,0.0,0.0,0.0,10.0
3.970661776962827,0.9293652927106492,0.32990826542406476,0.005,200.0,0.0,0.0,0.0,200.0,0.0,0.0,0.0,200.0,10.0,0.0,0.0,0.0,10.0,0.0,0.0,0.0,10.0
3.9716619436572764,0.9287927733160769,0.33037834443992775,0.005,200.0,0.0,0.0,0.0,200.0,0.0,0.0,0.0,200.0,10.0,0.0,0.0,0.0,10.0,0.0,0.0,0.0,10.0
3.9726621103517252,0.928220253921505,0.3308484234557904,0.005,200.0,0.0,0.0,0.0,200.0,0.0,0.0,0.0,200.0,10.0,0.0,0.0,0.0,10.0,0.0,0.0,0.0,10.0
3.9736622770461745,0.9276255665967656,0.331318499366727,0.005,200.0,0.0,0.0,0.0,200.0,0.0,0.0,0.0,200.0,10.0,0.0,0.0,0.0,10.0,0.0,0.0,0.0,10.0
3.9746624437406237,0.9270000215132329,0.3317885709556069,0.005,200.0,0.0,0.0,0.0,200.0,0.0,0.0,0.0,200.0,10.0,0.0,0.0,0.0,10.0,0.0,0.0,0.0,10.0
3.9756626104350725,0.9263744764297005,0.3322586425444864,0.005,200.0,0.0,0.0,0.0,200.0,0.0,0.0,0.0,200.0,10.0,0.0,0.0,0.0,10.0,0.0,0.0,0.0,10.0
3.9766627771295218,0.9257489313461676,0.3327287141333662,0.005,200.0,0.0,0.0,0.0,200.0,0.0,0.0,0.0,200.0,10.0,0.0,0.0,0.0,10.0,0.0,0.0,0.0,10.0
3.977662943823971,0.9251233862626352,0.3331987857222457,0.005,200.0,0.0,0.0,0.0,200.0,0.0,0.0,0.0,200.0,10.0,0.0,0.0,0.0,10.0,0.0,0.0,0.0,10.0
3.97866311051842,0.9244978411791028,0.3336688573111252,0.005,200.0,0.0,0.0,0.0,200.0,0.0,0.0,0.0,200.0,10.0,0.0,0.0,0.0,10.0,0.0,0.0,0.0,10.0
3.979663277212869,0.9238722960955701,0.33413892890000507,0.005,200.0,0.0,0.0,0.0,200.0,0.0,0.0,0.0,200.0,10.0,0.0,0.0,0.0,10.0,0.0,0.0,0.0,10.0
3.980663443907318,0.9232467510120377,0.3346090004888846,0.005,200.0,0.0,0.0,0.0,200.0,0.0,0.0,0.0,200.0,10.0,0.0,0.0,0.0,10.0,0.0,0.0,0.0,10.0
3.981663610601767,0.9226212059285048,0.33507907207776444,0.005,200.0,0.0,0.0,0.0,200.0,0.0,0.0,0.0,200.0,10.0,0.0,0.0,0.0,10.0,0.0,0.0,0.0,10.0
3.9826637772962163,0.9219956608449724,0.33554914366664396,0.005,200.0,0.0,0.0,0.0,200.0,0.0,0.0,0.0,200.0,10.0,0.0,0.0,0.0,10.0,0.0,0.0,0.0,10.0
3.983663943990665,0.9213701157614396,0.33601921525552375,0.005,200.0,0.0,0.0,0.0,200.0,0.0,0.0,0.0,200.0,10.0,0.0,0.0,0.0,10.0,0.0,0.0,0.0,10.0
3.9846641106851144,0.9207445706779072,0.33648928684440327,0.005,200.0,0.0,0.0,0.0,200.0,0.0,0.0,0.0,200.0,10.0,0.0,0.0,0.0,10.0,0.0,0.0,0.0,10.0
3.985664277379563,0.9201190255943748,0.3369593584332828,0.005,200.0,0.0,0.0,0.0,200.0,0.0,0.0,0.0,200.0,10.0,0.0,0.0,0.0,10.0,0.0,0.0,0.0,10.0
3.9866644440740124,0.919493480510842,0.33742943002216264,0.005,200.0,0.0,0.0,0.0,200.0,0.0,0.0,0.0,200.0,10.0,0.0,0.0,0.0,10.0,0.0,0.0,0.0,10.0
3.9876646107684617,0.9188679354273096,0.33789950161104215,0.005,200.0,0.0,0.0,0.0,200.0,0.0,0.0,0.0,200.0,10.0,0.0,0.0,0.0,10.0,0.0,0.0,0.0,10.0
3.9886647774629105,0.9182423903437767,0.338369573199922,0.005,200.0,0.0,0.0,0.0,200.0,0.0,0.0,0.0,200.0,10.0,0.0,0.0,0.0,10.0,0.0,0.0,0.0,10.0
3.9896649441573597,0.9176168452602443,0.33883964478880146,0.005,200.0,0.0,0.0,0.0,200.0,0.0,0.0,0.0,200.0,10.0,0.0,0.0,0.0,10.0,0.0,0.0,0.0,10.0
3.990665110851809,0.9169913001767119,0.33930971637768104,0.005,200.0,0.0,0.0,0.0,200.0,0.0,0.0,0.0,200.0,10.0,0.0,0.0,0.0,10.0,0.0,0.0,0.0,10.0
3.9916652775462578,0.9163657550931791,0.33977978796656083,0.005,200.0,0.0,0.0,0.0,200.0,0.0,0.0,0.0,200.0,10.0,0.0,0.0,0.0,10.0,0.0,0.0,0.0,10.0
3.992665444240707,0.9157402100096467,0.34024985955544035,0.005,200.0,0.0,0.0,0.0,200.0,0.0,0.0,0.0,200.0,10.0,0.0,0.0,0.0,10.0,0.0,0.0,0.0,10.0
3.993665610935156,0.9151092894396436,0.3407142807750191,0.005,200.0,0.0,0.0,0.0,200.0,0.0,0.0,0.0,200.0,10.0,0.0,0.0,0.0,10.0,0.0,0.0,0.0,10.0
3.994665777629605,0.9144685814272943,0.3411684140580398,0.005,200.0,0.0,0.0,0.0,200.0,0.0,0.0,0.0,200.0,10.0,0.0,0.0,0.0,10.0,0.0,0.0,0.0,10.0
3.9956659443240543,0.9138278734149449,0.34162254734106057,0.005,200.0,0.0,0.0,0.0,200.0,0.0,0.0,0.0,200.0,10.0,0.0,0.0,0.0,10.0,0.0,0.0,0.0,10.0
3.996666111018503,0.913187165402595,0.34207668062408164,0.005,200.0,0.0,0.0,0.0,200.0,0.0,0.0,0.0,200.0,10.0,0.0,0.0,0.0,10.0,0.0,0.0,0.0,10.0
3.9976662777129524,0.9125464573902456,0.3425308139071024,0.005,200.0,0.0,0.0,0.0,200.0,0.0,0.0,0.0,200.0,10.0,0.0,0.0,0.0,10.0,0.0,0.0,0.0,10.0
3.9986664444074016,0.9119057493778958,0.34298494719012346,0.005,200.0,0.0,0.0,0.0,200.0,0.0,0.0,0.0,200.0,10.0,0.0,0.0,0.0,10.0,0.0,0.0,0.0,10.0
3.9996666111018504,0.9112650413655464,0.3434390804731442,0.005,200.0,0.0,0.0,0.0,200.0,0.0,0.0,0.0,200.0,10.0,0.0,0.0,0.0,10.0,0.0,0.0,0.0,10.0
4.000666777796299,0.9106243333531966,0.3438932137561652,0.005,200.0,0.0,0.0,0.0,200.0,0.0,0.0,0.0,200.0,10.0,0.0,0.0,0.0,10.0,0.0,0.0,0.0,10.0
4.001666944490749,0.9099836253408472,0.344347347039186,0.005,200.0,0.0,0.0,0.0,200.0,0.0,0.0,0.0,200.0,10.0,0.0,0.0,0.0,10.0,0.0,0.0,0.0,10.0
4.002667111185198,0.9093429173284978,0.34480148032220675,0.005,200.0,0.0,0.0,0.0,200.0,0.0,0.0,0.0,200.0,10.0,0.0,0.0,0.0,10.0,0.0,0.0,0.0,10.0
4.0036672778796465,0.9087022093161481,0.3452556136052278,0.005,200.0,0.0,0.0,0.0,200.0,0.0,0.0,0.0,200.0,10.0,0.0,0.0,0.0,10.0,0.0,0.0,0.0,10.0
4.004667444574096,0.9080615013037986,0.3457097468882485,0.005,200.0,0.0,0.0,0.0,200.0,0.0,0.0,0.0,200.0,10.0,0.0,0.0,0.0,10.0,0.0,0.0,0.0,10.0
4.005667611268545,0.9074207932914489,0.3461638801712696,0.005,200.0,0.0,0.0,0.0,200.0,0.0,0.0,0.0,200.0,10.0,0.0,0.0,0.0,10.0,0.0,0.0,0.0,10.0
4.006667777962994,0.9067800852790995,0.34661801345429033,0.005,200.0,0.0,0.0,0.0,200.0,0.0,0.0,0.0,200.0,10.0,0.0,0.0,0.0,10.0,0.0,0.0,0.0,10.0
4.0076679446574435,0.9061393772667501,0.34707214673731107,0.005,200.0,0.0,0.0,0.0,200.0,0.0,0.0,0.0,200.0,10.0,0.0,0.0,0.0,10.0,0.0,0.0,0.0,10.0
4.008668111351892,0.9054986692544003,0.34752628002033215,0.005,200.0,0.0,0.0,0.0,200.0,0.0,0.0,0.0,200.0,10.0,0.0,0.0,0.0,10.0,0.0,0.0,0.0,10.0
4.009668278046341,0.9048579612420509,0.3479804133033529,0.005,200.0,0.0,0.0,0.0,200.0,0.0,0.0,0.0,200.0,10.0,0.0,0.0,0.0,10.0,0.0,0.0,0.0,10.0
4.01066844474079,0.904217253229701,0.34843454658637396,0.005,200.0,0.0,0.0,0.0,200.0,0.0,0.0,0.0,200.0,10.0,0.0,0.0,0.0,10.0,0.0,0.0,0.0,10.0
4.01166861143524,0.9035765452173516,0.3488886798693947,0.005,200.0,0.0,0.0,0.0,200.0,0.0,0.0,0.0,200.0,10.0,0.0,0.0,0.0,10.0,0.0,0.0,0.0,10.0
4.012668778129688,0.9029358372050023,0.34934281315241544,0.005,200.0,0.0,0.0,0.0,200.0,0.0,0.0,0.0,200.0,10.0,0.0,0.0,0.0,10.0,0.0,0.0,0.0,10.0
4.013668944824137,0.9022955847374696,0.349774228838965,0.005,200.0,0.0,0.0,0.0,200.0,0.0,0.0,0.0,200.0,10.0,0.0,0.0,0.0,10.0,0.0,0.0,0.0,10.0
4.014669111518587,0.9016564423331701,0.3501502867042272,0.005,200.0,0.0,0.0,0.0,200.0,0.0,0.0,0.0,200.0,10.0,0.0,0.0,0.0,10.0,0.0,0.0,0.0,10.0
4.015669278213036,0.9010172999288701,0.3505263445694897,0.005,200.0,0.0,0.0,0.0,200.0,0.0,0.0,0.0,200.0,10.0,0.0,0.0,0.0,10.0,0.0,0.0,0.0,10.0
4.0166694449074845,0.9003781575245706,0.350902402434752,0.005,200.0,0.0,0.0,0.0,200.0,0.0,0.0,0.0,200.0,10.0,0.0,0.0,0.0,10.0,0.0,0.0,0.0,10.0
4.017669611601934,0.8997390151202707,0.35127846030001453,0.005,200.0,0.0,0.0,0.0,200.0,0.0,0.0,0.0,200.0,10.0,0.0,0.0,0.0,10.0,0.0,0.0,0.0,10.0
4.018669778296383,0.8990998727159711,0.3516545181652768,0.005,200.0,0.0,0.0,0.0,200.0,0.0,0.0,0.0,200.0,10.0,0.0,0.0,0.0,10.0,0.0,0.0,0.0,10.0
4.019669944990832,0.8984607303116716,0.35203057603053906,0.005,200.0,0.0,0.0,0.0,200.0,0.0,0.0,0.0,200.0,10.0,0.0,0.0,0.0,10.0,0.0,0.0,0.0,10.0
4.020670111685281,0.8978215879073717,0.35240663389580157,0.005,200.0,0.0,0.0,0.0,200.0,0.0,0.0,0.0,200.0,10.0,0.0,0.0,0.0,10.0,0.0,0.0,0.0,10.0
4.02167027837973,0.8971824455030721,0.35278269176106386,0.005,200.0,0.0,0.0,0.0,200.0,0.0,0.0,0.0,200.0,10.0,0.0,0.0,0.0,10.0,0.0,0.0,0.0,10.0
4.022670445074179,0.8965433030987723,0.3531587496263264,0.005,200.0,0.0,0.0,0.0,200.0,0.0,0.0,0.0,200.0,10.0,0.0,0.0,0.0,10.0,0.0,0.0,0.0,10.0
4.023670611768628,0.8959041606944728,0.3535348074915886,0.005,200.0,0.0,0.0,0.0,200.0,0.0,0.0,0.0,200.0,10.0,0.0,0.0,0.0,10.0,0.0,0.0,0.0,10.0
4.0246707784630775,0.8952650182901732,0.3539108653568509,0.005,200.0,0.0,0.0,0.0,200.0,0.0,0.0,0.0,200.0,10.0,0.0,0.0,0.0,10.0,0.0,0.0,0.0,10.0
4.025670945157526,0.8946258758858733,0.3542869232221134,0.005,200.0,0.0,0.0,0.0,200.0,0.0,0.0,0.0,200.0,10.0,0.0,0.0,0.0,10.0,0.0,0.0,0.0,10.0
4.026671111851975,0.8939867334815738,0.3546629810873757,0.005,200.0,0.0,0.0,0.0,200.0,0.0,0.0,0.0,200.0,10.0,0.0,0.0,0.0,10.0,0.0,0.0,0.0,10.0
4.027671278546425,0.8933475910772738,0.3550390389526382,0.005,200.0,0.0,0.0,0.0,200.0,0.0,0.0,0.0,200.0,10.0,0.0,0.0,0.0,10.0,0.0,0.0,0.0,10.0
4.028671445240874,0.8927084486729743,0.35541509681790046,0.005,200.0,0.0,0.0,0.0,200.0,0.0,0.0,0.0,200.0,10.0,0.0,0.0,0.0,10.0,0.0,0.0,0.0,10.0
4.029671611935322,0.8920693062686748,0.35579115468316275,0.005,200.0,0.0,0.0,0.0,200.0,0.0,0.0,0.0,200.0,10.0,0.0,0.0,0.0,10.0,0.0,0.0,0.0,10.0
4.030671778629772,0.8914301638643748,0.35616721254842526,0.005,200.0,0.0,0.0,0.0,200.0,0.0,0.0,0.0,200.0,10.0,0.0,0.0,0.0,10.0,0.0,0.0,0.0,10.0
4.031671945324221,0.8907910214600753,0.3565432704136875,0.005,200.0,0.0,0.0,0.0,200.0,0.0,0.0,0.0,200.0,10.0,0.0,0.0,0.0,10.0,0.0,0.0,0.0,10.0
4.03267211201867,0.8901518790557753,0.35691932827895,0.005,200.0,0.0,0.0,0.0,200.0,0.0,0.0,0.0,200.0,10.0,0.0,0.0,0.0,10.0,0.0,0.0,0.0,10.0
4.033672278713119,0.8895499382958569,0.35729538580639636,0.005,200.0,0.0,0.0,0.0,200.0,0.0,0.0,0.0,200.0,10.0,0.0,0.0,0.0,10.0,0.0,0.0,0.0,10.0
4.034672445407568,0.8890743737102331,0.35767144218626196,0.005,200.0,0.0,0.0,0.0,200.0,0.0,0.0,0.0,200.0,10.0,0.0,0.0,0.0,10.0,0.0,0.0,0.0,10.0
4.035672612102017,0.8885988091246091,0.3580474985661279,0.005,200.0,0.0,0.0,0.0,200.0,0.0,0.0,0.0,200.0,10.0,0.0,0.0,0.0,10.0,0.0,0.0,0.0,10.0
4.036672778796466,0.8881232445389853,0.3584235549459935,0.005,200.0,0.0,0.0,0.0,200.0,0.0,0.0,0.0,200.0,10.0,0.0,0.0,0.0,10.0,0.0,0.0,0.0,10.0
4.0376729454909155,0.8876476799533612,0.35879961132585936,0.005,200.0,0.0,0.0,0.0,200.0,0.0,0.0,0.0,200.0,10.0,0.0,0.0,0.0,10.0,0.0,0.0,0.0,10.0
4.038673112185364,0.8871721153677375,0.359175667705725,0.005,200.0,0.0,0.0,0.0,200.0,0.0,0.0,0.0,200.0,10.0,0.0,0.0,0.0,10.0,0.0,0.0,0.0,10.0
4.039673278879813,0.8866965507821134,0.3595517240855909,0.005,200.0,0.0,0.0,0.0,200.0,0.0,0.0,0.0,200.0,10.0,0.0,0.0,0.0,10.0,0.0,0.0,0.0,10.0
4.040673445574263,0.8862209861964897,0.35992778046545654,0.005,200.0,0.0,0.0,0.0,200.0,0.0,0.0,0.0,200.0,10.0,0.0,0.0,0.0,10.0,0.0,0.0,0.0,10.0
4.041673612268712,0.8857454216108659,0.3603038368453222,0.005,200.0,0.0,0.0,0.0,200.0,0.0,0.0,0.0,200.0,10.0,0.0,0.0,0.0,10.0,0.0,0.0,0.0,10.0
4.04267377896316,0.8852698570252419,0.36067989322518806,0.005,200.0,0.0,0.0,0.0,200.0,0.0,0.0,0.0,200.0,10.0,0.0,0.0,0.0,10.0,0.0,0.0,0.0,10.0
4.04367394565761,0.884794292439618,0.3610559496050537,0.005,200.0,0.0,0.0,0.0,200.0,0.0,0.0,0.0,200.0,10.0,0.0,0.0,0.0,10.0,0.0,0.0,0.0,10.0
4.044674112352059,0.884318727853994,0.3614320059849196,0.005,200.0,0.0,0.0,0.0,200.0,0.0,0.0,0.0,200.0,10.0,0.0,0.0,0.0,10.0,0.0,0.0,0.0,10.0
4.045674279046508,0.8838431632683702,0.3618080623647852,0.005,200.0,0.0,0.0,0.0,200.0,0.0,0.0,0.0,200.0,10.0,0.0,0.0,0.0,10.0,0.0,0.0,0.0,10.0
4.046674445740957,0.8833675986827465,0.36218411874465084,0.005,200.0,0.0,0.0,0.0,200.0,0.0,0.0,0.0,200.0,10.0,0.0,0.0,0.0,10.0,0.0,0.0,0.0,10.0
4.047674612435406,0.8828920340971224,0.3625601751245167,0.005,200.0,0.0,0.0,0.0,200.0,0.0,0.0,0.0,200.0,10.0,0.0,0.0,0.0,10.0,0.0,0.0,0.0,10.0
4.048674779129855,0.8824164695114987,0.36293623150438237,0.005,200.0,0.0,0.0,0.0,200.0,0.0,0.0,0.0,200.0,10.0,0.0,0.0,0.0,10.0,0.0,0.0,0.0,10.0
4.049674945824304,0.8819409049258745,0.36331228788424824,0.005,200.0,0.0,0.0,0.0,200.0,0.0,0.0,0.0,200.0,10.0,0.0,0.0,0.0,10.0,0.0,0.0,0.0,10.0
4.0506751125187535,0.8814653403402508,0.3636883442641139,0.005,200.0,0.0,0.0,0.0,200.0,0.0,0.0,0.0,200.0,10.0,0.0,0.0,0.0,10.0,0.0,0.0,0.0,10.0
4.051675279213202,0.880989775754627,0.36406440064397955,0.005,200.0,0.0,0.0,0.0,200.0,0.0,0.0,0.0,200.0,10.0,0.0,0.0,0.0,10.0,0.0,0.0,0.0,10.0
4.052675445907651,0.880514211169003,0.3644404570238454,0.005,200.0,0.0,0.0,0.0,200.0,0.0,0.0,0.0,200.0,10.0,0.0,0.0,0.0,10.0,0.0,0.0,0.0,10.0
4.053675612602101,0.8800214806543349,0.36480502612115057,0.005,200.0,0.0,0.0,0.0,200.0,0.0,0.0,0.0,200.0,10.0,0.0,0.0,0.0,10.0,0.0,0.0,0.0,10.0
4.0546757792965495,0.8794411688690325,0.36511098663396374,0.005,200.0,0.0,0.0,0.0,200.0,0.0,0.0,0.0,200.0,10.0,0.0,0.0,0.0,10.0,0.0,0.0,0.0,10.0
4.055675945990998,0.8788608570837304,0.3654169471467767,0.005,200.0,0.0,0.0,0.0,200.0,0.0,0.0,0.0,200.0,10.0,0.0,0.0,0.0,10.0,0.0,0.0,0.0,10.0
4.056676112685448,0.8782805452984279,0.36572290765958987,0.005,200.0,0.0,0.0,0.0,200.0,0.0,0.0,0.0,200.0,10.0,0.0,0.0,0.0,10.0,0.0,0.0,0.0,10.0
4.057676279379897,0.8777002335131258,0.3660288681724028,0.005,200.0,0.0,0.0,0.0,200.0,0.0,0.0,0.0,200.0,10.0,0.0,0.0,0.0,10.0,0.0,0.0,0.0,10.0
4.058676446074346,0.8771199217278237,0.3663348286852158,0.005,200.0,0.0,0.0,0.0,200.0,0.0,0.0,0.0,200.0,10.0,0.0,0.0,0.0,10.0,0.0,0.0,0.0,10.0
4.059676612768795,0.8765396099425212,0.36664078919802895,0.005,200.0,0.0,0.0,0.0,200.0,0.0,0.0,0.0,200.0,10.0,0.0,0.0,0.0,10.0,0.0,0.0,0.0,10.0
4.060676779463244,0.8759592981572191,0.3669467497108419,0.005,200.0,0.0,0.0,0.0,200.0,0.0,0.0,0.0,200.0,10.0,0.0,0.0,0.0,10.0,0.0,0.0,0.0,10.0
4.061676946157693,0.8753789863719166,0.3672527102236551,0.005,200.0,0.0,0.0,0.0,200.0,0.0,0.0,0.0,200.0,10.0,0.0,0.0,0.0,10.0,0.0,0.0,0.0,10.0
4.062677112852143,0.8747986745866145,0.36755867073646803,0.005,200.0,0.0,0.0,0.0,200.0,0.0,0.0,0.0,200.0,10.0,0.0,0.0,0.0,10.0,0.0,0.0,0.0,10.0
4.063677279546591,0.8742183628013124,0.367864631249281,0.005,200.0,0.0,0.0,0.0,200.0,0.0,0.0,0.0,200.0,10.0,0.0,0.0,0.0,10.0,0.0,0.0,0.0,10.0
4.06467744624104,0.87363805101601,0.36817059176209416,0.005,200.0,0.0,0.0,0.0,200.0,0.0,0.0,0.0,200.0,10.0,0.0,0.0,0.0,10.0,0.0,0.0,0.0,10.0
4.065677612935489,0.8730577392307078,0.3684765522749071,0.005,200.0,0.0,0.0,0.0,200.0,0.0,0.0,0.0,200.0,10.0,0.0,0.0,0.0,10.0,0.0,0.0,0.0,10.0
4.066677779629939,0.8724774274454054,0.36878251278772023,0.005,200.0,0.0,0.0,0.0,200.0,0.0,0.0,0.0,200.0,10.0,0.0,0.0,0.0,10.0,0.0,0.0,0.0,10.0
4.0676779463243875,0.8718971156601033,0.3690884733005332,0.005,200.0,0.0,0.0,0.0,200.0,0.0,0.0,0.0,200.0,10.0,0.0,0.0,0.0,10.0,0.0,0.0,0.0,10.0
4.068678113018836,0.8713168038748011,0.3693944338133462,0.005,200.0,0.0,0.0,0.0,200.0,0.0,0.0,0.0,200.0,10.0,0.0,0.0,0.0,10.0,0.0,0.0,0.0,10.0
4.069678279713286,0.8707364920894987,0.3697003943261593,0.005,200.0,0.0,0.0,0.0,200.0,0.0,0.0,0.0,200.0,10.0,0.0,0.0,0.0,10.0,0.0,0.0,0.0,10.0
4.070678446407735,0.8701561803041966,0.37000635483897226,0.005,200.0,0.0,0.0,0.0,200.0,0.0,0.0,0.0,200.0,10.0,0.0,0.0,0.0,10.0,0.0,0.0,0.0,10.0
4.071678613102184,0.8695758685188941,0.37031231535178544,0.005,200.0,0.0,0.0,0.0,200.0,0.0,0.0,0.0,200.0,10.0,0.0,0.0,0.0,10.0,0.0,0.0,0.0,10.0
4.072678779796633,0.868995556733592,0.3706182758645984,0.005,200.0,0.0,0.0,0.0,200.0,0.0,0.0,0.0,200.0,10.0,0.0,0.0,0.0,10.0,0.0,0.0,0.0,10.0
4.073678946491082,0.8683927738283012,0.37093959667023324,0.005,200.0,0.0,0.0,0.0,200.0,0.0,0.0,0.0,200.0,10.0,0.0,0.0,0.0,10.0,0.0,0.0,0.0,10.0
4.074679113185531,0.8675884998804491,0.37139864810150175,0.005,200.0,0.0,0.0,0.0,200.0,0.0,0.0,0.0,200.0,10.0,0.0,0.0,0.0,10.0,0.0,0.0,0.0,10.0
4.075679279879981,0.866784225932597,0.37185769953277026,0.005,200.0,0.0,0.0,0.0,200.0,0.0,0.0,0.0,200.0,10.0,0.0,0.0,0.0,10.0,0.0,0.0,0.0,10.0
4.076679446574429,0.8659799519847443,0.37231675096403904,0.005,200.0,0.0,0.0,0.0,200.0,0.0,0.0,0.0,200.0,10.0,0.0,0.0,0.0,10.0,0.0,0.0,0.0,10.0
4.077679613268878,0.8651756780368922,0.37277580239530755,0.005,200.0,0.0,0.0,0.0,200.0,0.0,0.0,0.0,200.0,10.0,0.0,0.0,0.0,10.0,0.0,0.0,0.0,10.0
4.078679779963327,0.8643714040890396,0.37323485382657634,0.005,200.0,0.0,0.0,0.0,200.0,0.0,0.0,0.0,200.0,10.0,0.0,0.0,0.0,10.0,0.0,0.0,0.0,10.0
4.079679946657777,0.8635671301411875,0.37369390525784485,0.005,200.0,0.0,0.0,0.0,200.0,0.0,0.0,0.0,200.0,10.0,0.0,0.0,0.0,10.0,0.0,0.0,0.0,10.0
4.0806801133522255,0.8627628561933354,0.37415295668911336,0.005,200.0,0.0,0.0,0.0,200.0,0.0,0.0,0.0,200.0,10.0,0.0,0.0,0.0,10.0,0.0,0.0,0.0,10.0
4.081680280046674,0.8619585822454828,0.37461200812038215,0.005,200.0,0.0,0.0,0.0,200.0,0.0,0.0,0.0,200.0,10.0,0.0,0.0,0.0,10.0,0.0,0.0,0.0,10.0
4.082680446741124,0.8611543082976307,0.37507105955165065,0.005,200.0,0.0,0.0,0.0,200.0,0.0,0.0,0.0,200.0,10.0,0.0,0.0,0.0,10.0,0.0,0.0,0.0,10.0
4.083680613435573,0.8603500343497781,0.3755301109829195,0.005,200.0,0.0,0.0,0.0,200.0,0.0,0.0,0.0,200.0,10.0,0.0,0.0,0.0,10.0,0.0,0.0,0.0,10.0
4.084680780130022,0.859545760401926,0.375989162414188,0.005,200.0,0.0,0.0,0.0,200.0,0.0,0.0,0.0,200.0,10.0,0.0,0.0,0.0,10.0,0.0,0.0,0.0,10.0
4.085680946824471,0.8587414864540739,0.37644821384545646,0.005,200.0,0.0,0.0,0.0,200.0,0.0,0.0,0.0,200.0,10.0,0.0,0.0,0.0,10.0,0.0,0.0,0.0,10.0
4.08668111351892,0.8579372125062212,0.3769072652767253,0.005,200.0,0.0,0.0,0.0,200.0,0.0,0.0,0.0,200.0,10.0,0.0,0.0,0.0,10.0,0.0,0.0,0.0,10.0
4.087681280213369,0.8571329385583691,0.3773663167079938,0.005,200.0,0.0,0.0,0.0,200.0,0.0,0.0,0.0,200.0,10.0,0.0,0.0,0.0,10.0,0.0,0.0,0.0,10.0
4.0886814469078185,0.8563286646105165,0.3778253681392626,0.005,200.0,0.0,0.0,0.0,200.0,0.0,0.0,0.0,200.0,10.0,0.0,0.0,0.0,10.0,0.0,0.0,0.0,10.0
4.089681613602267,0.8555243906626644,0.3782844195705311,0.005,200.0,0.0,0.0,0.0,200.0,0.0,0.0,0.0,200.0,10.0,0.0,0.0,0.0,10.0,0.0,0.0,0.0,10.0
4.090681780296716,0.8547201167148117,0.3787434710017999,0.005,200.0,0.0,0.0,0.0,200.0,0.0,0.0,0.0,200.0,10.0,0.0,0.0,0.0,10.0,0.0,0.0,0.0,10.0
4.091681946991165,0.8539158427669596,0.3792025224330684,0.005,200.0,0.0,0.0,0.0,200.0,0.0,0.0,0.0,200.0,10.0,0.0,0.0,0.0,10.0,0.0,0.0,0.0,10.0
4.092682113685615,0.8531115688191075,0.3796615738643369,0.005,200.0,0.0,0.0,0.0,200.0,0.0,0.0,0.0,200.0,10.0,0.0,0.0,0.0,10.0,0.0,0.0,0.0,10.0
4.093682280380063,0.8523072943247879,0.38011967684750086,0.005,200.0,0.0,0.0,0.0,200.0,0.0,0.0,0.0,200.0,10.0,0.0,0.0,0.0,10.0,0.0,0.0,0.0,10.0
4.094682447074512,0.8515030055229695,0.38055294773482856,0.005,200.0,0.0,0.0,0.0,200.0,0.0,0.0,0.0,200.0,10.0,0.0,0.0,0.0,10.0,0.0,0.0,0.0,10.0
4.095682613768962,0.8506987167211506,0.3809862186221566,0.005,200.0,0.0,0.0,0.0,200.0,0.0,0.0,0.0,200.0,10.0,0.0,0.0,0.0,10.0,0.0,0.0,0.0,10.0
4.096682780463411,0.8498944279193322,0.3814194895094843,0.005,200.0,0.0,0.0,0.0,200.0,0.0,0.0,0.0,200.0,10.0,0.0,0.0,0.0,10.0,0.0,0.0,0.0,10.0
4.0976829471578595,0.8490901391175137,0.381852760396812,0.005,200.0,0.0,0.0,0.0,200.0,0.0,0.0,0.0,200.0,10.0,0.0,0.0,0.0,10.0,0.0,0.0,0.0,10.0
4.098683113852309,0.8482858503156948,0.38228603128413996,0.005,200.0,0.0,0.0,0.0,200.0,0.0,0.0,0.0,200.0,10.0,0.0,0.0,0.0,10.0,0.0,0.0,0.0,10.0
4.099683280546758,0.8474815615138764,0.38271930217146766,0.005,200.0,0.0,0.0,0.0,200.0,0.0,0.0,0.0,200.0,10.0,0.0,0.0,0.0,10.0,0.0,0.0,0.0,10.0
4.100683447241207,0.8466772727120575,0.3831525730587957,0.005,200.0,0.0,0.0,0.0,200.0,0.0,0.0,0.0,200.0,10.0,0.0,0.0,0.0,10.0,0.0,0.0,0.0,10.0
4.1016836139356565,0.845872983910239,0.3835858439461234,0.005,200.0,0.0,0.0,0.0,200.0,0.0,0.0,0.0,200.0,10.0,0.0,0.0,0.0,10.0,0.0,0.0,0.0,10.0
4.102683780630105,0.8450686951084206,0.3840191148334511,0.005,200.0,0.0,0.0,0.0,200.0,0.0,0.0,0.0,200.0,10.0,0.0,0.0,0.0,10.0,0.0,0.0,0.0,10.0
4.103683947324554,0.8442644063066017,0.38445238572077906,0.005,200.0,0.0,0.0,0.0,200.0,0.0,0.0,0.0,200.0,10.0,0.0,0.0,0.0,10.0,0.0,0.0,0.0,10.0
4.104684114019003,0.8434601175047832,0.38488565660810675,0.005,200.0,0.0,0.0,0.0,200.0,0.0,0.0,0.0,200.0,10.0,0.0,0.0,0.0,10.0,0.0,0.0,0.0,10.0
4.105684280713453,0.8426558287029643,0.3853189274954348,0.005,200.0,0.0,0.0,0.0,200.0,0.0,0.0,0.0,200.0,10.0,0.0,0.0,0.0,10.0,0.0,0.0,0.0,10.0
4.106684447407901,0.8418515399011459,0.3857521983827625,0.005,200.0,0.0,0.0,0.0,200.0,0.0,0.0,0.0,200.0,10.0,0.0,0.0,0.0,10.0,0.0,0.0,0.0,10.0
4.10768461410235,0.841047251099327,0.38618546927009045,0.005,200.0,0.0,0.0,0.0,200.0,0.0,0.0,0.0,200.0,10.0,0.0,0.0,0.0,10.0,0.0,0.0,0.0,10.0
4.1086847807968,0.8402429622975085,0.38661874015741815,0.005,200.0,0.0,0.0,0.0,200.0,0.0,0.0,0.0,200.0,10.0,0.0,0.0,0.0,10.0,0.0,0.0,0.0,10.0
4.109684947491249,0.8394386734956901,0.38705201104474585,0.005,200.0,0.0,0.0,0.0,200.0,0.0,0.0,0.0,200.0,10.0,0.0,0.0,0.0,10.0,0.0,0.0,0.0,10.0
4.1106851141856975,0.8386343846938712,0.3874852819320739,0.005,200.0,0.0,0.0,0.0,200.0,0.0,0.0,0.0,200.0,10.0,0.0,0.0,0.0,10.0,0.0,0.0,0.0,10.0
4.111685280880147,0.8378300958920527,0.3879185528194016,0.005,200.0,0.0,0.0,0.0,200.0,0.0,0.0,0.0,200.0,10.0,0.0,0.0,0.0,10.0,0.0,0.0,0.0,10.0
4.112685447574596,0.8370258070902338,0.38835182370672955,0.005,200.0,0.0,0.0,0.0,200.0,0.0,0.0,0.0,200.0,10.0,0.0,0.0,0.0,10.0,0.0,0.0,0.0,10.0
4.113685614269045,0.8362215182884154,0.38878509459405725,0.005,200.0,0.0,0.0,0.0,200.0,0.0,0.0,0.0,200.0,10.0,0.0,0.0,0.0,10.0,0.0,0.0,0.0,10.0
4.1146857809634945,0.8352990415239758,0.38918139144547237,0.005,200.0,0.0,0.0,0.0,200.0,0.0,0.0,0.0,200.0,10.0,0.0,0.0,0.0,10.0,0.0,0.0,0.0,10.0
4.115685947657943,0.834373315605924,0.38957667182854644,0.005,200.0,0.0,0.0,0.0,200.0,0.0,0.0,0.0,200.0,10.0,0.0,0.0,0.0,10.0,0.0,0.0,0.0,10.0
4.116686114352392,0.8334475896878728,0.3899719522116203,0.005,200.0,0.0,0.0,0.0,200.0,0.0,0.0,0.0,200.0,10.0,0.0,0.0,0.0,10.0,0.0,0.0,0.0,10.0
4.117686281046841,0.832521863769821,0.3903672325946944,0.005,200.0,0.0,0.0,0.0,200.0,0.0,0.0,0.0,200.0,10.0,0.0,0.0,0.0,10.0,0.0,0.0,0.0,10.0
4.118686447741291,0.8315961378517698,0.39076251297776826,0.005,200.0,0.0,0.0,0.0,200.0,0.0,0.0,0.0,200.0,10.0,0.0,0.0,0.0,10.0,0.0,0.0,0.0,10.0
4.119686614435739,0.8306704119337186,0.3911577933608421,0.005,200.0,0.0,0.0,0.0,200.0,0.0,0.0,0.0,200.0,10.0,0.0,0.0,0.0,10.0,0.0,0.0,0.0,10.0
4.120686781130188,0.8297446860156668,0.39155307374391624,0.005,200.0,0.0,0.0,0.0,200.0,0.0,0.0,0.0,200.0,10.0,0.0,0.0,0.0,10.0,0.0,0.0,0.0,10.0
4.121686947824638,0.8288189600976156,0.3919483541269901,0.005,200.0,0.0,0.0,0.0,200.0,0.0,0.0,0.0,200.0,10.0,0.0,0.0,0.0,10.0,0.0,0.0,0.0,10.0
4.122687114519087,0.8278932341795638,0.3923436345100642,0.005,200.0,0.0,0.0,0.0,200.0,0.0,0.0,0.0,200.0,10.0,0.0,0.0,0.0,10.0,0.0,0.0,0.0,10.0
4.1236872812135354,0.8269675082615127,0.39273891489313806,0.005,200.0,0.0,0.0,0.0,200.0,0.0,0.0,0.0,200.0,10.0,0.0,0.0,0.0,10.0,0.0,0.0,0.0,10.0
4.124687447907985,0.8260417823434608,0.3931341952762122,0.005,200.0,0.0,0.0,0.0,200.0,0.0,0.0,0.0,200.0,10.0,0.0,0.0,0.0,10.0,0.0,0.0,0.0,10.0
4.125687614602434,0.8251160564254096,0.39352947565928603,0.005,200.0,0.0,0.0,0.0,200.0,0.0,0.0,0.0,200.0,10.0,0.0,0.0,0.0,10.0,0.0,0.0,0.0,10.0
4.126687781296883,0.8241903305073585,0.3939247560423599,0.005,200.0,0.0,0.0,0.0,200.0,0.0,0.0,0.0,200.0,10.0,0.0,0.0,0.0,10.0,0.0,0.0,0.0,10.0
4.127687947991332,0.8232646045893066,0.394320036425434,0.005,200.0,0.0,0.0,0.0,200.0,0.0,0.0,0.0,200.0,10.0,0.0,0.0,0.0,10.0,0.0,0.0,0.0,10.0
4.128688114685781,0.8223388786712554,0.39471531680850785,0.005,200.0,0.0,0.0,0.0,200.0,0.0,0.0,0.0,200.0,10.0,0.0,0.0,0.0,10.0,0.0,0.0,0.0,10.0
4.12968828138023,0.8214131527532036,0.395110597191582,0.005,200.0,0.0,0.0,0.0,200.0,0.0,0.0,0.0,200.0,10.0,0.0,0.0,0.0,10.0,0.0,0.0,0.0,10.0
4.130688448074679,0.8204874268351524,0.39550587757465583,0.005,200.0,0.0,0.0,0.0,200.0,0.0,0.0,0.0,200.0,10.0,0.0,0.0,0.0,10.0,0.0,0.0,0.0,10.0
4.1316886147691285,0.8195617009171012,0.3959011579577297,0.005,200.0,0.0,0.0,0.0,200.0,0.0,0.0,0.0,200.0,10.0,0.0,0.0,0.0,10.0,0.0,0.0,0.0,10.0
4.132688781463577,0.8186359749990495,0.3962964383408038,0.005,200.0,0.0,0.0,0.0,200.0,0.0,0.0,0.0,200.0,10.0,0.0,0.0,0.0,10.0,0.0,0.0,0.0,10.0
4.133688948158026,0.8177102490809983,0.39669171872387765,0.005,200.0,0.0,0.0,0.0,200.0,0.0,0.0,0.0,200.0,10.0,0.0,0.0,0.0,10.0,0.0,0.0,0.0,10.0
4.134689114852476,0.816763024555482,0.39707655248631646,0.005,200.0,0.0,0.0,0.0,200.0,0.0,0.0,0.0,200.0,10.0,0.0,0.0,0.0,10.0,0.0,0.0,0.0,10.0
4.135689281546925,0.8158136659770195,0.3974603492680302,0.005,200.0,0.0,0.0,0.0,200.0,0.0,0.0,0.0,200.0,10.0,0.0,0.0,0.0,10.0,0.0,0.0,0.0,10.0
4.136689448241373,0.8148643073985571,0.3978441460497439,0.005,200.0,0.0,0.0,0.0,200.0,0.0,0.0,0.0,200.0,10.0,0.0,0.0,0.0,10.0,0.0,0.0,0.0,10.0
4.137689614935823,0.813914948820094,0.3982279428314579,0.005,200.0,0.0,0.0,0.0,200.0,0.0,0.0,0.0,200.0,10.0,0.0,0.0,0.0,10.0,0.0,0.0,0.0,10.0
4.138689781630272,0.8129655902416315,0.3986117396131716,0.005,200.0,0.0,0.0,0.0,200.0,0.0,0.0,0.0,200.0,10.0,0.0,0.0,0.0,10.0,0.0,0.0,0.0,10.0
4.139689948324721,0.8120162316631684,0.3989955363948856,0.005,200.0,0.0,0.0,0.0,200.0,0.0,0.0,0.0,200.0,10.0,0.0,0.0,0.0,10.0,0.0,0.0,0.0,10.0
4.14069011501917,0.8110668730847059,0.39937933317659935,0.005,200.0,0.0,0.0,0.0,200.0,0.0,0.0,0.0,200.0,10.0,0.0,0.0,0.0,10.0,0.0,0.0,0.0,10.0
4.141690281713619,0.8101175145062429,0.3997631299583133,0.005,200.0,0.0,0.0,0.0,200.0,0.0,0.0,0.0,200.0,10.0,0.0,0.0,0.0,10.0,0.0,0.0,0.0,10.0
4.142690448408068,0.8091681559277805,0.40014692674002705,0.005,200.0,0.0,0.0,0.0,200.0,0.0,0.0,0.0,200.0,10.0,0.0,0.0,0.0,10.0,0.0,0.0,0.0,10.0
4.143690615102518,0.808218797349318,0.40053072352174074,0.005,200.0,0.0,0.0,0.0,200.0,0.0,0.0,0.0,200.0,10.0,0.0,0.0,0.0,10.0,0.0,0.0,0.0,10.0
4.1446907817969665,0.8072694387708549,0.40091452030345476,0.005,200.0,0.0,0.0,0.0,200.0,0.0,0.0,0.0,200.0,10.0,0.0,0.0,0.0,10.0,0.0,0.0,0.0,10.0
4.145690948491415,0.8063200801923924,0.4012983170851685,0.005,200.0,0.0,0.0,0.0,200.0,0.0,0.0,0.0,200.0,10.0,0.0,0.0,0.0,10.0,0.0,0.0,0.0,10.0
4.146691115185864,0.8053707216139293,0.40168211386688246,0.005,200.0,0.0,0.0,0.0,200.0,0.0,0.0,0.0,200.0,10.0,0.0,0.0,0.0,10.0,0.0,0.0,0.0,10.0
4.147691281880314,0.8044213630354669,0.4020659106485962,0.005,200.0,0.0,0.0,0.0,200.0,0.0,0.0,0.0,200.0,10.0,0.0,0.0,0.0,10.0,0.0,0.0,0.0,10.0
4.148691448574763,0.8034720044570044,0.4024497074303099,0.005,200.0,0.0,0.0,0.0,200.0,0.0,0.0,0.0,200.0,10.0,0.0,0.0,0.0,10.0,0.0,0.0,0.0,10.0
4.149691615269211,0.8025226458785413,0.4028335042120239,0.005,200.0,0.0,0.0,0.0,200.0,0.0,0.0,0.0,200.0,10.0,0.0,0.0,0.0,10.0,0.0,0.0,0.0,10.0
4.150691781963661,0.8015732873000788,0.40321730099373765,0.005,200.0,0.0,0.0,0.0,200.0,0.0,0.0,0.0,200.0,10.0,0.0,0.0,0.0,10.0,0.0,0.0,0.0,10.0
4.15169194865811,0.8006239287216157,0.4036010977754516,0.005,200.0,0.0,0.0,0.0,200.0,0.0,0.0,0.0,200.0,10.0,0.0,0.0,0.0,10.0,0.0,0.0,0.0,10.0
4.152692115352559,0.7996745701431532,0.40398489455716535,0.005,200.0,0.0,0.0,0.0,200.0,0.0,0.0,0.0,200.0,10.0,0.0,0.0,0.0,10.0,0.0,0.0,0.0,10.0
4.153692282047008,0.7987252115646908,0.40436869133887904,0.005,200.0,0.0,0.0,0.0,200.0,0.0,0.0,0.0,200.0,10.0,0.0,0.0,0.0,10.0,0.0,0.0,0.0,10.0
4.154692448741457,0.7980064717823911,0.40472312754224715,0.005,200.0,0.0,0.0,0.0,200.0,0.0,0.0,0.0,200.0,10.0,0.0,0.0,0.0,10.0,0.0,0.0,0.0,10.0
4.155692615435906,0.7973296626903035,0.40507222545864296,0.005,200.0,0.0,0.0,0.0,200.0,0.0,0.0,0.0,200.0,10.0,0.0,0.0,0.0,10.0,0.0,0.0,0.0,10.0
4.156692782130356,0.7966528535982154,0.40542132337503906,0.005,200.0,0.0,0.0,0.0,200.0,0.0,0.0,0.0,200.0,10.0,0.0,0.0,0.0,10.0,0.0,0.0,0.0,10.0
4.1576929488248044,0.7959760445061277,0.4057704212914349,0.005,200.0,0.0,0.0,0.0,200.0,0.0,0.0,0.0,200.0,10.0,0.0,0.0,0.0,10.0,0.0,0.0,0.0,10.0
4.158693115519253,0.7952992354140396,0.406119519207831,0.005,200.0,0.0,0.0,0.0,200.0,0.0,0.0,0.0,200.0,10.0,0.0,0.0,0.0,10.0,0.0,0.0,0.0,10.0
4.159693282213702,0.7946224263219519,0.4064686171242269,0.005,200.0,0.0,0.0,0.0,200.0,0.0,0.0,0.0,200.0,10.0,0.0,0.0,0.0,10.0,0.0,0.0,0.0,10.0
4.160693448908152,0.7939456172298643,0.4068177150406227,0.005,200.0,0.0,0.0,0.0,200.0,0.0,0.0,0.0,200.0,10.0,0.0,0.0,0.0,10.0,0.0,0.0,0.0,10.0
4.1616936156026005,0.7932688081377762,0.4071668129570188,0.005,200.0,0.0,0.0,0.0,200.0,0.0,0.0,0.0,200.0,10.0,0.0,0.0,0.0,10.0,0.0,0.0,0.0,10.0
4.162693782297049,0.7925919990456886,0.40751591087341466,0.005,200.0,0.0,0.0,0.0,200.0,0.0,0.0,0.0,200.0,10.0,0.0,0.0,0.0,10.0,0.0,0.0,0.0,10.0
4.163693948991499,0.7919151899536004,0.40786500878981075,0.005,200.0,0.0,0.0,0.0,200.0,0.0,0.0,0.0,200.0,10.0,0.0,0.0,0.0,10.0,0.0,0.0,0.0,10.0
4.164694115685948,0.7912383808615128,0.4082141067062066,0.005,200.0,0.0,0.0,0.0,200.0,0.0,0.0,0.0,200.0,10.0,0.0,0.0,0.0,10.0,0.0,0.0,0.0,10.0
4.165694282380397,0.7905615717694252,0.4085632046226024,0.005,200.0,0.0,0.0,0.0,200.0,0.0,0.0,0.0,200.0,10.0,0.0,0.0,0.0,10.0,0.0,0.0,0.0,10.0
4.166694449074846,0.7898847626773371,0.4089123025389985,0.005,200.0,0.0,0.0,0.0,200.0,0.0,0.0,0.0,200.0,10.0,0.0,0.0,0.0,10.0,0.0,0.0,0.0,10.0
4.167694615769295,0.7892079535852494,0.4092614004553944,0.005,200.0,0.0,0.0,0.0,200.0,0.0,0.0,0.0,200.0,10.0,0.0,0.0,0.0,10.0,0.0,0.0,0.0,10.0
4.168694782463744,0.7885311444931613,0.4096104983717905,0.005,200.0,0.0,0.0,0.0,200.0,0.0,0.0,0.0,200.0,10.0,0.0,0.0,0.0,10.0,0.0,0.0,0.0,10.0
4.169694949158194,0.7878543354010736,0.4099595962881863,0.005,200.0,0.0,0.0,0.0,200.0,0.0,0.0,0.0,200.0,10.0,0.0,0.0,0.0,10.0,0.0,0.0,0.0,10.0
4.170695115852642,0.7871775263089861,0.41030869420458216,0.005,200.0,0.0,0.0,0.0,200.0,0.0,0.0,0.0,200.0,10.0,0.0,0.0,0.0,10.0,0.0,0.0,0.0,10.0
4.171695282547091,0.786500717216898,0.41065779212097825,0.005,200.0,0.0,0.0,0.0,200.0,0.0,0.0,0.0,200.0,10.0,0.0,0.0,0.0,10.0,0.0,0.0,0.0,10.0
4.17269544924154,0.7858239081248103,0.4110068900373741,0.005,200.0,0.0,0.0,0.0,200.0,0.0,0.0,0.0,200.0,10.0,0.0,0.0,0.0,10.0,0.0,0.0,0.0,10.0
4.17369561593599,0.7851470990327222,0.4113559879537702,0.005,200.0,0.0,0.0,0.0,200.0,0.0,0.0,0.0,200.0,10.0,0.0,0.0,0.0,10.0,0.0,0.0,0.0,10.0
4.1746957826304385,0.7842918788220291,0.4117425132153491,0.005,200.0,0.0,0.0,0.0,200.0,0.0,0.0,0.0,200.0,10.0,0.0,0.0,0.0,10.0,0.0,0.0,0.0,10.0
4.175695949324887,0.783387099967279,0.412139434961701,0.005,200.0,0.0,0.0,0.0,200.0,0.0,0.0,0.0,200.0,10.0,0.0,0.0,0.0,10.0,0.0,0.0,0.0,10.0
4.176696116019337,0.7824823211125282,0.4125363567080532,0.005,200.0,0.0,0.0,0.0,200.0,0.0,0.0,0.0,200.0,10.0,0.0,0.0,0.0,10.0,0.0,0.0,0.0,10.0
4.177696282713786,0.7815775422577781,0.4129332784544052,0.005,200.0,0.0,0.0,0.0,200.0,0.0,0.0,0.0,200.0,10.0,0.0,0.0,0.0,10.0,0.0,0.0,0.0,10.0
4.178696449408235,0.7806727634030274,0.4133302002007574,0.005,200.0,0.0,0.0,0.0,200.0,0.0,0.0,0.0,200.0,10.0,0.0,0.0,0.0,10.0,0.0,0.0,0.0,10.0
4.179696616102684,0.7797679845482772,0.4137271219471093,0.005,200.0,0.0,0.0,0.0,200.0,0.0,0.0,0.0,200.0,10.0,0.0,0.0,0.0,10.0,0.0,0.0,0.0,10.0
4.180696782797133,0.7788632056935265,0.41412404369346156,0.005,200.0,0.0,0.0,0.0,200.0,0.0,0.0,0.0,200.0,10.0,0.0,0.0,0.0,10.0,0.0,0.0,0.0,10.0
4.181696949491582,0.7779584268387764,0.4145209654398135,0.005,200.0,0.0,0.0,0.0,200.0,0.0,0.0,0.0,200.0,10.0,0.0,0.0,0.0,10.0,0.0,0.0,0.0,10.0
4.182697116186032,0.7770536479840262,0.41491788718616546,0.005,200.0,0.0,0.0,0.0,200.0,0.0,0.0,0.0,200.0,10.0,0.0,0.0,0.0,10.0,0.0,0.0,0.0,10.0
4.18369728288048,0.7761488691292755,0.41531480893251765,0.005,200.0,0.0,0.0,0.0,200.0,0.0,0.0,0.0,200.0,10.0,0.0,0.0,0.0,10.0,0.0,0.0,0.0,10.0
4.184697449574929,0.7752440902745253,0.4157117306788696,0.005,200.0,0.0,0.0,0.0,200.0,0.0,0.0,0.0,200.0,10.0,0.0,0.0,0.0,10.0,0.0,0.0,0.0,10.0
4.185697616269378,0.7743393114197746,0.41610865242522177,0.005,200.0,0.0,0.0,0.0,200.0,0.0,0.0,0.0,200.0,10.0,0.0,0.0,0.0,10.0,0.0,0.0,0.0,10.0
4.186697782963828,0.7734345325650245,0.41650557417157374,0.005,200.0,0.0,0.0,0.0,200.0,0.0,0.0,0.0,200.0,10.0,0.0,0.0,0.0,10.0,0.0,0.0,0.0,10.0
4.1876979496582765,0.7725297537102743,0.41690249591792566,0.005,200.0,0.0,0.0,0.0,200.0,0.0,0.0,0.0,200.0,10.0,0.0,0.0,0.0,10.0,0.0,0.0,0.0,10.0
4.188698116352725,0.7716249748555236,0.4172994176642779,0.005,200.0,0.0,0.0,0.0,200.0,0.0,0.0,0.0,200.0,10.0,0.0,0.0,0.0,10.0,0.0,0.0,0.0,10.0
4.189698283047175,0.7707201960007735,0.41769633941062984,0.005,200.0,0.0,0.0,0.0,200.0,0.0,0.0,0.0,200.0,10.0,0.0,0.0,0.0,10.0,0.0,0.0,0.0,10.0
4.190698449741624,0.7698154171460228,0.41809326115698203,0.005,200.0,0.0,0.0,0.0,200.0,0.0,0.0,0.0,200.0,10.0,0.0,0.0,0.0,10.0,0.0,0.0,0.0,10.0
4.1916986164360726,0.7689106382912726,0.418490182903334,0.005,200.0,0.0,0.0,0.0,200.0,0.0,0.0,0.0,200.0,10.0,0.0,0.0,0.0,10.0,0.0,0.0,0.0,10.0
4.192698783130522,0.7680058594365224,0.4188871046496859,0.005,200.0,0.0,0.0,0.0,200.0,0.0,0.0,0.0,200.0,10.0,0.0,0.0,0.0,10.0,0.0,0.0,0.0,10.0
4.193698949824971,0.7671010805817717,0.4192840263960381,0.005,200.0,0.0,0.0,0.0,200.0,0.0,0.0,0.0,200.0,10.0,0.0,0.0,0.0,10.0,0.0,0.0,0.0,10.0
4.19469911651942,0.7662012662305736,0.4196369511909456,0.005,200.0,0.0,0.0,0.0,200.0,0.0,0.0,0.0,200.0,10.0,0.0,0.0,0.0,10.0,0.0,0.0,0.0,10.0
4.1956992832138695,0.7653033914993673,0.41997268647924235,0.005,200.0,0.0,0.0,0.0,200.0,0.0,0.0,0.0,200.0,10.0,0.0,0.0,0.0,10.0,0.0,0.0,0.0,10.0
4.196699449908318,0.7644055167681616,0.4203084217675389,0.005,200.0,0.0,0.0,0.0,200.0,0.0,0.0,0.0,200.0,10.0,0.0,0.0,0.0,10.0,0.0,0.0,0.0,10.0
4.197699616602767,0.7635076420369553,0.4206441570558357,0.005,200.0,0.0,0.0,0.0,200.0,0.0,0.0,0.0,200.0,10.0,0.0,0.0,0.0,10.0,0.0,0.0,0.0,10.0
4.198699783297216,0.7626097673057496,0.42097989234413224,0.005,200.0,0.0,0.0,0.0,200.0,0.0,0.0,0.0,200.0,10.0,0.0,0.0,0.0,10.0,0.0,0.0,0.0,10.0
4.199699949991666,0.7617118925745439,0.4213156276324288,0.005,200.0,0.0,0.0,0.0,200.0,0.0,0.0,0.0,200.0,10.0,0.0,0.0,0.0,10.0,0.0,0.0,0.0,10.0
4.200700116686114,0.7608140178433376,0.4216513629207256,0.005,200.0,0.0,0.0,0.0,200.0,0.0,0.0,0.0,200.0,10.0,0.0,0.0,0.0,10.0,0.0,0.0,0.0,10.0
4.201700283380563,0.7599161431121318,0.42198709820902214,0.005,200.0,0.0,0.0,0.0,200.0,0.0,0.0,0.0,200.0,10.0,0.0,0.0,0.0,10.0,0.0,0.0,0.0,10.0
4.202700450075013,0.7590182683809255,0.4223228334973189,0.005,200.0,0.0,0.0,0.0,200.0,0.0,0.0,0.0,200.0,10.0,0.0,0.0,0.0,10.0,0.0,0.0,0.0,10.0
4.203700616769462,0.7581203936497197,0.4226585687856155,0.005,200.0,0.0,0.0,0.0,200.0,0.0,0.0,0.0,200.0,10.0,0.0,0.0,0.0,10.0,0.0,0.0,0.0,10.0
4.2047007834639105,0.757222518918514,0.42299430407391203,0.005,200.0,0.0,0.0,0.0,200.0,0.0,0.0,0.0,200.0,10.0,0.0,0.0,0.0,10.0,0.0,0.0,0.0,10.0
4.20570095015836,0.7563246441873077,0.4233300393622088,0.005,200.0,0.0,0.0,0.0,200.0,0.0,0.0,0.0,200.0,10.0,0.0,0.0,0.0,10.0,0.0,0.0,0.0,10.0
4.206701116852809,0.755426769456102,0.42366577465050537,0.005,200.0,0.0,0.0,0.0,200.0,0.0,0.0,0.0,200.0,10.0,0.0,0.0,0.0,10.0,0.0,0.0,0.0,10.0
4.207701283547258,0.7545288947248957,0.4240015099388021,0.005,200.0,0.0,0.0,0.0,200.0,0.0,0.0,0.0,200.0,10.0,0.0,0.0,0.0,10.0,0.0,0.0,0.0,10.0
4.2087014502417075,0.75363101999369,0.42433724522709865,0.005,200.0,0.0,0.0,0.0,200.0,0.0,0.0,0.0,200.0,10.0,0.0,0.0,0.0,10.0,0.0,0.0,0.0,10.0
4.209701616936156,0.7527331452624842,0.4246729805153952,0.005,200.0,0.0,0.0,0.0,200.0,0.0,0.0,0.0,200.0,10.0,0.0,0.0,0.0,10.0,0.0,0.0,0.0,10.0
4.210701783630605,0.751835270531278,0.425008715803692,0.005,200.0,0.0,0.0,0.0,200.0,0.0,0.0,0.0,200.0,10.0,0.0,0.0,0.0,10.0,0.0,0.0,0.0,10.0
4.211701950325054,0.7509373958000722,0.42534445109198854,0.005,200.0,0.0,0.0,0.0,200.0,0.0,0.0,0.0,200.0,10.0,0.0,0.0,0.0,10.0,0.0,0.0,0.0,10.0
4.212702117019504,0.750039521068866,0.4256801863802853,0.005,200.0,0.0,0.0,0.0,200.0,0.0,0.0,0.0,200.0,10.0,0.0,0.0,0.0,10.0,0.0,0.0,0.0,10.0
4.213702283713952,0.7491416463376602,0.4260159216685819,0.005,200.0,0.0,0.0,0.0,200.0,0.0,0.0,0.0,200.0,10.0,0.0,0.0,0.0,10.0,0.0,0.0,0.0,10.0
4.214702450408401,0.7482195185669102,0.4263448936032304,0.005,200.0,0.0,0.0,0.0,200.0,0.0,0.0,0.0,200.0,10.0,0.0,0.0,0.0,10.0,0.0,0.0,0.0,10.0
4.215702617102851,0.7472846455764006,0.4266703113265228,0.005,200.0,0.0,0.0,0.0,200.0,0.0,0.0,0.0,200.0,10.0,0.0,0.0,0.0,10.0,0.0,0.0,0.0,10.0
4.2167027837973,0.7463497725858911,0.42699572904981514,0.005,200.0,0.0,0.0,0.0,200.0,0.0,0.0,0.0,200.0,10.0,0.0,0.0,0.0,10.0,0.0,0.0,0.0,10.0
4.2177029504917485,0.7454148995953809,0.42732114677310773,0.005,200.0,0.0,0.0,0.0,200.0,0.0,0.0,0.0,200.0,10.0,0.0,0.0,0.0,10.0,0.0,0.0,0.0,10.0
4.218703117186198,0.7444800266048713,0.4276465644964001,0.005,200.0,0.0,0.0,0.0,200.0,0.0,0.0,0.0,200.0,10.0,0.0,0.0,0.0,10.0,0.0,0.0,0.0,10.0
4.219703283880647,0.7435451536143611,0.4279719822196927,0.005,200.0,0.0,0.0,0.0,200.0,0.0,0.0,0.0,200.0,10.0,0.0,0.0,0.0,10.0,0.0,0.0,0.0,10.0
4.220703450575096,0.7426102806238516,0.42829739994298505,0.005,200.0,0.0,0.0,0.0,200.0,0.0,0.0,0.0,200.0,10.0,0.0,0.0,0.0,10.0,0.0,0.0,0.0,10.0
4.2217036172695455,0.741675407633342,0.42862281766627736,0.005,200.0,0.0,0.0,0.0,200.0,0.0,0.0,0.0,200.0,10.0,0.0,0.0,0.0,10.0,0.0,0.0,0.0,10.0
4.222703783963994,0.7407405346428318,0.42894823538956994,0.005,200.0,0.0,0.0,0.0,200.0,0.0,0.0,0.0,200.0,10.0,0.0,0.0,0.0,10.0,0.0,0.0,0.0,10.0
4.223703950658443,0.7398056616523223,0.4292736531128623,0.005,200.0,0.0,0.0,0.0,200.0,0.0,0.0,0.0,200.0,10.0,0.0,0.0,0.0,10.0,0.0,0.0,0.0,10.0
4.224704117352893,0.7388707886618121,0.4295990708361549,0.005,200.0,0.0,0.0,0.0,200.0,0.0,0.0,0.0,200.0,10.0,0.0,0.0,0.0,10.0,0.0,0.0,0.0,10.0
4.2257042840473416,0.7379359156713026,0.42992448855944726,0.005,200.0,0.0,0.0,0.0,200.0,0.0,0.0,0.0,200.0,10.0,0.0,0.0,0.0,10.0,0.0,0.0,0.0,10.0
4.22670445074179,0.737001042680793,0.4302499062827396,0.005,200.0,0.0,0.0,0.0,200.0,0.0,0.0,0.0,200.0,10.0,0.0,0.0,0.0,10.0,0.0,0.0,0.0,10.0
4.227704617436239,0.7360661696902828,0.4305753240060322,0.005,200.0,0.0,0.0,0.0,200.0,0.0,0.0,0.0,200.0,10.0,0.0,0.0,0.0,10.0,0.0,0.0,0.0,10.0
4.228704784130689,0.7351312966997733,0.4309007417293246,0.005,200.0,0.0,0.0,0.0,200.0,0.0,0.0,0.0,200.0,10.0,0.0,0.0,0.0,10.0,0.0,0.0,0.0,10.0
4.229704950825138,0.7341964237092631,0.4312261594526171,0.005,200.0,0.0,0.0,0.0,200.0,0.0,0.0,0.0,200.0,10.0,0.0,0.0,0.0,10.0,0.0,0.0,0.0,10.0
4.2307051175195864,0.7332615507187535,0.4315515771759095,0.005,200.0,0.0,0.0,0.0,200.0,0.0,0.0,0.0,200.0,10.0,0.0,0.0,0.0,10.0,0.0,0.0,0.0,10.0
4.231705284214036,0.7323266777282433,0.43187699489920206,0.005,200.0,0.0,0.0,0.0,200.0,0.0,0.0,0.0,200.0,10.0,0.0,0.0,0.0,10.0,0.0,0.0,0.0,10.0
4.232705450908485,0.7313918047377338,0.4322024126224944,0.005,200.0,0.0,0.0,0.0,200.0,0.0,0.0,0.0,200.0,10.0,0.0,0.0,0.0,10.0,0.0,0.0,0.0,10.0
4.233705617602934,0.7304569317472243,0.4325278303457868,0.005,200.0,0.0,0.0,0.0,200.0,0.0,0.0,0.0,200.0,10.0,0.0,0.0,0.0,10.0,0.0,0.0,0.0,10.0
4.234705784297383,0.7293752254516127,0.4328565797938529,0.005,200.0,0.0,0.0,0.0,200.0,0.0,0.0,0.0,200.0,10.0,0.0,0.0,0.0,10.0,0.0,0.0,0.0,10.0
4.235705950991832,0.7281923120191524,0.433187625684983,0.005,200.0,0.0,0.0,0.0,200.0,0.0,0.0,0.0,200.0,10.0,0.0,0.0,0.0,10.0,0.0,0.0,0.0,10.0
4.236706117686281,0.7270093985866912,0.4335186715761133,0.005,200.0,0.0,0.0,0.0,200.0,0.0,0.0,0.0,200.0,10.0,0.0,0.0,0.0,10.0,0.0,0.0,0.0,10.0
4.237706284380731,0.7258264851542309,0.4338497174672434,0.005,200.0,0.0,0.0,0.0,200.0,0.0,0.0,0.0,200.0,10.0,0.0,0.0,0.0,10.0,0.0,0.0,0.0,10.0
4.2387064510751795,0.7246435717217705,0.43418076335837347,0.005,200.0,0.0,0.0,0.0,200.0,0.0,0.0,0.0,200.0,10.0,0.0,0.0,0.0,10.0,0.0,0.0,0.0,10.0
4.239706617769628,0.7234606582893093,0.4345118092495038,0.005,200.0,0.0,0.0,0.0,200.0,0.0,0.0,0.0,200.0,10.0,0.0,0.0,0.0,10.0,0.0,0.0,0.0,10.0
4.240706784464077,0.7222777448568489,0.43484285514063387,0.005,200.0,0.0,0.0,0.0,200.0,0.0,0.0,0.0,200.0,10.0,0.0,0.0,0.0,10.0,0.0,0.0,0.0,10.0
4.241706951158527,0.7210948314243878,0.4351739010317642,0.005,200.0,0.0,0.0,0.0,200.0,0.0,0.0,0.0,200.0,10.0,0.0,0.0,0.0,10.0,0.0,0.0,0.0,10.0
4.242707117852976,0.7199119179919274,0.43550494692289426,0.005,200.0,0.0,0.0,0.0,200.0,0.0,0.0,0.0,200.0,10.0,0.0,0.0,0.0,10.0,0.0,0.0,0.0,10.0
4.243707284547424,0.7187290045594671,0.43583599281402435,0.005,200.0,0.0,0.0,0.0,200.0,0.0,0.0,0.0,200.0,10.0,0.0,0.0,0.0,10.0,0.0,0.0,0.0,10.0
4.244707451241874,0.717546091127006,0.43616703870515466,0.005,200.0,0.0,0.0,0.0,200.0,0.0,0.0,0.0,200.0,10.0,0.0,0.0,0.0,10.0,0.0,0.0,0.0,10.0
4.245707617936323,0.7163631776945456,0.43649808459628475,0.005,200.0,0.0,0.0,0.0,200.0,0.0,0.0,0.0,200.0,10.0,0.0,0.0,0.0,10.0,0.0,0.0,0.0,10.0
4.246707784630772,0.7151802642620845,0.43682913048741506,0.005,200.0,0.0,0.0,0.0,200.0,0.0,0.0,0.0,200.0,10.0,0.0,0.0,0.0,10.0,0.0,0.0,0.0,10.0
4.247707951325221,0.7139973508296241,0.4371601763785452,0.005,200.0,0.0,0.0,0.0,200.0,0.0,0.0,0.0,200.0,10.0,0.0,0.0,0.0,10.0,0.0,0.0,0.0,10.0
4.24870811801967,0.712814437397163,0.4374912222696755,0.005,200.0,0.0,0.0,0.0,200.0,0.0,0.0,0.0,200.0,10.0,0.0,0.0,0.0,10.0,0.0,0.0,0.0,10.0
4.249708284714119,0.7116315239647025,0.4378222681608056,0.005,200.0,0.0,0.0,0.0,200.0,0.0,0.0,0.0,200.0,10.0,0.0,0.0,0.0,10.0,0.0,0.0,0.0,10.0
4.250708451408569,0.7104486105322422,0.4381533140519357,0.005,200.0,0.0,0.0,0.0,200.0,0.0,0.0,0.0,200.0,10.0,0.0,0.0,0.0,10.0,0.0,0.0,0.0,10.0
4.2517086181030175,0.709265697099781,0.438484359943066,0.005,200.0,0.0,0.0,0.0,200.0,0.0,0.0,0.0,200.0,10.0,0.0,0.0,0.0,10.0,0.0,0.0,0.0,10.0
4.252708784797466,0.7080827836673207,0.4388154058341961,0.005,200.0,0.0,0.0,0.0,200.0,0.0,0.0,0.0,200.0,10.0,0.0,0.0,0.0,10.0,0.0,0.0,0.0,10.0
4.253708951491915,0.7068998702348596,0.4391464517253264,0.005,200.0,0.0,0.0,0.0,200.0,0.0,0.0,0.0,200.0,10.0,0.0,0.0,0.0,10.0,0.0,0.0,0.0,10.0
4.254709118186365,0.7058459106117988,0.43942645392351937,0.005,200.0,0.0,0.0,0.0,200.0,0.0,0.0,0.0,200.0,10.0,0.0,0.0,0.0,10.0,0.0,0.0,0.0,10.0
4.255709284880814,0.7049070300211767,0.4396609044716862,0.005,200.0,0.0,0.0,0.0,200.0,0.0,0.0,0.0,200.0,10.0,0.0,0.0,0.0,10.0,0.0,0.0,0.0,10.0
4.256709451575262,0.7039681494305541,0.4398953550198532,0.005,200.0,0.0,0.0,0.0,200.0,0.0,0.0,0.0,200.0,10.0,0.0,0.0,0.0,10.0,0.0,0.0,0.0,10.0
4.257709618269712,0.703029268839932,0.44012980556802006,0.005,200.0,0.0,0.0,0.0,200.0,0.0,0.0,0.0,200.0,10.0,0.0,0.0,0.0,10.0,0.0,0.0,0.0,10.0
4.258709784964161,0.7020903882493094,0.44036425611618707,0.005,200.0,0.0,0.0,0.0,200.0,0.0,0.0,0.0,200.0,10.0,0.0,0.0,0.0,10.0,0.0,0.0,0.0,10.0
4.25970995165861,0.7011515076586873,0.4405987066643539,0.005,200.0,0.0,0.0,0.0,200.0,0.0,0.0,0.0,200.0,10.0,0.0,0.0,0.0,10.0,0.0,0.0,0.0,10.0
4.260710118353059,0.7002126270680653,0.44083315721252075,0.005,200.0,0.0,0.0,0.0,200.0,0.0,0.0,0.0,200.0,10.0,0.0,0.0,0.0,10.0,0.0,0.0,0.0,10.0
4.261710285047508,0.6992737464774427,0.44106760776068776,0.005,200.0,0.0,0.0,0.0,200.0,0.0,0.0,0.0,200.0,10.0,0.0,0.0,0.0,10.0,0.0,0.0,0.0,10.0
4.262710451741957,0.6983348658868206,0.4413020583088546,0.005,200.0,0.0,0.0,0.0,200.0,0.0,0.0,0.0,200.0,10.0,0.0,0.0,0.0,10.0,0.0,0.0,0.0,10.0
4.263710618436407,0.697395985296198,0.4415365088570216,0.005,200.0,0.0,0.0,0.0,200.0,0.0,0.0,0.0,200.0,10.0,0.0,0.0,0.0,10.0,0.0,0.0,0.0,10.0
4.264710785130855,0.6964571047055759,0.44177095940518846,0.005,200.0,0.0,0.0,0.0,200.0,0.0,0.0,0.0,200.0,10.0,0.0,0.0,0.0,10.0,0.0,0.0,0.0,10.0
4.265710951825304,0.6955182241149532,0.44200540995335547,0.005,200.0,0.0,0.0,0.0,200.0,0.0,0.0,0.0,200.0,10.0,0.0,0.0,0.0,10.0,0.0,0.0,0.0,10.0
4.266711118519753,0.6945793435243311,0.4422398605015223,0.005,200.0,0.0,0.0,0.0,200.0,0.0,0.0,0.0,200.0,10.0,0.0,0.0,0.0,10.0,0.0,0.0,0.0,10.0
4.267711285214203,0.6936404629337092,0.44247431104968915,0.005,200.0,0.0,0.0,0.0,200.0,0.0,0.0,0.0,200.0,10.0,0.0,0.0,0.0,10.0,0.0,0.0,0.0,10.0
4.2687114519086515,0.6927015823430864,0.44270876159785616,0.005,200.0,0.0,0.0,0.0,200.0,0.0,0.0,0.0,200.0,10.0,0.0,0.0,0.0,10.0,0.0,0.0,0.0,10.0
4.2697116186031,0.6917627017524645,0.442943212146023,0.005,200.0,0.0,0.0,0.0,200.0,0.0,0.0,0.0,200.0,10.0,0.0,0.0,0.0,10.0,0.0,0.0,0.0,10.0
4.27071178529755,0.6908238211618417,0.44317766269419,0.005,200.0,0.0,0.0,0.0,200.0,0.0,0.0,0.0,200.0,10.0,0.0,0.0,0.0,10.0,0.0,0.0,0.0,10.0
4.271711951991999,0.6898849405712197,0.44341211324235685,0.005,200.0,0.0,0.0,0.0,200.0,0.0,0.0,0.0,200.0,10.0,0.0,0.0,0.0,10.0,0.0,0.0,0.0,10.0
4.272712118686448,0.6889460599805977,0.4436465637905237,0.005,200.0,0.0,0.0,0.0,200.0,0.0,0.0,0.0,200.0,10.0,0.0,0.0,0.0,10.0,0.0,0.0,0.0,10.0
4.273712285380897,0.688007179389975,0.4438810143386907,0.005,200.0,0.0,0.0,0.0,200.0,0.0,0.0,0.0,200.0,10.0,0.0,0.0,0.0,10.0,0.0,0.0,0.0,10.0
4.274712452075346,0.6870893325124469,0.44410510961563116,0.005,200.0,0.0,0.0,0.0,200.0,0.0,0.0,0.0,200.0,10.0,0.0,0.0,0.0,10.0,0.0,0.0,0.0,10.0
4.275712618769795,0.6861956971032276,0.4443172851559083,0.005,200.0,0.0,0.0,0.0,200.0,0.0,0.0,0.0,200.0,10.0,0.0,0.0,0.0,10.0,0.0,0.0,0.0,10.0
4.276712785464245,0.6853020616940089,0.44452946069618526,0.005,200.0,0.0,0.0,0.0,200.0,0.0,0.0,0.0,200.0,10.0,0.0,0.0,0.0,10.0,0.0,0.0,0.0,10.0
4.277712952158693,0.6844084262847903,0.4447416362364623,0.005,200.0,0.0,0.0,0.0,200.0,0.0,0.0,0.0,200.0,10.0,0.0,0.0,0.0,10.0,0.0,0.0,0.0,10.0
4.278713118853142,0.683514790875571,0.4449538117767394,0.005,200.0,0.0,0.0,0.0,200.0,0.0,0.0,0.0,200.0,10.0,0.0,0.0,0.0,10.0,0.0,0.0,0.0,10.0
4.279713285547591,0.6826211554663523,0.4451659873170164,0.005,200.0,0.0,0.0,0.0,200.0,0.0,0.0,0.0,200.0,10.0,0.0,0.0,0.0,10.0,0.0,0.0,0.0,10.0
4.280713452242041,0.681727520057133,0.44537816285729354,0.005,200.0,0.0,0.0,0.0,200.0,0.0,0.0,0.0,200.0,10.0,0.0,0.0,0.0,10.0,0.0,0.0,0.0,10.0
4.2817136189364895,0.6808338846479143,0.44559033839757056,0.005,200.0,0.0,0.0,0.0,200.0,0.0,0.0,0.0,200.0,10.0,0.0,0.0,0.0,10.0,0.0,0.0,0.0,10.0
4.282713785630938,0.679940249238695,0.4458025139378477,0.005,200.0,0.0,0.0,0.0,200.0,0.0,0.0,0.0,200.0,10.0,0.0,0.0,0.0,10.0,0.0,0.0,0.0,10.0
4.283713952325388,0.6790466138294764,0.44601468947812467,0.005,200.0,0.0,0.0,0.0,200.0,0.0,0.0,0.0,200.0,10.0,0.0,0.0,0.0,10.0,0.0,0.0,0.0,10.0
4.284714119019837,0.6781529784202577,0.4462268650184017,0.005,200.0,0.0,0.0,0.0,200.0,0.0,0.0,0.0,200.0,10.0,0.0,0.0,0.0,10.0,0.0,0.0,0.0,10.0
4.285714285714286,0.6772593430110384,0.44643904055867883,0.005,200.0,0.0,0.0,0.0,200.0,0.0,0.0,0.0,200.0,10.0,0.0,0.0,0.0,10.0,0.0,0.0,0.0,10.0
4.286714452408735,0.6763657076018197,0.4466512160989558,0.005,200.0,0.0,0.0,0.0,200.0,0.0,0.0,0.0,200.0,10.0,0.0,0.0,0.0,10.0,0.0,0.0,0.0,10.0
4.287714619103184,0.6754720721926004,0.44686339163923294,0.005,200.0,0.0,0.0,0.0,200.0,0.0,0.0,0.0,200.0,10.0,0.0,0.0,0.0,10.0,0.0,0.0,0.0,10.0
4.288714785797633,0.6745784367833818,0.44707556717950997,0.005,200.0,0.0,0.0,0.0,200.0,0.0,0.0,0.0,200.0,10.0,0.0,0.0,0.0,10.0,0.0,0.0,0.0,10.0
4.289714952492083,0.6736848013741631,0.44728774271978694,0.005,200.0,0.0,0.0,0.0,200.0,0.0,0.0,0.0,200.0,10.0,0.0,0.0,0.0,10.0,0.0,0.0,0.0,10.0
4.290715119186531,0.6727911659649438,0.4474999182600641,0.005,200.0,0.0,0.0,0.0,200.0,0.0,0.0,0.0,200.0,10.0,0.0,0.0,0.0,10.0,0.0,0.0,0.0,10.0
4.29171528588098,0.6718975305557251,0.4477120938003411,0.005,200.0,0.0,0.0,0.0,200.0,0.0,0.0,0.0,200.0,10.0,0.0,0.0,0.0,10.0,0.0,0.0,0.0,10.0
4.292715452575429,0.6710038951465058,0.44792426934061824,0.005,200.0,0.0,0.0,0.0,200.0,0.0,0.0,0.0,200.0,10.0,0.0,0.0,0.0,10.0,0.0,0.0,0.0,10.0
4.293715619269879,0.6701102597372872,0.4481364448808952,0.005,200.0,0.0,0.0,0.0,200.0,0.0,0.0,0.0,200.0,10.0,0.0,0.0,0.0,10.0,0.0,0.0,0.0,10.0
4.2947157859643275,0.6692074079139172,0.4484047022416683,0.005,200.0,0.0,0.0,0.0,200.0,0.0,0.0,0.0,200.0,10.0,0.0,0.0,0.0,10.0,0.0,0.0,0.0,10.0
4.295715952658776,0.6682908082727709,0.44875661498468156,0.005,200.0,0.0,0.0,0.0,200.0,0.0,0.0,0.0,200.0,10.0,0.0,0.0,0.0,10.0,0.0,0.0,0.0,10.0
4.296716119353226,0.6673742086316252,0.4491085277276946,0.005,200.0,0.0,0.0,0.0,200.0,0.0,0.0,0.0,200.0,10.0,0.0,0.0,0.0,10.0,0.0,0.0,0.0,10.0
4.297716286047675,0.666457608990479,0.4494604404707079,0.005,200.0,0.0,0.0,0.0,200.0,0.0,0.0,0.0,200.0,10.0,0.0,0.0,0.0,10.0,0.0,0.0,0.0,10.0
4.2987164527421236,0.6655410093493334,0.4498123532137209,0.005,200.0,0.0,0.0,0.0,200.0,0.0,0.0,0.0,200.0,10.0,0.0,0.0,0.0,10.0,0.0,0.0,0.0,10.0
4.299716619436573,0.664624409708187,0.45016426595673414,0.005,200.0,0.0,0.0,0.0,200.0,0.0,0.0,0.0,200.0,10.0,0.0,0.0,0.0,10.0,0.0,0.0,0.0,10.0
4.300716786131022,0.6637078100670414,0.4505161786997472,0.005,200.0,0.0,0.0,0.0,200.0,0.0,0.0,0.0,200.0,10.0,0.0,0.0,0.0,10.0,0.0,0.0,0.0,10.0
4.301716952825471,0.6627912104258957,0.45086809144276024,0.005,200.0,0.0,0.0,0.0,200.0,0.0,0.0,0.0,200.0,10.0,0.0,0.0,0.0,10.0,0.0,0.0,0.0,10.0
4.3027171195199205,0.6618746107847494,0.4512200041857735,0.005,200.0,0.0,0.0,0.0,200.0,0.0,0.0,0.0,200.0,10.0,0.0,0.0,0.0,10.0,0.0,0.0,0.0,10.0
4.303717286214369,0.6609580111436038,0.4515719169287865,0.005,200.0,0.0,0.0,0.0,200.0,0.0,0.0,0.0,200.0,10.0,0.0,0.0,0.0,10.0,0.0,0.0,0.0,10.0
4.304717452908818,0.6600414115024575,0.4519238296717998,0.005,200.0,0.0,0.0,0.0,200.0,0.0,0.0,0.0,200.0,10.0,0.0,0.0,0.0,10.0,0.0,0.0,0.0,10.0
4.305717619603267,0.6591248118613118,0.45227574241481283,0.005,200.0,0.0,0.0,0.0,200.0,0.0,0.0,0.0,200.0,10.0,0.0,0.0,0.0,10.0,0.0,0.0,0.0,10.0
4.306717786297717,0.6582082122201661,0.4526276551578259,0.005,200.0,0.0,0.0,0.0,200.0,0.0,0.0,0.0,200.0,10.0,0.0,0.0,0.0,10.0,0.0,0.0,0.0,10.0
4.307717952992165,0.6572916125790199,0.45297956790083915,0.005,200.0,0.0,0.0,0.0,200.0,0.0,0.0,0.0,200.0,10.0,0.0,0.0,0.0,10.0,0.0,0.0,0.0,10.0
4.308718119686614,0.6563750129378743,0.45333148064385215,0.005,200.0,0.0,0.0,0.0,200.0,0.0,0.0,0.0,200.0,10.0,0.0,0.0,0.0,10.0,0.0,0.0,0.0,10.0
4.309718286381064,0.6554584132967279,0.4536833933868654,0.005,200.0,0.0,0.0,0.0,200.0,0.0,0.0,0.0,200.0,10.0,0.0,0.0,0.0,10.0,0.0,0.0,0.0,10.0
4.310718453075513,0.6545418136555823,0.45403530612987847,0.005,200.0,0.0,0.0,0.0,200.0,0.0,0.0,0.0,200.0,10.0,0.0,0.0,0.0,10.0,0.0,0.0,0.0,10.0
4.3117186197699615,0.6536252140144366,0.4543872188728915,0.005,200.0,0.0,0.0,0.0,200.0,0.0,0.0,0.0,200.0,10.0,0.0,0.0,0.0,10.0,0.0,0.0,0.0,10.0
4.312718786464411,0.6527086143732903,0.4547391316159048,0.005,200.0,0.0,0.0,0.0,200.0,0.0,0.0,0.0,200.0,10.0,0.0,0.0,0.0,10.0,0.0,0.0,0.0,10.0
4.31371895315886,0.6517920147321447,0.4550910443589178,0.005,200.0,0.0,0.0,0.0,200.0,0.0,0.0,0.0,200.0,10.0,0.0,0.0,0.0,10.0,0.0,0.0,0.0,10.0
4.314719119853309,0.6508221195665748,0.4554193555007162,0.005,200.0,0.0,0.0,0.0,200.0,0.0,0.0,0.0,200.0,10.0,0.0,0.0,0.0,10.0,0.0,0.0,0.0,10.0
4.3157192865477585,0.649747744065997,0.45570139815696464,0.005,200.0,0.0,0.0,0.0,200.0,0.0,0.0,0.0,200.0,10.0,0.0,0.0,0.0,10.0,0.0,0.0,0.0,10.0
4.316719453242207,0.6486733685654185,0.4559834408132132,0.005,200.0,0.0,0.0,0.0,200.0,0.0,0.0,0.0,200.0,10.0,0.0,0.0,0.0,10.0,0.0,0.0,0.0,10.0
4.317719619936656,0.6475989930648407,0.45626548346946155,0.005,200.0,0.0,0.0,0.0,200.0,0.0,0.0,0.0,200.0,10.0,0.0,0.0,0.0,10.0,0.0,0.0,0.0,10.0
4.318719786631106,0.6465246175642629,0.45654752612571,0.005,200.0,0.0,0.0,0.0,200.0,0.0,0.0,0.0,200.0,10.0,0.0,0.0,0.0,10.0,0.0,0.0,0.0,10.0
4.319719953325555,0.6454502420636845,0.4568295687819585,0.005,200.0,0.0,0.0,0.0,200.0,0.0,0.0,0.0,200.0,10.0,0.0,0.0,0.0,10.0,0.0,0.0,0.0,10.0
4.320720120020003,0.6443758665631067,0.4571116114382069,0.005,200.0,0.0,0.0,0.0,200.0,0.0,0.0,0.0,200.0,10.0,0.0,0.0,0.0,10.0,0.0,0.0,0.0,10.0
4.321720286714452,0.6433014910625282,0.4573936540944555,0.005,200.0,0.0,0.0,0.0,200.0,0.0,0.0,0.0,200.0,10.0,0.0,0.0,0.0,10.0,0.0,0.0,0.0,10.0
4.322720453408902,0.6422271155619504,0.45767569675070385,0.005,200.0,0.0,0.0,0.0,200.0,0.0,0.0,0.0,200.0,10.0,0.0,0.0,0.0,10.0,0.0,0.0,0.0,10.0
4.323720620103351,0.6411527400613727,0.4579577394069522,0.005,200.0,0.0,0.0,0.0,200.0,0.0,0.0,0.0,200.0,10.0,0.0,0.0,0.0,10.0,0.0,0.0,0.0,10.0
4.3247207867977995,0.6400783645607941,0.4582397820632008,0.005,200.0,0.0,0.0,0.0,200.0,0.0,0.0,0.0,200.0,10.0,0.0,0.0,0.0,10.0,0.0,0.0,0.0,10.0
4.325720953492249,0.6390039890602164,0.4585218247194492,0.005,200.0,0.0,0.0,0.0,200.0,0.0,0.0,0.0,200.0,10.0,0.0,0.0,0.0,10.0,0.0,0.0,0.0,10.0
4.326721120186698,0.6379296135596378,0.4588038673756978,0.005,200.0,0.0,0.0,0.0,200.0,0.0,0.0,0.0,200.0,10.0,0.0,0.0,0.0,10.0,0.0,0.0,0.0,10.0
4.327721286881147,0.6368552380590601,0.45908591003194615,0.005,200.0,0.0,0.0,0.0,200.0,0.0,0.0,0.0,200.0,10.0,0.0,0.0,0.0,10.0,0.0,0.0,0.0,10.0
4.3287214535755965,0.6357808625584823,0.4593679526881945,0.005,200.0,0.0,0.0,0.0,200.0,0.0,0.0,0.0,200.0,10.0,0.0,0.0,0.0,10.0,0.0,0.0,0.0,10.0
4.329721620270045,0.6347064870579039,0.4596499953444431,0.005,200.0,0.0,0.0,0.0,200.0,0.0,0.0,0.0,200.0,10.0,0.0,0.0,0.0,10.0,0.0,0.0,0.0,10.0
4.330721786964494,0.6336321115573261,0.4599320380006915,0.005,200.0,0.0,0.0,0.0,200.0,0.0,0.0,0.0,200.0,10.0,0.0,0.0,0.0,10.0,0.0,0.0,0.0,10.0
4.331721953658944,0.6325577360567476,0.4602140806569401,0.005,200.0,0.0,0.0,0.0,200.0,0.0,0.0,0.0,200.0,10.0,0.0,0.0,0.0,10.0,0.0,0.0,0.0,10.0
4.3327221203533925,0.6314833605561698,0.46049612331318845,0.005,200.0,0.0,0.0,0.0,200.0,0.0,0.0,0.0,200.0,10.0,0.0,0.0,0.0,10.0,0.0,0.0,0.0,10.0
4.333722287047841,0.6304089850555921,0.4607781659694368,0.005,200.0,0.0,0.0,0.0,200.0,0.0,0.0,0.0,200.0,10.0,0.0,0.0,0.0,10.0,0.0,0.0,0.0,10.0
4.33472245374229,0.6293284387702959,0.46107994755976883,0.005,200.0,0.0,0.0,0.0,200.0,0.0,0.0,0.0,200.0,10.0,0.0,0.0,0.0,10.0,0.0,0.0,0.0,10.0
4.33572262043674,0.6282315624815402,0.46143396510980905,0.005,200.0,0.0,0.0,0.0,200.0,0.0,0.0,0.0,200.0,10.0,0.0,0.0,0.0,10.0,0.0,0.0,0.0,10.0
4.336722787131189,0.6271346861927838,0.46178798265984955,0.005,200.0,0.0,0.0,0.0,200.0,0.0,0.0,0.0,200.0,10.0,0.0,0.0,0.0,10.0,0.0,0.0,0.0,10.0
4.337722953825637,0.6260378099040281,0.46214200020988977,0.005,200.0,0.0,0.0,0.0,200.0,0.0,0.0,0.0,200.0,10.0,0.0,0.0,0.0,10.0,0.0,0.0,0.0,10.0
4.338723120520087,0.6249409336152718,0.4624960177599302,0.005,200.0,0.0,0.0,0.0,200.0,0.0,0.0,0.0,200.0,10.0,0.0,0.0,0.0,10.0,0.0,0.0,0.0,10.0
4.339723287214536,0.6238440573265162,0.4628500353099705,0.005,200.0,0.0,0.0,0.0,200.0,0.0,0.0,0.0,200.0,10.0,0.0,0.0,0.0,10.0,0.0,0.0,0.0,10.0
4.340723453908985,0.6227471810377605,0.4632040528600107,0.005,200.0,0.0,0.0,0.0,200.0,0.0,0.0,0.0,200.0,10.0,0.0,0.0,0.0,10.0,0.0,0.0,0.0,10.0
4.341723620603434,0.6216503047490041,0.4635580704100512,0.005,200.0,0.0,0.0,0.0,200.0,0.0,0.0,0.0,200.0,10.0,0.0,0.0,0.0,10.0,0.0,0.0,0.0,10.0
4.342723787297883,0.6205534284602484,0.4639120879600914,0.005,200.0,0.0,0.0,0.0,200.0,0.0,0.0,0.0,200.0,10.0,0.0,0.0,0.0,10.0,0.0,0.0,0.0,10.0
4.343723953992332,0.6194565521714921,0.46426610551013187,0.005,200.0,0.0,0.0,0.0,200.0,0.0,0.0,0.0,200.0,10.0,0.0,0.0,0.0,10.0,0.0,0.0,0.0,10.0
4.344724120686782,0.6183596758827364,0.46462012306017214,0.005,200.0,0.0,0.0,0.0,200.0,0.0,0.0,0.0,200.0,10.0,0.0,0.0,0.0,10.0,0.0,0.0,0.0,10.0
4.3457242873812305,0.6172627995939808,0.46497414061021236,0.005,200.0,0.0,0.0,0.0,200.0,0.0,0.0,0.0,200.0,10.0,0.0,0.0,0.0,10.0,0.0,0.0,0.0,10.0
4.346724454075679,0.6161659233052244,0.4653281581602528,0.005,200.0,0.0,0.0,0.0,200.0,0.0,0.0,0.0,200.0,10.0,0.0,0.0,0.0,10.0,0.0,0.0,0.0,10.0
4.347724620770128,0.6150690470164688,0.4656821757102931,0.005,200.0,0.0,0.0,0.0,200.0,0.0,0.0,0.0,200.0,10.0,0.0,0.0,0.0,10.0,0.0,0.0,0.0,10.0
4.348724787464578,0.6139721707277124,0.4660361932603335,0.005,200.0,0.0,0.0,0.0,200.0,0.0,0.0,0.0,200.0,10.0,0.0,0.0,0.0,10.0,0.0,0.0,0.0,10.0
4.349724954159027,0.6128752944389567,0.4663902108103738,0.005,200.0,0.0,0.0,0.0,200.0,0.0,0.0,0.0,200.0,10.0,0.0,0.0,0.0,10.0,0.0,0.0,0.0,10.0
4.350725120853475,0.6117784181502011,0.466744228360414,0.005,200.0,0.0,0.0,0.0,200.0,0.0,0.0,0.0,200.0,10.0,0.0,0.0,0.0,10.0,0.0,0.0,0.0,10.0
4.351725287547925,0.6106815418614446,0.46709824591045446,0.005,200.0,0.0,0.0,0.0,200.0,0.0,0.0,0.0,200.0,10.0,0.0,0.0,0.0,10.0,0.0,0.0,0.0,10.0
4.352725454242374,0.6095846655726891,0.46745226346049473,0.005,200.0,0.0,0.0,0.0,200.0,0.0,0.0,0.0,200.0,10.0,0.0,0.0,0.0,10.0,0.0,0.0,0.0,10.0
4.353725620936823,0.6084877892839327,0.4678062810105352,0.005,200.0,0.0,0.0,0.0,200.0,0.0,0.0,0.0,200.0,10.0,0.0,0.0,0.0,10.0,0.0,0.0,0.0,10.0
4.354725787631272,0.607379075596185,0.4681486420620281,0.005,200.0,0.0,0.0,0.0,200.0,0.0,0.0,0.0,200.0,10.0,0.0,0.0,0.0,10.0,0.0,0.0,0.0,10.0
4.355725954325721,0.6062260186360222,0.4684473374999153,0.005,200.0,0.0,0.0,0.0,200.0,0.0,0.0,0.0,200.0,10.0,0.0,0.0,0.0,10.0,0.0,0.0,0.0,10.0
4.35672612102017,0.6050729616758602,0.4687460329378023,0.005,200.0,0.0,0.0,0.0,200.0,0.0,0.0,0.0,200.0,10.0,0.0,0.0,0.0,10.0,0.0,0.0,0.0,10.0
4.35772628771462,0.6039199047156982,0.4690447283756894,0.005,200.0,0.0,0.0,0.0,200.0,0.0,0.0,0.0,200.0,10.0,0.0,0.0,0.0,10.0,0.0,0.0,0.0,10.0
4.3587264544090685,0.6027668477555355,0.4693434238135766,0.005,200.0,0.0,0.0,0.0,200.0,0.0,0.0,0.0,200.0,10.0,0.0,0.0,0.0,10.0,0.0,0.0,0.0,10.0
4.359726621103517,0.6016137907953734,0.4696421192514636,0.005,200.0,0.0,0.0,0.0,200.0,0.0,0.0,0.0,200.0,10.0,0.0,0.0,0.0,10.0,0.0,0.0,0.0,10.0
4.360726787797966,0.6004607338352106,0.46994081468935084,0.005,200.0,0.0,0.0,0.0,200.0,0.0,0.0,0.0,200.0,10.0,0.0,0.0,0.0,10.0,0.0,0.0,0.0,10.0
4.361726954492416,0.5993076768750486,0.47023951012723786,0.005,200.0,0.0,0.0,0.0,200.0,0.0,0.0,0.0,200.0,10.0,0.0,0.0,0.0,10.0,0.0,0.0,0.0,10.0
4.362727121186865,0.5981546199148866,0.4705382055651249,0.005,200.0,0.0,0.0,0.0,200.0,0.0,0.0,0.0,200.0,10.0,0.0,0.0,0.0,10.0,0.0,0.0,0.0,10.0
4.363727287881313,0.5970015629547238,0.4708369010030121,0.005,200.0,0.0,0.0,0.0,200.0,0.0,0.0,0.0,200.0,10.0,0.0,0.0,0.0,10.0,0.0,0.0,0.0,10.0
4.364727454575763,0.5958485059945617,0.47113559644089914,0.005,200.0,0.0,0.0,0.0,200.0,0.0,0.0,0.0,200.0,10.0,0.0,0.0,0.0,10.0,0.0,0.0,0.0,10.0
4.365727621270212,0.594695449034399,0.4714342918787864,0.005,200.0,0.0,0.0,0.0,200.0,0.0,0.0,0.0,200.0,10.0,0.0,0.0,0.0,10.0,0.0,0.0,0.0,10.0
4.366727787964661,0.593542392074237,0.4717329873166734,0.005,200.0,0.0,0.0,0.0,200.0,0.0,0.0,0.0,200.0,10.0,0.0,0.0,0.0,10.0,0.0,0.0,0.0,10.0
4.36772795465911,0.592389335114075,0.4720316827545604,0.005,200.0,0.0,0.0,0.0,200.0,0.0,0.0,0.0,200.0,10.0,0.0,0.0,0.0,10.0,0.0,0.0,0.0,10.0
4.368728121353559,0.5912362781539122,0.47233037819244766,0.005,200.0,0.0,0.0,0.0,200.0,0.0,0.0,0.0,200.0,10.0,0.0,0.0,0.0,10.0,0.0,0.0,0.0,10.0
4.369728288048008,0.5900832211937501,0.4726290736303347,0.005,200.0,0.0,0.0,0.0,200.0,0.0,0.0,0.0,200.0,10.0,0.0,0.0,0.0,10.0,0.0,0.0,0.0,10.0
4.370728454742458,0.5889301642335873,0.4729277690682219,0.005,200.0,0.0,0.0,0.0,200.0,0.0,0.0,0.0,200.0,10.0,0.0,0.0,0.0,10.0,0.0,0.0,0.0,10.0
4.371728621436906,0.5877771072734254,0.47322646450610895,0.005,200.0,0.0,0.0,0.0,200.0,0.0,0.0,0.0,200.0,10.0,0.0,0.0,0.0,10.0,0.0,0.0,0.0,10.0
4.372728788131355,0.5866240503132626,0.4735251599439962,0.005,200.0,0.0,0.0,0.0,200.0,0.0,0.0,0.0,200.0,10.0,0.0,0.0,0.0,10.0,0.0,0.0,0.0,10.0
4.373728954825804,0.5854709933531006,0.4738238553818832,0.005,200.0,0.0,0.0,0.0,200.0,0.0,0.0,0.0,200.0,10.0,0.0,0.0,0.0,10.0,0.0,0.0,0.0,10.0
4.374729121520254,0.5843630636368301,0.47409974478506844,0.005,200.0,0.0,0.0,0.0,200.0,0.0,0.0,0.0,200.0,10.0,0.0,0.0,0.0,10.0,0.0,0.0,0.0,10.0
4.3757292882147025,0.583516666811294,0.47424346285077773,0.005,200.0,0.0,0.0,0.0,200.0,0.0,0.0,0.0,200.0,10.0,0.0,0.0,0.0,10.0,0.0,0.0,0.0,10.0
4.376729454909151,0.5826702699857585,0.47438718091648685,0.005,200.0,0.0,0.0,0.0,200.0,0.0,0.0,0.0,200.0,10.0,0.0,0.0,0.0,10.0,0.0,0.0,0.0,10.0
4.377729621603601,0.5818238731602224,0.4745308989821961,0.005,200.0,0.0,0.0,0.0,200.0,0.0,0.0,0.0,200.0,10.0,0.0,0.0,0.0,10.0,0.0,0.0,0.0,10.0
4.37872978829805,0.580977476334687,0.47467461704790526,0.005,200.0,0.0,0.0,0.0,200.0,0.0,0.0,0.0,200.0,10.0,0.0,0.0,0.0,10.0,0.0,0.0,0.0,10.0
4.379729954992499,0.5801310795091514,0.4748183351136144,0.005,200.0,0.0,0.0,0.0,200.0,0.0,0.0,0.0,200.0,10.0,0.0,0.0,0.0,10.0,0.0,0.0,0.0,10.0
4.380730121686948,0.5792846826836153,0.47496205317932366,0.005,200.0,0.0,0.0,0.0,200.0,0.0,0.0,0.0,200.0,10.0,0.0,0.0,0.0,10.0,0.0,0.0,0.0,10.0
4.381730288381397,0.5784382858580799,0.4751057712450328,0.005,200.0,0.0,0.0,0.0,200.0,0.0,0.0,0.0,200.0,10.0,0.0,0.0,0.0,10.0,0.0,0.0,0.0,10.0
4.382730455075846,0.5775918890325438,0.475249489310742,0.005,200.0,0.0,0.0,0.0,200.0,0.0,0.0,0.0,200.0,10.0,0.0,0.0,0.0,10.0,0.0,0.0,0.0,10.0
4.383730621770296,0.5767454922070083,0.4753932073764512,0.005,200.0,0.0,0.0,0.0,200.0,0.0,0.0,0.0,200.0,10.0,0.0,0.0,0.0,10.0,0.0,0.0,0.0,10.0
4.384730788464744,0.5758990953814728,0.47553692544216036,0.005,200.0,0.0,0.0,0.0,200.0,0.0,0.0,0.0,200.0,10.0,0.0,0.0,0.0,10.0,0.0,0.0,0.0,10.0
4.385730955159193,0.5750526985559368,0.4756806435078696,0.005,200.0,0.0,0.0,0.0,200.0,0.0,0.0,0.0,200.0,10.0,0.0,0.0,0.0,10.0,0.0,0.0,0.0,10.0
4.386731121853642,0.5742063017304012,0.4758243615735787,0.005,200.0,0.0,0.0,0.0,200.0,0.0,0.0,0.0,200.0,10.0,0.0,0.0,0.0,10.0,0.0,0.0,0.0,10.0
4.387731288548092,0.5733599049048652,0.475968079639288,0.005,200.0,0.0,0.0,0.0,200.0,0.0,0.0,0.0,200.0,10.0,0.0,0.0,0.0,10.0,0.0,0.0,0.0,10.0
4.3887314552425405,0.5725135080793297,0.4761117977049971,0.005,200.0,0.0,0.0,0.0,200.0,0.0,0.0,0.0,200.0,10.0,0.0,0.0,0.0,10.0,0.0,0.0,0.0,10.0
4.389731621936989,0.5716671112537937,0.47625551577070635,0.005,200.0,0.0,0.0,0.0,200.0,0.0,0.0,0.0,200.0,10.0,0.0,0.0,0.0,10.0,0.0,0.0,0.0,10.0
4.390731788631439,0.5708207144282581,0.4763992338364155,0.005,200.0,0.0,0.0,0.0,200.0,0.0,0.0,0.0,200.0,10.0,0.0,0.0,0.0,10.0,0.0,0.0,0.0,10.0
4.391731955325888,0.5699743176027227,0.47654295190212465,0.005,200.0,0.0,0.0,0.0,200.0,0.0,0.0,0.0,200.0,10.0,0.0,0.0,0.0,10.0,0.0,0.0,0.0,10.0
4.392732122020337,0.5691279207771865,0.47668666996783393,0.005,200.0,0.0,0.0,0.0,200.0,0.0,0.0,0.0,200.0,10.0,0.0,0.0,0.0,10.0,0.0,0.0,0.0,10.0
4.393732288714786,0.5682815239516511,0.47683038803354305,0.005,200.0,0.0,0.0,0.0,200.0,0.0,0.0,0.0,200.0,10.0,0.0,0.0,0.0,10.0,0.0,0.0,0.0,10.0
4.394732455409235,0.5674222138627879,0.4769830843034756,0.005,200.0,0.0,0.0,0.0,200.0,0.0,0.0,0.0,200.0,10.0,0.0,0.0,0.0,10.0,0.0,0.0,0.0,10.0
4.395732622103684,0.566421374407862,0.47723418169169457,0.005,200.0,0.0,0.0,0.0,200.0,0.0,0.0,0.0,200.0,10.0,0.0,0.0,0.0,10.0,0.0,0.0,0.0,10.0
4.396732788798134,0.5654205349529361,0.4774852790799135,0.005,200.0,0.0,0.0,0.0,200.0,0.0,0.0,0.0,200.0,10.0,0.0,0.0,0.0,10.0,0.0,0.0,0.0,10.0
4.397732955492582,0.5644196954980094,0.47773637646813266,0.005,200.0,0.0,0.0,0.0,200.0,0.0,0.0,0.0,200.0,10.0,0.0,0.0,0.0,10.0,0.0,0.0,0.0,10.0
4.398733122187031,0.5634188560430835,0.4779874738563516,0.005,200.0,0.0,0.0,0.0,200.0,0.0,0.0,0.0,200.0,10.0,0.0,0.0,0.0,10.0,0.0,0.0,0.0,10.0
4.399733288881481,0.5624180165881569,0.47823857124457075,0.005,200.0,0.0,0.0,0.0,200.0,0.0,0.0,0.0,200.0,10.0,0.0,0.0,0.0,10.0,0.0,0.0,0.0,10.0
4.40073345557593,0.5614171771332309,0.4784896686327897,0.005,200.0,0.0,0.0,0.0,200.0,0.0,0.0,0.0,200.0,10.0,0.0,0.0,0.0,10.0,0.0,0.0,0.0,10.0
4.4017336222703785,0.560416337678305,0.4787407660210087,0.005,200.0,0.0,0.0,0.0,200.0,0.0,0.0,0.0,200.0,10.0,0.0,0.0,0.0,10.0,0.0,0.0,0.0,10.0
4.402733788964827,0.5594154982233784,0.4789918634092278,0.005,200.0,0.0,0.0,0.0,200.0,0.0,0.0,0.0,200.0,10.0,0.0,0.0,0.0,10.0,0.0,0.0,0.0,10.0
4.403733955659277,0.5584146587684524,0.47924296079744677,0.005,200.0,0.0,0.0,0.0,200.0,0.0,0.0,0.0,200.0,10.0,0.0,0.0,0.0,10.0,0.0,0.0,0.0,10.0
4.404734122353726,0.5574138193135258,0.4794940581856659,0.005,200.0,0.0,0.0,0.0,200.0,0.0,0.0,0.0,200.0,10.0,0.0,0.0,0.0,10.0,0.0,0.0,0.0,10.0
4.4057342890481745,0.5564129798585999,0.47974515557388486,0.005,200.0,0.0,0.0,0.0,200.0,0.0,0.0,0.0,200.0,10.0,0.0,0.0,0.0,10.0,0.0,0.0,0.0,10.0
4.406734455742624,0.5554121404036733,0.47999625296210396,0.005,200.0,0.0,0.0,0.0,200.0,0.0,0.0,0.0,200.0,10.0,0.0,0.0,0.0,10.0,0.0,0.0,0.0,10.0
4.407734622437073,0.5544113009487474,0.48024735035032295,0.005,200.0,0.0,0.0,0.0,200.0,0.0,0.0,0.0,200.0,10.0,0.0,0.0,0.0,10.0,0.0,0.0,0.0,10.0
4.408734789131522,0.5534104614938213,0.4804984477385419,0.005,200.0,0.0,0.0,0.0,200.0,0.0,0.0,0.0,200.0,10.0,0.0,0.0,0.0,10.0,0.0,0.0,0.0,10.0
4.4097349558259715,0.5524096220388948,0.48074954512676105,0.005,200.0,0.0,0.0,0.0,200.0,0.0,0.0,0.0,200.0,10.0,0.0,0.0,0.0,10.0,0.0,0.0,0.0,10.0
4.41073512252042,0.5514087825839689,0.48100064251498,0.005,200.0,0.0,0.0,0.0,200.0,0.0,0.0,0.0,200.0,10.0,0.0,0.0,0.0,10.0,0.0,0.0,0.0,10.0
4.411735289214869,0.5504079431290422,0.48125173990319914,0.005,200.0,0.0,0.0,0.0,200.0,0.0,0.0,0.0,200.0,10.0,0.0,0.0,0.0,10.0,0.0,0.0,0.0,10.0
4.412735455909319,0.5494071036741163,0.4815028372914181,0.005,200.0,0.0,0.0,0.0,200.0,0.0,0.0,0.0,200.0,10.0,0.0,0.0,0.0,10.0,0.0,0.0,0.0,10.0
4.413735622603768,0.5484062642191904,0.48175393467963706,0.005,200.0,0.0,0.0,0.0,200.0,0.0,0.0,0.0,200.0,10.0,0.0,0.0,0.0,10.0,0.0,0.0,0.0,10.0
4.414735789298216,0.5474106392516236,0.4819999933242798,0.005,200.0,0.0,0.0,0.0,200.0,0.0,0.0,0.0,200.0,10.0,0.0,0.0,0.0,10.0,0.0,0.0,0.0,10.0
4.415735955992665,0.5466696550834574,0.4819999933242798,0.005,200.0,0.0,0.0,0.0,200.0,0.0,0.0,0.0,200.0,10.0,0.0,0.0,0.0,10.0,0.0,0.0,0.0,10.0
4.416736122687115,0.5459286709152907,0.4819999933242798,0.005,200.0,0.0,0.0,0.0,200.0,0.0,0.0,0.0,200.0,10.0,0.0,0.0,0.0,10.0,0.0,0.0,0.0,10.0
4.417736289381564,0.5451876867471246,0.4819999933242798,0.005,200.0,0.0,0.0,0.0,200.0,0.0,0.0,0.0,200.0,10.0,0.0,0.0,0.0,10.0,0.0,0.0,0.0,10.0
4.4187364560760125,0.5444467025789586,0.4819999933242798,0.005,200.0,0.0,0.0,0.0,200.0,0.0,0.0,0.0,200.0,10.0,0.0,0.0,0.0,10.0,0.0,0.0,0.0,10.0
4.419736622770462,0.5437057184107918,0.4819999933242798,0.005,200.0,0.0,0.0,0.0,200.0,0.0,0.0,0.0,200.0,10.0,0.0,0.0,0.0,10.0,0.0,0.0,0.0,10.0
4.420736789464911,0.5429647342426257,0.4819999933242798,0.005,200.0,0.0,0.0,0.0,200.0,0.0,0.0,0.0,200.0,10.0,0.0,0.0,0.0,10.0,0.0,0.0,0.0,10.0
4.42173695615936,0.5422237500744591,0.4819999933242798,0.005,200.0,0.0,0.0,0.0,200.0,0.0,0.0,0.0,200.0,10.0,0.0,0.0,0.0,10.0,0.0,0.0,0.0,10.0
4.4227371228538095,0.541482765906293,0.4819999933242798,0.005,200.0,0.0,0.0,0.0,200.0,0.0,0.0,0.0,200.0,10.0,0.0,0.0,0.0,10.0,0.0,0.0,0.0,10.0
4.423737289548258,0.5407417817381264,0.4819999933242798,0.005,200.0,0.0,0.0,0.0,200.0,0.0,0.0,0.0,200.0,10.0,0.0,0.0,0.0,10.0,0.0,0.0,0.0,10.0
4.424737456242707,0.5400007975699602,0.4819999933242798,0.005,200.0,0.0,0.0,0.0,200.0,0.0,0.0,0.0,200.0,10.0,0.0,0.0,0.0,10.0,0.0,0.0,0.0,10.0
4.425737622937157,0.5392598134017941,0.4819999933242798,0.005,200.0,0.0,0.0,0.0,200.0,0.0,0.0,0.0,200.0,10.0,0.0,0.0,0.0,10.0,0.0,0.0,0.0,10.0
4.426737789631606,0.5385188292336275,0.4819999933242798,0.005,200.0,0.0,0.0,0.0,200.0,0.0,0.0,0.0,200.0,10.0,0.0,0.0,0.0,10.0,0.0,0.0,0.0,10.0
4.427737956326054,0.5377778450654613,0.4819999933242798,0.005,200.0,0.0,0.0,0.0,200.0,0.0,0.0,0.0,200.0,10.0,0.0,0.0,0.0,10.0,0.0,0.0,0.0,10.0
4.428738123020503,0.5370368608972946,0.4819999933242798,0.005,200.0,0.0,0.0,0.0,200.0,0.0,0.0,0.0,200.0,10.0,0.0,0.0,0.0,10.0,0.0,0.0,0.0,10.0
4.429738289714953,0.5362958767291285,0.4819999933242798,0.005,200.0,0.0,0.0,0.0,200.0,0.0,0.0,0.0,200.0,10.0,0.0,0.0,0.0,10.0,0.0,0.0,0.0,10.0
4.430738456409402,0.5355548925609624,0.4819999933242798,0.005,200.0,0.0,0.0,0.0,200.0,0.0,0.0,0.0,200.0,10.0,0.0,0.0,0.0,10.0,0.0,0.0,0.0,10.0
4.4317386231038505,0.5348139083927957,0.4819999933242798,0.005,200.0,0.0,0.0,0.0,200.0,0.0,0.0,0.0,200.0,10.0,0.0,0.0,0.0,10.0,0.0,0.0,0.0,10.0
4.4327387897983,0.5340729242246296,0.4819999933242798,0.005,200.0,0.0,0.0,0.0,200.0,0.0,0.0,0.0,200.0,10.0,0.0,0.0,0.0,10.0,0.0,0.0,0.0,10.0
4.433738956492749,0.533331940056463,0.4819999933242798,0.005,200.0,0.0,0.0,0.0,200.0,0.0,0.0,0.0,200.0,10.0,0.0,0.0,0.0,10.0,0.0,0.0,0.0,10.0
4.434739123187198,0.5325909558882969,0.4819999933242798,0.005,200.0,0.0,0.0,0.0,200.0,0.0,0.0,0.0,200.0,10.0,0.0,0.0,0.0,10.0,0.0,0.0,0.0,10.0
4.4357392898816475,0.5316027045885828,0.4819999933242798,0.005,200.0,0.0,0.0,0.0,200.0,0.0,0.0,0.0,200.0,10.0,0.0,0.0,0.0,10.0,0.0,0.0,0.0,10.0
4.436739456576096,0.5306032138737979,0.4819999933242798,0.005,200.0,0.0,0.0,0.0,200.0,0.0,0.0,0.0,200.0,10.0,0.0,0.0,0.0,10.0,0.0,0.0,0.0,10.0
4.437739623270545,0.5296037231590136,0.4819999933242798,0.005,200.0,0.0,0.0,0.0,200.0,0.0,0.0,0.0,200.0,10.0,0.0,0.0,0.0,10.0,0.0,0.0,0.0,10.0
4.438739789964995,0.5286042324442286,0.4819999933242798,0.005,200.0,0.0,0.0,0.0,200.0,0.0,0.0,0.0,200.0,10.0,0.0,0.0,0.0,10.0,0.0,0.0,0.0,10.0
4.4397399566594435,0.5276047417294443,0.4819999933242798,0.005,200.0,0.0,0.0,0.0,200.0,0.0,0.0,0.0,200.0,10.0,0.0,0.0,0.0,10.0,0.0,0.0,0.0,10.0
4.440740123353892,0.5266052510146594,0.4819999933242798,0.005,200.0,0.0,0.0,0.0,200.0,0.0,0.0,0.0,200.0,10.0,0.0,0.0,0.0,10.0,0.0,0.0,0.0,10.0
4.441740290048341,0.525605760299875,0.4819999933242798,0.005,200.0,0.0,0.0,0.0,200.0,0.0,0.0,0.0,200.0,10.0,0.0,0.0,0.0,10.0,0.0,0.0,0.0,10.0
4.442740456742791,0.5246062695850907,0.4819999933242798,0.005,200.0,0.0,0.0,0.0,200.0,0.0,0.0,0.0,200.0,10.0,0.0,0.0,0.0,10.0,0.0,0.0,0.0,10.0
4.44374062343724,0.5236067788703057,0.4819999933242798,0.005,200.0,0.0,0.0,0.0,200.0,0.0,0.0,0.0,200.0,10.0,0.0,0.0,0.0,10.0,0.0,0.0,0.0,10.0
4.444740790131688,0.5226072881555214,0.4819999933242798,0.005,200.0,0.0,0.0,0.0,200.0,0.0,0.0,0.0,200.0,10.0,0.0,0.0,0.0,10.0,0.0,0.0,0.0,10.0
4.445740956826138,0.5216077974407365,0.4819999933242798,0.005,200.0,0.0,0.0,0.0,200.0,0.0,0.0,0.0,200.0,10.0,0.0,0.0,0.0,10.0,0.0,0.0,0.0,10.0
4.446741123520587,0.5206083067259522,0.4819999933242798,0.005,200.0,0.0,0.0,0.0,200.0,0.0,0.0,0.0,200.0,10.0,0.0,0.0,0.0,10.0,0.0,0.0,0.0,10.0
4.447741290215036,0.5196088160111678,0.4819999933242798,0.005,200.0,0.0,0.0,0.0,200.0,0.0,0.0,0.0,200.0,10.0,0.0,0.0,0.0,10.0,0.0,0.0,0.0,10.0
4.448741456909485,0.5186093252963828,0.4819999933242798,0.005,200.0,0.0,0.0,0.0,200.0,0.0,0.0,0.0,200.0,10.0,0.0,0.0,0.0,10.0,0.0,0.0,0.0,10.0
4.449741623603934,0.5176098345815986,0.4819999933242798,0.005,200.0,0.0,0.0,0.0,200.0,0.0,0.0,0.0,200.0,10.0,0.0,0.0,0.0,10.0,0.0,0.0,0.0,10.0
4.450741790298383,0.5166103438668136,0.4819999933242798,0.005,200.0,0.0,0.0,0.0,200.0,0.0,0.0,0.0,200.0,10.0,0.0,0.0,0.0,10.0,0.0,0.0,0.0,10.0
4.451741956992833,0.5156108531520293,0.4819999933242798,0.005,200.0,0.0,0.0,0.0,200.0,0.0,0.0,0.0,200.0,10.0,0.0,0.0,0.0,10.0,0.0,0.0,0.0,10.0
4.4527421236872815,0.5146113624372449,0.4819999933242798,0.005,200.0,0.0,0.0,0.0,200.0,0.0,0.0,0.0,200.0,10.0,0.0,0.0,0.0,10.0,0.0,0.0,0.0,10.0
4.45374229038173,0.51361187172246,0.4819999933242798,0.005,200.0,0.0,0.0,0.0,200.0,0.0,0.0,0.0,200.0,10.0,0.0,0.0,0.0,10.0,0.0,0.0,0.0,10.0
4.454742457076179,0.5126123810076757,0.4819999933242798,0.005,200.0,0.0,0.0,0.0,200.0,0.0,0.0,0.0,200.0,10.0,0.0,0.0,0.0,10.0,0.0,0.0,0.0,10.0
4.455742623770629,0.5116727757024689,0.4819999933242798,0.005,200.0,0.0,0.0,0.0,200.0,0.0,0.0,0.0,200.0,10.0,0.0,0.0,0.0,10.0,0.0,0.0,0.0,10.0
4.456742790465078,0.5107403476748152,0.4819999933242798,0.005,200.0,0.0,0.0,0.0,200.0,0.0,0.0,0.0,200.0,10.0,0.0,0.0,0.0,10.0,0.0,0.0,0.0,10.0
4.457742957159526,0.509807919647161,0.4819999933242798,0.005,200.0,0.0,0.0,0.0,200.0,0.0,0.0,0.0,200.0,10.0,0.0,0.0,0.0,10.0,0.0,0.0,0.0,10.0
4.458743123853976,0.5088754916195073,0.4819999933242798,0.005,200.0,0.0,0.0,0.0,200.0,0.0,0.0,0.0,200.0,10.0,0.0,0.0,0.0,10.0,0.0,0.0,0.0,10.0
4.459743290548425,0.5079430635918536,0.4819999933242798,0.005,200.0,0.0,0.0,0.0,200.0,0.0,0.0,0.0,200.0,10.0,0.0,0.0,0.0,10.0,0.0,0.0,0.0,10.0
4.460743457242874,0.5070106355641993,0.4819999933242798,0.005,200.0,0.0,0.0,0.0,200.0,0.0,0.0,0.0,200.0,10.0,0.0,0.0,0.0,10.0,0.0,0.0,0.0,10.0
4.461743623937323,0.5060782075365456,0.4819999933242798,0.005,200.0,0.0,0.0,0.0,200.0,0.0,0.0,0.0,200.0,10.0,0.0,0.0,0.0,10.0,0.0,0.0,0.0,10.0
4.462743790631772,0.5051457795088913,0.4819999933242798,0.005,200.0,0.0,0.0,0.0,200.0,0.0,0.0,0.0,200.0,10.0,0.0,0.0,0.0,10.0,0.0,0.0,0.0,10.0
4.463743957326221,0.5042133514812376,0.4819999933242798,0.005,200.0,0.0,0.0,0.0,200.0,0.0,0.0,0.0,200.0,10.0,0.0,0.0,0.0,10.0,0.0,0.0,0.0,10.0
4.464744124020671,0.503280923453584,0.4819999933242798,0.005,200.0,0.0,0.0,0.0,200.0,0.0,0.0,0.0,200.0,10.0,0.0,0.0,0.0,10.0,0.0,0.0,0.0,10.0
4.4657442907151195,0.5023484954259296,0.4819999933242798,0.005,200.0,0.0,0.0,0.0,200.0,0.0,0.0,0.0,200.0,10.0,0.0,0.0,0.0,10.0,0.0,0.0,0.0,10.0
4.466744457409568,0.5014160673982759,0.4819999933242798,0.005,200.0,0.0,0.0,0.0,200.0,0.0,0.0,0.0,200.0,10.0,0.0,0.0,0.0,10.0,0.0,0.0,0.0,10.0
4.467744624104017,0.5004836393706217,0.4819999933242798,0.005,200.0,0.0,0.0,0.0,200.0,0.0,0.0,0.0,200.0,10.0,0.0,0.0,0.0,10.0,0.0,0.0,0.0,10.0
4.468744790798467,0.499551211342968,0.4819999933242798,0.005,200.0,0.0,0.0,0.0,200.0,0.0,0.0,0.0,200.0,10.0,0.0,0.0,0.0,10.0,0.0,0.0,0.0,10.0
4.469744957492916,0.4986187833153143,0.4819999933242798,0.005,200.0,0.0,0.0,0.0,200.0,0.0,0.0,0.0,200.0,10.0,0.0,0.0,0.0,10.0,0.0,0.0,0.0,10.0
4.470745124187364,0.49768635528766,0.4819999933242798,0.005,200.0,0.0,0.0,0.0,200.0,0.0,0.0,0.0,200.0,10.0,0.0,0.0,0.0,10.0,0.0,0.0,0.0,10.0
4.471745290881814,0.49675392726000633,0.4819999933242798,0.005,200.0,0.0,0.0,0.0,200.0,0.0,0.0,0.0,200.0,10.0,0.0,0.0,0.0,10.0,0.0,0.0,0.0,10.0
4.472745457576263,0.495821499232352,0.4819999933242798,0.005,200.0,0.0,0.0,0.0,200.0,0.0,0.0,0.0,200.0,10.0,0.0,0.0,0.0,10.0,0.0,0.0,0.0,10.0
4.473745624270712,0.4948890712046983,0.4819999933242798,0.005,200.0,0.0,0.0,0.0,200.0,0.0,0.0,0.0,200.0,10.0,0.0,0.0,0.0,10.0,0.0,0.0,0.0,10.0
4.474745790965161,0.493956643177044,0.4819999933242798,0.005,200.0,0.0,0.0,0.0,200.0,0.0,0.0,0.0,200.0,10.0,0.0,0.0,0.0,10.0,0.0,0.0,0.0,10.0
4.47574595765961,0.4932329131973088,0.4819999933242798,0.005,200.0,0.0,0.0,0.0,200.0,0.0,0.0,0.0,200.0,10.0,0.0,0.0,0.0,10.0,0.0,0.0,0.0,10.0
4.476746124354059,0.49255210096129853,0.4819999933242798,0.005,200.0,0.0,0.0,0.0,200.0,0.0,0.0,0.0,200.0,10.0,0.0,0.0,0.0,10.0,0.0,0.0,0.0,10.0
4.477746291048509,0.49187128872528785,0.4819999933242798,0.005,200.0,0.0,0.0,0.0,200.0,0.0,0.0,0.0,200.0,10.0,0.0,0.0,0.0,10.0,0.0,0.0,0.0,10.0
4.478746457742957,0.4911904764892776,0.4819999933242798,0.005,200.0,0.0,0.0,0.0,200.0,0.0,0.0,0.0,200.0,10.0,0.0,0.0,0.0,10.0,0.0,0.0,0.0,10.0
4.479746624437406,0.4905096642532669,0.4819999933242798,0.005,200.0,0.0,0.0,0.0,200.0,0.0,0.0,0.0,200.0,10.0,0.0,0.0,0.0,10.0,0.0,0.0,0.0,10.0
4.480746791131855,0.4898288520172567,0.4819999933242798,0.005,200.0,0.0,0.0,0.0,200.0,0.0,0.0,0.0,200.0,10.0,0.0,0.0,0.0,10.0,0.0,0.0,0.0,10.0
4.481746957826305,0.48914803978124644,0.4819999933242798,0.005,200.0,0.0,0.0,0.0,200.0,0.0,0.0,0.0,200.0,10.0,0.0,0.0,0.0,10.0,0.0,0.0,0.0,10.0
4.4827471245207535,0.48846722754523575,0.4819999933242798,0.005,200.0,0.0,0.0,0.0,200.0,0.0,0.0,0.0,200.0,10.0,0.0,0.0,0.0,10.0,0.0,0.0,0.0,10.0
4.483747291215202,0.4877864153092255,0.4819999933242798,0.005,200.0,0.0,0.0,0.0,200.0,0.0,0.0,0.0,200.0,10.0,0.0,0.0,0.0,10.0,0.0,0.0,0.0,10.0
4.484747457909652,0.4871056030732148,0.4819999933242798,0.005,200.0,0.0,0.0,0.0,200.0,0.0,0.0,0.0,200.0,10.0,0.0,0.0,0.0,10.0,0.0,0.0,0.0,10.0
4.485747624604101,0.4864247908372046,0.4819999933242798,0.005,200.0,0.0,0.0,0.0,200.0,0.0,0.0,0.0,200.0,10.0,0.0,0.0,0.0,10.0,0.0,0.0,0.0,10.0
4.48674779129855,0.4857439786011944,0.4819999933242798,0.005,200.0,0.0,0.0,0.0,200.0,0.0,0.0,0.0,200.0,10.0,0.0,0.0,0.0,10.0,0.0,0.0,0.0,10.0
4.487747957992999,0.48506316636518365,0.4819999933242798,0.005,200.0,0.0,0.0,0.0,200.0,0.0,0.0,0.0,200.0,10.0,0.0,0.0,0.0,10.0,0.0,0.0,0.0,10.0
4.488748124687448,0.48438235412917346,0.4819999933242798,0.005,200.0,0.0,0.0,0.0,200.0,0.0,0.0,0.0,200.0,10.0,0.0,0.0,0.0,10.0,0.0,0.0,0.0,10.0
4.489748291381897,0.4837015418931627,0.4819999933242798,0.005,200.0,0.0,0.0,0.0,200.0,0.0,0.0,0.0,200.0,10.0,0.0,0.0,0.0,10.0,0.0,0.0,0.0,10.0
4.490748458076347,0.48302072965715254,0.4819999933242798,0.005,200.0,0.0,0.0,0.0,200.0,0.0,0.0,0.0,200.0,10.0,0.0,0.0,0.0,10.0,0.0,0.0,0.0,10.0
4.491748624770795,0.4823399174211423,0.4819999933242798,0.005,200.0,0.0,0.0,0.0,200.0,0.0,0.0,0.0,200.0,10.0,0.0,0.0,0.0,10.0,0.0,0.0,0.0,10.0
4.492748791465244,0.4816591051851316,0.4819999933242798,0.005,200.0,0.0,0.0,0.0,200.0,0.0,0.0,0.0,200.0,10.0,0.0,0.0,0.0,10.0,0.0,0.0,0.0,10.0
4.493748958159694,0.48097829294912137,0.4819999933242798,0.005,200.0,0.0,0.0,0.0,200.0,0.0,0.0,0.0,200.0,10.0,0.0,0.0,0.0,10.0,0.0,0.0,0.0,10.0
4.494749124854143,0.4802974807131107,0.4819999933242798,0.005,200.0,0.0,0.0,0.0,200.0,0.0,0.0,0.0,200.0,10.0,0.0,0.0,0.0,10.0,0.0,0.0,0.0,10.0
4.4957492915485915,0.47956067473217917,0.4819999933242798,0.005,200.0,0.0,0.0,0.0,200.0,0.0,0.0,0.0,200.0,10.0,0.0,0.0,0.0,10.0,0.0,0.0,0.0,10.0
4.49674945824304,0.4788067527593499,0.4819999933242798,0.005,200.0,0.0,0.0,0.0,200.0,0.0,0.0,0.0,200.0,10.0,0.0,0.0,0.0,10.0,0.0,0.0,0.0,10.0
4.49774962493749,0.47805283078652117,0.4819999933242798,0.005,200.0,0.0,0.0,0.0,200.0,0.0,0.0,0.0,200.0,10.0,0.0,0.0,0.0,10.0,0.0,0.0,0.0,10.0
4.498749791631939,0.4772989088136924,0.4819999933242798,0.005,200.0,0.0,0.0,0.0,200.0,0.0,0.0,0.0,200.0,10.0,0.0,0.0,0.0,10.0,0.0,0.0,0.0,10.0
4.499749958326388,0.47654498684086316,0.4819999933242798,0.005,200.0,0.0,0.0,0.0,200.0,0.0,0.0,0.0,200.0,10.0,0.0,0.0,0.0,10.0,0.0,0.0,0.0,10.0
4.500750125020837,0.47579106486803446,0.4819999933242798,0.005,200.0,0.0,0.0,0.0,200.0,0.0,0.0,0.0,200.0,10.0,0.0,0.0,0.0,10.0,0.0,0.0,0.0,10.0
4.501750291715286,0.47503714289520516,0.4819999933242798,0.005,200.0,0.0,0.0,0.0,200.0,0.0,0.0,0.0,200.0,10.0,0.0,0.0,0.0,10.0,0.0,0.0,0.0,10.0
4.502750458409735,0.47428322092237646,0.4819999933242798,0.005,200.0,0.0,0.0,0.0,200.0,0.0,0.0,0.0,200.0,10.0,0.0,0.0,0.0,10.0,0.0,0.0,0.0,10.0
4.503750625104185,0.4735292989495477,0.4819999933242798,0.005,200.0,0.0,0.0,0.0,200.0,0.0,0.0,0.0,200.0,10.0,0.0,0.0,0.0,10.0,0.0,0.0,0.0,10.0
4.504750791798633,0.47277537697671845,0.4819999933242798,0.005,200.0,0.0,0.0,0.0,200.0,0.0,0.0,0.0,200.0,10.0,0.0,0.0,0.0,10.0,0.0,0.0,0.0,10.0
4.505750958493082,0.4720214550038897,0.4819999933242798,0.005,200.0,0.0,0.0,0.0,200.0,0.0,0.0,0.0,200.0,10.0,0.0,0.0,0.0,10.0,0.0,0.0,0.0,10.0
4.506751125187532,0.47126753303106045,0.4819999933242798,0.005,200.0,0.0,0.0,0.0,200.0,0.0,0.0,0.0,200.0,10.0,0.0,0.0,0.0,10.0,0.0,0.0,0.0,10.0
4.507751291881981,0.4705136110582317,0.4819999933242798,0.005,200.0,0.0,0.0,0.0,200.0,0.0,0.0,0.0,200.0,10.0,0.0,0.0,0.0,10.0,0.0,0.0,0.0,10.0
4.5087514585764294,0.46975968908540294,0.4819999933242798,0.005,200.0,0.0,0.0,0.0,200.0,0.0,0.0,0.0,200.0,10.0,0.0,0.0,0.0,10.0,0.0,0.0,0.0,10.0
4.509751625270878,0.4690057671125737,0.4819999933242798,0.005,200.0,0.0,0.0,0.0,200.0,0.0,0.0,0.0,200.0,10.0,0.0,0.0,0.0,10.0,0.0,0.0,0.0,10.0
4.510751791965328,0.46825184513974494,0.4819999933242798,0.005,200.0,0.0,0.0,0.0,200.0,0.0,0.0,0.0,200.0,10.0,0.0,0.0,0.0,10.0,0.0,0.0,0.0,10.0
4.511751958659777,0.4674979231669157,0.4819999933242798,0.005,200.0,0.0,0.0,0.0,200.0,0.0,0.0,0.0,200.0,10.0,0.0,0.0,0.0,10.0,0.0,0.0,0.0,10.0
4.5127521253542255,0.46674400119408693,0.4819999933242798,0.005,200.0,0.0,0.0,0.0,200.0,0.0,0.0,0.0,200.0,10.0,0.0,0.0,0.0,10.0,0.0,0.0,0.0,10.0
4.513752292048675,0.4659900792212577,0.4819999933242798,0.005,200.0,0.0,0.0,0.0,200.0,0.0,0.0,0.0,200.0,10.0,0.0,0.0,0.0,10.0,0.0,0.0,0.0,10.0
4.514752458743124,0.4652361572484289,0.4819999933242798,0.005,200.0,0.0,0.0,0.0,200.0,0.0,0.0,0.0,200.0,10.0,0.0,0.0,0.0,10.0,0.0,0.0,0.0,10.0
4.515752625437573,0.4645050971691639,0.4819952183454151,0.005,200.0,0.0,0.0,0.0,200.0,0.0,0.0,0.0,200.0,10.0,0.0,0.0,0.0,10.0,0.0,0.0,0.0,10.0
4.5167527921320225,0.463783726178123,0.48198841968503153,0.005,200.0,0.0,0.0,0.0,200.0,0.0,0.0,0.0,200.0,10.0,0.0,0.0,0.0,10.0,0.0,0.0,0.0,10.0
4.517752958826471,0.4630623551870826,0.481981621024648,0.005,200.0,0.0,0.0,0.0,200.0,0.0,0.0,0.0,200.0,10.0,0.0,0.0,0.0,10.0,0.0,0.0,0.0,10.0
4.51875312552092,0.46234098419604175,0.4819748223642644,0.005,200.0,0.0,0.0,0.0,200.0,0.0,0.0,0.0,200.0,10.0,0.0,0.0,0.0,10.0,0.0,0.0,0.0,10.0
4.51975329221537,0.46161961320500133,0.4819680237038808,0.005,200.0,0.0,0.0,0.0,200.0,0.0,0.0,0.0,200.0,10.0,0.0,0.0,0.0,10.0,0.0,0.0,0.0,10.0
4.520753458909819,0.4608982422139609,0.48196122504349725,0.005,200.0,0.0,0.0,0.0,200.0,0.0,0.0,0.0,200.0,10.0,0.0,0.0,0.0,10.0,0.0,0.0,0.0,10.0
4.521753625604267,0.46017687122292006,0.4819544263831137,0.005,200.0,0.0,0.0,0.0,200.0,0.0,0.0,0.0,200.0,10.0,0.0,0.0,0.0,10.0,0.0,0.0,0.0,10.0
4.522753792298716,0.45945550023187964,0.48194762772273014,0.005,200.0,0.0,0.0,0.0,200.0,0.0,0.0,0.0,200.0,10.0,0.0,0.0,0.0,10.0,0.0,0.0,0.0,10.0
4.523753958993166,0.4587341292408388,0.4819408290623466,0.005,200.0,0.0,0.0,0.0,200.0,0.0,0.0,0.0,200.0,10.0,0.0,0.0,0.0,10.0,0.0,0.0,0.0,10.0
4.524754125687615,0.45801275824979837,0.48193403040196303,0.005,200.0,0.0,0.0,0.0,200.0,0.0,0.0,0.0,200.0,10.0,0.0,0.0,0.0,10.0,0.0,0.0,0.0,10.0
4.5257542923820635,0.45729138725875795,0.4819272317415795,0.005,200.0,0.0,0.0,0.0,200.0,0.0,0.0,0.0,200.0,10.0,0.0,0.0,0.0,10.0,0.0,0.0,0.0,10.0
4.526754459076513,0.4565700162677171,0.4819204330811959,0.005,200.0,0.0,0.0,0.0,200.0,0.0,0.0,0.0,200.0,10.0,0.0,0.0,0.0,10.0,0.0,0.0,0.0,10.0
4.527754625770962,0.4558486452766767,0.48191363442081236,0.005,200.0,0.0,0.0,0.0,200.0,0.0,0.0,0.0,200.0,10.0,0.0,0.0,0.0,10.0,0.0,0.0,0.0,10.0
4.528754792465411,0.4551272742856358,0.4819068357604288,0.005,200.0,0.0,0.0,0.0,200.0,0.0,0.0,0.0,200.0,10.0,0.0,0.0,0.0,10.0,0.0,0.0,0.0,10.0
4.5297549591598605,0.4544059032945954,0.48190003710004525,0.005,200.0,0.0,0.0,0.0,200.0,0.0,0.0,0.0,200.0,10.0,0.0,0.0,0.0,10.0,0.0,0.0,0.0,10.0
4.530755125854309,0.45368453230355454,0.4818932384396617,0.005,200.0,0.0,0.0,0.0,200.0,0.0,0.0,0.0,200.0,10.0,0.0,0.0,0.0,10.0,0.0,0.0,0.0,10.0
4.531755292548758,0.45296316131251413,0.48188643977927814,0.005,200.0,0.0,0.0,0.0,200.0,0.0,0.0,0.0,200.0,10.0,0.0,0.0,0.0,10.0,0.0,0.0,0.0,10.0
4.532755459243208,0.45224179032147377,0.4818796411188946,0.005,200.0,0.0,0.0,0.0,200.0,0.0,0.0,0.0,200.0,10.0,0.0,0.0,0.0,10.0,0.0,0.0,0.0,10.0
4.533755625937657,0.45152041933043285,0.481872842458511,0.005,200.0,0.0,0.0,0.0,200.0,0.0,0.0,0.0,200.0,10.0,0.0,0.0,0.0,10.0,0.0,0.0,0.0,10.0
4.534755792632105,0.4507990483393925,0.4818660437981274,0.005,200.0,0.0,0.0,0.0,200.0,0.0,0.0,0.0,200.0,10.0,0.0,0.0,0.0,10.0,0.0,0.0,0.0,10.0
4.535755959326554,0.4499501204228352,0.48180353155651173,0.005,200.0,0.0,0.0,0.0,200.0,0.0,0.0,0.0,200.0,10.0,0.0,0.0,0.0,10.0,0.0,0.0,0.0,10.0
4.536756126021004,0.44902906607719095,0.48170951634749787,0.005,200.0,0.0,0.0,0.0,200.0,0.0,0.0,0.0,200.0,10.0,0.0,0.0,0.0,10.0,0.0,0.0,0.0,10.0
4.537756292715453,0.44810801173154663,0.48161550113848395,0.005,200.0,0.0,0.0,0.0,200.0,0.0,0.0,0.0,200.0,10.0,0.0,0.0,0.0,10.0,0.0,0.0,0.0,10.0
4.5387564594099015,0.4471869573859017,0.48152148592947003,0.005,200.0,0.0,0.0,0.0,200.0,0.0,0.0,0.0,200.0,10.0,0.0,0.0,0.0,10.0,0.0,0.0,0.0,10.0
4.539756626104351,0.4462659030402574,0.48142747072045616,0.005,200.0,0.0,0.0,0.0,200.0,0.0,0.0,0.0,200.0,10.0,0.0,0.0,0.0,10.0,0.0,0.0,0.0,10.0
4.5407567927988,0.4453448486946125,0.4813334555114422,0.005,200.0,0.0,0.0,0.0,200.0,0.0,0.0,0.0,200.0,10.0,0.0,0.0,0.0,10.0,0.0,0.0,0.0,10.0
4.541756959493249,0.44442379434896817,0.4812394403024283,0.005,200.0,0.0,0.0,0.0,200.0,0.0,0.0,0.0,200.0,10.0,0.0,0.0,0.0,10.0,0.0,0.0,0.0,10.0
4.5427571261876984,0.44350274000332385,0.4811454250934144,0.005,200.0,0.0,0.0,0.0,200.0,0.0,0.0,0.0,200.0,10.0,0.0,0.0,0.0,10.0,0.0,0.0,0.0,10.0
4.543757292882147,0.4425816856576789,0.4810514098844005,0.005,200.0,0.0,0.0,0.0,200.0,0.0,0.0,0.0,200.0,10.0,0.0,0.0,0.0,10.0,0.0,0.0,0.0,10.0
4.544757459576596,0.44166063131203465,0.4809573946753866,0.005,200.0,0.0,0.0,0.0,200.0,0.0,0.0,0.0,200.0,10.0,0.0,0.0,0.0,10.0,0.0,0.0,0.0,10.0
4.545757626271046,0.4407395769663897,0.48086337946637264,0.005,200.0,0.0,0.0,0.0,200.0,0.0,0.0,0.0,200.0,10.0,0.0,0.0,0.0,10.0,0.0,0.0,0.0,10.0
4.5467577929654945,0.4398185226207454,0.4807693642573588,0.005,200.0,0.0,0.0,0.0,200.0,0.0,0.0,0.0,200.0,10.0,0.0,0.0,0.0,10.0,0.0,0.0,0.0,10.0
4.547757959659943,0.43889746827510046,0.4806753490483448,0.005,200.0,0.0,0.0,0.0,200.0,0.0,0.0,0.0,200.0,10.0,0.0,0.0,0.0,10.0,0.0,0.0,0.0,10.0
4.548758126354392,0.4379764139294562,0.48058133383933094,0.005,200.0,0.0,0.0,0.0,200.0,0.0,0.0,0.0,200.0,10.0,0.0,0.0,0.0,10.0,0.0,0.0,0.0,10.0
4.549758293048842,0.43705535958381186,0.4804873186303171,0.005,200.0,0.0,0.0,0.0,200.0,0.0,0.0,0.0,200.0,10.0,0.0,0.0,0.0,10.0,0.0,0.0,0.0,10.0
4.550758459743291,0.43613430523816693,0.4803933034213031,0.005,200.0,0.0,0.0,0.0,200.0,0.0,0.0,0.0,200.0,10.0,0.0,0.0,0.0,10.0,0.0,0.0,0.0,10.0
4.551758626437739,0.4352132508925226,0.48029928821228923,0.005,200.0,0.0,0.0,0.0,200.0,0.0,0.0,0.0,200.0,10.0,0.0,0.0,0.0,10.0,0.0,0.0,0.0,10.0
4.552758793132189,0.43429219654687773,0.4802052730032753,0.005,200.0,0.0,0.0,0.0,200.0,0.0,0.0,0.0,200.0,10.0,0.0,0.0,0.0,10.0,0.0,0.0,0.0,10.0
4.553758959826638,0.4333711422012334,0.4801112577942614,0.005,200.0,0.0,0.0,0.0,200.0,0.0,0.0,0.0,200.0,10.0,0.0,0.0,0.0,10.0,0.0,0.0,0.0,10.0
4.554759126521087,0.4324500878555891,0.4800172425852475,0.005,200.0,0.0,0.0,0.0,200.0,0.0,0.0,0.0,200.0,10.0,0.0,0.0,0.0,10.0,0.0,0.0,0.0,10.0
4.555759293215536,0.4314801899725879,0.47982895564071165,0.005,200.0,0.0,0.0,0.0,200.0,0.0,0.0,0.0,200.0,10.0,0.0,0.0,0.0,10.0,0.0,0.0,0.0,10.0
4.556759459909985,0.43047422738467905,0.4795710610775058,0.005,200.0,0.0,0.0,0.0,200.0,0.0,0.0,0.0,200.0,10.0,0.0,0.0,0.0,10.0,0.0,0.0,0.0,10.0
4.557759626604434,0.42946826479676947,0.4793131665142997,0.005,200.0,0.0,0.0,0.0,200.0,0.0,0.0,0.0,200.0,10.0,0.0,0.0,0.0,10.0,0.0,0.0,0.0,10.0
4.558759793298884,0.4284623022088606,0.4790552719510938,0.005,200.0,0.0,0.0,0.0,200.0,0.0,0.0,0.0,200.0,10.0,0.0,0.0,0.0,10.0,0.0,0.0,0.0,10.0
4.5597599599933325,0.42745633962095175,0.4787973773878879,0.005,200.0,0.0,0.0,0.0,200.0,0.0,0.0,0.0,200.0,10.0,0.0,0.0,0.0,10.0,0.0,0.0,0.0,10.0
4.560760126687781,0.42645037703304217,0.4785394828246819,0.005,200.0,0.0,0.0,0.0,200.0,0.0,0.0,0.0,200.0,10.0,0.0,0.0,0.0,10.0,0.0,0.0,0.0,10.0
4.56176029338223,0.4254444144451333,0.478281588261476,0.005,200.0,0.0,0.0,0.0,200.0,0.0,0.0,0.0,200.0,10.0,0.0,0.0,0.0,10.0,0.0,0.0,0.0,10.0
4.56276046007668,0.42443845185722373,0.4780236936982699,0.005,200.0,0.0,0.0,0.0,200.0,0.0,0.0,0.0,200.0,10.0,0.0,0.0,0.0,10.0,0.0,0.0,0.0,10.0
4.563760626771129,0.42343248926931487,0.47776579913506406,0.005,200.0,0.0,0.0,0.0,200.0,0.0,0.0,0.0,200.0,10.0,0.0,0.0,0.0,10.0,0.0,0.0,0.0,10.0
4.564760793465577,0.42242652668140535,0.477507904571858,0.005,200.0,0.0,0.0,0.0,200.0,0.0,0.0,0.0,200.0,10.0,0.0,0.0,0.0,10.0,0.0,0.0,0.0,10.0
4.565760960160027,0.42142056409349643,0.4772500100086521,0.005,200.0,0.0,0.0,0.0,200.0,0.0,0.0,0.0,200.0,10.0,0.0,0.0,0.0,10.0,0.0,0.0,0.0,10.0
4.566761126854476,0.42041460150558757,0.47699211544544623,0.005,200.0,0.0,0.0,0.0,200.0,0.0,0.0,0.0,200.0,10.0,0.0,0.0,0.0,10.0,0.0,0.0,0.0,10.0
4.567761293548925,0.419408638917678,0.47673422088224016,0.005,200.0,0.0,0.0,0.0,200.0,0.0,0.0,0.0,200.0,10.0,0.0,0.0,0.0,10.0,0.0,0.0,0.0,10.0
4.568761460243374,0.41840267632976913,0.47647632631903425,0.005,200.0,0.0,0.0,0.0,200.0,0.0,0.0,0.0,200.0,10.0,0.0,0.0,0.0,10.0,0.0,0.0,0.0,10.0
4.569761626937823,0.4173967137418596,0.4762184317558282,0.005,200.0,0.0,0.0,0.0,200.0,0.0,0.0,0.0,200.0,10.0,0.0,0.0,0.0,10.0,0.0,0.0,0.0,10.0
4.570761793632272,0.4163907511539507,0.4759605371926223,0.005,200.0,0.0,0.0,0.0,200.0,0.0,0.0,0.0,200.0,10.0,0.0,0.0,0.0,10.0,0.0,0.0,0.0,10.0
4.571761960326722,0.41538478856604183,0.4757026426294164,0.005,200.0,0.0,0.0,0.0,200.0,0.0,0.0,0.0,200.0,10.0,0.0,0.0,0.0,10.0,0.0,0.0,0.0,10.0
4.5727621270211705,0.41437882597813225,0.47544474806621034,0.005,200.0,0.0,0.0,0.0,200.0,0.0,0.0,0.0,200.0,10.0,0.0,0.0,0.0,10.0,0.0,0.0,0.0,10.0
4.573762293715619,0.4133728633902234,0.4751868535030045,0.005,200.0,0.0,0.0,0.0,200.0,0.0,0.0,0.0,200.0,10.0,0.0,0.0,0.0,10.0,0.0,0.0,0.0,10.0
4.574762460410069,0.41236690080231386,0.4749289589397984,0.005,200.0,0.0,0.0,0.0,200.0,0.0,0.0,0.0,200.0,10.0,0.0,0.0,0.0,10.0,0.0,0.0,0.0,10.0
4.575762627104518,0.4115412298302427,0.47473116892936884,0.005,200.0,0.0,0.0,0.0,200.0,0.0,0.0,0.0,200.0,10.0,0.0,0.0,0.0,10.0,0.0,0.0,0.0,10.0
4.5767627937989666,0.4108876018379903,0.47459073359021586,0.005,200.0,0.0,0.0,0.0,200.0,0.0,0.0,0.0,200.0,10.0,0.0,0.0,0.0,10.0,0.0,0.0,0.0,10.0
4.577762960493415,0.4102339738457374,0.4744502982510628,0.005,200.0,0.0,0.0,0.0,200.0,0.0,0.0,0.0,200.0,10.0,0.0,0.0,0.0,10.0,0.0,0.0,0.0,10.0
4.578763127187865,0.40958034585348496,0.47430986291190985,0.005,200.0,0.0,0.0,0.0,200.0,0.0,0.0,0.0,200.0,10.0,0.0,0.0,0.0,10.0,0.0,0.0,0.0,10.0
4.579763293882314,0.40892671786123214,0.47416942757275676,0.005,200.0,0.0,0.0,0.0,200.0,0.0,0.0,0.0,200.0,10.0,0.0,0.0,0.0,10.0,0.0,0.0,0.0,10.0
4.580763460576763,0.4082730898689797,0.47402899223360384,0.005,200.0,0.0,0.0,0.0,200.0,0.0,0.0,0.0,200.0,10.0,0.0,0.0,0.0,10.0,0.0,0.0,0.0,10.0
4.581763627271212,0.4076194618767268,0.47388855689445075,0.005,200.0,0.0,0.0,0.0,200.0,0.0,0.0,0.0,200.0,10.0,0.0,0.0,0.0,10.0,0.0,0.0,0.0,10.0
4.582763793965661,0.4069658338844744,0.4737481215552978,0.005,200.0,0.0,0.0,0.0,200.0,0.0,0.0,0.0,200.0,10.0,0.0,0.0,0.0,10.0,0.0,0.0,0.0,10.0
4.58376396066011,0.406312205892222,0.47360768621614485,0.005,200.0,0.0,0.0,0.0,200.0,0.0,0.0,0.0,200.0,10.0,0.0,0.0,0.0,10.0,0.0,0.0,0.0,10.0
4.58476412735456,0.4056585778999691,0.47346725087699176,0.005,200.0,0.0,0.0,0.0,200.0,0.0,0.0,0.0,200.0,10.0,0.0,0.0,0.0,10.0,0.0,0.0,0.0,10.0
4.585764294049008,0.4050049499077167,0.4733268155378388,0.005,200.0,0.0,0.0,0.0,200.0,0.0,0.0,0.0,200.0,10.0,0.0,0.0,0.0,10.0,0.0,0.0,0.0,10.0
4.586764460743457,0.4043513219154638,0.47318638019868575,0.005,200.0,0.0,0.0,0.0,200.0,0.0,0.0,0.0,200.0,10.0,0.0,0.0,0.0,10.0,0.0,0.0,0.0,10.0
4.587764627437907,0.4036976939232114,0.4730459448595328,0.005,200.0,0.0,0.0,0.0,200.0,0.0,0.0,0.0,200.0,10.0,0.0,0.0,0.0,10.0,0.0,0.0,0.0,10.0
4.588764794132356,0.403044065930959,0.47290550952037985,0.005,200.0,0.0,0.0,0.0,200.0,0.0,0.0,0.0,200.0,10.0,0.0,0.0,0.0,10.0,0.0,0.0,0.0,10.0
4.5897649608268045,0.4023904379387061,0.47276507418122676,0.005,200.0,0.0,0.0,0.0,200.0,0.0,0.0,0.0,200.0,10.0,0.0,0.0,0.0,10.0,0.0,0.0,0.0,10.0
4.590765127521253,0.40173680994645367,0.4726246388420738,0.005,200.0,0.0,0.0,0.0,200.0,0.0,0.0,0.0,200.0,10.0,0.0,0.0,0.0,10.0,0.0,0.0,0.0,10.0
4.591765294215703,0.40108318195420084,0.47248420350292075,0.005,200.0,0.0,0.0,0.0,200.0,0.0,0.0,0.0,200.0,10.0,0.0,0.0,0.0,10.0,0.0,0.0,0.0,10.0
4.592765460910152,0.4004295539619484,0.4723437681637678,0.005,200.0,0.0,0.0,0.0,200.0,0.0,0.0,0.0,200.0,10.0,0.0,0.0,0.0,10.0,0.0,0.0,0.0,10.0
4.593765627604601,0.39977592596969597,0.47220333282461485,0.005,200.0,0.0,0.0,0.0,200.0,0.0,0.0,0.0,200.0,10.0,0.0,0.0,0.0,10.0,0.0,0.0,0.0,10.0
4.59476579429905,0.3991222979774431,0.47206289748546176,0.005,200.0,0.0,0.0,0.0,200.0,0.0,0.0,0.0,200.0,10.0,0.0,0.0,0.0,10.0,0.0,0.0,0.0,10.0
4.595765960993499,0.39853378771682396,0.47191426676101417,0.005,200.0,0.0,0.0,0.0,200.0,0.0,0.0,0.0,200.0,10.0,0.0,0.0,0.0,10.0,0.0,0.0,0.0,10.0
4.596766127687948,0.3980254597376932,0.4717555447039275,0.005,200.0,0.0,0.0,0.0,200.0,0.0,0.0,0.0,200.0,10.0,0.0,0.0,0.0,10.0,0.0,0.0,0.0,10.0
4.597766294382398,0.39751713175856274,0.47159682264684094,0.005,200.0,0.0,0.0,0.0,200.0,0.0,0.0,0.0,200.0,10.0,0.0,0.0,0.0,10.0,0.0,0.0,0.0,10.0
4.598766461076846,0.39700880377943193,0.4714381005897543,0.005,200.0,0.0,0.0,0.0,200.0,0.0,0.0,0.0,200.0,10.0,0.0,0.0,0.0,10.0,0.0,0.0,0.0,10.0
4.599766627771295,0.3965004758003015,0.47127937853266777,0.005,200.0,0.0,0.0,0.0,200.0,0.0,0.0,0.0,200.0,10.0,0.0,0.0,0.0,10.0,0.0,0.0,0.0,10.0
4.600766794465745,0.39599214782117104,0.4711206564755812,0.005,200.0,0.0,0.0,0.0,200.0,0.0,0.0,0.0,200.0,10.0,0.0,0.0,0.0,10.0,0.0,0.0,0.0,10.0
4.601766961160194,0.39548381984204023,0.4709619344184946,0.005,200.0,0.0,0.0,0.0,200.0,0.0,0.0,0.0,200.0,10.0,0.0,0.0,0.0,10.0,0.0,0.0,0.0,10.0
4.6027671278546425,0.3949754918629098,0.47080321236140804,0.005,200.0,0.0,0.0,0.0,200.0,0.0,0.0,0.0,200.0,10.0,0.0,0.0,0.0,10.0,0.0,0.0,0.0,10.0
4.603767294549091,0.394467163883779,0.47064449030432143,0.005,200.0,0.0,0.0,0.0,200.0,0.0,0.0,0.0,200.0,10.0,0.0,0.0,0.0,10.0,0.0,0.0,0.0,10.0
4.604767461243541,0.39395883590464853,0.47048576824723487,0.005,200.0,0.0,0.0,0.0,200.0,0.0,0.0,0.0,200.0,10.0,0.0,0.0,0.0,10.0,0.0,0.0,0.0,10.0
4.60576762793799,0.39345050792551806,0.4703270461901483,0.005,200.0,0.0,0.0,0.0,200.0,0.0,0.0,0.0,200.0,10.0,0.0,0.0,0.0,10.0,0.0,0.0,0.0,10.0
4.606767794632439,0.3929421799463873,0.4701683241330617,0.005,200.0,0.0,0.0,0.0,200.0,0.0,0.0,0.0,200.0,10.0,0.0,0.0,0.0,10.0,0.0,0.0,0.0,10.0
4.607767961326888,0.39243385196725683,0.47000960207597514,0.005,200.0,0.0,0.0,0.0,200.0,0.0,0.0,0.0,200.0,10.0,0.0,0.0,0.0,10.0,0.0,0.0,0.0,10.0
4.608768128021337,0.391925523988126,0.4698508800188885,0.005,200.0,0.0,0.0,0.0,200.0,0.0,0.0,0.0,200.0,10.0,0.0,0.0,0.0,10.0,0.0,0.0,0.0,10.0
4.609768294715786,0.3914171960089956,0.46969215796180197,0.005,200.0,0.0,0.0,0.0,200.0,0.0,0.0,0.0,200.0,10.0,0.0,0.0,0.0,10.0,0.0,0.0,0.0,10.0
4.6107684614102356,0.39090886802986513,0.4695334359047154,0.005,200.0,0.0,0.0,0.0,200.0,0.0,0.0,0.0,200.0,10.0,0.0,0.0,0.0,10.0,0.0,0.0,0.0,10.0
4.611768628104684,0.3904005400507343,0.46937471384762874,0.005,200.0,0.0,0.0,0.0,200.0,0.0,0.0,0.0,200.0,10.0,0.0,0.0,0.0,10.0,0.0,0.0,0.0,10.0
4.612768794799133,0.3898922120716039,0.46921599179054224,0.005,200.0,0.0,0.0,0.0,200.0,0.0,0.0,0.0,200.0,10.0,0.0,0.0,0.0,10.0,0.0,0.0,0.0,10.0
4.613768961493583,0.3893838840924731,0.4690572697334556,0.005,200.0,0.0,0.0,0.0,200.0,0.0,0.0,0.0,200.0,10.0,0.0,0.0,0.0,10.0,0.0,0.0,0.0,10.0
4.614769128188032,0.3888755561133426,0.468898547676369,0.005,200.0,0.0,0.0,0.0,200.0,0.0,0.0,0.0,200.0,10.0,0.0,0.0,0.0,10.0,0.0,0.0,0.0,10.0
4.6157692948824804,0.38834271280541743,0.4687356762209222,0.005,200.0,0.0,0.0,0.0,200.0,0.0,0.0,0.0,200.0,10.0,0.0,0.0,0.0,10.0,0.0,0.0,0.0,10.0
4.616769461576929,0.3877706449714216,0.4685661657280992,0.005,200.0,0.0,0.0,0.0,200.0,0.0,0.0,0.0,200.0,10.0,0.0,0.0,0.0,10.0,0.0,0.0,0.0,10.0
4.617769628271379,0.3871985771374258,0.46839665523527624,0.005,200.0,0.0,0.0,0.0,200.0,0.0,0.0,0.0,200.0,10.0,0.0,0.0,0.0,10.0,0.0,0.0,0.0,10.0
4.618769794965828,0.38662650930342957,0.4682271447424531,0.005,200.0,0.0,0.0,0.0,200.0,0.0,0.0,0.0,200.0,10.0,0.0,0.0,0.0,10.0,0.0,0.0,0.0,10.0
4.6197699616602765,0.3860544414694338,0.4680576342496301,0.005,200.0,0.0,0.0,0.0,200.0,0.0,0.0,0.0,200.0,10.0,0.0,0.0,0.0,10.0,0.0,0.0,0.0,10.0
4.620770128354726,0.3854823736354376,0.467888123756807,0.005,200.0,0.0,0.0,0.0,200.0,0.0,0.0,0.0,200.0,10.0,0.0,0.0,0.0,10.0,0.0,0.0,0.0,10.0
4.621770295049175,0.38491030580144175,0.467718613263984,0.005,200.0,0.0,0.0,0.0,200.0,0.0,0.0,0.0,200.0,10.0,0.0,0.0,0.0,10.0,0.0,0.0,0.0,10.0
4.622770461743624,0.38433823796744593,0.467549102771161,0.005,200.0,0.0,0.0,0.0,200.0,0.0,0.0,0.0,200.0,10.0,0.0,0.0,0.0,10.0,0.0,0.0,0.0,10.0
4.6237706284380735,0.3837661701334497,0.4673795922783379,0.005,200.0,0.0,0.0,0.0,200.0,0.0,0.0,0.0,200.0,10.0,0.0,0.0,0.0,10.0,0.0,0.0,0.0,10.0
4.624770795132522,0.38319410229945394,0.46721008178551493,0.005,200.0,0.0,0.0,0.0,200.0,0.0,0.0,0.0,200.0,10.0,0.0,0.0,0.0,10.0,0.0,0.0,0.0,10.0
4.625770961826971,0.3826220344654577,0.4670405712926918,0.005,200.0,0.0,0.0,0.0,200.0,0.0,0.0,0.0,200.0,10.0,0.0,0.0,0.0,10.0,0.0,0.0,0.0,10.0
4.626771128521421,0.3820499666314619,0.4668710607998688,0.005,200.0,0.0,0.0,0.0,200.0,0.0,0.0,0.0,200.0,10.0,0.0,0.0,0.0,10.0,0.0,0.0,0.0,10.0
4.62777129521587,0.3814778987974661,0.4667015503070458,0.005,200.0,0.0,0.0,0.0,200.0,0.0,0.0,0.0,200.0,10.0,0.0,0.0,0.0,10.0,0.0,0.0,0.0,10.0
4.628771461910318,0.38090583096346986,0.4665320398142227,0.005,200.0,0.0,0.0,0.0,200.0,0.0,0.0,0.0,200.0,10.0,0.0,0.0,0.0,10.0,0.0,0.0,0.0,10.0
4.629771628604767,0.3803337631294741,0.4663625293213997,0.005,200.0,0.0,0.0,0.0,200.0,0.0,0.0,0.0,200.0,10.0,0.0,0.0,0.0,10.0,0.0,0.0,0.0,10.0
4.630771795299217,0.3797616952954779,0.4661930188285766,0.005,200.0,0.0,0.0,0.0,200.0,0.0,0.0,0.0,200.0,10.0,0.0,0.0,0.0,10.0,0.0,0.0,0.0,10.0
4.631771961993666,0.37918962746148205,0.46602350833575357,0.005,200.0,0.0,0.0,0.0,200.0,0.0,0.0,0.0,200.0,10.0,0.0,0.0,0.0,10.0,0.0,0.0,0.0,10.0
4.6327721286881145,0.3786175596274862,0.4658539978429306,0.005,200.0,0.0,0.0,0.0,200.0,0.0,0.0,0.0,200.0,10.0,0.0,0.0,0.0,10.0,0.0,0.0,0.0,10.0
4.633772295382564,0.37804549179349,0.4656844873501075,0.005,200.0,0.0,0.0,0.0,200.0,0.0,0.0,0.0,200.0,10.0,0.0,0.0,0.0,10.0,0.0,0.0,0.0,10.0
4.634772462077013,0.3774734239594942,0.4655149768572845,0.005,200.0,0.0,0.0,0.0,200.0,0.0,0.0,0.0,200.0,10.0,0.0,0.0,0.0,10.0,0.0,0.0,0.0,10.0
4.635772628771462,0.3768976352218391,0.46534072485918365,0.005,200.0,0.0,0.0,0.0,200.0,0.0,0.0,0.0,200.0,10.0,0.0,0.0,0.0,10.0,0.0,0.0,0.0,10.0
4.6367727954659115,0.37631397832332225,0.4651564465530477,0.005,200.0,0.0,0.0,0.0,200.0,0.0,0.0,0.0,200.0,10.0,0.0,0.0,0.0,10.0,0.0,0.0,0.0,10.0
4.63777296216036,0.37573032142480506,0.4649721682469116,0.005,200.0,0.0,0.0,0.0,200.0,0.0,0.0,0.0,200.0,10.0,0.0,0.0,0.0,10.0,0.0,0.0,0.0,10.0
4.638773128854809,0.37514666452628825,0.4647878899407757,0.005,200.0,0.0,0.0,0.0,200.0,0.0,0.0,0.0,200.0,10.0,0.0,0.0,0.0,10.0,0.0,0.0,0.0,10.0
4.639773295549259,0.37456300762777145,0.46460361163463976,0.005,200.0,0.0,0.0,0.0,200.0,0.0,0.0,0.0,200.0,10.0,0.0,0.0,0.0,10.0,0.0,0.0,0.0,10.0
4.640773462243708,0.37397935072925426,0.46441933332850366,0.005,200.0,0.0,0.0,0.0,200.0,0.0,0.0,0.0,200.0,10.0,0.0,0.0,0.0,10.0,0.0,0.0,0.0,10.0
4.641773628938156,0.3733956938307374,0.4642350550223677,0.005,200.0,0.0,0.0,0.0,200.0,0.0,0.0,0.0,200.0,10.0,0.0,0.0,0.0,10.0,0.0,0.0,0.0,10.0
4.642773795632605,0.3728120369322202,0.4640507767162317,0.005,200.0,0.0,0.0,0.0,200.0,0.0,0.0,0.0,200.0,10.0,0.0,0.0,0.0,10.0,0.0,0.0,0.0,10.0
4.643773962327055,0.3722283800337034,0.46386649841009575,0.005,200.0,0.0,0.0,0.0,200.0,0.0,0.0,0.0,200.0,10.0,0.0,0.0,0.0,10.0,0.0,0.0,0.0,10.0
4.644774129021504,0.3716447231351866,0.46368222010395976,0.005,200.0,0.0,0.0,0.0,200.0,0.0,0.0,0.0,200.0,10.0,0.0,0.0,0.0,10.0,0.0,0.0,0.0,10.0
4.6457742957159525,0.3710610662366694,0.4634979417978237,0.005,200.0,0.0,0.0,0.0,200.0,0.0,0.0,0.0,200.0,10.0,0.0,0.0,0.0,10.0,0.0,0.0,0.0,10.0
4.646774462410402,0.37047740933815254,0.4633136634916878,0.005,200.0,0.0,0.0,0.0,200.0,0.0,0.0,0.0,200.0,10.0,0.0,0.0,0.0,10.0,0.0,0.0,0.0,10.0
4.647774629104851,0.36989375243963535,0.4631293851855517,0.005,200.0,0.0,0.0,0.0,200.0,0.0,0.0,0.0,200.0,10.0,0.0,0.0,0.0,10.0,0.0,0.0,0.0,10.0
4.6487747957993,0.36931009554111854,0.46294510687941576,0.005,200.0,0.0,0.0,0.0,200.0,0.0,0.0,0.0,200.0,10.0,0.0,0.0,0.0,10.0,0.0,0.0,0.0,10.0
4.649774962493749,0.36872643864260174,0.4627608285732798,0.005,200.0,0.0,0.0,0.0,200.0,0.0,0.0,0.0,200.0,10.0,0.0,0.0,0.0,10.0,0.0,0.0,0.0,10.0
4.650775129188198,0.3681427817440845,0.4625765502671438,0.005,200.0,0.0,0.0,0.0,200.0,0.0,0.0,0.0,200.0,10.0,0.0,0.0,0.0,10.0,0.0,0.0,0.0,10.0
4.651775295882647,0.3675591248455677,0.4623922719610078,0.005,200.0,0.0,0.0,0.0,200.0,0.0,0.0,0.0,200.0,10.0,0.0,0.0,0.0,10.0,0.0,0.0,0.0,10.0
4.652775462577097,0.3669754679470505,0.46220799365487175,0.005,200.0,0.0,0.0,0.0,200.0,0.0,0.0,0.0,200.0,10.0,0.0,0.0,0.0,10.0,0.0,0.0,0.0,10.0
4.6537756292715455,0.3663918110485337,0.4620237153487358,0.005,200.0,0.0,0.0,0.0,200.0,0.0,0.0,0.0,200.0,10.0,0.0,0.0,0.0,10.0,0.0,0.0,0.0,10.0
4.654775795965994,0.3658081541500165,0.4618394370425997,0.005,200.0,0.0,0.0,0.0,200.0,0.0,0.0,0.0,200.0,10.0,0.0,0.0,0.0,10.0,0.0,0.0,0.0,10.0
4.655775962660444,0.36527442848668507,0.46163873647447234,0.005,200.0,0.0,0.0,0.0,200.0,0.0,0.0,0.0,200.0,10.0,0.0,0.0,0.0,10.0,0.0,0.0,0.0,10.0
4.656776129354893,0.36488466041051165,0.4613906886055384,0.005,200.0,0.0,0.0,0.0,200.0,0.0,0.0,0.0,200.0,10.0,0.0,0.0,0.0,10.0,0.0,0.0,0.0,10.0
4.657776296049342,0.364494892334338,0.46114264073660427,0.005,200.0,0.0,0.0,0.0,200.0,0.0,0.0,0.0,200.0,10.0,0.0,0.0,0.0,10.0,0.0,0.0,0.0,10.0
4.65877646274379,0.3641051242581646,0.4608945928676703,0.005,200.0,0.0,0.0,0.0,200.0,0.0,0.0,0.0,200.0,10.0,0.0,0.0,0.0,10.0,0.0,0.0,0.0,10.0
4.65977662943824,0.3637153561819909,0.4606465449987362,0.005,200.0,0.0,0.0,0.0,200.0,0.0,0.0,0.0,200.0,10.0,0.0,0.0,0.0,10.0,0.0,0.0,0.0,10.0
4.660776796132689,0.36332558810581755,0.4603984971298022,0.005,200.0,0.0,0.0,0.0,200.0,0.0,0.0,0.0,200.0,10.0,0.0,0.0,0.0,10.0,0.0,0.0,0.0,10.0
4.661776962827138,0.36293582002964414,0.46015044926086823,0.005,200.0,0.0,0.0,0.0,200.0,0.0,0.0,0.0,200.0,10.0,0.0,0.0,0.0,10.0,0.0,0.0,0.0,10.0
4.662777129521587,0.3625460519534705,0.4599024013919341,0.005,200.0,0.0,0.0,0.0,200.0,0.0,0.0,0.0,200.0,10.0,0.0,0.0,0.0,10.0,0.0,0.0,0.0,10.0
4.663777296216036,0.3621562838772971,0.45965435352300016,0.005,200.0,0.0,0.0,0.0,200.0,0.0,0.0,0.0,200.0,10.0,0.0,0.0,0.0,10.0,0.0,0.0,0.0,10.0
4.664777462910485,0.36176651580112346,0.45940630565406604,0.005,200.0,0.0,0.0,0.0,200.0,0.0,0.0,0.0,200.0,10.0,0.0,0.0,0.0,10.0,0.0,0.0,0.0,10.0
4.665777629604935,0.36137674772495004,0.4591582577851321,0.005,200.0,0.0,0.0,0.0,200.0,0.0,0.0,0.0,200.0,10.0,0.0,0.0,0.0,10.0,0.0,0.0,0.0,10.0
4.6667777962993835,0.36098697964877663,0.45891020991619813,0.005,200.0,0.0,0.0,0.0,200.0,0.0,0.0,0.0,200.0,10.0,0.0,0.0,0.0,10.0,0.0,0.0,0.0,10.0
4.667777962993832,0.360597211572603,0.45866216204726395,0.005,200.0,0.0,0.0,0.0,200.0,0.0,0.0,0.0,200.0,10.0,0.0,0.0,0.0,10.0,0.0,0.0,0.0,10.0
4.668778129688282,0.3602074434964296,0.45841411417833,0.005,200.0,0.0,0.0,0.0,200.0,0.0,0.0,0.0,200.0,10.0,0.0,0.0,0.0,10.0,0.0,0.0,0.0,10.0
4.669778296382731,0.35981767542025594,0.4581660663093959,0.005,200.0,0.0,0.0,0.0,200.0,0.0,0.0,0.0,200.0,10.0,0.0,0.0,0.0,10.0,0.0,0.0,0.0,10.0
4.67077846307718,0.35942790734408253,0.4579180184404619,0.005,200.0,0.0,0.0,0.0,200.0,0.0,0.0,0.0,200.0,10.0,0.0,0.0,0.0,10.0,0.0,0.0,0.0,10.0
4.671778629771628,0.3590381392679089,0.4576699705715278,0.005,200.0,0.0,0.0,0.0,200.0,0.0,0.0,0.0,200.0,10.0,0.0,0.0,0.0,10.0,0.0,0.0,0.0,10.0
4.672778796466078,0.3586483711917355,0.45742192270259385,0.005,200.0,0.0,0.0,0.0,200.0,0.0,0.0,0.0,200.0,10.0,0.0,0.0,0.0,10.0,0.0,0.0,0.0,10.0
4.673778963160527,0.35825860311556207,0.4571738748336599,0.005,200.0,0.0,0.0,0.0,200.0,0.0,0.0,0.0,200.0,10.0,0.0,0.0,0.0,10.0,0.0,0.0,0.0,10.0
4.674779129854976,0.35786883503938843,0.4569258269647257,0.005,200.0,0.0,0.0,0.0,200.0,0.0,0.0,0.0,200.0,10.0,0.0,0.0,0.0,10.0,0.0,0.0,0.0,10.0
4.675779296549425,0.3574466451960301,0.45666695551229225,0.005,200.0,0.0,0.0,0.0,200.0,0.0,0.0,0.0,200.0,10.0,0.0,0.0,0.0,10.0,0.0,0.0,0.0,10.0
4.676779463243874,0.3568897373200576,0.4563631102042827,0.005,200.0,0.0,0.0,0.0,200.0,0.0,0.0,0.0,200.0,10.0,0.0,0.0,0.0,10.0,0.0,0.0,0.0,10.0
4.677779629938323,0.35633282944408545,0.45605926489627335,0.005,200.0,0.0,0.0,0.0,200.0,0.0,0.0,0.0,200.0,10.0,0.0,0.0,0.0,10.0,0.0,0.0,0.0,10.0
4.678779796632773,0.3557759215681134,0.45575541958826404,0.005,200.0,0.0,0.0,0.0,200.0,0.0,0.0,0.0,200.0,10.0,0.0,0.0,0.0,10.0,0.0,0.0,0.0,10.0
4.6797799633272215,0.3552190136921409,0.4554515742802545,0.005,200.0,0.0,0.0,0.0,200.0,0.0,0.0,0.0,200.0,10.0,0.0,0.0,0.0,10.0,0.0,0.0,0.0,10.0
4.68078013002167,0.35466210581616875,0.45514772897224515,0.005,200.0,0.0,0.0,0.0,200.0,0.0,0.0,0.0,200.0,10.0,0.0,0.0,0.0,10.0,0.0,0.0,0.0,10.0
4.68178029671612,0.3541051979401963,0.4548438836642356,0.005,200.0,0.0,0.0,0.0,200.0,0.0,0.0,0.0,200.0,10.0,0.0,0.0,0.0,10.0,0.0,0.0,0.0,10.0
4.682780463410569,0.35354829006422417,0.4545400383562263,0.005,200.0,0.0,0.0,0.0,200.0,0.0,0.0,0.0,200.0,10.0,0.0,0.0,0.0,10.0,0.0,0.0,0.0,10.0
4.6837806301050176,0.35299138218825205,0.45423619304821694,0.005,200.0,0.0,0.0,0.0,200.0,0.0,0.0,0.0,200.0,10.0,0.0,0.0,0.0,10.0,0.0,0.0,0.0,10.0
4.684780796799466,0.3524344743122796,0.4539323477402074,0.005,200.0,0.0,0.0,0.0,200.0,0.0,0.0,0.0,200.0,10.0,0.0,0.0,0.0,10.0,0.0,0.0,0.0,10.0
4.685780963493916,0.35187756643630747,0.4536285024321981,0.005,200.0,0.0,0.0,0.0,200.0,0.0,0.0,0.0,200.0,10.0,0.0,0.0,0.0,10.0,0.0,0.0,0.0,10.0
4.686781130188365,0.351320658560335,0.45332465712418857,0.005,200.0,0.0,0.0,0.0,200.0,0.0,0.0,0.0,200.0,10.0,0.0,0.0,0.0,10.0,0.0,0.0,0.0,10.0
4.687781296882814,0.3507637506843629,0.4530208118161792,0.005,200.0,0.0,0.0,0.0,200.0,0.0,0.0,0.0,200.0,10.0,0.0,0.0,0.0,10.0,0.0,0.0,0.0,10.0
4.688781463577263,0.3502068428083904,0.45271696650816967,0.005,200.0,0.0,0.0,0.0,200.0,0.0,0.0,0.0,200.0,10.0,0.0,0.0,0.0,10.0,0.0,0.0,0.0,10.0
4.689781630271712,0.34964993493241825,0.45241312120016036,0.005,200.0,0.0,0.0,0.0,200.0,0.0,0.0,0.0,200.0,10.0,0.0,0.0,0.0,10.0,0.0,0.0,0.0,10.0
4.690781796966161,0.3490930270564462,0.452109275892151,0.005,200.0,0.0,0.0,0.0,200.0,0.0,0.0,0.0,200.0,10.0,0.0,0.0,0.0,10.0,0.0,0.0,0.0,10.0
4.691781963660611,0.34853611918047367,0.45180543058414147,0.005,200.0,0.0,0.0,0.0,200.0,0.0,0.0,0.0,200.0,10.0,0.0,0.0,0.0,10.0,0.0,0.0,0.0,10.0
4.692782130355059,0.34797921130450155,0.45150158527613216,0.005,200.0,0.0,0.0,0.0,200.0,0.0,0.0,0.0,200.0,10.0,0.0,0.0,0.0,10.0,0.0,0.0,0.0,10.0
4.693782297049508,0.3474223034285291,0.4511977399681226,0.005,200.0,0.0,0.0,0.0,200.0,0.0,0.0,0.0,200.0,10.0,0.0,0.0,0.0,10.0,0.0,0.0,0.0,10.0
4.694782463743958,0.34686539555255697,0.45089389466011326,0.005,200.0,0.0,0.0,0.0,200.0,0.0,0.0,0.0,200.0,10.0,0.0,0.0,0.0,10.0,0.0,0.0,0.0,10.0
4.695782630438407,0.3463212765540895,0.4505928313708303,0.005,200.0,0.0,0.0,0.0,200.0,0.0,0.0,0.0,200.0,10.0,0.0,0.0,0.0,10.0,0.0,0.0,0.0,10.0
4.6967827971328555,0.34586241673898616,0.45031031487305617,0.005,200.0,0.0,0.0,0.0,200.0,0.0,0.0,0.0,200.0,10.0,0.0,0.0,0.0,10.0,0.0,0.0,0.0,10.0
4.697782963827304,0.34540355692388314,0.4500277983752823,0.005,200.0,0.0,0.0,0.0,200.0,0.0,0.0,0.0,200.0,10.0,0.0,0.0,0.0,10.0,0.0,0.0,0.0,10.0
4.698783130521754,0.34494469710877984,0.4497452818775082,0.005,200.0,0.0,0.0,0.0,200.0,0.0,0.0,0.0,200.0,10.0,0.0,0.0,0.0,10.0,0.0,0.0,0.0,10.0
4.699783297216203,0.3444858372936768,0.4494627653797343,0.005,200.0,0.0,0.0,0.0,200.0,0.0,0.0,0.0,200.0,10.0,0.0,0.0,0.0,10.0,0.0,0.0,0.0,10.0
4.700783463910652,0.34402697747857386,0.44918024888196034,0.005,200.0,0.0,0.0,0.0,200.0,0.0,0.0,0.0,200.0,10.0,0.0,0.0,0.0,10.0,0.0,0.0,0.0,10.0
4.701783630605101,0.3435681176634705,0.44889773238418623,0.005,200.0,0.0,0.0,0.0,200.0,0.0,0.0,0.0,200.0,10.0,0.0,0.0,0.0,10.0,0.0,0.0,0.0,10.0
4.70278379729955,0.34310925784836754,0.44861521588641234,0.005,200.0,0.0,0.0,0.0,200.0,0.0,0.0,0.0,200.0,10.0,0.0,0.0,0.0,10.0,0.0,0.0,0.0,10.0
4.703783963993999,0.3426503980332642,0.44833269938863823,0.005,200.0,0.0,0.0,0.0,200.0,0.0,0.0,0.0,200.0,10.0,0.0,0.0,0.0,10.0,0.0,0.0,0.0,10.0
4.704784130688449,0.34219153821816123,0.4480501828908643,0.005,200.0,0.0,0.0,0.0,200.0,0.0,0.0,0.0,200.0,10.0,0.0,0.0,0.0,10.0,0.0,0.0,0.0,10.0
4.705784297382897,0.3417326784030579,0.4477676663930902,0.005,200.0,0.0,0.0,0.0,200.0,0.0,0.0,0.0,200.0,10.0,0.0,0.0,0.0,10.0,0.0,0.0,0.0,10.0
4.706784464077346,0.3412738185879549,0.4474851498953163,0.005,200.0,0.0,0.0,0.0,200.0,0.0,0.0,0.0,200.0,10.0,0.0,0.0,0.0,10.0,0.0,0.0,0.0,10.0
4.707784630771796,0.3408149587728519,0.44720263339754235,0.005,200.0,0.0,0.0,0.0,200.0,0.0,0.0,0.0,200.0,10.0,0.0,0.0,0.0,10.0,0.0,0.0,0.0,10.0
4.708784797466245,0.3403560989577486,0.4469201168997683,0.005,200.0,0.0,0.0,0.0,200.0,0.0,0.0,0.0,200.0,10.0,0.0,0.0,0.0,10.0,0.0,0.0,0.0,10.0
4.7097849641606935,0.3398972391426456,0.44663760040199435,0.005,200.0,0.0,0.0,0.0,200.0,0.0,0.0,0.0,200.0,10.0,0.0,0.0,0.0,10.0,0.0,0.0,0.0,10.0
4.710785130855142,0.3394383793275423,0.44635508390422024,0.005,200.0,0.0,0.0,0.0,200.0,0.0,0.0,0.0,200.0,10.0,0.0,0.0,0.0,10.0,0.0,0.0,0.0,10.0
4.711785297549592,0.33897951951243926,0.44607256740644635,0.005,200.0,0.0,0.0,0.0,200.0,0.0,0.0,0.0,200.0,10.0,0.0,0.0,0.0,10.0,0.0,0.0,0.0,10.0
4.712785464244041,0.33852065969733625,0.4457900509086724,0.005,200.0,0.0,0.0,0.0,200.0,0.0,0.0,0.0,200.0,10.0,0.0,0.0,0.0,10.0,0.0,0.0,0.0,10.0
4.71378563093849,0.33806179988223295,0.4455075344108983,0.005,200.0,0.0,0.0,0.0,200.0,0.0,0.0,0.0,200.0,10.0,0.0,0.0,0.0,10.0,0.0,0.0,0.0,10.0
4.714785797632939,0.33760294006712993,0.4452250179131244,0.005,200.0,0.0,0.0,0.0,200.0,0.0,0.0,0.0,200.0,10.0,0.0,0.0,0.0,10.0,0.0,0.0,0.0,10.0
4.715785964327388,0.3371463316960183,0.4449416706861705,0.005,200.0,0.0,0.0,0.0,200.0,0.0,0.0,0.0,200.0,10.0,0.0,0.0,0.0,10.0,0.0,0.0,0.0,10.0
4.716786131021837,0.33672113096859096,0.44464673478715844,0.005,200.0,0.0,0.0,0.0,200.0,0.0,0.0,0.0,200.0,10.0,0.0,0.0,0.0,10.0,0.0,0.0,0.0,10.0
4.7177862977162865,0.3362959302411636,0.4443517988881464,0.005,200.0,0.0,0.0,0.0,200.0,0.0,0.0,0.0,200.0,10.0,0.0,0.0,0.0,10.0,0.0,0.0,0.0,10.0
4.718786464410735,0.3358707295137359,0.44405686298913416,0.005,200.0,0.0,0.0,0.0,200.0,0.0,0.0,0.0,200.0,10.0,0.0,0.0,0.0,10.0,0.0,0.0,0.0,10.0
4.719786631105184,0.33544552878630857,0.44376192709012213,0.005,200.0,0.0,0.0,0.0,200.0,0.0,0.0,0.0,200.0,10.0,0.0,0.0,0.0,10.0,0.0,0.0,0.0,10.0
4.720786797799634,0.33502032805888093,0.4434669911911099,0.005,200.0,0.0,0.0,0.0,200.0,0.0,0.0,0.0,200.0,10.0,0.0,0.0,0.0,10.0,0.0,0.0,0.0,10.0
4.721786964494083,0.3345951273314536,0.4431720552920978,0.005,200.0,0.0,0.0,0.0,200.0,0.0,0.0,0.0,200.0,10.0,0.0,0.0,0.0,10.0,0.0,0.0,0.0,10.0
4.722787131188531,0.33416992660402595,0.4428771193930856,0.005,200.0,0.0,0.0,0.0,200.0,0.0,0.0,0.0,200.0,10.0,0.0,0.0,0.0,10.0,0.0,0.0,0.0,10.0
4.72378729788298,0.3337447258765986,0.4425821834940735,0.005,200.0,0.0,0.0,0.0,200.0,0.0,0.0,0.0,200.0,10.0,0.0,0.0,0.0,10.0,0.0,0.0,0.0,10.0
4.72478746457743,0.33331952514917124,0.4422872475950615,0.005,200.0,0.0,0.0,0.0,200.0,0.0,0.0,0.0,200.0,10.0,0.0,0.0,0.0,10.0,0.0,0.0,0.0,10.0
4.725787631271879,0.33289432442174355,0.44199231169604924,0.005,200.0,0.0,0.0,0.0,200.0,0.0,0.0,0.0,200.0,10.0,0.0,0.0,0.0,10.0,0.0,0.0,0.0,10.0
4.7267877979663275,0.3324691236943162,0.4416973757970372,0.005,200.0,0.0,0.0,0.0,200.0,0.0,0.0,0.0,200.0,10.0,0.0,0.0,0.0,10.0,0.0,0.0,0.0,10.0
4.727787964660777,0.33204392296688856,0.44140243989802497,0.005,200.0,0.0,0.0,0.0,200.0,0.0,0.0,0.0,200.0,10.0,0.0,0.0,0.0,10.0,0.0,0.0,0.0,10.0
4.728788131355226,0.3316187222394612,0.4411075039990129,0.005,200.0,0.0,0.0,0.0,200.0,0.0,0.0,0.0,200.0,10.0,0.0,0.0,0.0,10.0,0.0,0.0,0.0,10.0
4.729788298049675,0.33119352151203385,0.44081256810000086,0.005,200.0,0.0,0.0,0.0,200.0,0.0,0.0,0.0,200.0,10.0,0.0,0.0,0.0,10.0,0.0,0.0,0.0,10.0
4.7307884647441245,0.3307683207846062,0.4405176322009886,0.005,200.0,0.0,0.0,0.0,200.0,0.0,0.0,0.0,200.0,10.0,0.0,0.0,0.0,10.0,0.0,0.0,0.0,10.0
4.731788631438573,0.33034312005717886,0.4402226963019766,0.005,200.0,0.0,0.0,0.0,200.0,0.0,0.0,0.0,200.0,10.0,0.0,0.0,0.0,10.0,0.0,0.0,0.0,10.0
4.732788798133022,0.3299179193297512,0.43992776040296433,0.005,200.0,0.0,0.0,0.0,200.0,0.0,0.0,0.0,200.0,10.0,0.0,0.0,0.0,10.0,0.0,0.0,0.0,10.0
4.733788964827472,0.3294927186023238,0.4396328245039523,0.005,200.0,0.0,0.0,0.0,200.0,0.0,0.0,0.0,200.0,10.0,0.0,0.0,0.0,10.0,0.0,0.0,0.0,10.0
4.734789131521921,0.32906751787489646,0.4393378886049402,0.005,200.0,0.0,0.0,0.0,200.0,0.0,0.0,0.0,200.0,10.0,0.0,0.0,0.0,10.0,0.0,0.0,0.0,10.0
4.735789298216369,0.32864156734508215,0.43904236696783483,0.005,200.0,0.0,0.0,0.0,200.0,0.0,0.0,0.0,200.0,10.0,0.0,0.0,0.0,10.0,0.0,0.0,0.0,10.0
4.736789464910819,0.3279921757040235,0.4385722953789553,0.005,200.0,0.0,0.0,0.0,200.0,0.0,0.0,0.0,200.0,10.0,0.0,0.0,0.0,10.0,0.0,0.0,0.0,10.0
4.737789631605268,0.3273427840629644,0.43810222379007546,0.005,200.0,0.0,0.0,0.0,200.0,0.0,0.0,0.0,200.0,10.0,0.0,0.0,0.0,10.0,0.0,0.0,0.0,10.0
4.738789798299717,0.32669339242190576,0.43763215220119595,0.005,200.0,0.0,0.0,0.0,200.0,0.0,0.0,0.0,200.0,10.0,0.0,0.0,0.0,10.0,0.0,0.0,0.0,10.0
4.7397899649941655,0.32604400078084667,0.4371620806123161,0.005,200.0,0.0,0.0,0.0,200.0,0.0,0.0,0.0,200.0,10.0,0.0,0.0,0.0,10.0,0.0,0.0,0.0,10.0
4.740790131688615,0.325394609139788,0.4366920090234366,0.005,200.0,0.0,0.0,0.0,200.0,0.0,0.0,0.0,200.0,10.0,0.0,0.0,0.0,10.0,0.0,0.0,0.0,10.0
4.741790298383064,0.32474521749872937,0.43622193743455706,0.005,200.0,0.0,0.0,0.0,200.0,0.0,0.0,0.0,200.0,10.0,0.0,0.0,0.0,10.0,0.0,0.0,0.0,10.0
4.742790465077513,0.32409582585767027,0.43575186584567727,0.005,200.0,0.0,0.0,0.0,200.0,0.0,0.0,0.0,200.0,10.0,0.0,0.0,0.0,10.0,0.0,0.0,0.0,10.0
4.7437906317719625,0.3234464342166116,0.43528179425679775,0.005,200.0,0.0,0.0,0.0,200.0,0.0,0.0,0.0,200.0,10.0,0.0,0.0,0.0,10.0,0.0,0.0,0.0,10.0
4.744790798466411,0.32279704257555253,0.4348117226679179,0.005,200.0,0.0,0.0,0.0,200.0,0.0,0.0,0.0,200.0,10.0,0.0,0.0,0.0,10.0,0.0,0.0,0.0,10.0
4.74579096516086,0.3221476509344939,0.4343416510790384,0.005,200.0,0.0,0.0,0.0,200.0,0.0,0.0,0.0,200.0,10.0,0.0,0.0,0.0,10.0,0.0,0.0,0.0,10.0
4.74679113185531,0.32149825929343523,0.43387157949015887,0.005,200.0,0.0,0.0,0.0,200.0,0.0,0.0,0.0,200.0,10.0,0.0,0.0,0.0,10.0,0.0,0.0,0.0,10.0
4.747791298549759,0.3208488676523762,0.43340150790127907,0.005,200.0,0.0,0.0,0.0,200.0,0.0,0.0,0.0,200.0,10.0,0.0,0.0,0.0,10.0,0.0,0.0,0.0,10.0
4.748791465244207,0.3201994760113175,0.4329314363123995,0.005,200.0,0.0,0.0,0.0,200.0,0.0,0.0,0.0,200.0,10.0,0.0,0.0,0.0,10.0,0.0,0.0,0.0,10.0
4.749791631938657,0.31955008437025845,0.4324613647235197,0.005,200.0,0.0,0.0,0.0,200.0,0.0,0.0,0.0,200.0,10.0,0.0,0.0,0.0,10.0,0.0,0.0,0.0,10.0
4.750791798633106,0.3189006927291998,0.4319912931346402,0.005,200.0,0.0,0.0,0.0,200.0,0.0,0.0,0.0,200.0,10.0,0.0,0.0,0.0,10.0,0.0,0.0,0.0,10.0
4.751791965327555,0.31825130108814115,0.43152122154576067,0.005,200.0,0.0,0.0,0.0,200.0,0.0,0.0,0.0,200.0,10.0,0.0,0.0,0.0,10.0,0.0,0.0,0.0,10.0
4.7527921320220035,0.31760190944708205,0.4310511499568808,0.005,200.0,0.0,0.0,0.0,200.0,0.0,0.0,0.0,200.0,10.0,0.0,0.0,0.0,10.0,0.0,0.0,0.0,10.0
4.753792298716453,0.3169525178060234,0.4305810783680013,0.005,200.0,0.0,0.0,0.0,200.0,0.0,0.0,0.0,200.0,10.0,0.0,0.0,0.0,10.0,0.0,0.0,0.0,10.0
4.754792465410902,0.3163031261649643,0.4301110067791215,0.005,200.0,0.0,0.0,0.0,200.0,0.0,0.0,0.0,200.0,10.0,0.0,0.0,0.0,10.0,0.0,0.0,0.0,10.0
4.755792632105351,0.31565373452390566,0.429640935190242,0.005,200.0,0.0,0.0,0.0,200.0,0.0,0.0,0.0,200.0,10.0,0.0,0.0,0.0,10.0,0.0,0.0,0.0,10.0
4.7567927987998,0.3151664378881891,0.4292367396503314,0.005,200.0,0.0,0.0,0.0,200.0,0.0,0.0,0.0,200.0,10.0,0.0,0.0,0.0,10.0,0.0,0.0,0.0,10.0
4.757792965494249,0.3146895245624237,0.42883676392850456,0.005,200.0,0.0,0.0,0.0,200.0,0.0,0.0,0.0,200.0,10.0,0.0,0.0,0.0,10.0,0.0,0.0,0.0,10.0
4.758793132188698,0.31421261123665833,0.42843678820667774,0.005,200.0,0.0,0.0,0.0,200.0,0.0,0.0,0.0,200.0,10.0,0.0,0.0,0.0,10.0,0.0,0.0,0.0,10.0
4.759793298883148,0.3137356979108926,0.4280368124848506,0.005,200.0,0.0,0.0,0.0,200.0,0.0,0.0,0.0,200.0,10.0,0.0,0.0,0.0,10.0,0.0,0.0,0.0,10.0
4.7607934655775965,0.31325878458512724,0.4276368367630238,0.005,200.0,0.0,0.0,0.0,200.0,0.0,0.0,0.0,200.0,10.0,0.0,0.0,0.0,10.0,0.0,0.0,0.0,10.0
4.761793632272045,0.3127818712593615,0.4272368610411967,0.005,200.0,0.0,0.0,0.0,200.0,0.0,0.0,0.0,200.0,10.0,0.0,0.0,0.0,10.0,0.0,0.0,0.0,10.0
4.762793798966495,0.3123049579335961,0.4268368853193698,0.005,200.0,0.0,0.0,0.0,200.0,0.0,0.0,0.0,200.0,10.0,0.0,0.0,0.0,10.0,0.0,0.0,0.0,10.0
4.763793965660944,0.3118280446078307,0.426436909597543,0.005,200.0,0.0,0.0,0.0,200.0,0.0,0.0,0.0,200.0,10.0,0.0,0.0,0.0,10.0,0.0,0.0,0.0,10.0
4.764794132355393,0.311351131282065,0.4260369338757159,0.005,200.0,0.0,0.0,0.0,200.0,0.0,0.0,0.0,200.0,10.0,0.0,0.0,0.0,10.0,0.0,0.0,0.0,10.0
4.765794299049841,0.3108742179562996,0.425636958153889,0.005,200.0,0.0,0.0,0.0,200.0,0.0,0.0,0.0,200.0,10.0,0.0,0.0,0.0,10.0,0.0,0.0,0.0,10.0
4.766794465744291,0.3103973046305339,0.4252369824320619,0.005,200.0,0.0,0.0,0.0,200.0,0.0,0.0,0.0,200.0,10.0,0.0,0.0,0.0,10.0,0.0,0.0,0.0,10.0
4.76779463243874,0.3099203913047685,0.4248370067102351,0.005,200.0,0.0,0.0,0.0,200.0,0.0,0.0,0.0,200.0,10.0,0.0,0.0,0.0,10.0,0.0,0.0,0.0,10.0
4.768794799133189,0.3094434779790031,0.42443703098840824,0.005,200.0,0.0,0.0,0.0,200.0,0.0,0.0,0.0,200.0,10.0,0.0,0.0,0.0,10.0,0.0,0.0,0.0,10.0
4.769794965827638,0.3089665646532374,0.42403705526658114,0.005,200.0,0.0,0.0,0.0,200.0,0.0,0.0,0.0,200.0,10.0,0.0,0.0,0.0,10.0,0.0,0.0,0.0,10.0
4.770795132522087,0.30848965132747197,0.4236370795447543,0.005,200.0,0.0,0.0,0.0,200.0,0.0,0.0,0.0,200.0,10.0,0.0,0.0,0.0,10.0,0.0,0.0,0.0,10.0
4.771795299216536,0.30801273800170625,0.4232371038229272,0.005,200.0,0.0,0.0,0.0,200.0,0.0,0.0,0.0,200.0,10.0,0.0,0.0,0.0,10.0,0.0,0.0,0.0,10.0
4.772795465910986,0.30753582467594087,0.42283712810110036,0.005,200.0,0.0,0.0,0.0,200.0,0.0,0.0,0.0,200.0,10.0,0.0,0.0,0.0,10.0,0.0,0.0,0.0,10.0
4.7737956326054345,0.30705891135017516,0.42243715237927326,0.005,200.0,0.0,0.0,0.0,200.0,0.0,0.0,0.0,200.0,10.0,0.0,0.0,0.0,10.0,0.0,0.0,0.0,10.0
4.774795799299883,0.3065819980244098,0.4220371766574464,0.005,200.0,0.0,0.0,0.0,200.0,0.0,0.0,0.0,200.0,10.0,0.0,0.0,0.0,10.0,0.0,0.0,0.0,10.0
4.775795965994333,0.3061050846986444,0.42163720093561957,0.005,200.0,0.0,0.0,0.0,200.0,0.0,0.0,0.0,200.0,10.0,0.0,0.0,0.0,10.0,0.0,0.0,0.0,10.0
4.776796132688782,0.30565453888197947,0.42117580081407463,0.005,200.0,0.0,0.0,0.0,200.0,0.0,0.0,0.0,200.0,10.0,0.0,0.0,0.0,10.0,0.0,0.0,0.0,10.0
4.777796299383231,0.3052077167211802,0.42070572625440184,0.005,200.0,0.0,0.0,0.0,200.0,0.0,0.0,0.0,200.0,10.0,0.0,0.0,0.0,10.0,0.0,0.0,0.0,10.0
4.778796466077679,0.3047608945603807,0.4202356516947287,0.005,200.0,0.0,0.0,0.0,200.0,0.0,0.0,0.0,200.0,10.0,0.0,0.0,0.0,10.0,0.0,0.0,0.0,10.0
4.779796632772129,0.3043140723995814,0.41976557713505597,0.005,200.0,0.0,0.0,0.0,200.0,0.0,0.0,0.0,200.0,10.0,0.0,0.0,0.0,10.0,0.0,0.0,0.0,10.0
4.780796799466578,0.3038672502387822,0.41929550257538317,0.005,200.0,0.0,0.0,0.0,200.0,0.0,0.0,0.0,200.0,10.0,0.0,0.0,0.0,10.0,0.0,0.0,0.0,10.0
4.781796966161027,0.3034204280779827,0.4188254280157101,0.005,200.0,0.0,0.0,0.0,200.0,0.0,0.0,0.0,200.0,10.0,0.0,0.0,0.0,10.0,0.0,0.0,0.0,10.0
4.782797132855476,0.3029736059171834,0.4183553534560373,0.005,200.0,0.0,0.0,0.0,200.0,0.0,0.0,0.0,200.0,10.0,0.0,0.0,0.0,10.0,0.0,0.0,0.0,10.0
4.783797299549925,0.3025267837563839,0.4178852788963642,0.005,200.0,0.0,0.0,0.0,200.0,0.0,0.0,0.0,200.0,10.0,0.0,0.0,0.0,10.0,0.0,0.0,0.0,10.0
4.784797466244374,0.30207996159558465,0.41741520433669144,0.005,200.0,0.0,0.0,0.0,200.0,0.0,0.0,0.0,200.0,10.0,0.0,0.0,0.0,10.0,0.0,0.0,0.0,10.0
4.785797632938824,0.3016331394347854,0.41694512977701864,0.005,200.0,0.0,0.0,0.0,200.0,0.0,0.0,0.0,200.0,10.0,0.0,0.0,0.0,10.0,0.0,0.0,0.0,10.0
4.7867977996332725,0.3011863172739859,0.41647505521734557,0.005,200.0,0.0,0.0,0.0,200.0,0.0,0.0,0.0,200.0,10.0,0.0,0.0,0.0,10.0,0.0,0.0,0.0,10.0
4.787797966327721,0.30073949511318665,0.4160049806576728,0.005,200.0,0.0,0.0,0.0,200.0,0.0,0.0,0.0,200.0,10.0,0.0,0.0,0.0,10.0,0.0,0.0,0.0,10.0
4.788798133022171,0.30029267295238715,0.41553490609799965,0.005,200.0,0.0,0.0,0.0,200.0,0.0,0.0,0.0,200.0,10.0,0.0,0.0,0.0,10.0,0.0,0.0,0.0,10.0
4.78979829971662,0.2998458507915879,0.4150648315383269,0.005,200.0,0.0,0.0,0.0,200.0,0.0,0.0,0.0,200.0,10.0,0.0,0.0,0.0,10.0,0.0,0.0,0.0,10.0
4.7907984664110685,0.29939902863078866,0.4145947569786541,0.005,200.0,0.0,0.0,0.0,200.0,0.0,0.0,0.0,200.0,10.0,0.0,0.0,0.0,10.0,0.0,0.0,0.0,10.0
4.791798633105517,0.2989522064699891,0.41412468241898104,0.005,200.0,0.0,0.0,0.0,200.0,0.0,0.0,0.0,200.0,10.0,0.0,0.0,0.0,10.0,0.0,0.0,0.0,10.0
4.792798799799967,0.2985053843091899,0.41365460785930824,0.005,200.0,0.0,0.0,0.0,200.0,0.0,0.0,0.0,200.0,10.0,0.0,0.0,0.0,10.0,0.0,0.0,0.0,10.0
4.793798966494416,0.2980585621483904,0.4131845332996351,0.005,200.0,0.0,0.0,0.0,200.0,0.0,0.0,0.0,200.0,10.0,0.0,0.0,0.0,10.0,0.0,0.0,0.0,10.0
4.794799133188865,0.2976117399875911,0.4127144587399624,0.005,200.0,0.0,0.0,0.0,200.0,0.0,0.0,0.0,200.0,10.0,0.0,0.0,0.0,10.0,0.0,0.0,0.0,10.0
4.795799299883314,0.2971649178267916,0.41224438418028925,0.005,200.0,0.0,0.0,0.0,200.0,0.0,0.0,0.0,200.0,10.0,0.0,0.0,0.0,10.0,0.0,0.0,0.0,10.0
4.796799466577763,0.29671809566599233,0.4117743096206165,0.005,200.0,0.0,0.0,0.0,200.0,0.0,0.0,0.0,200.0,10.0,0.0,0.0,0.0,10.0,0.0,0.0,0.0,10.0
4.797799633272212,0.2962712735051931,0.4113042350609437,0.005,200.0,0.0,0.0,0.0,200.0,0.0,0.0,0.0,200.0,10.0,0.0,0.0,0.0,10.0,0.0,0.0,0.0,10.0
4.798799799966662,0.2958244513443936,0.4108341605012706,0.005,200.0,0.0,0.0,0.0,200.0,0.0,0.0,0.0,200.0,10.0,0.0,0.0,0.0,10.0,0.0,0.0,0.0,10.0
4.79979996666111,0.29537762918359434,0.41036408594159784,0.005,200.0,0.0,0.0,0.0,200.0,0.0,0.0,0.0,200.0,10.0,0.0,0.0,0.0,10.0,0.0,0.0,0.0,10.0
4.800800133355559,0.29493080702279484,0.4098940113819247,0.005,200.0,0.0,0.0,0.0,200.0,0.0,0.0,0.0,200.0,10.0,0.0,0.0,0.0,10.0,0.0,0.0,0.0,10.0
4.801800300050009,0.29448398486199556,0.409423936822252,0.005,200.0,0.0,0.0,0.0,200.0,0.0,0.0,0.0,200.0,10.0,0.0,0.0,0.0,10.0,0.0,0.0,0.0,10.0
4.802800466744458,0.29403716270119634,0.4089538622625792,0.005,200.0,0.0,0.0,0.0,200.0,0.0,0.0,0.0,200.0,10.0,0.0,0.0,0.0,10.0,0.0,0.0,0.0,10.0
4.8038006334389065,0.2935903405403968,0.40848378770290605,0.005,200.0,0.0,0.0,0.0,200.0,0.0,0.0,0.0,200.0,10.0,0.0,0.0,0.0,10.0,0.0,0.0,0.0,10.0
4.804800800133355,0.29314351837959757,0.4080137131432333,0.005,200.0,0.0,0.0,0.0,200.0,0.0,0.0,0.0,200.0,10.0,0.0,0.0,0.0,10.0,0.0,0.0,0.0,10.0
4.805800966827805,0.29269669621879807,0.4075436385835602,0.005,200.0,0.0,0.0,0.0,200.0,0.0,0.0,0.0,200.0,10.0,0.0,0.0,0.0,10.0,0.0,0.0,0.0,10.0
4.806801133522254,0.2922498740579988,0.40707356402388745,0.005,200.0,0.0,0.0,0.0,200.0,0.0,0.0,0.0,200.0,10.0,0.0,0.0,0.0,10.0,0.0,0.0,0.0,10.0
4.807801300216703,0.2918030518971996,0.40660348946421465,0.005,200.0,0.0,0.0,0.0,200.0,0.0,0.0,0.0,200.0,10.0,0.0,0.0,0.0,10.0,0.0,0.0,0.0,10.0
4.808801466911152,0.2913562297364,0.4061334149045415,0.005,200.0,0.0,0.0,0.0,200.0,0.0,0.0,0.0,200.0,10.0,0.0,0.0,0.0,10.0,0.0,0.0,0.0,10.0
4.809801633605601,0.2909094075756008,0.4056633403448688,0.005,200.0,0.0,0.0,0.0,200.0,0.0,0.0,0.0,200.0,10.0,0.0,0.0,0.0,10.0,0.0,0.0,0.0,10.0
4.81080180030005,0.2904625854148013,0.40519326578519566,0.005,200.0,0.0,0.0,0.0,200.0,0.0,0.0,0.0,200.0,10.0,0.0,0.0,0.0,10.0,0.0,0.0,0.0,10.0
4.8118019669945,0.290015763254002,0.4047231912255229,0.005,200.0,0.0,0.0,0.0,200.0,0.0,0.0,0.0,200.0,10.0,0.0,0.0,0.0,10.0,0.0,0.0,0.0,10.0
4.812802133688948,0.2895689410932025,0.4042531166658498,0.005,200.0,0.0,0.0,0.0,200.0,0.0,0.0,0.0,200.0,10.0,0.0,0.0,0.0,10.0,0.0,0.0,0.0,10.0
4.813802300383397,0.28912211893240325,0.403783042106177,0.005,200.0,0.0,0.0,0.0,200.0,0.0,0.0,0.0,200.0,10.0,0.0,0.0,0.0,10.0,0.0,0.0,0.0,10.0
4.814802467077847,0.28867529677160403,0.40331296754650425,0.005,200.0,0.0,0.0,0.0,200.0,0.0,0.0,0.0,200.0,10.0,0.0,0.0,0.0,10.0,0.0,0.0,0.0,10.0
4.815802633772296,0.2882284746108045,0.4028428929868311,0.005,200.0,0.0,0.0,0.0,200.0,0.0,0.0,0.0,200.0,10.0,0.0,0.0,0.0,10.0,0.0,0.0,0.0,10.0
4.8168028004667445,0.2878814933597695,0.40248909547420764,0.005,200.0,0.0,0.0,0.0,200.0,0.0,0.0,0.0,200.0,10.0,0.0,0.0,0.0,10.0,0.0,0.0,0.0,10.0
4.817802967161193,0.2875679409847714,0.4021742300085871,0.005,200.0,0.0,0.0,0.0,200.0,0.0,0.0,0.0,200.0,10.0,0.0,0.0,0.0,10.0,0.0,0.0,0.0,10.0
4.818803133855643,0.28725438860977354,0.4018593645429667,0.005,200.0,0.0,0.0,0.0,200.0,0.0,0.0,0.0,200.0,10.0,0.0,0.0,0.0,10.0,0.0,0.0,0.0,10.0
4.819803300550092,0.2869408362347757,0.4015444990773464,0.005,200.0,0.0,0.0,0.0,200.0,0.0,0.0,0.0,200.0,10.0,0.0,0.0,0.0,10.0,0.0,0.0,0.0,10.0
4.820803467244541,0.2866272838597776,0.40122963361172587,0.005,200.0,0.0,0.0,0.0,200.0,0.0,0.0,0.0,200.0,10.0,0.0,0.0,0.0,10.0,0.0,0.0,0.0,10.0
4.82180363393899,0.2863137314847797,0.4009147681461055,0.005,200.0,0.0,0.0,0.0,200.0,0.0,0.0,0.0,200.0,10.0,0.0,0.0,0.0,10.0,0.0,0.0,0.0,10.0
4.822803800633439,0.2860001791097816,0.40059990268048495,0.005,200.0,0.0,0.0,0.0,200.0,0.0,0.0,0.0,200.0,10.0,0.0,0.0,0.0,10.0,0.0,0.0,0.0,10.0
4.823803967327888,0.28568662673478373,0.4002850372148646,0.005,200.0,0.0,0.0,0.0,200.0,0.0,0.0,0.0,200.0,10.0,0.0,0.0,0.0,10.0,0.0,0.0,0.0,10.0
4.8248041340223375,0.28537307435978587,0.39997017174924426,0.005,200.0,0.0,0.0,0.0,200.0,0.0,0.0,0.0,200.0,10.0,0.0,0.0,0.0,10.0,0.0,0.0,0.0,10.0
4.825804300716786,0.2850595219847878,0.39965530628362367,0.005,200.0,0.0,0.0,0.0,200.0,0.0,0.0,0.0,200.0,10.0,0.0,0.0,0.0,10.0,0.0,0.0,0.0,10.0
4.826804467411235,0.28474596960978993,0.39934044081800335,0.005,200.0,0.0,0.0,0.0,200.0,0.0,0.0,0.0,200.0,10.0,0.0,0.0,0.0,10.0,0.0,0.0,0.0,10.0
4.827804634105685,0.28443241723479185,0.39902557535238276,0.005,200.0,0.0,0.0,0.0,200.0,0.0,0.0,0.0,200.0,10.0,0.0,0.0,0.0,10.0,0.0,0.0,0.0,10.0
4.828804800800134,0.28411886485979393,0.39871070988676244,0.005,200.0,0.0,0.0,0.0,200.0,0.0,0.0,0.0,200.0,10.0,0.0,0.0,0.0,10.0,0.0,0.0,0.0,10.0
4.829804967494582,0.28380531248479585,0.39839584442114184,0.005,200.0,0.0,0.0,0.0,200.0,0.0,0.0,0.0,200.0,10.0,0.0,0.0,0.0,10.0,0.0,0.0,0.0,10.0
4.830805134189032,0.283491760109798,0.3980809789555215,0.005,200.0,0.0,0.0,0.0,200.0,0.0,0.0,0.0,200.0,10.0,0.0,0.0,0.0,10.0,0.0,0.0,0.0,10.0
4.831805300883481,0.2831782077348001,0.39776611348990115,0.005,200.0,0.0,0.0,0.0,200.0,0.0,0.0,0.0,200.0,10.0,0.0,0.0,0.0,10.0,0.0,0.0,0.0,10.0
4.83280546757793,0.28286465535980204,0.3974512480242806,0.005,200.0,0.0,0.0,0.0,200.0,0.0,0.0,0.0,200.0,10.0,0.0,0.0,0.0,10.0,0.0,0.0,0.0,10.0
4.8338056342723785,0.2825511029848042,0.39713638255866024,0.005,200.0,0.0,0.0,0.0,200.0,0.0,0.0,0.0,200.0,10.0,0.0,0.0,0.0,10.0,0.0,0.0,0.0,10.0
4.834805800966828,0.2822375506098061,0.3968215170930397,0.005,200.0,0.0,0.0,0.0,200.0,0.0,0.0,0.0,200.0,10.0,0.0,0.0,0.0,10.0,0.0,0.0,0.0,10.0
4.835805967661277,0.2819239982348082,0.3965066516274193,0.005,200.0,0.0,0.0,0.0,200.0,0.0,0.0,0.0,200.0,10.0,0.0,0.0,0.0,10.0,0.0,0.0,0.0,10.0
4.836806134355726,0.28151907461705794,0.3961231479954376,0.005,200.0,0.0,0.0,0.0,200.0,0.0,0.0,0.0,200.0,10.0,0.0,0.0,0.0,10.0,0.0,0.0,0.0,10.0
4.8378063010501755,0.281072253941655,0.3957081712530263,0.005,200.0,0.0,0.0,0.0,200.0,0.0,0.0,0.0,200.0,10.0,0.0,0.0,0.0,10.0,0.0,0.0,0.0,10.0
4.838806467744624,0.28062543326625244,0.39529319451061534,0.005,200.0,0.0,0.0,0.0,200.0,0.0,0.0,0.0,200.0,10.0,0.0,0.0,0.0,10.0,0.0,0.0,0.0,10.0
4.839806634439073,0.28017861259084953,0.39487821776820414,0.005,200.0,0.0,0.0,0.0,200.0,0.0,0.0,0.0,200.0,10.0,0.0,0.0,0.0,10.0,0.0,0.0,0.0,10.0
4.840806801133523,0.27973179191544695,0.39446324102579317,0.005,200.0,0.0,0.0,0.0,200.0,0.0,0.0,0.0,200.0,10.0,0.0,0.0,0.0,10.0,0.0,0.0,0.0,10.0
4.841806967827972,0.27928497124004437,0.3940482642833822,0.005,200.0,0.0,0.0,0.0,200.0,0.0,0.0,0.0,200.0,10.0,0.0,0.0,0.0,10.0,0.0,0.0,0.0,10.0
4.84280713452242,0.27883815056464145,0.39363328754097093,0.005,200.0,0.0,0.0,0.0,200.0,0.0,0.0,0.0,200.0,10.0,0.0,0.0,0.0,10.0,0.0,0.0,0.0,10.0
4.84380730121687,0.2783913298892388,0.39321831079855996,0.005,200.0,0.0,0.0,0.0,200.0,0.0,0.0,0.0,200.0,10.0,0.0,0.0,0.0,10.0,0.0,0.0,0.0,10.0
4.844807467911319,0.27794450921383596,0.3928033340561487,0.005,200.0,0.0,0.0,0.0,200.0,0.0,0.0,0.0,200.0,10.0,0.0,0.0,0.0,10.0,0.0,0.0,0.0,10.0
4.845807634605768,0.2774976885384333,0.3923883573137378,0.005,200.0,0.0,0.0,0.0,200.0,0.0,0.0,0.0,200.0,10.0,0.0,0.0,0.0,10.0,0.0,0.0,0.0,10.0
4.8468078013002165,0.27705086786303046,0.3919733805713265,0.005,200.0,0.0,0.0,0.0,200.0,0.0,0.0,0.0,200.0,10.0,0.0,0.0,0.0,10.0,0.0,0.0,0.0,10.0
4.847807967994666,0.2766040471876278,0.39155840382891555,0.005,200.0,0.0,0.0,0.0,200.0,0.0,0.0,0.0,200.0,10.0,0.0,0.0,0.0,10.0,0.0,0.0,0.0,10.0
4.848808134689115,0.27615722651222524,0.39114342708650457,0.005,200.0,0.0,0.0,0.0,200.0,0.0,0.0,0.0,200.0,10.0,0.0,0.0,0.0,10.0,0.0,0.0,0.0,10.0
4.849808301383564,0.2757104058368223,0.3907284503440933,0.005,200.0,0.0,0.0,0.0,200.0,0.0,0.0,0.0,200.0,10.0,0.0,0.0,0.0,10.0,0.0,0.0,0.0,10.0
4.8508084680780135,0.27526358516141974,0.3903134736016824,0.005,200.0,0.0,0.0,0.0,200.0,0.0,0.0,0.0,200.0,10.0,0.0,0.0,0.0,10.0,0.0,0.0,0.0,10.0
4.851808634772462,0.27481676448601683,0.38989849685927114,0.005,200.0,0.0,0.0,0.0,200.0,0.0,0.0,0.0,200.0,10.0,0.0,0.0,0.0,10.0,0.0,0.0,0.0,10.0
4.852808801466911,0.2743699438106142,0.38948352011686016,0.005,200.0,0.0,0.0,0.0,200.0,0.0,0.0,0.0,200.0,10.0,0.0,0.0,0.0,10.0,0.0,0.0,0.0,10.0
4.853808968161361,0.2739231231352116,0.3890685433744492,0.005,200.0,0.0,0.0,0.0,200.0,0.0,0.0,0.0,200.0,10.0,0.0,0.0,0.0,10.0,0.0,0.0,0.0,10.0
4.85480913485581,0.2734763024598087,0.38865356663203793,0.005,200.0,0.0,0.0,0.0,200.0,0.0,0.0,0.0,200.0,10.0,0.0,0.0,0.0,10.0,0.0,0.0,0.0,10.0
4.855809301550258,0.2730294817844061,0.38823858988962695,0.005,200.0,0.0,0.0,0.0,200.0,0.0,0.0,0.0,200.0,10.0,0.0,0.0,0.0,10.0,0.0,0.0,0.0,10.0
4.856809468244708,0.27254550694763546,0.3877893382508589,0.005,200.0,0.0,0.0,0.0,200.0,0.0,0.0,0.0,200.0,10.0,0.0,0.0,0.0,10.0,0.0,0.0,0.0,10.0
4.857809634939157,0.2720389599590665,0.3873192636911861,0.005,200.0,0.0,0.0,0.0,200.0,0.0,0.0,0.0,200.0,10.0,0.0,0.0,0.0,10.0,0.0,0.0,0.0,10.0
4.858809801633606,0.2715324129704975,0.38684918913151334,0.005,200.0,0.0,0.0,0.0,200.0,0.0,0.0,0.0,200.0,10.0,0.0,0.0,0.0,10.0,0.0,0.0,0.0,10.0
4.8598099683280545,0.27102586598192824,0.3863791145718402,0.005,200.0,0.0,0.0,0.0,200.0,0.0,0.0,0.0,200.0,10.0,0.0,0.0,0.0,10.0,0.0,0.0,0.0,10.0
4.860810135022504,0.27051931899335924,0.3859090400121674,0.005,200.0,0.0,0.0,0.0,200.0,0.0,0.0,0.0,200.0,10.0,0.0,0.0,0.0,10.0,0.0,0.0,0.0,10.0
4.861810301716953,0.2700127720047899,0.38543896545249434,0.005,200.0,0.0,0.0,0.0,200.0,0.0,0.0,0.0,200.0,10.0,0.0,0.0,0.0,10.0,0.0,0.0,0.0,10.0
4.862810468411402,0.26950622501622096,0.38496889089282155,0.005,200.0,0.0,0.0,0.0,200.0,0.0,0.0,0.0,200.0,10.0,0.0,0.0,0.0,10.0,0.0,0.0,0.0,10.0
4.863810635105851,0.2689996780276516,0.3844988163331485,0.005,200.0,0.0,0.0,0.0,200.0,0.0,0.0,0.0,200.0,10.0,0.0,0.0,0.0,10.0,0.0,0.0,0.0,10.0
4.8648108018003,0.2684931310390827,0.3840287417734757,0.005,200.0,0.0,0.0,0.0,200.0,0.0,0.0,0.0,200.0,10.0,0.0,0.0,0.0,10.0,0.0,0.0,0.0,10.0
4.865810968494749,0.2679865840505137,0.3835586672138029,0.005,200.0,0.0,0.0,0.0,200.0,0.0,0.0,0.0,200.0,10.0,0.0,0.0,0.0,10.0,0.0,0.0,0.0,10.0
4.866811135189199,0.2674800370619444,0.3830885926541298,0.005,200.0,0.0,0.0,0.0,200.0,0.0,0.0,0.0,200.0,10.0,0.0,0.0,0.0,10.0,0.0,0.0,0.0,10.0
4.8678113018836475,0.2669734900733754,0.382618518094457,0.005,200.0,0.0,0.0,0.0,200.0,0.0,0.0,0.0,200.0,10.0,0.0,0.0,0.0,10.0,0.0,0.0,0.0,10.0
4.868811468578096,0.26646694308480606,0.38214844353478394,0.005,200.0,0.0,0.0,0.0,200.0,0.0,0.0,0.0,200.0,10.0,0.0,0.0,0.0,10.0,0.0,0.0,0.0,10.0
4.869811635272546,0.2659603960962371,0.38167836897511115,0.005,200.0,0.0,0.0,0.0,200.0,0.0,0.0,0.0,200.0,10.0,0.0,0.0,0.0,10.0,0.0,0.0,0.0,10.0
4.870811801966995,0.2654538491076681,0.38120829441543835,0.005,200.0,0.0,0.0,0.0,200.0,0.0,0.0,0.0,200.0,10.0,0.0,0.0,0.0,10.0,0.0,0.0,0.0,10.0
4.871811968661444,0.26494730211909884,0.3807382198557653,0.005,200.0,0.0,0.0,0.0,200.0,0.0,0.0,0.0,200.0,10.0,0.0,0.0,0.0,10.0,0.0,0.0,0.0,10.0
4.872812135355892,0.26444075513052984,0.3802681452960925,0.005,200.0,0.0,0.0,0.0,200.0,0.0,0.0,0.0,200.0,10.0,0.0,0.0,0.0,10.0,0.0,0.0,0.0,10.0
4.873812302050342,0.2639342081419605,0.3797980707364194,0.005,200.0,0.0,0.0,0.0,200.0,0.0,0.0,0.0,200.0,10.0,0.0,0.0,0.0,10.0,0.0,0.0,0.0,10.0
4.874812468744791,0.26342766115339156,0.3793279961767466,0.005,200.0,0.0,0.0,0.0,200.0,0.0,0.0,0.0,200.0,10.0,0.0,0.0,0.0,10.0,0.0,0.0,0.0,10.0
4.87581263543924,0.26292111416482256,0.3788579216170738,0.005,200.0,0.0,0.0,0.0,200.0,0.0,0.0,0.0,200.0,10.0,0.0,0.0,0.0,10.0,0.0,0.0,0.0,10.0
4.876812802133689,0.2623873086477602,0.37840644252421485,0.005,200.0,0.0,0.0,0.0,200.0,0.0,0.0,0.0,200.0,10.0,0.0,0.0,0.0,10.0,0.0,0.0,0.0,10.0
4.877812968828138,0.2618319574674582,0.3779696616446463,0.005,200.0,0.0,0.0,0.0,200.0,0.0,0.0,0.0,200.0,10.0,0.0,0.0,0.0,10.0,0.0,0.0,0.0,10.0
4.878813135522587,0.26127660628715577,0.37753288076507746,0.005,200.0,0.0,0.0,0.0,200.0,0.0,0.0,0.0,200.0,10.0,0.0,0.0,0.0,10.0,0.0,0.0,0.0,10.0
4.879813302217037,0.2607212551068538,0.3770960998855089,0.005,200.0,0.0,0.0,0.0,200.0,0.0,0.0,0.0,200.0,10.0,0.0,0.0,0.0,10.0,0.0,0.0,0.0,10.0
4.8808134689114855,0.26016590392655137,0.37665931900594,0.005,200.0,0.0,0.0,0.0,200.0,0.0,0.0,0.0,200.0,10.0,0.0,0.0,0.0,10.0,0.0,0.0,0.0,10.0
4.881813635605934,0.25961055274624933,0.3762225381263715,0.005,200.0,0.0,0.0,0.0,200.0,0.0,0.0,0.0,200.0,10.0,0.0,0.0,0.0,10.0,0.0,0.0,0.0,10.0
4.882813802300384,0.2590552015659473,0.37578575724680296,0.005,200.0,0.0,0.0,0.0,200.0,0.0,0.0,0.0,200.0,10.0,0.0,0.0,0.0,10.0,0.0,0.0,0.0,10.0
4.883813968994833,0.2584998503856449,0.37534897636723413,0.005,200.0,0.0,0.0,0.0,200.0,0.0,0.0,0.0,200.0,10.0,0.0,0.0,0.0,10.0,0.0,0.0,0.0,10.0
4.884814135689282,0.2579444992053429,0.3749121954876656,0.005,200.0,0.0,0.0,0.0,200.0,0.0,0.0,0.0,200.0,10.0,0.0,0.0,0.0,10.0,0.0,0.0,0.0,10.0
4.88581430238373,0.2573891480250405,0.37447541460809675,0.005,200.0,0.0,0.0,0.0,200.0,0.0,0.0,0.0,200.0,10.0,0.0,0.0,0.0,10.0,0.0,0.0,0.0,10.0
4.88681446907818,0.25683379684473845,0.3740386337285282,0.005,200.0,0.0,0.0,0.0,200.0,0.0,0.0,0.0,200.0,10.0,0.0,0.0,0.0,10.0,0.0,0.0,0.0,10.0
4.887814635772629,0.2562784456644364,0.37360185284895964,0.005,200.0,0.0,0.0,0.0,200.0,0.0,0.0,0.0,200.0,10.0,0.0,0.0,0.0,10.0,0.0,0.0,0.0,10.0
4.888814802467078,0.255723094484134,0.3731650719693908,0.005,200.0,0.0,0.0,0.0,200.0,0.0,0.0,0.0,200.0,10.0,0.0,0.0,0.0,10.0,0.0,0.0,0.0,10.0
4.889814969161527,0.255167743303832,0.37272829108982225,0.005,200.0,0.0,0.0,0.0,200.0,0.0,0.0,0.0,200.0,10.0,0.0,0.0,0.0,10.0,0.0,0.0,0.0,10.0
4.890815135855976,0.2546123921235296,0.3722915102102534,0.005,200.0,0.0,0.0,0.0,200.0,0.0,0.0,0.0,200.0,10.0,0.0,0.0,0.0,10.0,0.0,0.0,0.0,10.0
4.891815302550425,0.25405704094322756,0.37185472933068486,0.005,200.0,0.0,0.0,0.0,200.0,0.0,0.0,0.0,200.0,10.0,0.0,0.0,0.0,10.0,0.0,0.0,0.0,10.0
4.892815469244875,0.25350168976292553,0.3714179484511163,0.005,200.0,0.0,0.0,0.0,200.0,0.0,0.0,0.0,200.0,10.0,0.0,0.0,0.0,10.0,0.0,0.0,0.0,10.0
4.8938156359393234,0.25294633858262316,0.3709811675715475,0.005,200.0,0.0,0.0,0.0,200.0,0.0,0.0,0.0,200.0,10.0,0.0,0.0,0.0,10.0,0.0,0.0,0.0,10.0
4.894815802633772,0.25239098740232113,0.3705443866919789,0.005,200.0,0.0,0.0,0.0,200.0,0.0,0.0,0.0,200.0,10.0,0.0,0.0,0.0,10.0,0.0,0.0,0.0,10.0
4.895815969328222,0.2518356362220187,0.3701076058124101,0.005,200.0,0.0,0.0,0.0,200.0,0.0,0.0,0.0,200.0,10.0,0.0,0.0,0.0,10.0,0.0,0.0,0.0,10.0
4.896816136022671,0.251365225128103,0.36970726521954306,0.005,200.0,0.0,0.0,0.0,200.0,0.0,0.0,0.0,200.0,10.0,0.0,0.0,0.0,10.0,0.0,0.0,0.0,10.0
4.8978163027171195,0.25098147587908126,0.3693441035678375,0.005,200.0,0.0,0.0,0.0,200.0,0.0,0.0,0.0,200.0,10.0,0.0,0.0,0.0,10.0,0.0,0.0,0.0,10.0
4.898816469411568,0.25059772663005975,0.3689809419161321,0.005,200.0,0.0,0.0,0.0,200.0,0.0,0.0,0.0,200.0,10.0,0.0,0.0,0.0,10.0,0.0,0.0,0.0,10.0
4.899816636106018,0.25021397738103823,0.36861778026442676,0.005,200.0,0.0,0.0,0.0,200.0,0.0,0.0,0.0,200.0,10.0,0.0,0.0,0.0,10.0,0.0,0.0,0.0,10.0
4.900816802800467,0.24983022813201644,0.3682546186127212,0.005,200.0,0.0,0.0,0.0,200.0,0.0,0.0,0.0,200.0,10.0,0.0,0.0,0.0,10.0,0.0,0.0,0.0,10.0
4.901816969494916,0.24944647888299495,0.36789145696101583,0.005,200.0,0.0,0.0,0.0,200.0,0.0,0.0,0.0,200.0,10.0,0.0,0.0,0.0,10.0,0.0,0.0,0.0,10.0
4.902817136189365,0.24906272963397316,0.36752829530931025,0.005,200.0,0.0,0.0,0.0,200.0,0.0,0.0,0.0,200.0,10.0,0.0,0.0,0.0,10.0,0.0,0.0,0.0,10.0
4.903817302883814,0.24867898038495168,0.36716513365760495,0.005,200.0,0.0,0.0,0.0,200.0,0.0,0.0,0.0,200.0,10.0,0.0,0.0,0.0,10.0,0.0,0.0,0.0,10.0
4.904817469578263,0.24829523113593016,0.3668019720058996,0.005,200.0,0.0,0.0,0.0,200.0,0.0,0.0,0.0,200.0,10.0,0.0,0.0,0.0,10.0,0.0,0.0,0.0,10.0
4.905817636272713,0.2479114818869084,0.366438810354194,0.005,200.0,0.0,0.0,0.0,200.0,0.0,0.0,0.0,200.0,10.0,0.0,0.0,0.0,10.0,0.0,0.0,0.0,10.0
4.906817802967161,0.24752773263788688,0.36607564870248865,0.005,200.0,0.0,0.0,0.0,200.0,0.0,0.0,0.0,200.0,10.0,0.0,0.0,0.0,10.0,0.0,0.0,0.0,10.0
4.90781796966161,0.24714398338886512,0.3657124870507831,0.005,200.0,0.0,0.0,0.0,200.0,0.0,0.0,0.0,200.0,10.0,0.0,0.0,0.0,10.0,0.0,0.0,0.0,10.0
4.90881813635606,0.2467602341398436,0.3653493253990777,0.005,200.0,0.0,0.0,0.0,200.0,0.0,0.0,0.0,200.0,10.0,0.0,0.0,0.0,10.0,0.0,0.0,0.0,10.0
4.909818303050509,0.2463764848908221,0.3649861637473724,0.005,200.0,0.0,0.0,0.0,200.0,0.0,0.0,0.0,200.0,10.0,0.0,0.0,0.0,10.0,0.0,0.0,0.0,10.0
4.9108184697449575,0.24599273564180033,0.36462300209566684,0.005,200.0,0.0,0.0,0.0,200.0,0.0,0.0,0.0,200.0,10.0,0.0,0.0,0.0,10.0,0.0,0.0,0.0,10.0
4.911818636439407,0.2456089863927788,0.3642598404439615,0.005,200.0,0.0,0.0,0.0,200.0,0.0,0.0,0.0,200.0,10.0,0.0,0.0,0.0,10.0,0.0,0.0,0.0,10.0
4.912818803133856,0.24522523714375705,0.3638966787922559,0.005,200.0,0.0,0.0,0.0,200.0,0.0,0.0,0.0,200.0,10.0,0.0,0.0,0.0,10.0,0.0,0.0,0.0,10.0
4.913818969828305,0.24484148789473553,0.36353351714055054,0.005,200.0,0.0,0.0,0.0,200.0,0.0,0.0,0.0,200.0,10.0,0.0,0.0,0.0,10.0,0.0,0.0,0.0,10.0
4.914819136522754,0.24445773864571377,0.36317035548884496,0.005,200.0,0.0,0.0,0.0,200.0,0.0,0.0,0.0,200.0,10.0,0.0,0.0,0.0,10.0,0.0,0.0,0.0,10.0
4.915819303217203,0.24407398939669225,0.3628071938371396,0.005,200.0,0.0,0.0,0.0,200.0,0.0,0.0,0.0,200.0,10.0,0.0,0.0,0.0,10.0,0.0,0.0,0.0,10.0
4.916819469911652,0.24367735251861342,0.3624257216266364,0.005,200.0,0.0,0.0,0.0,200.0,0.0,0.0,0.0,200.0,10.0,0.0,0.0,0.0,10.0,0.0,0.0,0.0,10.0
4.917819636606101,0.24326373194332696,0.36202011922236815,0.005,200.0,0.0,0.0,0.0,200.0,0.0,0.0,0.0,200.0,10.0,0.0,0.0,0.0,10.0,0.0,0.0,0.0,10.0
4.918819803300551,0.2428501113680408,0.36161451681810025,0.005,200.0,0.0,0.0,0.0,200.0,0.0,0.0,0.0,200.0,10.0,0.0,0.0,0.0,10.0,0.0,0.0,0.0,10.0
4.919819969994999,0.24243649079275434,0.361208914413832,0.005,200.0,0.0,0.0,0.0,200.0,0.0,0.0,0.0,200.0,10.0,0.0,0.0,0.0,10.0,0.0,0.0,0.0,10.0
4.920820136689448,0.24202287021746818,0.3608033120095641,0.005,200.0,0.0,0.0,0.0,200.0,0.0,0.0,0.0,200.0,10.0,0.0,0.0,0.0,10.0,0.0,0.0,0.0,10.0
4.921820303383898,0.241609249642182,0.36039770960529616,0.005,200.0,0.0,0.0,0.0,200.0,0.0,0.0,0.0,200.0,10.0,0.0,0.0,0.0,10.0,0.0,0.0,0.0,10.0
4.922820470078347,0.24119562906689557,0.3599921072010279,0.005,200.0,0.0,0.0,0.0,200.0,0.0,0.0,0.0,200.0,10.0,0.0,0.0,0.0,10.0,0.0,0.0,0.0,10.0
4.9238206367727955,0.24078200849160938,0.35958650479676,0.005,200.0,0.0,0.0,0.0,200.0,0.0,0.0,0.0,200.0,10.0,0.0,0.0,0.0,10.0,0.0,0.0,0.0,10.0
4.924820803467245,0.24036838791632292,0.3591809023924918,0.005,200.0,0.0,0.0,0.0,200.0,0.0,0.0,0.0,200.0,10.0,0.0,0.0,0.0,10.0,0.0,0.0,0.0,10.0
4.925820970161694,0.23995476734103677,0.35877529998822383,0.005,200.0,0.0,0.0,0.0,200.0,0.0,0.0,0.0,200.0,10.0,0.0,0.0,0.0,10.0,0.0,0.0,0.0,10.0
4.926821136856143,0.23954114676575058,0.3583696975839559,0.005,200.0,0.0,0.0,0.0,200.0,0.0,0.0,0.0,200.0,10.0,0.0,0.0,0.0,10.0,0.0,0.0,0.0,10.0
4.927821303550592,0.23912752619046415,0.3579640951796877,0.005,200.0,0.0,0.0,0.0,200.0,0.0,0.0,0.0,200.0,10.0,0.0,0.0,0.0,10.0,0.0,0.0,0.0,10.0
4.928821470245041,0.23871390561517797,0.35755849277541973,0.005,200.0,0.0,0.0,0.0,200.0,0.0,0.0,0.0,200.0,10.0,0.0,0.0,0.0,10.0,0.0,0.0,0.0,10.0
4.92982163693949,0.23830028503989154,0.35715289037115155,0.005,200.0,0.0,0.0,0.0,200.0,0.0,0.0,0.0,200.0,10.0,0.0,0.0,0.0,10.0,0.0,0.0,0.0,10.0
4.930821803633939,0.23788666446460535,0.3567472879668836,0.005,200.0,0.0,0.0,0.0,200.0,0.0,0.0,0.0,200.0,10.0,0.0,0.0,0.0,10.0,0.0,0.0,0.0,10.0
4.9318219703283885,0.23747304388931917,0.35634168556261564,0.005,200.0,0.0,0.0,0.0,200.0,0.0,0.0,0.0,200.0,10.0,0.0,0.0,0.0,10.0,0.0,0.0,0.0,10.0
4.932822137022837,0.23705942331403274,0.35593608315834746,0.005,200.0,0.0,0.0,0.0,200.0,0.0,0.0,0.0,200.0,10.0,0.0,0.0,0.0,10.0,0.0,0.0,0.0,10.0
4.933822303717286,0.23664580273874655,0.3555304807540795,0.005,200.0,0.0,0.0,0.0,200.0,0.0,0.0,0.0,200.0,10.0,0.0,0.0,0.0,10.0,0.0,0.0,0.0,10.0
4.934822470411736,0.23623218216346012,0.3551248783498113,0.005,200.0,0.0,0.0,0.0,200.0,0.0,0.0,0.0,200.0,10.0,0.0,0.0,0.0,10.0,0.0,0.0,0.0,10.0
4.935822637106185,0.23581856158817394,0.35471927594554337,0.005,200.0,0.0,0.0,0.0,200.0,0.0,0.0,0.0,200.0,10.0,0.0,0.0,0.0,10.0,0.0,0.0,0.0,10.0
4.936822803800633,0.23540108842062016,0.3543503310933155,0.005,200.0,0.0,0.0,0.0,200.0,0.0,0.0,0.0,200.0,10.0,0.0,0.0,0.0,10.0,0.0,0.0,0.0,10.0
4.937822970495083,0.2349769957990801,0.35404437058050253,0.005,200.0,0.0,0.0,0.0,200.0,0.0,0.0,0.0,200.0,10.0,0.0,0.0,0.0,10.0,0.0,0.0,0.0,10.0
4.938823137189532,0.23455290317754002,0.3537384100676896,0.005,200.0,0.0,0.0,0.0,200.0,0.0,0.0,0.0,200.0,10.0,0.0,0.0,0.0,10.0,0.0,0.0,0.0,10.0
4.939823303883981,0.23412881055599968,0.3534324495548764,0.005,200.0,0.0,0.0,0.0,200.0,0.0,0.0,0.0,200.0,10.0,0.0,0.0,0.0,10.0,0.0,0.0,0.0,10.0
4.9408234705784295,0.2337047179344596,0.35312648904206345,0.005,200.0,0.0,0.0,0.0,200.0,0.0,0.0,0.0,200.0,10.0,0.0,0.0,0.0,10.0,0.0,0.0,0.0,10.0
4.941823637272879,0.23328062531291927,0.3528205285292503,0.005,200.0,0.0,0.0,0.0,200.0,0.0,0.0,0.0,200.0,10.0,0.0,0.0,0.0,10.0,0.0,0.0,0.0,10.0
4.942823803967328,0.23285653269137918,0.3525145680164373,0.005,200.0,0.0,0.0,0.0,200.0,0.0,0.0,0.0,200.0,10.0,0.0,0.0,0.0,10.0,0.0,0.0,0.0,10.0
4.943823970661777,0.23243244006983912,0.35220860750362437,0.005,200.0,0.0,0.0,0.0,200.0,0.0,0.0,0.0,200.0,10.0,0.0,0.0,0.0,10.0,0.0,0.0,0.0,10.0
4.9448241373562265,0.23200834744829876,0.3519026469908112,0.005,200.0,0.0,0.0,0.0,200.0,0.0,0.0,0.0,200.0,10.0,0.0,0.0,0.0,10.0,0.0,0.0,0.0,10.0
4.945824304050675,0.2315842548267587,0.35159668647799824,0.005,200.0,0.0,0.0,0.0,200.0,0.0,0.0,0.0,200.0,10.0,0.0,0.0,0.0,10.0,0.0,0.0,0.0,10.0
4.946824470745124,0.23116016220521834,0.35129072596518507,0.005,200.0,0.0,0.0,0.0,200.0,0.0,0.0,0.0,200.0,10.0,0.0,0.0,0.0,10.0,0.0,0.0,0.0,10.0
4.947824637439574,0.2307360695836783,0.3509847654523721,0.005,200.0,0.0,0.0,0.0,200.0,0.0,0.0,0.0,200.0,10.0,0.0,0.0,0.0,10.0,0.0,0.0,0.0,10.0
4.948824804134023,0.2303119769621382,0.35067880493955916,0.005,200.0,0.0,0.0,0.0,200.0,0.0,0.0,0.0,200.0,10.0,0.0,0.0,0.0,10.0,0.0,0.0,0.0,10.0
4.949824970828471,0.22988788434059787,0.350372844426746,0.005,200.0,0.0,0.0,0.0,200.0,0.0,0.0,0.0,200.0,10.0,0.0,0.0,0.0,10.0,0.0,0.0,0.0,10.0
4.950825137522921,0.22946379171905779,0.35006688391393304,0.005,200.0,0.0,0.0,0.0,200.0,0.0,0.0,0.0,200.0,10.0,0.0,0.0,0.0,10.0,0.0,0.0,0.0,10.0
4.95182530421737,0.22903969909751745,0.34976092340111986,0.005,200.0,0.0,0.0,0.0,200.0,0.0,0.0,0.0,200.0,10.0,0.0,0.0,0.0,10.0,0.0,0.0,0.0,10.0
4.952825470911819,0.22861560647597737,0.3494549628883069,0.005,200.0,0.0,0.0,0.0,200.0,0.0,0.0,0.0,200.0,10.0,0.0,0.0,0.0,10.0,0.0,0.0,0.0,10.0
4.9538256376062675,0.22819151385443703,0.3491490023754938,0.005,200.0,0.0,0.0,0.0,200.0,0.0,0.0,0.0,200.0,10.0,0.0,0.0,0.0,10.0,0.0,0.0,0.0,10.0
4.954825804300717,0.22776742123289695,0.34884304186268084,0.005,200.0,0.0,0.0,0.0,200.0,0.0,0.0,0.0,200.0,10.0,0.0,0.0,0.0,10.0,0.0,0.0,0.0,10.0
4.955825970995166,0.2273433286113569,0.3485370813498678,0.005,200.0,0.0,0.0,0.0,200.0,0.0,0.0,0.0,200.0,10.0,0.0,0.0,0.0,10.0,0.0,0.0,0.0,10.0
4.956826137689615,0.22690289204151237,0.3481840998316868,0.005,200.0,0.0,0.0,0.0,200.0,0.0,0.0,0.0,200.0,10.0,0.0,0.0,0.0,10.0,0.0,0.0,0.0,10.0
4.9578263043840645,0.22642509787554432,0.347723641729808,0.005,200.0,0.0,0.0,0.0,200.0,0.0,0.0,0.0,200.0,10.0,0.0,0.0,0.0,10.0,0.0,0.0,0.0,10.0
4.958826471078513,0.225947303709576,0.34726318362792896,0.005,200.0,0.0,0.0,0.0,200.0,0.0,0.0,0.0,200.0,10.0,0.0,0.0,0.0,10.0,0.0,0.0,0.0,10.0
4.959826637772962,0.22546950954360795,0.3468027255260502,0.005,200.0,0.0,0.0,0.0,200.0,0.0,0.0,0.0,200.0,10.0,0.0,0.0,0.0,10.0,0.0,0.0,0.0,10.0
4.960826804467412,0.22499171537763993,0.3463422674241714,0.005,200.0,0.0,0.0,0.0,200.0,0.0,0.0,0.0,200.0,10.0,0.0,0.0,0.0,10.0,0.0,0.0,0.0,10.0
4.9618269711618606,0.22451392121167157,0.34588180932229234,0.005,200.0,0.0,0.0,0.0,200.0,0.0,0.0,0.0,200.0,10.0,0.0,0.0,0.0,10.0,0.0,0.0,0.0,10.0
4.962827137856309,0.22403612704570355,0.34542135122041356,0.005,200.0,0.0,0.0,0.0,200.0,0.0,0.0,0.0,200.0,10.0,0.0,0.0,0.0,10.0,0.0,0.0,0.0,10.0
4.963827304550759,0.2235583328797352,0.34496089311853445,0.005,200.0,0.0,0.0,0.0,200.0,0.0,0.0,0.0,200.0,10.0,0.0,0.0,0.0,10.0,0.0,0.0,0.0,10.0
4.964827471245208,0.22308053871376718,0.34450043501665567,0.005,200.0,0.0,0.0,0.0,200.0,0.0,0.0,0.0,200.0,10.0,0.0,0.0,0.0,10.0,0.0,0.0,0.0,10.0
4.965827637939657,0.22260274454779916,0.3440399769147769,0.005,200.0,0.0,0.0,0.0,200.0,0.0,0.0,0.0,200.0,10.0,0.0,0.0,0.0,10.0,0.0,0.0,0.0,10.0
4.9668278046341054,0.2221249503818308,0.34357951881289783,0.005,200.0,0.0,0.0,0.0,200.0,0.0,0.0,0.0,200.0,10.0,0.0,0.0,0.0,10.0,0.0,0.0,0.0,10.0
4.967827971328555,0.22164715621586278,0.34311906071101905,0.005,200.0,0.0,0.0,0.0,200.0,0.0,0.0,0.0,200.0,10.0,0.0,0.0,0.0,10.0,0.0,0.0,0.0,10.0
4.968828138023004,0.22116936204989443,0.34265860260913994,0.005,200.0,0.0,0.0,0.0,200.0,0.0,0.0,0.0,200.0,10.0,0.0,0.0,0.0,10.0,0.0,0.0,0.0,10.0
4.969828304717453,0.2206915678839264,0.34219814450726116,0.005,200.0,0.0,0.0,0.0,200.0,0.0,0.0,0.0,200.0,10.0,0.0,0.0,0.0,10.0,0.0,0.0,0.0,10.0
4.970828471411902,0.22021377371795806,0.3417376864053821,0.005,200.0,0.0,0.0,0.0,200.0,0.0,0.0,0.0,200.0,10.0,0.0,0.0,0.0,10.0,0.0,0.0,0.0,10.0
4.971828638106351,0.21973597955199,0.3412772283035033,0.005,200.0,0.0,0.0,0.0,200.0,0.0,0.0,0.0,200.0,10.0,0.0,0.0,0.0,10.0,0.0,0.0,0.0,10.0
4.9728288048008,0.219258185386022,0.34081677020162454,0.005,200.0,0.0,0.0,0.0,200.0,0.0,0.0,0.0,200.0,10.0,0.0,0.0,0.0,10.0,0.0,0.0,0.0,10.0
4.97382897149525,0.21878039122005363,0.3403563120997455,0.005,200.0,0.0,0.0,0.0,200.0,0.0,0.0,0.0,200.0,10.0,0.0,0.0,0.0,10.0,0.0,0.0,0.0,10.0
4.9748291381896985,0.2183025970540856,0.3398958539978667,0.005,200.0,0.0,0.0,0.0,200.0,0.0,0.0,0.0,200.0,10.0,0.0,0.0,0.0,10.0,0.0,0.0,0.0,10.0
4.975829304884147,0.21782480288811726,0.3394353958959876,0.005,200.0,0.0,0.0,0.0,200.0,0.0,0.0,0.0,200.0,10.0,0.0,0.0,0.0,10.0,0.0,0.0,0.0,10.0
4.976829471578597,0.21734169527458583,0.33896590439671975,0.005,200.0,0.0,0.0,0.0,200.0,0.0,0.0,0.0,200.0,10.0,0.0,0.0,0.0,10.0,0.0,0.0,0.0,10.0
4.977829638273046,0.216841835541653,0.3384679326029059,0.005,200.0,0.0,0.0,0.0,200.0,0.0,0.0,0.0,200.0,10.0,0.0,0.0,0.0,10.0,0.0,0.0,0.0,10.0
4.978829804967495,0.2163419758087199,0.33796996080909175,0.005,200.0,0.0,0.0,0.0,200.0,0.0,0.0,0.0,200.0,10.0,0.0,0.0,0.0,10.0,0.0,0.0,0.0,10.0
4.979829971661943,0.21584211607578707,0.3374719890152779,0.005,200.0,0.0,0.0,0.0,200.0,0.0,0.0,0.0,200.0,10.0,0.0,0.0,0.0,10.0,0.0,0.0,0.0,10.0
4.980830138356393,0.21534225634285395,0.33697401722146375,0.005,200.0,0.0,0.0,0.0,200.0,0.0,0.0,0.0,200.0,10.0,0.0,0.0,0.0,10.0,0.0,0.0,0.0,10.0
4.981830305050842,0.21484239660992116,0.3364760454276499,0.005,200.0,0.0,0.0,0.0,200.0,0.0,0.0,0.0,200.0,10.0,0.0,0.0,0.0,10.0,0.0,0.0,0.0,10.0
4.982830471745291,0.21434253687698834,0.3359780736338361,0.005,200.0,0.0,0.0,0.0,200.0,0.0,0.0,0.0,200.0,10.0,0.0,0.0,0.0,10.0,0.0,0.0,0.0,10.0
4.98383063843974,0.21384267714405522,0.3354801018400219,0.005,200.0,0.0,0.0,0.0,200.0,0.0,0.0,0.0,200.0,10.0,0.0,0.0,0.0,10.0,0.0,0.0,0.0,10.0
4.984830805134189,0.21334281741112243,0.3349821300462081,0.005,200.0,0.0,0.0,0.0,200.0,0.0,0.0,0.0,200.0,10.0,0.0,0.0,0.0,10.0,0.0,0.0,0.0,10.0
4.985830971828638,0.21284295767818928,0.3344841582523939,0.005,200.0,0.0,0.0,0.0,200.0,0.0,0.0,0.0,200.0,10.0,0.0,0.0,0.0,10.0,0.0,0.0,0.0,10.0
4.986831138523088,0.2123430979452565,0.3339861864585801,0.005,200.0,0.0,0.0,0.0,200.0,0.0,0.0,0.0,200.0,10.0,0.0,0.0,0.0,10.0,0.0,0.0,0.0,10.0
4.9878313052175365,0.21184323821232334,0.3334882146647659,0.005,200.0,0.0,0.0,0.0,200.0,0.0,0.0,0.0,200.0,10.0,0.0,0.0,0.0,10.0,0.0,0.0,0.0,10.0
4.988831471911985,0.21134337847939055,0.3329902428709521,0.005,200.0,0.0,0.0,0.0,200.0,0.0,0.0,0.0,200.0,10.0,0.0,0.0,0.0,10.0,0.0,0.0,0.0,10.0
4.989831638606435,0.21084351874645776,0.33249227107713825,0.005,200.0,0.0,0.0,0.0,200.0,0.0,0.0,0.0,200.0,10.0,0.0,0.0,0.0,10.0,0.0,0.0,0.0,10.0
4.990831805300884,0.21034365901352461,0.3319942992833241,0.005,200.0,0.0,0.0,0.0,200.0,0.0,0.0,0.0,200.0,10.0,0.0,0.0,0.0,10.0,0.0,0.0,0.0,10.0
4.991831971995333,0.20984379928059183,0.33149632748951025,0.005,200.0,0.0,0.0,0.0,200.0,0.0,0.0,0.0,200.0,10.0,0.0,0.0,0.0,10.0,0.0,0.0,0.0,10.0
4.992832138689781,0.2093439395476587,0.3309983556956961,0.005,200.0,0.0,0.0,0.0,200.0,0.0,0.0,0.0,200.0,10.0,0.0,0.0,0.0,10.0,0.0,0.0,0.0,10.0
4.993832305384231,0.20884407981472589,0.33050038390188224,0.005,200.0,0.0,0.0,0.0,200.0,0.0,0.0,0.0,200.0,10.0,0.0,0.0,0.0,10.0,0.0,0.0,0.0,10.0
4.99483247207868,0.2083442200817931,0.3300024121080684,0.005,200.0,0.0,0.0,0.0,200.0,0.0,0.0,0.0,200.0,10.0,0.0,0.0,0.0,10.0,0.0,0.0,0.0,10.0
4.995832638773129,0.20784436034885995,0.32950444031425424,0.005,200.0,0.0,0.0,0.0,200.0,0.0,0.0,0.0,200.0,10.0,0.0,0.0,0.0,10.0,0.0,0.0,0.0,10.0
4.996832805467578,0.20733873281583817,0.3290008163080552,0.005,200.0,0.0,0.0,0.0,200.0,0.0,0.0,0.0,200.0,10.0,0.0,0.0,0.0,10.0,0.0,0.0,0.0,10.0
4.997832972162027,0.20680633398428971,0.3284709575047471,0.005,200.0,0.0,0.0,0.0,200.0,0.0,0.0,0.0,200.0,10.0,0.0,0.0,0.0,10.0,0.0,0.0,0.0,10.0
4.998833138856476,0.20627393515274162,0.3279410987014393,0.005,200.0,0.0,0.0,0.0,200.0,0.0,0.0,0.0,200.0,10.0,0.0,0.0,0.0,10.0,0.0,0.0,0.0,10.0
4.999833305550926,0.20574153632119352,0.3274112398981315,0.005,200.0,0.0,0.0,0.0,200.0,0.0,0.0,0.0,200.0,10.0,0.0,0.0,0.0,10.0,0.0,0.0,0.0,10.0
5.0008334722453744,0.20520913748964506,0.32688138109482334,0.005,200.0,0.0,0.0,0.0,200.0,0.0,0.0,0.0,200.0,10.0,0.0,0.0,0.0,10.0,0.0,0.0,0.0,10.0
5.001833638939823,0.20467673865809696,0.32635152229151554,0.005,200.0,0.0,0.0,0.0,200.0,0.0,0.0,0.0,200.0,10.0,0.0,0.0,0.0,10.0,0.0,0.0,0.0,10.0
5.002833805634273,0.2041443398265485,0.3258216634882074,0.005,200.0,0.0,0.0,0.0,200.0,0.0,0.0,0.0,200.0,10.0,0.0,0.0,0.0,10.0,0.0,0.0,0.0,10.0
5.003833972328722,0.2036119409950004,0.3252918046848996,0.005,200.0,0.0,0.0,0.0,200.0,0.0,0.0,0.0,200.0,10.0,0.0,0.0,0.0,10.0,0.0,0.0,0.0,10.0
5.0048341390231705,0.20307954216345195,0.32476194588159146,0.005,200.0,0.0,0.0,0.0,200.0,0.0,0.0,0.0,200.0,10.0,0.0,0.0,0.0,10.0,0.0,0.0,0.0,10.0
5.00583430571762,0.20254714333190385,0.32423208707828366,0.005,200.0,0.0,0.0,0.0,200.0,0.0,0.0,0.0,200.0,10.0,0.0,0.0,0.0,10.0,0.0,0.0,0.0,10.0
5.006834472412069,0.20201474450035575,0.3237022282749759,0.005,200.0,0.0,0.0,0.0,200.0,0.0,0.0,0.0,200.0,10.0,0.0,0.0,0.0,10.0,0.0,0.0,0.0,10.0
5.007834639106518,0.2014823456688073,0.3231723694716677,0.005,200.0,0.0,0.0,0.0,200.0,0.0,0.0,0.0,200.0,10.0,0.0,0.0,0.0,10.0,0.0,0.0,0.0,10.0
5.008834805800967,0.2009499468372592,0.32264251066835997,0.005,200.0,0.0,0.0,0.0,200.0,0.0,0.0,0.0,200.0,10.0,0.0,0.0,0.0,10.0,0.0,0.0,0.0,10.0
5.009834972495416,0.20041754800571077,0.3221126518650518,0.005,200.0,0.0,0.0,0.0,200.0,0.0,0.0,0.0,200.0,10.0,0.0,0.0,0.0,10.0,0.0,0.0,0.0,10.0
5.010835139189865,0.19988514917416267,0.32158279306174403,0.005,200.0,0.0,0.0,0.0,200.0,0.0,0.0,0.0,200.0,10.0,0.0,0.0,0.0,10.0,0.0,0.0,0.0,10.0
5.011835305884314,0.19935275034261457,0.32105293425843623,0.005,200.0,0.0,0.0,0.0,200.0,0.0,0.0,0.0,200.0,10.0,0.0,0.0,0.0,10.0,0.0,0.0,0.0,10.0
5.012835472578764,0.1988203515110661,0.3205230754551281,0.005,200.0,0.0,0.0,0.0,200.0,0.0,0.0,0.0,200.0,10.0,0.0,0.0,0.0,10.0,0.0,0.0,0.0,10.0
5.013835639273212,0.19828795267951801,0.3199932166518203,0.005,200.0,0.0,0.0,0.0,200.0,0.0,0.0,0.0,200.0,10.0,0.0,0.0,0.0,10.0,0.0,0.0,0.0,10.0
5.014835805967661,0.19775555384796956,0.31946335784851215,0.005,200.0,0.0,0.0,0.0,200.0,0.0,0.0,0.0,200.0,10.0,0.0,0.0,0.0,10.0,0.0,0.0,0.0,10.0
5.015835972662111,0.19722315501642146,0.31893349904520435,0.005,200.0,0.0,0.0,0.0,200.0,0.0,0.0,0.0,200.0,10.0,0.0,0.0,0.0,10.0,0.0,0.0,0.0,10.0
5.01683613935656,0.1966903258073449,0.3183833521979119,0.005,200.0,0.0,0.0,0.0,200.0,0.0,0.0,0.0,200.0,10.0,0.0,0.0,0.0,10.0,0.0,0.0,0.0,10.0
5.0178363060510085,0.19615414218517874,0.31767507794897326,0.005,200.0,0.0,0.0,0.0,200.0,0.0,0.0,0.0,200.0,10.0,0.0,0.0,0.0,10.0,0.0,0.0,0.0,10.0
5.018836472745458,0.19561795856301292,0.31696680370003505,0.005,200.0,0.0,0.0,0.0,200.0,0.0,0.0,0.0,200.0,10.0,0.0,0.0,0.0,10.0,0.0,0.0,0.0,10.0
5.019836639439907,0.19508177494084675,0.3162585294510964,0.005,200.0,0.0,0.0,0.0,200.0,0.0,0.0,0.0,200.0,10.0,0.0,0.0,0.0,10.0,0.0,0.0,0.0,10.0
5.020836806134356,0.19454559131868093,0.31555025520215824,0.005,200.0,0.0,0.0,0.0,200.0,0.0,0.0,0.0,200.0,10.0,0.0,0.0,0.0,10.0,0.0,0.0,0.0,10.0
5.021836972828805,0.19400940769651476,0.3148419809532196,0.005,200.0,0.0,0.0,0.0,200.0,0.0,0.0,0.0,200.0,10.0,0.0,0.0,0.0,10.0,0.0,0.0,0.0,10.0
5.022837139523254,0.19347322407434894,0.31413370670428137,0.005,200.0,0.0,0.0,0.0,200.0,0.0,0.0,0.0,200.0,10.0,0.0,0.0,0.0,10.0,0.0,0.0,0.0,10.0
5.023837306217703,0.19293704045218313,0.3134254324553432,0.005,200.0,0.0,0.0,0.0,200.0,0.0,0.0,0.0,200.0,10.0,0.0,0.0,0.0,10.0,0.0,0.0,0.0,10.0
5.024837472912152,0.19240085683001695,0.31271715820640456,0.005,200.0,0.0,0.0,0.0,200.0,0.0,0.0,0.0,200.0,10.0,0.0,0.0,0.0,10.0,0.0,0.0,0.0,10.0
5.025837639606602,0.1918646732078511,0.31200888395746634,0.005,200.0,0.0,0.0,0.0,200.0,0.0,0.0,0.0,200.0,10.0,0.0,0.0,0.0,10.0,0.0,0.0,0.0,10.0
5.02683780630105,0.19132848958568494,0.3113006097085277,0.005,200.0,0.0,0.0,0.0,200.0,0.0,0.0,0.0,200.0,10.0,0.0,0.0,0.0,10.0,0.0,0.0,0.0,10.0
5.027837972995499,0.19079230596351912,0.31059233545958953,0.005,200.0,0.0,0.0,0.0,200.0,0.0,0.0,0.0,200.0,10.0,0.0,0.0,0.0,10.0,0.0,0.0,0.0,10.0
5.028838139689949,0.1902561223413533,0.3098840612106513,0.005,200.0,0.0,0.0,0.0,200.0,0.0,0.0,0.0,200.0,10.0,0.0,0.0,0.0,10.0,0.0,0.0,0.0,10.0
5.029838306384398,0.18971993871918713,0.30917578696171266,0.005,200.0,0.0,0.0,0.0,200.0,0.0,0.0,0.0,200.0,10.0,0.0,0.0,0.0,10.0,0.0,0.0,0.0,10.0
5.0308384730788465,0.18918375509702132,0.3084675127127745,0.005,200.0,0.0,0.0,0.0,200.0,0.0,0.0,0.0,200.0,10.0,0.0,0.0,0.0,10.0,0.0,0.0,0.0,10.0
5.031838639773296,0.18864757147485514,0.3077592384638358,0.005,200.0,0.0,0.0,0.0,200.0,0.0,0.0,0.0,200.0,10.0,0.0,0.0,0.0,10.0,0.0,0.0,0.0,10.0
5.032838806467745,0.18811138785268933,0.30705096421489764,0.005,200.0,0.0,0.0,0.0,200.0,0.0,0.0,0.0,200.0,10.0,0.0,0.0,0.0,10.0,0.0,0.0,0.0,10.0
5.033838973162194,0.1875752042305235,0.3063426899659594,0.005,200.0,0.0,0.0,0.0,200.0,0.0,0.0,0.0,200.0,10.0,0.0,0.0,0.0,10.0,0.0,0.0,0.0,10.0
5.0348391398566426,0.18703902060835734,0.30563441571702077,0.005,200.0,0.0,0.0,0.0,200.0,0.0,0.0,0.0,200.0,10.0,0.0,0.0,0.0,10.0,0.0,0.0,0.0,10.0
5.035839306551092,0.1865028369861915,0.3049261414680826,0.005,200.0,0.0,0.0,0.0,200.0,0.0,0.0,0.0,200.0,10.0,0.0,0.0,0.0,10.0,0.0,0.0,0.0,10.0
5.036839473245541,0.18596019159060426,0.3042135862215972,0.005,200.0,0.0,0.0,0.0,200.0,0.0,0.0,0.0,200.0,10.0,0.0,0.0,0.0,10.0,0.0,0.0,0.0,10.0
5.03783963993999,0.18529520328491214,0.3034199774215611,0.005,200.0,0.0,0.0,0.0,200.0,0.0,0.0,0.0,200.0,10.0,0.0,0.0,0.0,10.0,0.0,0.0,0.0,10.0
5.0388398066344395,0.18463021497921958,0.30262636862152453,0.005,200.0,0.0,0.0,0.0,200.0,0.0,0.0,0.0,200.0,10.0,0.0,0.0,0.0,10.0,0.0,0.0,0.0,10.0
5.039839973328888,0.18396522667352747,0.3018327598214885,0.005,200.0,0.0,0.0,0.0,200.0,0.0,0.0,0.0,200.0,10.0,0.0,0.0,0.0,10.0,0.0,0.0,0.0,10.0
5.040840140023337,0.18330023836783535,0.3010391510214524,0.005,200.0,0.0,0.0,0.0,200.0,0.0,0.0,0.0,200.0,10.0,0.0,0.0,0.0,10.0,0.0,0.0,0.0,10.0
5.041840306717787,0.1826352500621428,0.3002455422214158,0.005,200.0,0.0,0.0,0.0,200.0,0.0,0.0,0.0,200.0,10.0,0.0,0.0,0.0,10.0,0.0,0.0,0.0,10.0
5.042840473412236,0.18197026175645067,0.2994519334213797,0.005,200.0,0.0,0.0,0.0,200.0,0.0,0.0,0.0,200.0,10.0,0.0,0.0,0.0,10.0,0.0,0.0,0.0,10.0
5.043840640106684,0.18130527345075814,0.2986583246213431,0.005,200.0,0.0,0.0,0.0,200.0,0.0,0.0,0.0,200.0,10.0,0.0,0.0,0.0,10.0,0.0,0.0,0.0,10.0
5.044840806801134,0.18064028514506603,0.2978647158213071,0.005,200.0,0.0,0.0,0.0,200.0,0.0,0.0,0.0,200.0,10.0,0.0,0.0,0.0,10.0,0.0,0.0,0.0,10.0
5.045840973495583,0.1799752968393739,0.297071107021271,0.005,200.0,0.0,0.0,0.0,200.0,0.0,0.0,0.0,200.0,10.0,0.0,0.0,0.0,10.0,0.0,0.0,0.0,10.0
5.046841140190032,0.17931030853368135,0.2962774982212344,0.005,200.0,0.0,0.0,0.0,200.0,0.0,0.0,0.0,200.0,10.0,0.0,0.0,0.0,10.0,0.0,0.0,0.0,10.0
5.0478413068844805,0.17864532022798923,0.2954838894211983,0.005,200.0,0.0,0.0,0.0,200.0,0.0,0.0,0.0,200.0,10.0,0.0,0.0,0.0,10.0,0.0,0.0,0.0,10.0
5.04884147357893,0.17798033192229668,0.2946902806211617,0.005,200.0,0.0,0.0,0.0,200.0,0.0,0.0,0.0,200.0,10.0,0.0,0.0,0.0,10.0,0.0,0.0,0.0,10.0
5.049841640273379,0.17731534361660456,0.29389667182112567,0.005,200.0,0.0,0.0,0.0,200.0,0.0,0.0,0.0,200.0,10.0,0.0,0.0,0.0,10.0,0.0,0.0,0.0,10.0
5.050841806967828,0.17665035531091244,0.29310306302108957,0.005,200.0,0.0,0.0,0.0,200.0,0.0,0.0,0.0,200.0,10.0,0.0,0.0,0.0,10.0,0.0,0.0,0.0,10.0
5.0518419736622775,0.17598536700521988,0.292309454221053,0.005,200.0,0.0,0.0,0.0,200.0,0.0,0.0,0.0,200.0,10.0,0.0,0.0,0.0,10.0,0.0,0.0,0.0,10.0
5.052842140356726,0.17532037869952777,0.2915158454210169,0.005,200.0,0.0,0.0,0.0,200.0,0.0,0.0,0.0,200.0,10.0,0.0,0.0,0.0,10.0,0.0,0.0,0.0,10.0
5.053842307051175,0.1746553903938352,0.2907222366209803,0.005,200.0,0.0,0.0,0.0,200.0,0.0,0.0,0.0,200.0,10.0,0.0,0.0,0.0,10.0,0.0,0.0,0.0,10.0
5.054842473745625,0.1739904020881431,0.28992862782094425,0.005,200.0,0.0,0.0,0.0,200.0,0.0,0.0,0.0,200.0,10.0,0.0,0.0,0.0,10.0,0.0,0.0,0.0,10.0
5.055842640440074,0.17332541378245053,0.28913501902090766,0.005,200.0,0.0,0.0,0.0,200.0,0.0,0.0,0.0,200.0,10.0,0.0,0.0,0.0,10.0,0.0,0.0,0.0,10.0
5.056842807134522,0.17266042547675842,0.28834141022087156,0.005,200.0,0.0,0.0,0.0,200.0,0.0,0.0,0.0,200.0,10.0,0.0,0.0,0.0,10.0,0.0,0.0,0.0,10.0
5.057842973828972,0.1721585662360192,0.2877406996972444,0.005,200.0,0.0,0.0,0.0,200.0,0.0,0.0,0.0,200.0,10.0,0.0,0.0,0.0,10.0,0.0,0.0,0.0,10.0
5.058843140523421,0.1716589189148044,0.28714260474346653,0.005,200.0,0.0,0.0,0.0,200.0,0.0,0.0,0.0,200.0,10.0,0.0,0.0,0.0,10.0,0.0,0.0,0.0,10.0
5.05984330721787,0.17115927159358993,0.28654450978968904,0.005,200.0,0.0,0.0,0.0,200.0,0.0,0.0,0.0,200.0,10.0,0.0,0.0,0.0,10.0,0.0,0.0,0.0,10.0
5.0608434739123185,0.17065962427237516,0.2859464148359111,0.005,200.0,0.0,0.0,0.0,200.0,0.0,0.0,0.0,200.0,10.0,0.0,0.0,0.0,10.0,0.0,0.0,0.0,10.0
5.061843640606768,0.1701599769511607,0.2853483198821336,0.005,200.0,0.0,0.0,0.0,200.0,0.0,0.0,0.0,200.0,10.0,0.0,0.0,0.0,10.0,0.0,0.0,0.0,10.0
5.062843807301217,0.16966032962994623,0.2847502249283561,0.005,200.0,0.0,0.0,0.0,200.0,0.0,0.0,0.0,200.0,10.0,0.0,0.0,0.0,10.0,0.0,0.0,0.0,10.0
5.063843973995666,0.16916068230873144,0.2841521299745782,0.005,200.0,0.0,0.0,0.0,200.0,0.0,0.0,0.0,200.0,10.0,0.0,0.0,0.0,10.0,0.0,0.0,0.0,10.0
5.0648441406901155,0.16866103498751697,0.2835540350208007,0.005,200.0,0.0,0.0,0.0,200.0,0.0,0.0,0.0,200.0,10.0,0.0,0.0,0.0,10.0,0.0,0.0,0.0,10.0
5.065844307384564,0.1681613876663022,0.2829559400670228,0.005,200.0,0.0,0.0,0.0,200.0,0.0,0.0,0.0,200.0,10.0,0.0,0.0,0.0,10.0,0.0,0.0,0.0,10.0
5.066844474079013,0.16766174034508774,0.2823578451132453,0.005,200.0,0.0,0.0,0.0,200.0,0.0,0.0,0.0,200.0,10.0,0.0,0.0,0.0,10.0,0.0,0.0,0.0,10.0
5.067844640773463,0.16716209302387328,0.28175975015946775,0.005,200.0,0.0,0.0,0.0,200.0,0.0,0.0,0.0,200.0,10.0,0.0,0.0,0.0,10.0,0.0,0.0,0.0,10.0
5.0688448074679116,0.16666244570265848,0.28116165520568986,0.005,200.0,0.0,0.0,0.0,200.0,0.0,0.0,0.0,200.0,10.0,0.0,0.0,0.0,10.0,0.0,0.0,0.0,10.0
5.06984497416236,0.16616279838144402,0.28056356025191237,0.005,200.0,0.0,0.0,0.0,200.0,0.0,0.0,0.0,200.0,10.0,0.0,0.0,0.0,10.0,0.0,0.0,0.0,10.0
5.07084514085681,0.16566315106022925,0.27996546529813443,0.005,200.0,0.0,0.0,0.0,200.0,0.0,0.0,0.0,200.0,10.0,0.0,0.0,0.0,10.0,0.0,0.0,0.0,10.0
5.071845307551259,0.16516350373901478,0.27936737034435694,0.005,200.0,0.0,0.0,0.0,200.0,0.0,0.0,0.0,200.0,10.0,0.0,0.0,0.0,10.0,0.0,0.0,0.0,10.0
5.072845474245708,0.1646638564178,0.27876927539057905,0.005,200.0,0.0,0.0,0.0,200.0,0.0,0.0,0.0,200.0,10.0,0.0,0.0,0.0,10.0,0.0,0.0,0.0,10.0
5.073845640940156,0.16416420909658552,0.27817118043680156,0.005,200.0,0.0,0.0,0.0,200.0,0.0,0.0,0.0,200.0,10.0,0.0,0.0,0.0,10.0,0.0,0.0,0.0,10.0
5.074845807634606,0.16366456177537106,0.277573085483024,0.005,200.0,0.0,0.0,0.0,200.0,0.0,0.0,0.0,200.0,10.0,0.0,0.0,0.0,10.0,0.0,0.0,0.0,10.0
5.075845974329055,0.1631649144541563,0.2769749905292461,0.005,200.0,0.0,0.0,0.0,200.0,0.0,0.0,0.0,200.0,10.0,0.0,0.0,0.0,10.0,0.0,0.0,0.0,10.0
5.076846141023504,0.16266526713294183,0.27637689557546863,0.005,200.0,0.0,0.0,0.0,200.0,0.0,0.0,0.0,200.0,10.0,0.0,0.0,0.0,10.0,0.0,0.0,0.0,10.0
5.077846307717953,0.16225696484890345,0.2758578054406956,0.005,200.0,0.0,0.0,0.0,200.0,0.0,0.0,0.0,200.0,10.0,0.0,0.0,0.0,10.0,0.0,0.0,0.0,10.0
5.078846474412402,0.16185627465129673,0.27534529904084,0.005,200.0,0.0,0.0,0.0,200.0,0.0,0.0,0.0,200.0,10.0,0.0,0.0,0.0,10.0,0.0,0.0,0.0,10.0
5.079846641106851,0.16145558445369002,0.2748327926409844,0.005,200.0,0.0,0.0,0.0,200.0,0.0,0.0,0.0,200.0,10.0,0.0,0.0,0.0,10.0,0.0,0.0,0.0,10.0
5.080846807801301,0.16105489425608305,0.2743202862411285,0.005,200.0,0.0,0.0,0.0,200.0,0.0,0.0,0.0,200.0,10.0,0.0,0.0,0.0,10.0,0.0,0.0,0.0,10.0
5.0818469744957495,0.16065420405847633,0.2738077798412729,0.005,200.0,0.0,0.0,0.0,200.0,0.0,0.0,0.0,200.0,10.0,0.0,0.0,0.0,10.0,0.0,0.0,0.0,10.0
5.082847141190198,0.16025351386086933,0.27329527344141696,0.005,200.0,0.0,0.0,0.0,200.0,0.0,0.0,0.0,200.0,10.0,0.0,0.0,0.0,10.0,0.0,0.0,0.0,10.0
5.083847307884648,0.15985282366326262,0.27278276704156135,0.005,200.0,0.0,0.0,0.0,200.0,0.0,0.0,0.0,200.0,10.0,0.0,0.0,0.0,10.0,0.0,0.0,0.0,10.0
5.084847474579097,0.15945213346565593,0.2722702606417058,0.005,200.0,0.0,0.0,0.0,200.0,0.0,0.0,0.0,200.0,10.0,0.0,0.0,0.0,10.0,0.0,0.0,0.0,10.0
5.085847641273546,0.15905144326804893,0.27175775424184984,0.005,200.0,0.0,0.0,0.0,200.0,0.0,0.0,0.0,200.0,10.0,0.0,0.0,0.0,10.0,0.0,0.0,0.0,10.0
5.086847807967995,0.1586507530704422,0.2712452478419943,0.005,200.0,0.0,0.0,0.0,200.0,0.0,0.0,0.0,200.0,10.0,0.0,0.0,0.0,10.0,0.0,0.0,0.0,10.0
5.087847974662444,0.15825006287283525,0.2707327414421383,0.005,200.0,0.0,0.0,0.0,200.0,0.0,0.0,0.0,200.0,10.0,0.0,0.0,0.0,10.0,0.0,0.0,0.0,10.0
5.088848141356893,0.15784937267522853,0.2702202350422827,0.005,200.0,0.0,0.0,0.0,200.0,0.0,0.0,0.0,200.0,10.0,0.0,0.0,0.0,10.0,0.0,0.0,0.0,10.0
5.089848308051342,0.1574486824776218,0.26970772864242715,0.005,200.0,0.0,0.0,0.0,200.0,0.0,0.0,0.0,200.0,10.0,0.0,0.0,0.0,10.0,0.0,0.0,0.0,10.0
5.090848474745791,0.15704799228001481,0.2691952222425712,0.005,200.0,0.0,0.0,0.0,200.0,0.0,0.0,0.0,200.0,10.0,0.0,0.0,0.0,10.0,0.0,0.0,0.0,10.0
5.09184864144024,0.1566473020824081,0.26868271584271564,0.005,200.0,0.0,0.0,0.0,200.0,0.0,0.0,0.0,200.0,10.0,0.0,0.0,0.0,10.0,0.0,0.0,0.0,10.0
5.092848808134689,0.15624661188480113,0.2681702094428597,0.005,200.0,0.0,0.0,0.0,200.0,0.0,0.0,0.0,200.0,10.0,0.0,0.0,0.0,10.0,0.0,0.0,0.0,10.0
5.093848974829139,0.1558459216871944,0.2676577030430041,0.005,200.0,0.0,0.0,0.0,200.0,0.0,0.0,0.0,200.0,10.0,0.0,0.0,0.0,10.0,0.0,0.0,0.0,10.0
5.0948491415235875,0.15544523148958742,0.2671451966431482,0.005,200.0,0.0,0.0,0.0,200.0,0.0,0.0,0.0,200.0,10.0,0.0,0.0,0.0,10.0,0.0,0.0,0.0,10.0
5.095849308218036,0.1550445412919807,0.26663269024329256,0.005,200.0,0.0,0.0,0.0,200.0,0.0,0.0,0.0,200.0,10.0,0.0,0.0,0.0,10.0,0.0,0.0,0.0,10.0
5.096849474912486,0.15464385109437398,0.266120183843437,0.005,200.0,0.0,0.0,0.0,200.0,0.0,0.0,0.0,200.0,10.0,0.0,0.0,0.0,10.0,0.0,0.0,0.0,10.0
5.097849641606935,0.15414681001332697,0.26542288128545544,0.005,200.0,0.0,0.0,0.0,200.0,0.0,0.0,0.0,200.0,10.0,0.0,0.0,0.0,10.0,0.0,0.0,0.0,10.0
5.098849808301384,0.153634022873508,0.2646953785771191,0.005,200.0,0.0,0.0,0.0,200.0,0.0,0.0,0.0,200.0,10.0,0.0,0.0,0.0,10.0,0.0,0.0,0.0,10.0
5.099849974995833,0.15312123573368866,0.26396787586878234,0.005,200.0,0.0,0.0,0.0,200.0,0.0,0.0,0.0,200.0,10.0,0.0,0.0,0.0,10.0,0.0,0.0,0.0,10.0
5.100850141690282,0.15260844859386966,0.2632403731604461,0.005,200.0,0.0,0.0,0.0,200.0,0.0,0.0,0.0,200.0,10.0,0.0,0.0,0.0,10.0,0.0,0.0,0.0,10.0
5.101850308384731,0.15209566145405068,0.26251287045210975,0.005,200.0,0.0,0.0,0.0,200.0,0.0,0.0,0.0,200.0,10.0,0.0,0.0,0.0,10.0,0.0,0.0,0.0,10.0
5.10285047507918,0.15158287431423134,0.261785367743773,0.005,200.0,0.0,0.0,0.0,200.0,0.0,0.0,0.0,200.0,10.0,0.0,0.0,0.0,10.0,0.0,0.0,0.0,10.0
5.103850641773629,0.15107008717441234,0.26105786503543665,0.005,200.0,0.0,0.0,0.0,200.0,0.0,0.0,0.0,200.0,10.0,0.0,0.0,0.0,10.0,0.0,0.0,0.0,10.0
5.104850808468078,0.150557300034593,0.2603303623270999,0.005,200.0,0.0,0.0,0.0,200.0,0.0,0.0,0.0,200.0,10.0,0.0,0.0,0.0,10.0,0.0,0.0,0.0,10.0
5.105850975162527,0.15004451289477402,0.2596028596187636,0.005,200.0,0.0,0.0,0.0,200.0,0.0,0.0,0.0,200.0,10.0,0.0,0.0,0.0,10.0,0.0,0.0,0.0,10.0
5.106851141856977,0.14953172575495502,0.2588753569104273,0.005,200.0,0.0,0.0,0.0,200.0,0.0,0.0,0.0,200.0,10.0,0.0,0.0,0.0,10.0,0.0,0.0,0.0,10.0
5.107851308551425,0.14901893861513568,0.2581478542020905,0.005,200.0,0.0,0.0,0.0,200.0,0.0,0.0,0.0,200.0,10.0,0.0,0.0,0.0,10.0,0.0,0.0,0.0,10.0
5.108851475245874,0.1485061514753167,0.2574203514937542,0.005,200.0,0.0,0.0,0.0,200.0,0.0,0.0,0.0,200.0,10.0,0.0,0.0,0.0,10.0,0.0,0.0,0.0,10.0
5.109851641940324,0.14799336433549737,0.2566928487854174,0.005,200.0,0.0,0.0,0.0,200.0,0.0,0.0,0.0,200.0,10.0,0.0,0.0,0.0,10.0,0.0,0.0,0.0,10.0
5.110851808634773,0.14748057719567836,0.25596534607708116,0.005,200.0,0.0,0.0,0.0,200.0,0.0,0.0,0.0,200.0,10.0,0.0,0.0,0.0,10.0,0.0,0.0,0.0,10.0
5.1118519753292215,0.14696779005585903,0.25523784336874433,0.005,200.0,0.0,0.0,0.0,200.0,0.0,0.0,0.0,200.0,10.0,0.0,0.0,0.0,10.0,0.0,0.0,0.0,10.0
5.112852142023671,0.14645500291604005,0.25451034066040806,0.005,200.0,0.0,0.0,0.0,200.0,0.0,0.0,0.0,200.0,10.0,0.0,0.0,0.0,10.0,0.0,0.0,0.0,10.0
5.11385230871812,0.14594221577622105,0.25378283795207174,0.005,200.0,0.0,0.0,0.0,200.0,0.0,0.0,0.0,200.0,10.0,0.0,0.0,0.0,10.0,0.0,0.0,0.0,10.0
5.114852475412569,0.1454294286364017,0.25305533524373497,0.005,200.0,0.0,0.0,0.0,200.0,0.0,0.0,0.0,200.0,10.0,0.0,0.0,0.0,10.0,0.0,0.0,0.0,10.0
5.115852642107018,0.14491664149658273,0.2523278325353987,0.005,200.0,0.0,0.0,0.0,200.0,0.0,0.0,0.0,200.0,10.0,0.0,0.0,0.0,10.0,0.0,0.0,0.0,10.0
5.116852808801467,0.1444038543567634,0.25160032982706193,0.005,200.0,0.0,0.0,0.0,200.0,0.0,0.0,0.0,200.0,10.0,0.0,0.0,0.0,10.0,0.0,0.0,0.0,10.0
5.117852975495916,0.14408424524470834,0.2510391100980298,0.005,200.0,0.0,0.0,0.0,200.0,0.0,0.0,0.0,200.0,10.0,0.0,0.0,0.0,10.0,0.0,0.0,0.0,10.0
5.118853142190365,0.14381414814817256,0.2505205091157941,0.005,200.0,0.0,0.0,0.0,200.0,0.0,0.0,0.0,200.0,10.0,0.0,0.0,0.0,10.0,0.0,0.0,0.0,10.0
5.119853308884815,0.1435440510516366,0.25000190813355805,0.005,200.0,0.0,0.0,0.0,200.0,0.0,0.0,0.0,200.0,10.0,0.0,0.0,0.0,10.0,0.0,0.0,0.0,10.0
5.120853475579263,0.1432739539551008,0.2494833071513224,0.005,200.0,0.0,0.0,0.0,200.0,0.0,0.0,0.0,200.0,10.0,0.0,0.0,0.0,10.0,0.0,0.0,0.0,10.0
5.121853642273712,0.14300385685856484,0.24896470616908634,0.005,200.0,0.0,0.0,0.0,200.0,0.0,0.0,0.0,200.0,10.0,0.0,0.0,0.0,10.0,0.0,0.0,0.0,10.0
5.122853808968162,0.14273375976202907,0.24844610518685065,0.005,200.0,0.0,0.0,0.0,200.0,0.0,0.0,0.0,200.0,10.0,0.0,0.0,0.0,10.0,0.0,0.0,0.0,10.0
5.123853975662611,0.1424636626654933,0.24792750420461496,0.005,200.0,0.0,0.0,0.0,200.0,0.0,0.0,0.0,200.0,10.0,0.0,0.0,0.0,10.0,0.0,0.0,0.0,10.0
5.1248541423570595,0.14219356556895732,0.2474089032223789,0.005,200.0,0.0,0.0,0.0,200.0,0.0,0.0,0.0,200.0,10.0,0.0,0.0,0.0,10.0,0.0,0.0,0.0,10.0
5.125854309051509,0.14192346847242154,0.24689030224014322,0.005,200.0,0.0,0.0,0.0,200.0,0.0,0.0,0.0,200.0,10.0,0.0,0.0,0.0,10.0,0.0,0.0,0.0,10.0
5.126854475745958,0.14165337137588557,0.24637170125790717,0.005,200.0,0.0,0.0,0.0,200.0,0.0,0.0,0.0,200.0,10.0,0.0,0.0,0.0,10.0,0.0,0.0,0.0,10.0
5.127854642440407,0.1413832742793498,0.24585310027567148,0.005,200.0,0.0,0.0,0.0,200.0,0.0,0.0,0.0,200.0,10.0,0.0,0.0,0.0,10.0,0.0,0.0,0.0,10.0
5.128854809134856,0.14111317718281383,0.24533449929343543,0.005,200.0,0.0,0.0,0.0,200.0,0.0,0.0,0.0,200.0,10.0,0.0,0.0,0.0,10.0,0.0,0.0,0.0,10.0
5.129854975829305,0.14084308008627805,0.24481589831119974,0.005,200.0,0.0,0.0,0.0,200.0,0.0,0.0,0.0,200.0,10.0,0.0,0.0,0.0,10.0,0.0,0.0,0.0,10.0
5.130855142523754,0.14057298298974225,0.24429729732896405,0.005,200.0,0.0,0.0,0.0,200.0,0.0,0.0,0.0,200.0,10.0,0.0,0.0,0.0,10.0,0.0,0.0,0.0,10.0
5.131855309218203,0.1403028858932063,0.243778696346728,0.005,200.0,0.0,0.0,0.0,200.0,0.0,0.0,0.0,200.0,10.0,0.0,0.0,0.0,10.0,0.0,0.0,0.0,10.0
5.132855475912653,0.1400327887966705,0.2432600953644923,0.005,200.0,0.0,0.0,0.0,200.0,0.0,0.0,0.0,200.0,10.0,0.0,0.0,0.0,10.0,0.0,0.0,0.0,10.0
5.133855642607101,0.13976269170013456,0.24274149438225626,0.005,200.0,0.0,0.0,0.0,200.0,0.0,0.0,0.0,200.0,10.0,0.0,0.0,0.0,10.0,0.0,0.0,0.0,10.0
5.13485580930155,0.13949259460359875,0.24222289340002057,0.005,200.0,0.0,0.0,0.0,200.0,0.0,0.0,0.0,200.0,10.0,0.0,0.0,0.0,10.0,0.0,0.0,0.0,10.0
5.135855975996,0.13922249750706298,0.24170429241778488,0.005,200.0,0.0,0.0,0.0,200.0,0.0,0.0,0.0,200.0,10.0,0.0,0.0,0.0,10.0,0.0,0.0,0.0,10.0
5.136856142690449,0.138952400410527,0.24118569143554883,0.005,200.0,0.0,0.0,0.0,200.0,0.0,0.0,0.0,200.0,10.0,0.0,0.0,0.0,10.0,0.0,0.0,0.0,10.0
5.1378563093848975,0.13865096336266347,0.2405303994811244,0.005,200.0,0.0,0.0,0.0,200.0,0.0,0.0,0.0,200.0,10.0,0.0,0.0,0.0,10.0,0.0,0.0,0.0,10.0
5.138856476079347,0.13833807793075306,0.23982517475147075,0.005,200.0,0.0,0.0,0.0,200.0,0.0,0.0,0.0,200.0,10.0,0.0,0.0,0.0,10.0,0.0,0.0,0.0,10.0
5.139856642773796,0.13802519249884285,0.23911995002181757,0.005,200.0,0.0,0.0,0.0,200.0,0.0,0.0,0.0,200.0,10.0,0.0,0.0,0.0,10.0,0.0,0.0,0.0,10.0
5.140856809468245,0.13771230706693263,0.23841472529216437,0.005,200.0,0.0,0.0,0.0,200.0,0.0,0.0,0.0,200.0,10.0,0.0,0.0,0.0,10.0,0.0,0.0,0.0,10.0
5.1418569761626935,0.1373994216350222,0.23770950056251072,0.005,200.0,0.0,0.0,0.0,200.0,0.0,0.0,0.0,200.0,10.0,0.0,0.0,0.0,10.0,0.0,0.0,0.0,10.0
5.142857142857143,0.13708653620311198,0.23700427583285755,0.005,200.0,0.0,0.0,0.0,200.0,0.0,0.0,0.0,200.0,10.0,0.0,0.0,0.0,10.0,0.0,0.0,0.0,10.0
5.143857309551592,0.13677365077120154,0.23629905110320387,0.005,200.0,0.0,0.0,0.0,200.0,0.0,0.0,0.0,200.0,10.0,0.0,0.0,0.0,10.0,0.0,0.0,0.0,10.0
5.144857476246041,0.13646076533929133,0.2355938263735507,0.005,200.0,0.0,0.0,0.0,200.0,0.0,0.0,0.0,200.0,10.0,0.0,0.0,0.0,10.0,0.0,0.0,0.0,10.0
5.1458576429404905,0.13614787990738092,0.23488860164389705,0.005,200.0,0.0,0.0,0.0,200.0,0.0,0.0,0.0,200.0,10.0,0.0,0.0,0.0,10.0,0.0,0.0,0.0,10.0
5.146857809634939,0.1358349944754707,0.23418337691424385,0.005,200.0,0.0,0.0,0.0,200.0,0.0,0.0,0.0,200.0,10.0,0.0,0.0,0.0,10.0,0.0,0.0,0.0,10.0
5.147857976329388,0.1355221090435605,0.23347815218459067,0.005,200.0,0.0,0.0,0.0,200.0,0.0,0.0,0.0,200.0,10.0,0.0,0.0,0.0,10.0,0.0,0.0,0.0,10.0
5.148858143023838,0.13520922361165005,0.23277292745493702,0.005,200.0,0.0,0.0,0.0,200.0,0.0,0.0,0.0,200.0,10.0,0.0,0.0,0.0,10.0,0.0,0.0,0.0,10.0
5.149858309718287,0.13489633817973984,0.23206770272528385,0.005,200.0,0.0,0.0,0.0,200.0,0.0,0.0,0.0,200.0,10.0,0.0,0.0,0.0,10.0,0.0,0.0,0.0,10.0
5.150858476412735,0.13458345274782943,0.23136247799563017,0.005,200.0,0.0,0.0,0.0,200.0,0.0,0.0,0.0,200.0,10.0,0.0,0.0,0.0,10.0,0.0,0.0,0.0,10.0
5.151858643107185,0.13427056731591921,0.230657253265977,0.005,200.0,0.0,0.0,0.0,200.0,0.0,0.0,0.0,200.0,10.0,0.0,0.0,0.0,10.0,0.0,0.0,0.0,10.0
5.152858809801634,0.133957681884009,0.22995202853632382,0.005,200.0,0.0,0.0,0.0,200.0,0.0,0.0,0.0,200.0,10.0,0.0,0.0,0.0,10.0,0.0,0.0,0.0,10.0
5.153858976496083,0.13364479645209856,0.22924680380667015,0.005,200.0,0.0,0.0,0.0,200.0,0.0,0.0,0.0,200.0,10.0,0.0,0.0,0.0,10.0,0.0,0.0,0.0,10.0
5.1548591431905315,0.13333191102018835,0.22854157907701697,0.005,200.0,0.0,0.0,0.0,200.0,0.0,0.0,0.0,200.0,10.0,0.0,0.0,0.0,10.0,0.0,0.0,0.0,10.0
5.155859309884981,0.13301902558827794,0.22783635434736332,0.005,200.0,0.0,0.0,0.0,200.0,0.0,0.0,0.0,200.0,10.0,0.0,0.0,0.0,10.0,0.0,0.0,0.0,10.0
5.15685947657943,0.13270614015636772,0.22713112961771012,0.005,200.0,0.0,0.0,0.0,200.0,0.0,0.0,0.0,200.0,10.0,0.0,0.0,0.0,10.0,0.0,0.0,0.0,10.0
5.157859643273879,0.13240920162475164,0.22653520623432213,0.005,200.0,0.0,0.0,0.0,200.0,0.0,0.0,0.0,200.0,10.0,0.0,0.0,0.0,10.0,0.0,0.0,0.0,10.0
5.1588598099683285,0.13212015680878095,0.22599338701733507,0.005,200.0,0.0,0.0,0.0,200.0,0.0,0.0,0.0,200.0,10.0,0.0,0.0,0.0,10.0,0.0,0.0,0.0,10.0
5.159859976662777,0.13183111199281045,0.22545156780034833,0.005,200.0,0.0,0.0,0.0,200.0,0.0,0.0,0.0,200.0,10.0,0.0,0.0,0.0,10.0,0.0,0.0,0.0,10.0
5.160860143357226,0.13154206717683978,0.22490974858336127,0.005,200.0,0.0,0.0,0.0,200.0,0.0,0.0,0.0,200.0,10.0,0.0,0.0,0.0,10.0,0.0,0.0,0.0,10.0
5.161860310051676,0.13125302236086928,0.22436792936637456,0.005,200.0,0.0,0.0,0.0,200.0,0.0,0.0,0.0,200.0,10.0,0.0,0.0,0.0,10.0,0.0,0.0,0.0,10.0
5.162860476746125,0.13096397754489858,0.2238261101493875,0.005,200.0,0.0,0.0,0.0,200.0,0.0,0.0,0.0,200.0,10.0,0.0,0.0,0.0,10.0,0.0,0.0,0.0,10.0
5.163860643440573,0.1306749327289281,0.2232842909324008,0.005,200.0,0.0,0.0,0.0,200.0,0.0,0.0,0.0,200.0,10.0,0.0,0.0,0.0,10.0,0.0,0.0,0.0,10.0
5.164860810135023,0.1303858879129576,0.2227424717154141,0.005,200.0,0.0,0.0,0.0,200.0,0.0,0.0,0.0,200.0,10.0,0.0,0.0,0.0,10.0,0.0,0.0,0.0,10.0
5.165860976829472,0.1300968430969869,0.222200652498427,0.005,200.0,0.0,0.0,0.0,200.0,0.0,0.0,0.0,200.0,10.0,0.0,0.0,0.0,10.0,0.0,0.0,0.0,10.0
5.166861143523921,0.12980779828101643,0.2216588332814403,0.005,200.0,0.0,0.0,0.0,200.0,0.0,0.0,0.0,200.0,10.0,0.0,0.0,0.0,10.0,0.0,0.0,0.0,10.0
5.16786131021837,0.12951875346504574,0.22111701406445322,0.005,200.0,0.0,0.0,0.0,200.0,0.0,0.0,0.0,200.0,10.0,0.0,0.0,0.0,10.0,0.0,0.0,0.0,10.0
5.168861476912819,0.12922970864907524,0.22057519484746652,0.005,200.0,0.0,0.0,0.0,200.0,0.0,0.0,0.0,200.0,10.0,0.0,0.0,0.0,10.0,0.0,0.0,0.0,10.0
5.169861643607268,0.12894066383310476,0.2200333756304798,0.005,200.0,0.0,0.0,0.0,200.0,0.0,0.0,0.0,200.0,10.0,0.0,0.0,0.0,10.0,0.0,0.0,0.0,10.0
5.170861810301717,0.12865161901713407,0.21949155641349274,0.005,200.0,0.0,0.0,0.0,200.0,0.0,0.0,0.0,200.0,10.0,0.0,0.0,0.0,10.0,0.0,0.0,0.0,10.0
5.1718619769961665,0.12836257420116357,0.218949737196506,0.005,200.0,0.0,0.0,0.0,200.0,0.0,0.0,0.0,200.0,10.0,0.0,0.0,0.0,10.0,0.0,0.0,0.0,10.0
5.172862143690615,0.1280735293851929,0.21840791797951895,0.005,200.0,0.0,0.0,0.0,200.0,0.0,0.0,0.0,200.0,10.0,0.0,0.0,0.0,10.0,0.0,0.0,0.0,10.0
5.173862310385064,0.1277844845692224,0.21786609876253224,0.005,200.0,0.0,0.0,0.0,200.0,0.0,0.0,0.0,200.0,10.0,0.0,0.0,0.0,10.0,0.0,0.0,0.0,10.0
5.174862477079514,0.1274954397532519,0.21732427954554553,0.005,200.0,0.0,0.0,0.0,200.0,0.0,0.0,0.0,200.0,10.0,0.0,0.0,0.0,10.0,0.0,0.0,0.0,10.0
5.1758626437739625,0.12720639493728123,0.21678246032855847,0.005,200.0,0.0,0.0,0.0,200.0,0.0,0.0,0.0,200.0,10.0,0.0,0.0,0.0,10.0,0.0,0.0,0.0,10.0
5.176862810468411,0.12691735012131072,0.21624064111157176,0.005,200.0,0.0,0.0,0.0,200.0,0.0,0.0,0.0,200.0,10.0,0.0,0.0,0.0,10.0,0.0,0.0,0.0,10.0
5.177862977162861,0.12666648836468905,0.2155263902773794,0.005,200.0,0.0,0.0,0.0,200.0,0.0,0.0,0.0,200.0,10.0,0.0,0.0,0.0,10.0,0.0,0.0,0.0,10.0
5.17886314385731,0.12644051943128956,0.21469972546070018,0.005,200.0,0.0,0.0,0.0,200.0,0.0,0.0,0.0,200.0,10.0,0.0,0.0,0.0,10.0,0.0,0.0,0.0,10.0
5.179863310551759,0.1262145504978899,0.2138730606440204,0.005,200.0,0.0,0.0,0.0,200.0,0.0,0.0,0.0,200.0,10.0,0.0,0.0,0.0,10.0,0.0,0.0,0.0,10.0
5.180863477246208,0.1259885815644904,0.21304639582734117,0.005,200.0,0.0,0.0,0.0,200.0,0.0,0.0,0.0,200.0,10.0,0.0,0.0,0.0,10.0,0.0,0.0,0.0,10.0
5.181863643940657,0.1257626126310909,0.21221973101066197,0.005,200.0,0.0,0.0,0.0,200.0,0.0,0.0,0.0,200.0,10.0,0.0,0.0,0.0,10.0,0.0,0.0,0.0,10.0
5.182863810635106,0.12553664369769124,0.21139306619398218,0.005,200.0,0.0,0.0,0.0,200.0,0.0,0.0,0.0,200.0,10.0,0.0,0.0,0.0,10.0,0.0,0.0,0.0,10.0
5.183863977329555,0.12531067476429172,0.21056640137730295,0.005,200.0,0.0,0.0,0.0,200.0,0.0,0.0,0.0,200.0,10.0,0.0,0.0,0.0,10.0,0.0,0.0,0.0,10.0
5.184864144024004,0.12508470583089207,0.2097397365606232,0.005,200.0,0.0,0.0,0.0,200.0,0.0,0.0,0.0,200.0,10.0,0.0,0.0,0.0,10.0,0.0,0.0,0.0,10.0
5.185864310718453,0.12485873689749256,0.20891307174394397,0.005,200.0,0.0,0.0,0.0,200.0,0.0,0.0,0.0,200.0,10.0,0.0,0.0,0.0,10.0,0.0,0.0,0.0,10.0
5.186864477412902,0.12463276796409306,0.20808640692726474,0.005,200.0,0.0,0.0,0.0,200.0,0.0,0.0,0.0,200.0,10.0,0.0,0.0,0.0,10.0,0.0,0.0,0.0,10.0
5.187864644107352,0.1244067990306934,0.20725974211058498,0.005,200.0,0.0,0.0,0.0,200.0,0.0,0.0,0.0,200.0,10.0,0.0,0.0,0.0,10.0,0.0,0.0,0.0,10.0
5.1888648108018005,0.1241808300972939,0.20643307729390575,0.005,200.0,0.0,0.0,0.0,200.0,0.0,0.0,0.0,200.0,10.0,0.0,0.0,0.0,10.0,0.0,0.0,0.0,10.0
5.189864977496249,0.12395486116389424,0.20560641247722597,0.005,200.0,0.0,0.0,0.0,200.0,0.0,0.0,0.0,200.0,10.0,0.0,0.0,0.0,10.0,0.0,0.0,0.0,10.0
5.190865144190699,0.12372889223049473,0.20477974766054677,0.005,200.0,0.0,0.0,0.0,200.0,0.0,0.0,0.0,200.0,10.0,0.0,0.0,0.0,10.0,0.0,0.0,0.0,10.0
5.191865310885148,0.12350292329709522,0.20395308284386754,0.005,200.0,0.0,0.0,0.0,200.0,0.0,0.0,0.0,200.0,10.0,0.0,0.0,0.0,10.0,0.0,0.0,0.0,10.0
5.192865477579597,0.12327695436369557,0.20312641802718776,0.005,200.0,0.0,0.0,0.0,200.0,0.0,0.0,0.0,200.0,10.0,0.0,0.0,0.0,10.0,0.0,0.0,0.0,10.0
5.193865644274046,0.12305098543029606,0.20229975321050853,0.005,200.0,0.0,0.0,0.0,200.0,0.0,0.0,0.0,200.0,10.0,0.0,0.0,0.0,10.0,0.0,0.0,0.0,10.0
5.194865810968495,0.12282501649689641,0.20147308839382877,0.005,200.0,0.0,0.0,0.0,200.0,0.0,0.0,0.0,200.0,10.0,0.0,0.0,0.0,10.0,0.0,0.0,0.0,10.0
5.195865977662944,0.1225990475634969,0.20064642357714954,0.005,200.0,0.0,0.0,0.0,200.0,0.0,0.0,0.0,200.0,10.0,0.0,0.0,0.0,10.0,0.0,0.0,0.0,10.0
5.196866144357393,0.12237307863009725,0.19981975876046976,0.005,200.0,0.0,0.0,0.0,200.0,0.0,0.0,0.0,200.0,10.0,0.0,0.0,0.0,10.0,0.0,0.0,0.0,10.0
5.197866311051842,0.12212609564647968,0.19895992907092333,0.005,200.0,0.0,0.0,0.0,200.0,0.0,0.0,0.0,200.0,10.0,0.0,0.0,0.0,10.0,0.0,0.0,0.0,10.0
5.198866477746291,0.12186134152162834,0.19807205254444596,0.005,200.0,0.0,0.0,0.0,200.0,0.0,0.0,0.0,200.0,10.0,0.0,0.0,0.0,10.0,0.0,0.0,0.0,10.0
5.19986664444074,0.1215965873967768,0.19718417601796803,0.005,200.0,0.0,0.0,0.0,200.0,0.0,0.0,0.0,200.0,10.0,0.0,0.0,0.0,10.0,0.0,0.0,0.0,10.0
5.20086681113519,0.12133183327192545,0.19629629949149066,0.005,200.0,0.0,0.0,0.0,200.0,0.0,0.0,0.0,200.0,10.0,0.0,0.0,0.0,10.0,0.0,0.0,0.0,10.0
5.2018669778296385,0.12106707914707393,0.19540842296501273,0.005,200.0,0.0,0.0,0.0,200.0,0.0,0.0,0.0,200.0,10.0,0.0,0.0,0.0,10.0,0.0,0.0,0.0,10.0
5.202867144524087,0.12080232502222259,0.19452054643853536,0.005,200.0,0.0,0.0,0.0,200.0,0.0,0.0,0.0,200.0,10.0,0.0,0.0,0.0,10.0,0.0,0.0,0.0,10.0
5.203867311218537,0.12053757089737123,0.19363266991205802,0.005,200.0,0.0,0.0,0.0,200.0,0.0,0.0,0.0,200.0,10.0,0.0,0.0,0.0,10.0,0.0,0.0,0.0,10.0
5.204867477912986,0.1202728167725197,0.19274479338558007,0.005,200.0,0.0,0.0,0.0,200.0,0.0,0.0,0.0,200.0,10.0,0.0,0.0,0.0,10.0,0.0,0.0,0.0,10.0
5.205867644607435,0.12000806264766836,0.19185691685910272,0.005,200.0,0.0,0.0,0.0,200.0,0.0,0.0,0.0,200.0,10.0,0.0,0.0,0.0,10.0,0.0,0.0,0.0,10.0
5.206867811301884,0.11974330852281684,0.19096904033262477,0.005,200.0,0.0,0.0,0.0,200.0,0.0,0.0,0.0,200.0,10.0,0.0,0.0,0.0,10.0,0.0,0.0,0.0,10.0
5.207867977996333,0.1194785543979655,0.19008116380614742,0.005,200.0,0.0,0.0,0.0,200.0,0.0,0.0,0.0,200.0,10.0,0.0,0.0,0.0,10.0,0.0,0.0,0.0,10.0
5.208868144690782,0.11921380027311414,0.18919328727967008,0.005,200.0,0.0,0.0,0.0,200.0,0.0,0.0,0.0,200.0,10.0,0.0,0.0,0.0,10.0,0.0,0.0,0.0,10.0
5.209868311385231,0.11894904614826261,0.18830541075319213,0.005,200.0,0.0,0.0,0.0,200.0,0.0,0.0,0.0,200.0,10.0,0.0,0.0,0.0,10.0,0.0,0.0,0.0,10.0
5.21086847807968,0.11868429202341127,0.18741753422671478,0.005,200.0,0.0,0.0,0.0,200.0,0.0,0.0,0.0,200.0,10.0,0.0,0.0,0.0,10.0,0.0,0.0,0.0,10.0
5.211868644774129,0.11841953789855975,0.18652965770023683,0.005,200.0,0.0,0.0,0.0,200.0,0.0,0.0,0.0,200.0,10.0,0.0,0.0,0.0,10.0,0.0,0.0,0.0,10.0
5.212868811468578,0.11815478377370839,0.18564178117375948,0.005,200.0,0.0,0.0,0.0,200.0,0.0,0.0,0.0,200.0,10.0,0.0,0.0,0.0,10.0,0.0,0.0,0.0,10.0
5.213868978163028,0.11789002964885686,0.18475390464728153,0.005,200.0,0.0,0.0,0.0,200.0,0.0,0.0,0.0,200.0,10.0,0.0,0.0,0.0,10.0,0.0,0.0,0.0,10.0
5.214869144857476,0.11762527552400552,0.1838660281208042,0.005,200.0,0.0,0.0,0.0,200.0,0.0,0.0,0.0,200.0,10.0,0.0,0.0,0.0,10.0,0.0,0.0,0.0,10.0
5.215869311551925,0.11736052139915418,0.18297815159432682,0.005,200.0,0.0,0.0,0.0,200.0,0.0,0.0,0.0,200.0,10.0,0.0,0.0,0.0,10.0,0.0,0.0,0.0,10.0
5.216869478246375,0.11709576727430265,0.1820902750678489,0.005,200.0,0.0,0.0,0.0,200.0,0.0,0.0,0.0,200.0,10.0,0.0,0.0,0.0,10.0,0.0,0.0,0.0,10.0
5.217869644940824,0.11687215637576484,0.1813356147883117,0.005,200.0,0.0,0.0,0.0,200.0,0.0,0.0,0.0,200.0,10.0,0.0,0.0,0.0,10.0,0.0,0.0,0.0,10.0
5.2188698116352725,0.11669342899684165,0.1807262813236179,0.005,200.0,0.0,0.0,0.0,200.0,0.0,0.0,0.0,200.0,10.0,0.0,0.0,0.0,10.0,0.0,0.0,0.0,10.0
5.219869978329722,0.11651470161791859,0.18011694785892451,0.005,200.0,0.0,0.0,0.0,200.0,0.0,0.0,0.0,200.0,10.0,0.0,0.0,0.0,10.0,0.0,0.0,0.0,10.0
5.220870145024171,0.11633597423899553,0.17950761439423113,0.005,200.0,0.0,0.0,0.0,200.0,0.0,0.0,0.0,200.0,10.0,0.0,0.0,0.0,10.0,0.0,0.0,0.0,10.0
5.22187031171862,0.11615724686007235,0.17889828092953733,0.005,200.0,0.0,0.0,0.0,200.0,0.0,0.0,0.0,200.0,10.0,0.0,0.0,0.0,10.0,0.0,0.0,0.0,10.0
5.222870478413069,0.11597851948114929,0.17828894746484394,0.005,200.0,0.0,0.0,0.0,200.0,0.0,0.0,0.0,200.0,10.0,0.0,0.0,0.0,10.0,0.0,0.0,0.0,10.0
5.223870645107518,0.1157997921022261,0.17767961400015014,0.005,200.0,0.0,0.0,0.0,200.0,0.0,0.0,0.0,200.0,10.0,0.0,0.0,0.0,10.0,0.0,0.0,0.0,10.0
5.224870811801967,0.11562106472330304,0.17707028053545676,0.005,200.0,0.0,0.0,0.0,200.0,0.0,0.0,0.0,200.0,10.0,0.0,0.0,0.0,10.0,0.0,0.0,0.0,10.0
5.225870978496416,0.11544233734437997,0.17646094707076337,0.005,200.0,0.0,0.0,0.0,200.0,0.0,0.0,0.0,200.0,10.0,0.0,0.0,0.0,10.0,0.0,0.0,0.0,10.0
5.226871145190866,0.1152636099654568,0.17585161360606957,0.005,200.0,0.0,0.0,0.0,200.0,0.0,0.0,0.0,200.0,10.0,0.0,0.0,0.0,10.0,0.0,0.0,0.0,10.0
5.227871311885314,0.11508488258653374,0.17524228014137616,0.005,200.0,0.0,0.0,0.0,200.0,0.0,0.0,0.0,200.0,10.0,0.0,0.0,0.0,10.0,0.0,0.0,0.0,10.0
5.228871478579763,0.11490615520761055,0.1746329466766824,0.005,200.0,0.0,0.0,0.0,200.0,0.0,0.0,0.0,200.0,10.0,0.0,0.0,0.0,10.0,0.0,0.0,0.0,10.0
5.229871645274213,0.11472742782868749,0.17402361321198898,0.005,200.0,0.0,0.0,0.0,200.0,0.0,0.0,0.0,200.0,10.0,0.0,0.0,0.0,10.0,0.0,0.0,0.0,10.0
5.230871811968662,0.11454870044976431,0.17341427974729517,0.005,200.0,0.0,0.0,0.0,200.0,0.0,0.0,0.0,200.0,10.0,0.0,0.0,0.0,10.0,0.0,0.0,0.0,10.0
5.2318719786631105,0.11436997307084125,0.1728049462826018,0.005,200.0,0.0,0.0,0.0,200.0,0.0,0.0,0.0,200.0,10.0,0.0,0.0,0.0,10.0,0.0,0.0,0.0,10.0
5.23287214535756,0.11419124569191819,0.1721956128179084,0.005,200.0,0.0,0.0,0.0,200.0,0.0,0.0,0.0,200.0,10.0,0.0,0.0,0.0,10.0,0.0,0.0,0.0,10.0
5.233872312052009,0.114012518312995,0.1715862793532146,0.005,200.0,0.0,0.0,0.0,200.0,0.0,0.0,0.0,200.0,10.0,0.0,0.0,0.0,10.0,0.0,0.0,0.0,10.0
5.234872478746458,0.11383379093407194,0.17097694588852122,0.005,200.0,0.0,0.0,0.0,200.0,0.0,0.0,0.0,200.0,10.0,0.0,0.0,0.0,10.0,0.0,0.0,0.0,10.0
5.235872645440907,0.11365506355514876,0.17036761242382742,0.005,200.0,0.0,0.0,0.0,200.0,0.0,0.0,0.0,200.0,10.0,0.0,0.0,0.0,10.0,0.0,0.0,0.0,10.0
5.236872812135356,0.1134763361762257,0.16975827895913403,0.005,200.0,0.0,0.0,0.0,200.0,0.0,0.0,0.0,200.0,10.0,0.0,0.0,0.0,10.0,0.0,0.0,0.0,10.0
5.237872978829805,0.11328716483945193,0.16909575917399286,0.005,200.0,0.0,0.0,0.0,200.0,0.0,0.0,0.0,200.0,10.0,0.0,0.0,0.0,10.0,0.0,0.0,0.0,10.0
5.238873145524254,0.11308325404603391,0.1683581780495096,0.005,200.0,0.0,0.0,0.0,200.0,0.0,0.0,0.0,200.0,10.0,0.0,0.0,0.0,10.0,0.0,0.0,0.0,10.0
5.239873312218704,0.11287934325261602,0.16762059692502682,0.005,200.0,0.0,0.0,0.0,200.0,0.0,0.0,0.0,200.0,10.0,0.0,0.0,0.0,10.0,0.0,0.0,0.0,10.0
5.240873478913152,0.11267543245919798,0.16688301580054354,0.005,200.0,0.0,0.0,0.0,200.0,0.0,0.0,0.0,200.0,10.0,0.0,0.0,0.0,10.0,0.0,0.0,0.0,10.0
5.241873645607601,0.11247152166578009,0.16614543467606077,0.005,200.0,0.0,0.0,0.0,200.0,0.0,0.0,0.0,200.0,10.0,0.0,0.0,0.0,10.0,0.0,0.0,0.0,10.0
5.242873812302051,0.1122676108723622,0.165407853551578,0.005,200.0,0.0,0.0,0.0,200.0,0.0,0.0,0.0,200.0,10.0,0.0,0.0,0.0,10.0,0.0,0.0,0.0,10.0
5.2438739789965,0.11206370007894417,0.16467027242709473,0.005,200.0,0.0,0.0,0.0,200.0,0.0,0.0,0.0,200.0,10.0,0.0,0.0,0.0,10.0,0.0,0.0,0.0,10.0
5.2448741456909485,0.11185978928552627,0.16393269130261195,0.005,200.0,0.0,0.0,0.0,200.0,0.0,0.0,0.0,200.0,10.0,0.0,0.0,0.0,10.0,0.0,0.0,0.0,10.0
5.245874312385398,0.11165587849210824,0.16319511017812868,0.005,200.0,0.0,0.0,0.0,200.0,0.0,0.0,0.0,200.0,10.0,0.0,0.0,0.0,10.0,0.0,0.0,0.0,10.0
5.246874479079847,0.11145196769869035,0.1624575290536459,0.005,200.0,0.0,0.0,0.0,200.0,0.0,0.0,0.0,200.0,10.0,0.0,0.0,0.0,10.0,0.0,0.0,0.0,10.0
5.247874645774296,0.11124805690527245,0.16171994792916314,0.005,200.0,0.0,0.0,0.0,200.0,0.0,0.0,0.0,200.0,10.0,0.0,0.0,0.0,10.0,0.0,0.0,0.0,10.0
5.248874812468745,0.11104414611185442,0.16098236680467987,0.005,200.0,0.0,0.0,0.0,200.0,0.0,0.0,0.0,200.0,10.0,0.0,0.0,0.0,10.0,0.0,0.0,0.0,10.0
5.249874979163194,0.11084023531843654,0.1602447856801971,0.005,200.0,0.0,0.0,0.0,200.0,0.0,0.0,0.0,200.0,10.0,0.0,0.0,0.0,10.0,0.0,0.0,0.0,10.0
5.250875145857643,0.11063632452501851,0.15950720455571382,0.005,200.0,0.0,0.0,0.0,200.0,0.0,0.0,0.0,200.0,10.0,0.0,0.0,0.0,10.0,0.0,0.0,0.0,10.0
5.251875312552092,0.1104324137316006,0.15876962343123102,0.005,200.0,0.0,0.0,0.0,200.0,0.0,0.0,0.0,200.0,10.0,0.0,0.0,0.0,10.0,0.0,0.0,0.0,10.0
5.2528754792465415,0.11022850293818258,0.15803204230674778,0.005,200.0,0.0,0.0,0.0,200.0,0.0,0.0,0.0,200.0,10.0,0.0,0.0,0.0,10.0,0.0,0.0,0.0,10.0
5.25387564594099,0.11002459214476469,0.15729446118226498,0.005,200.0,0.0,0.0,0.0,200.0,0.0,0.0,0.0,200.0,10.0,0.0,0.0,0.0,10.0,0.0,0.0,0.0,10.0
5.254875812635439,0.10982068135134679,0.1565568800577822,0.005,200.0,0.0,0.0,0.0,200.0,0.0,0.0,0.0,200.0,10.0,0.0,0.0,0.0,10.0,0.0,0.0,0.0,10.0
5.255875979329889,0.10961677055792876,0.15581929893329893,0.005,200.0,0.0,0.0,0.0,200.0,0.0,0.0,0.0,200.0,10.0,0.0,0.0,0.0,10.0,0.0,0.0,0.0,10.0
5.256876146024338,0.10941285976451087,0.15508171780881616,0.005,200.0,0.0,0.0,0.0,200.0,0.0,0.0,0.0,200.0,10.0,0.0,0.0,0.0,10.0,0.0,0.0,0.0,10.0
5.257876312718786,0.10920323558421222,0.15430840363023968,0.005,200.0,0.0,0.0,0.0,200.0,0.0,0.0,0.0,200.0,10.0,0.0,0.0,0.0,10.0,0.0,0.0,0.0,10.0
5.258876479413236,0.10898305524148667,0.15346906838029156,0.005,200.0,0.0,0.0,0.0,200.0,0.0,0.0,0.0,200.0,10.0,0.0,0.0,0.0,10.0,0.0,0.0,0.0,10.0
5.259876646107685,0.10876287489876113,0.15262973313034342,0.005,200.0,0.0,0.0,0.0,200.0,0.0,0.0,0.0,200.0,10.0,0.0,0.0,0.0,10.0,0.0,0.0,0.0,10.0
5.260876812802134,0.10854269455603545,0.15179039788039475,0.005,200.0,0.0,0.0,0.0,200.0,0.0,0.0,0.0,200.0,10.0,0.0,0.0,0.0,10.0,0.0,0.0,0.0,10.0
5.261876979496583,0.1083225142133099,0.15095106263044664,0.005,200.0,0.0,0.0,0.0,200.0,0.0,0.0,0.0,200.0,10.0,0.0,0.0,0.0,10.0,0.0,0.0,0.0,10.0
5.262877146191032,0.10810233387058421,0.15011172738049794,0.005,200.0,0.0,0.0,0.0,200.0,0.0,0.0,0.0,200.0,10.0,0.0,0.0,0.0,10.0,0.0,0.0,0.0,10.0
5.263877312885481,0.10788215352785867,0.14927239213054982,0.005,200.0,0.0,0.0,0.0,200.0,0.0,0.0,0.0,200.0,10.0,0.0,0.0,0.0,10.0,0.0,0.0,0.0,10.0
5.26487747957993,0.10766197318513313,0.1484330568806017,0.005,200.0,0.0,0.0,0.0,200.0,0.0,0.0,0.0,200.0,10.0,0.0,0.0,0.0,10.0,0.0,0.0,0.0,10.0
5.2658776462743795,0.10744179284240743,0.147593721630653,0.005,200.0,0.0,0.0,0.0,200.0,0.0,0.0,0.0,200.0,10.0,0.0,0.0,0.0,10.0,0.0,0.0,0.0,10.0
5.266877812968828,0.10722161249968189,0.1467543863807049,0.005,200.0,0.0,0.0,0.0,200.0,0.0,0.0,0.0,200.0,10.0,0.0,0.0,0.0,10.0,0.0,0.0,0.0,10.0
5.267877979663277,0.1070014321569562,0.14591505113075623,0.005,200.0,0.0,0.0,0.0,200.0,0.0,0.0,0.0,200.0,10.0,0.0,0.0,0.0,10.0,0.0,0.0,0.0,10.0
5.268878146357727,0.10678125181423066,0.14507571588080811,0.005,200.0,0.0,0.0,0.0,200.0,0.0,0.0,0.0,200.0,10.0,0.0,0.0,0.0,10.0,0.0,0.0,0.0,10.0
5.269878313052176,0.10656107147150497,0.14423638063085942,0.005,200.0,0.0,0.0,0.0,200.0,0.0,0.0,0.0,200.0,10.0,0.0,0.0,0.0,10.0,0.0,0.0,0.0,10.0
5.270878479746624,0.10634089112877942,0.1433970453809113,0.005,200.0,0.0,0.0,0.0,200.0,0.0,0.0,0.0,200.0,10.0,0.0,0.0,0.0,10.0,0.0,0.0,0.0,10.0
5.271878646441074,0.10612071078605388,0.1425577101309632,0.005,200.0,0.0,0.0,0.0,200.0,0.0,0.0,0.0,200.0,10.0,0.0,0.0,0.0,10.0,0.0,0.0,0.0,10.0
5.272878813135523,0.10590053044332819,0.1417183748810145,0.005,200.0,0.0,0.0,0.0,200.0,0.0,0.0,0.0,200.0,10.0,0.0,0.0,0.0,10.0,0.0,0.0,0.0,10.0
5.273878979829972,0.10568035010060264,0.14087903963106638,0.005,200.0,0.0,0.0,0.0,200.0,0.0,0.0,0.0,200.0,10.0,0.0,0.0,0.0,10.0,0.0,0.0,0.0,10.0
5.274879146524421,0.10546016975787696,0.1400397043811177,0.005,200.0,0.0,0.0,0.0,200.0,0.0,0.0,0.0,200.0,10.0,0.0,0.0,0.0,10.0,0.0,0.0,0.0,10.0
5.27587931321887,0.10523998941515142,0.13920036913116957,0.005,200.0,0.0,0.0,0.0,200.0,0.0,0.0,0.0,200.0,10.0,0.0,0.0,0.0,10.0,0.0,0.0,0.0,10.0
5.276879479913319,0.10501980907242588,0.13836103388122145,0.005,200.0,0.0,0.0,0.0,200.0,0.0,0.0,0.0,200.0,10.0,0.0,0.0,0.0,10.0,0.0,0.0,0.0,10.0
5.277879646607768,0.10485103569401961,0.1375266235085163,0.005,200.0,0.0,0.0,0.0,200.0,0.0,0.0,0.0,200.0,10.0,0.0,0.0,0.0,10.0,0.0,0.0,0.0,10.0
5.2788798133022174,0.10480958421561376,0.13670441079689163,0.005,200.0,0.0,0.0,0.0,200.0,0.0,0.0,0.0,200.0,10.0,0.0,0.0,0.0,10.0,0.0,0.0,0.0,10.0
5.279879979996666,0.10476813273720788,0.1358821980852664,0.005,200.0,0.0,0.0,0.0,200.0,0.0,0.0,0.0,200.0,10.0,0.0,0.0,0.0,10.0,0.0,0.0,0.0,10.0
5.280880146691115,0.10472668125880204,0.13505998537364172,0.005,200.0,0.0,0.0,0.0,200.0,0.0,0.0,0.0,200.0,10.0,0.0,0.0,0.0,10.0,0.0,0.0,0.0,10.0
5.281880313385565,0.10468522978039618,0.13423777266201703,0.005,200.0,0.0,0.0,0.0,200.0,0.0,0.0,0.0,200.0,10.0,0.0,0.0,0.0,10.0,0.0,0.0,0.0,10.0
5.2828804800800135,0.10464377830199031,0.13341555995039178,0.005,200.0,0.0,0.0,0.0,200.0,0.0,0.0,0.0,200.0,10.0,0.0,0.0,0.0,10.0,0.0,0.0,0.0,10.0
5.283880646774462,0.10460232682358446,0.13259334723876712,0.005,200.0,0.0,0.0,0.0,200.0,0.0,0.0,0.0,200.0,10.0,0.0,0.0,0.0,10.0,0.0,0.0,0.0,10.0
5.284880813468912,0.10456087534517858,0.13177113452714187,0.005,200.0,0.0,0.0,0.0,200.0,0.0,0.0,0.0,200.0,10.0,0.0,0.0,0.0,10.0,0.0,0.0,0.0,10.0
5.285880980163361,0.10451942386677274,0.1309489218155172,0.005,200.0,0.0,0.0,0.0,200.0,0.0,0.0,0.0,200.0,10.0,0.0,0.0,0.0,10.0,0.0,0.0,0.0,10.0
5.28688114685781,0.10447797238836685,0.13012670910389196,0.005,200.0,0.0,0.0,0.0,200.0,0.0,0.0,0.0,200.0,10.0,0.0,0.0,0.0,10.0,0.0,0.0,0.0,10.0
5.287881313552259,0.10443652090996101,0.12930449639226727,0.005,200.0,0.0,0.0,0.0,200.0,0.0,0.0,0.0,200.0,10.0,0.0,0.0,0.0,10.0,0.0,0.0,0.0,10.0
5.288881480246708,0.10439506943155516,0.1284822836806426,0.005,200.0,0.0,0.0,0.0,200.0,0.0,0.0,0.0,200.0,10.0,0.0,0.0,0.0,10.0,0.0,0.0,0.0,10.0
5.289881646941157,0.10435361795314928,0.12766007096901735,0.005,200.0,0.0,0.0,0.0,200.0,0.0,0.0,0.0,200.0,10.0,0.0,0.0,0.0,10.0,0.0,0.0,0.0,10.0
5.290881813635606,0.10431216647474344,0.1268378582573927,0.005,200.0,0.0,0.0,0.0,200.0,0.0,0.0,0.0,200.0,10.0,0.0,0.0,0.0,10.0,0.0,0.0,0.0,10.0
5.291881980330055,0.10427071499633755,0.12601564554576744,0.005,200.0,0.0,0.0,0.0,200.0,0.0,0.0,0.0,200.0,10.0,0.0,0.0,0.0,10.0,0.0,0.0,0.0,10.0
5.292882147024504,0.10422926351793171,0.12519343283414275,0.005,200.0,0.0,0.0,0.0,200.0,0.0,0.0,0.0,200.0,10.0,0.0,0.0,0.0,10.0,0.0,0.0,0.0,10.0
5.293882313718953,0.10418781203952586,0.12437122012251807,0.005,200.0,0.0,0.0,0.0,200.0,0.0,0.0,0.0,200.0,10.0,0.0,0.0,0.0,10.0,0.0,0.0,0.0,10.0
5.294882480413403,0.10414636056111998,0.12354900741089284,0.005,200.0,0.0,0.0,0.0,200.0,0.0,0.0,0.0,200.0,10.0,0.0,0.0,0.0,10.0,0.0,0.0,0.0,10.0
5.2958826471078515,0.10410490908271414,0.12272679469926816,0.005,200.0,0.0,0.0,0.0,200.0,0.0,0.0,0.0,200.0,10.0,0.0,0.0,0.0,10.0,0.0,0.0,0.0,10.0
5.2968828138023,0.10406345760430825,0.12190458198764292,0.005,200.0,0.0,0.0,0.0,200.0,0.0,0.0,0.0,200.0,10.0,0.0,0.0,0.0,10.0,0.0,0.0,0.0,10.0
5.29788298049675,0.10400527751451731,0.12109807546132996,0.005,200.0,0.0,0.0,0.0,200.0,0.0,0.0,0.0,200.0,10.0,0.0,0.0,0.0,10.0,0.0,0.0,0.0,10.0
5.298883147191199,0.10388917148679591,0.12034595453191721,0.005,200.0,0.0,0.0,0.0,200.0,0.0,0.0,0.0,200.0,10.0,0.0,0.0,0.0,10.0,0.0,0.0,0.0,10.0
5.299883313885648,0.10377306545907444,0.11959383360250396,0.005,200.0,0.0,0.0,0.0,200.0,0.0,0.0,0.0,200.0,10.0,0.0,0.0,0.0,10.0,0.0,0.0,0.0,10.0
5.300883480580097,0.10365695943135306,0.11884171267309122,0.005,200.0,0.0,0.0,0.0,200.0,0.0,0.0,0.0,200.0,10.0,0.0,0.0,0.0,10.0,0.0,0.0,0.0,10.0
5.301883647274546,0.10354085340363159,0.11808959174367797,0.005,200.0,0.0,0.0,0.0,200.0,0.0,0.0,0.0,200.0,10.0,0.0,0.0,0.0,10.0,0.0,0.0,0.0,10.0
5.302883813968995,0.10342474737591019,0.11733747081426524,0.005,200.0,0.0,0.0,0.0,200.0,0.0,0.0,0.0,200.0,10.0,0.0,0.0,0.0,10.0,0.0,0.0,0.0,10.0
5.303883980663444,0.10330864134818872,0.11658534988485199,0.005,200.0,0.0,0.0,0.0,200.0,0.0,0.0,0.0,200.0,10.0,0.0,0.0,0.0,10.0,0.0,0.0,0.0,10.0
5.304884147357893,0.10319253532046732,0.11583322895543924,0.005,200.0,0.0,0.0,0.0,200.0,0.0,0.0,0.0,200.0,10.0,0.0,0.0,0.0,10.0,0.0,0.0,0.0,10.0
5.305884314052342,0.10307642929274594,0.1150811080260265,0.005,200.0,0.0,0.0,0.0,200.0,0.0,0.0,0.0,200.0,10.0,0.0,0.0,0.0,10.0,0.0,0.0,0.0,10.0
5.306884480746791,0.10296032326502447,0.11432898709661325,0.005,200.0,0.0,0.0,0.0,200.0,0.0,0.0,0.0,200.0,10.0,0.0,0.0,0.0,10.0,0.0,0.0,0.0,10.0
5.307884647441241,0.10284421723730307,0.11357686616720052,0.005,200.0,0.0,0.0,0.0,200.0,0.0,0.0,0.0,200.0,10.0,0.0,0.0,0.0,10.0,0.0,0.0,0.0,10.0
5.3088848141356895,0.1027281112095816,0.11282474523778727,0.005,200.0,0.0,0.0,0.0,200.0,0.0,0.0,0.0,200.0,10.0,0.0,0.0,0.0,10.0,0.0,0.0,0.0,10.0
5.309884980830138,0.1026120051818602,0.11207262430837452,0.005,200.0,0.0,0.0,0.0,200.0,0.0,0.0,0.0,200.0,10.0,0.0,0.0,0.0,10.0,0.0,0.0,0.0,10.0
5.310885147524588,0.10249589915413881,0.11132050337896178,0.005,200.0,0.0,0.0,0.0,200.0,0.0,0.0,0.0,200.0,10.0,0.0,0.0,0.0,10.0,0.0,0.0,0.0,10.0
5.311885314219037,0.10237979312641735,0.11056838244954853,0.005,200.0,0.0,0.0,0.0,200.0,0.0,0.0,0.0,200.0,10.0,0.0,0.0,0.0,10.0,0.0,0.0,0.0,10.0
5.312885480913486,0.10226368709869595,0.1098162615201358,0.005,200.0,0.0,0.0,0.0,200.0,0.0,0.0,0.0,200.0,10.0,0.0,0.0,0.0,10.0,0.0,0.0,0.0,10.0
5.313885647607935,0.10214758107097448,0.10906414059072254,0.005,200.0,0.0,0.0,0.0,200.0,0.0,0.0,0.0,200.0,10.0,0.0,0.0,0.0,10.0,0.0,0.0,0.0,10.0
5.314885814302384,0.10203147504325309,0.1083120196613098,0.005,200.0,0.0,0.0,0.0,200.0,0.0,0.0,0.0,200.0,10.0,0.0,0.0,0.0,10.0,0.0,0.0,0.0,10.0
5.315885980996833,0.10191536901553169,0.10755989873189706,0.005,200.0,0.0,0.0,0.0,200.0,0.0,0.0,0.0,200.0,10.0,0.0,0.0,0.0,10.0,0.0,0.0,0.0,10.0
5.316886147691282,0.10179926298781022,0.10680777780248381,0.005,200.0,0.0,0.0,0.0,200.0,0.0,0.0,0.0,200.0,10.0,0.0,0.0,0.0,10.0,0.0,0.0,0.0,10.0
5.317886314385731,0.10168104612702111,0.10607236815151685,0.005,200.0,0.0,0.0,0.0,200.0,0.0,0.0,0.0,200.0,10.0,0.0,0.0,0.0,10.0,0.0,0.0,0.0,10.0
5.31888648108018,0.10155179136831531,0.10542434456075563,0.005,200.0,0.0,0.0,0.0,200.0,0.0,0.0,0.0,200.0,10.0,0.0,0.0,0.0,10.0,0.0,0.0,0.0,10.0
5.319886647774629,0.10142253660960959,0.10477632096999483,0.005,200.0,0.0,0.0,0.0,200.0,0.0,0.0,0.0,200.0,10.0,0.0,0.0,0.0,10.0,0.0,0.0,0.0,10.0
5.320886814469079,0.10129328185090379,0.10412829737923358,0.005,200.0,0.0,0.0,0.0,200.0,0.0,0.0,0.0,200.0,10.0,0.0,0.0,0.0,10.0,0.0,0.0,0.0,10.0
5.321886981163527,0.10116402709219807,0.10348027378847278,0.005,200.0,0.0,0.0,0.0,200.0,0.0,0.0,0.0,200.0,10.0,0.0,0.0,0.0,10.0,0.0,0.0,0.0,10.0
5.322887147857976,0.10103477233349235,0.10283225019771199,0.005,200.0,0.0,0.0,0.0,200.0,0.0,0.0,0.0,200.0,10.0,0.0,0.0,0.0,10.0,0.0,0.0,0.0,10.0
5.323887314552426,0.10090551757478655,0.10218422660695076,0.005,200.0,0.0,0.0,0.0,200.0,0.0,0.0,0.0,200.0,10.0,0.0,0.0,0.0,10.0,0.0,0.0,0.0,10.0
5.324887481246875,0.10077626281608083,0.10153620301618994,0.005,200.0,0.0,0.0,0.0,200.0,0.0,0.0,0.0,200.0,10.0,0.0,0.0,0.0,10.0,0.0,0.0,0.0,10.0
5.3258876479413235,0.10064700805737502,0.10088817942542871,0.005,200.0,0.0,0.0,0.0,200.0,0.0,0.0,0.0,200.0,10.0,0.0,0.0,0.0,10.0,0.0,0.0,0.0,10.0
5.326887814635773,0.1005177532986693,0.10024015583466792,0.005,200.0,0.0,0.0,0.0,200.0,0.0,0.0,0.0,200.0,10.0,0.0,0.0,0.0,10.0,0.0,0.0,0.0,10.0
5.327887981330222,0.1003884985399636,0.09959213224390712,0.005,200.0,0.0,0.0,0.0,200.0,0.0,0.0,0.0,200.0,10.0,0.0,0.0,0.0,10.0,0.0,0.0,0.0,10.0
5.328888148024671,0.10025924378125778,0.09894410865314587,0.005,200.0,0.0,0.0,0.0,200.0,0.0,0.0,0.0,200.0,10.0,0.0,0.0,0.0,10.0,0.0,0.0,0.0,10.0
5.32988831471912,0.10012998902255206,0.09829608506238507,0.005,200.0,0.0,0.0,0.0,200.0,0.0,0.0,0.0,200.0,10.0,0.0,0.0,0.0,10.0,0.0,0.0,0.0,10.0
5.330888481413569,0.10000073426384626,0.09764806147162385,0.005,200.0,0.0,0.0,0.0,200.0,0.0,0.0,0.0,200.0,10.0,0.0,0.0,0.0,10.0,0.0,0.0,0.0,10.0
5.331888648108018,0.09987147950514054,0.09700003788086303,0.005,200.0,0.0,0.0,0.0,200.0,0.0,0.0,0.0,200.0,10.0,0.0,0.0,0.0,10.0,0.0,0.0,0.0,10.0
5.332888814802467,0.09974222474643482,0.09635201429010223,0.005,200.0,0.0,0.0,0.0,200.0,0.0,0.0,0.0,200.0,10.0,0.0,0.0,0.0,10.0,0.0,0.0,0.0,10.0
5.333888981496917,0.09961296998772902,0.095703990699341,0.005,200.0,0.0,0.0,0.0,200.0,0.0,0.0,0.0,200.0,10.0,0.0,0.0,0.0,10.0,0.0,0.0,0.0,10.0
5.334889148191365,0.0994837152290233,0.0950559671085802,0.005,200.0,0.0,0.0,0.0,200.0,0.0,0.0,0.0,200.0,10.0,0.0,0.0,0.0,10.0,0.0,0.0,0.0,10.0
5.335889314885814,0.0993544604703175,0.09440794351781898,0.005,200.0,0.0,0.0,0.0,200.0,0.0,0.0,0.0,200.0,10.0,0.0,0.0,0.0,10.0,0.0,0.0,0.0,10.0
5.336889481580264,0.09922520571161178,0.09375991992705816,0.005,200.0,0.0,0.0,0.0,200.0,0.0,0.0,0.0,200.0,10.0,0.0,0.0,0.0,10.0,0.0,0.0,0.0,10.0
5.337889648274713,0.09909981977027499,0.09309113501091523,0.005,200.0,0.0,0.0,0.0,200.0,0.0,0.0,0.0,200.0,10.0,0.0,0.0,0.0,10.0,0.0,0.0,0.0,10.0
5.3388898149691615,0.0990104538527185,0.09222905499639247,0.005,200.0,0.0,0.0,0.0,200.0,0.0,0.0,0.0,200.0,10.0,0.0,0.0,0.0,10.0,0.0,0.0,0.0,10.0
5.339889981663611,0.09892108793516202,0.09136697498186971,0.005,200.0,0.0,0.0,0.0,200.0,0.0,0.0,0.0,200.0,10.0,0.0,0.0,0.0,10.0,0.0,0.0,0.0,10.0
5.34089014835806,0.09883172201760548,0.09050489496734637,0.005,200.0,0.0,0.0,0.0,200.0,0.0,0.0,0.0,200.0,10.0,0.0,0.0,0.0,10.0,0.0,0.0,0.0,10.0
5.341890315052509,0.09874235610004901,0.08964281495282361,0.005,200.0,0.0,0.0,0.0,200.0,0.0,0.0,0.0,200.0,10.0,0.0,0.0,0.0,10.0,0.0,0.0,0.0,10.0
5.3428904817469585,0.09865299018249248,0.08878073493830027,0.005,200.0,0.0,0.0,0.0,200.0,0.0,0.0,0.0,200.0,10.0,0.0,0.0,0.0,10.0,0.0,0.0,0.0,10.0
5.343890648441407,0.09856362426493599,0.08791865492377751,0.005,200.0,0.0,0.0,0.0,200.0,0.0,0.0,0.0,200.0,10.0,0.0,0.0,0.0,10.0,0.0,0.0,0.0,10.0
5.344890815135856,0.09847425834737951,0.08705657490925474,0.005,200.0,0.0,0.0,0.0,200.0,0.0,0.0,0.0,200.0,10.0,0.0,0.0,0.0,10.0,0.0,0.0,0.0,10.0
5.345890981830305,0.09838489242982297,0.08619449489473141,0.005,200.0,0.0,0.0,0.0,200.0,0.0,0.0,0.0,200.0,10.0,0.0,0.0,0.0,10.0,0.0,0.0,0.0,10.0
5.3468911485247546,0.0982955265122665,0.08533241488020865,0.005,200.0,0.0,0.0,0.0,200.0,0.0,0.0,0.0,200.0,10.0,0.0,0.0,0.0,10.0,0.0,0.0,0.0,10.0
5.347891315219203,0.09820616059470996,0.08447033486568531,0.005,200.0,0.0,0.0,0.0,200.0,0.0,0.0,0.0,200.0,10.0,0.0,0.0,0.0,10.0,0.0,0.0,0.0,10.0
5.348891481913652,0.09811679467715348,0.08360825485116255,0.005,200.0,0.0,0.0,0.0,200.0,0.0,0.0,0.0,200.0,10.0,0.0,0.0,0.0,10.0,0.0,0.0,0.0,10.0
5.349891648608102,0.098027428759597,0.08274617483663978,0.005,200.0,0.0,0.0,0.0,200.0,0.0,0.0,0.0,200.0,10.0,0.0,0.0,0.0,10.0,0.0,0.0,0.0,10.0
5.350891815302551,0.09793806284204046,0.08188409482211645,0.005,200.0,0.0,0.0,0.0,200.0,0.0,0.0,0.0,200.0,10.0,0.0,0.0,0.0,10.0,0.0,0.0,0.0,10.0
5.3518919819969994,0.09784869692448399,0.08102201480759368,0.005,200.0,0.0,0.0,0.0,200.0,0.0,0.0,0.0,200.0,10.0,0.0,0.0,0.0,10.0,0.0,0.0,0.0,10.0
5.352892148691449,0.09775933100692745,0.08015993479307035,0.005,200.0,0.0,0.0,0.0,200.0,0.0,0.0,0.0,200.0,10.0,0.0,0.0,0.0,10.0,0.0,0.0,0.0,10.0
5.353892315385898,0.09766996508937097,0.07929785477854757,0.005,200.0,0.0,0.0,0.0,200.0,0.0,0.0,0.0,200.0,10.0,0.0,0.0,0.0,10.0,0.0,0.0,0.0,10.0
5.354892482080347,0.09758059917181443,0.07843577476402425,0.005,200.0,0.0,0.0,0.0,200.0,0.0,0.0,0.0,200.0,10.0,0.0,0.0,0.0,10.0,0.0,0.0,0.0,10.0
5.355892648774796,0.09749123325425794,0.07757369474950147,0.005,200.0,0.0,0.0,0.0,200.0,0.0,0.0,0.0,200.0,10.0,0.0,0.0,0.0,10.0,0.0,0.0,0.0,10.0
5.356892815469245,0.09740186733670148,0.07671161473497871,0.005,200.0,0.0,0.0,0.0,200.0,0.0,0.0,0.0,200.0,10.0,0.0,0.0,0.0,10.0,0.0,0.0,0.0,10.0
5.357892982163694,0.09731155493832123,0.07585205984505057,0.005,200.0,0.0,0.0,0.0,200.0,0.0,0.0,0.0,200.0,10.0,0.0,0.0,0.0,10.0,0.0,0.0,0.0,10.0
5.358893148858143,0.0971938892441365,0.07506548105592346,0.005,200.0,0.0,0.0,0.0,200.0,0.0,0.0,0.0,200.0,10.0,0.0,0.0,0.0,10.0,0.0,0.0,0.0,10.0
5.3598933155525925,0.09707622354995168,0.07427890226679582,0.005,200.0,0.0,0.0,0.0,200.0,0.0,0.0,0.0,200.0,10.0,0.0,0.0,0.0,10.0,0.0,0.0,0.0,10.0
5.360893482247041,0.09695855785576694,0.0734923234776687,0.005,200.0,0.0,0.0,0.0,200.0,0.0,0.0,0.0,200.0,10.0,0.0,0.0,0.0,10.0,0.0,0.0,0.0,10.0
5.36189364894149,0.0968408921615822,0.07270574468854159,0.005,200.0,0.0,0.0,0.0,200.0,0.0,0.0,0.0,200.0,10.0,0.0,0.0,0.0,10.0,0.0,0.0,0.0,10.0
5.36289381563594,0.09672322646739738,0.07191916589941394,0.005,200.0,0.0,0.0,0.0,200.0,0.0,0.0,0.0,200.0,10.0,0.0,0.0,0.0,10.0,0.0,0.0,0.0,10.0
5.363893982330389,0.09660556077321264,0.07113258711028682,0.005,200.0,0.0,0.0,0.0,200.0,0.0,0.0,0.0,200.0,10.0,0.0,0.0,0.0,10.0,0.0,0.0,0.0,10.0
5.364894149024837,0.09648789507902783,0.07034600832115918,0.005,200.0,0.0,0.0,0.0,200.0,0.0,0.0,0.0,200.0,10.0,0.0,0.0,0.0,10.0,0.0,0.0,0.0,10.0
5.365894315719287,0.09637022938484309,0.06955942953203206,0.005,200.0,0.0,0.0,0.0,200.0,0.0,0.0,0.0,200.0,10.0,0.0,0.0,0.0,10.0,0.0,0.0,0.0,10.0
5.366894482413736,0.09625256369065835,0.06877285074290496,0.005,200.0,0.0,0.0,0.0,200.0,0.0,0.0,0.0,200.0,10.0,0.0,0.0,0.0,10.0,0.0,0.0,0.0,10.0
5.367894649108185,0.09613489799647353,0.06798627195377731,0.005,200.0,0.0,0.0,0.0,200.0,0.0,0.0,0.0,200.0,10.0,0.0,0.0,0.0,10.0,0.0,0.0,0.0,10.0
5.368894815802634,0.09601723230228879,0.06719969316465019,0.005,200.0,0.0,0.0,0.0,200.0,0.0,0.0,0.0,200.0,10.0,0.0,0.0,0.0,10.0,0.0,0.0,0.0,10.0
5.369894982497083,0.09589956660810398,0.06641311437552255,0.005,200.0,0.0,0.0,0.0,200.0,0.0,0.0,0.0,200.0,10.0,0.0,0.0,0.0,10.0,0.0,0.0,0.0,10.0
5.370895149191532,0.09578190091391924,0.06562653558639543,0.005,200.0,0.0,0.0,0.0,200.0,0.0,0.0,0.0,200.0,10.0,0.0,0.0,0.0,10.0,0.0,0.0,0.0,10.0
5.371895315885981,0.09566423521973441,0.0648399567972678,0.005,200.0,0.0,0.0,0.0,200.0,0.0,0.0,0.0,200.0,10.0,0.0,0.0,0.0,10.0,0.0,0.0,0.0,10.0
5.3728954825804305,0.09554656952554967,0.06405337800814068,0.005,200.0,0.0,0.0,0.0,200.0,0.0,0.0,0.0,200.0,10.0,0.0,0.0,0.0,10.0,0.0,0.0,0.0,10.0
5.373895649274879,0.09542890383136493,0.06326679921901356,0.005,200.0,0.0,0.0,0.0,200.0,0.0,0.0,0.0,200.0,10.0,0.0,0.0,0.0,10.0,0.0,0.0,0.0,10.0
5.374895815969328,0.09531123813718012,0.062480220429885915,0.005,200.0,0.0,0.0,0.0,200.0,0.0,0.0,0.0,200.0,10.0,0.0,0.0,0.0,10.0,0.0,0.0,0.0,10.0
5.375895982663778,0.09519357244299538,0.0616936416407588,0.005,200.0,0.0,0.0,0.0,200.0,0.0,0.0,0.0,200.0,10.0,0.0,0.0,0.0,10.0,0.0,0.0,0.0,10.0
5.376896149358227,0.09507590674881056,0.06090706285163116,0.005,200.0,0.0,0.0,0.0,200.0,0.0,0.0,0.0,200.0,10.0,0.0,0.0,0.0,10.0,0.0,0.0,0.0,10.0
5.377896316052675,0.09495824105462582,0.060120484062504045,0.005,200.0,0.0,0.0,0.0,200.0,0.0,0.0,0.0,200.0,10.0,0.0,0.0,0.0,10.0,0.0,0.0,0.0,10.0
5.378896482747125,0.0948308478506193,0.059510588085806455,0.005,200.0,0.0,0.0,0.0,200.0,0.0,0.0,0.0,200.0,10.0,0.0,0.0,0.0,10.0,0.0,0.0,0.0,10.0
5.379896649441574,0.09470315275837685,0.05890617536880451,0.005,200.0,0.0,0.0,0.0,200.0,0.0,0.0,0.0,200.0,10.0,0.0,0.0,0.0,10.0,0.0,0.0,0.0,10.0
5.380896816136023,0.09457545766613447,0.05830176265180298,0.005,200.0,0.0,0.0,0.0,200.0,0.0,0.0,0.0,200.0,10.0,0.0,0.0,0.0,10.0,0.0,0.0,0.0,10.0
5.381896982830472,0.09444776257389201,0.057697349934801044,0.005,200.0,0.0,0.0,0.0,200.0,0.0,0.0,0.0,200.0,10.0,0.0,0.0,0.0,10.0,0.0,0.0,0.0,10.0
5.382897149524921,0.09432006748164964,0.05709293721779951,0.005,200.0,0.0,0.0,0.0,200.0,0.0,0.0,0.0,200.0,10.0,0.0,0.0,0.0,10.0,0.0,0.0,0.0,10.0
5.38389731621937,0.09419237238940727,0.05648852450079798,0.005,200.0,0.0,0.0,0.0,200.0,0.0,0.0,0.0,200.0,10.0,0.0,0.0,0.0,10.0,0.0,0.0,0.0,10.0
5.384897482913819,0.0940646772971648,0.05588411178379604,0.005,200.0,0.0,0.0,0.0,200.0,0.0,0.0,0.0,200.0,10.0,0.0,0.0,0.0,10.0,0.0,0.0,0.0,10.0
5.3858976496082684,0.09393698220492244,0.05527969906679451,0.005,200.0,0.0,0.0,0.0,200.0,0.0,0.0,0.0,200.0,10.0,0.0,0.0,0.0,10.0,0.0,0.0,0.0,10.0
5.386897816302717,0.09380928711267998,0.05467528634979257,0.005,200.0,0.0,0.0,0.0,200.0,0.0,0.0,0.0,200.0,10.0,0.0,0.0,0.0,10.0,0.0,0.0,0.0,10.0
5.387897982997166,0.09368159202043762,0.05407087363279103,0.005,200.0,0.0,0.0,0.0,200.0,0.0,0.0,0.0,200.0,10.0,0.0,0.0,0.0,10.0,0.0,0.0,0.0,10.0
5.388898149691616,0.09355389692819524,0.0534664609157895,0.005,200.0,0.0,0.0,0.0,200.0,0.0,0.0,0.0,200.0,10.0,0.0,0.0,0.0,10.0,0.0,0.0,0.0,10.0
5.3898983163860645,0.09342620183595278,0.052862048198787565,0.005,200.0,0.0,0.0,0.0,200.0,0.0,0.0,0.0,200.0,10.0,0.0,0.0,0.0,10.0,0.0,0.0,0.0,10.0
5.390898483080513,0.09329850674371042,0.05225763548178603,0.005,200.0,0.0,0.0,0.0,200.0,0.0,0.0,0.0,200.0,10.0,0.0,0.0,0.0,10.0,0.0,0.0,0.0,10.0
5.391898649774963,0.09317081165146796,0.051653222764784096,0.005,200.0,0.0,0.0,0.0,200.0,0.0,0.0,0.0,200.0,10.0,0.0,0.0,0.0,10.0,0.0,0.0,0.0,10.0
5.392898816469412,0.09304311655922558,0.05104881004778256,0.005,200.0,0.0,0.0,0.0,200.0,0.0,0.0,0.0,200.0,10.0,0.0,0.0,0.0,10.0,0.0,0.0,0.0,10.0
5.393898983163861,0.09291542146698313,0.05044439733078063,0.005,200.0,0.0,0.0,0.0,200.0,0.0,0.0,0.0,200.0,10.0,0.0,0.0,0.0,10.0,0.0,0.0,0.0,10.0
5.39489914985831,0.09278772637474075,0.04983998461377909,0.005,200.0,0.0,0.0,0.0,200.0,0.0,0.0,0.0,200.0,10.0,0.0,0.0,0.0,10.0,0.0,0.0,0.0,10.0
5.395899316552759,0.09266003128249838,0.049235571896777554,0.005,200.0,0.0,0.0,0.0,200.0,0.0,0.0,0.0,200.0,10.0,0.0,0.0,0.0,10.0,0.0,0.0,0.0,10.0
5.396899483247208,0.09253233619025593,0.04863115917977562,0.005,200.0,0.0,0.0,0.0,200.0,0.0,0.0,0.0,200.0,10.0,0.0,0.0,0.0,10.0,0.0,0.0,0.0,10.0
5.397899649941657,0.09240464109801355,0.048026746462774085,0.005,200.0,0.0,0.0,0.0,200.0,0.0,0.0,0.0,200.0,10.0,0.0,0.0,0.0,10.0,0.0,0.0,0.0,10.0
5.398899816636106,0.09237208066234628,0.047585951784418365,0.005,200.0,0.0,0.0,0.0,200.0,0.0,0.0,0.0,200.0,10.0,0.0,0.0,0.0,10.0,0.0,0.0,0.0,10.0
5.399899983330555,0.0923493496376905,0.04716206229086769,0.005,200.0,0.0,0.0,0.0,200.0,0.0,0.0,0.0,200.0,10.0,0.0,0.0,0.0,10.0,0.0,0.0,0.0,10.0
5.400900150025004,0.09232661861303469,0.04673817279731701,0.005,200.0,0.0,0.0,0.0,200.0,0.0,0.0,0.0,200.0,10.0,0.0,0.0,0.0,10.0,0.0,0.0,0.0,10.0
5.401900316719454,0.09230388758837887,0.04631428330376606,0.005,200.0,0.0,0.0,0.0,200.0,0.0,0.0,0.0,200.0,10.0,0.0,0.0,0.0,10.0,0.0,0.0,0.0,10.0
5.4029004834139025,0.09228115656372309,0.04589039381021538,0.005,200.0,0.0,0.0,0.0,200.0,0.0,0.0,0.0,200.0,10.0,0.0,0.0,0.0,10.0,0.0,0.0,0.0,10.0
5.403900650108351,0.09225842553906727,0.04546650431666442,0.005,200.0,0.0,0.0,0.0,200.0,0.0,0.0,0.0,200.0,10.0,0.0,0.0,0.0,10.0,0.0,0.0,0.0,10.0
5.404900816802801,0.09223569451441146,0.045042614823113745,0.005,200.0,0.0,0.0,0.0,200.0,0.0,0.0,0.0,200.0,10.0,0.0,0.0,0.0,10.0,0.0,0.0,0.0,10.0
5.40590098349725,0.09221296348975568,0.04461872532956307,0.005,200.0,0.0,0.0,0.0,200.0,0.0,0.0,0.0,200.0,10.0,0.0,0.0,0.0,10.0,0.0,0.0,0.0,10.0
5.406901150191699,0.09219023246509986,0.044194835836012115,0.005,200.0,0.0,0.0,0.0,200.0,0.0,0.0,0.0,200.0,10.0,0.0,0.0,0.0,10.0,0.0,0.0,0.0,10.0
5.407901316886148,0.09216750144044406,0.04377094634246144,0.005,200.0,0.0,0.0,0.0,200.0,0.0,0.0,0.0,200.0,10.0,0.0,0.0,0.0,10.0,0.0,0.0,0.0,10.0
5.408901483580597,0.09214477041578825,0.04334705684891048,0.005,200.0,0.0,0.0,0.0,200.0,0.0,0.0,0.0,200.0,10.0,0.0,0.0,0.0,10.0,0.0,0.0,0.0,10.0
5.409901650275046,0.09212203939113245,0.0429231673553598,0.005,200.0,0.0,0.0,0.0,200.0,0.0,0.0,0.0,200.0,10.0,0.0,0.0,0.0,10.0,0.0,0.0,0.0,10.0
5.410901816969495,0.09209930836647663,0.04249927786180885,0.005,200.0,0.0,0.0,0.0,200.0,0.0,0.0,0.0,200.0,10.0,0.0,0.0,0.0,10.0,0.0,0.0,0.0,10.0
5.411901983663944,0.09207657734182084,0.04207538836825817,0.005,200.0,0.0,0.0,0.0,200.0,0.0,0.0,0.0,200.0,10.0,0.0,0.0,0.0,10.0,0.0,0.0,0.0,10.0
5.412902150358393,0.09205384631716504,0.041651498874707496,0.005,200.0,0.0,0.0,0.0,200.0,0.0,0.0,0.0,200.0,10.0,0.0,0.0,0.0,10.0,0.0,0.0,0.0,10.0
5.413902317052842,0.09203111529250922,0.041227609381156535,0.005,200.0,0.0,0.0,0.0,200.0,0.0,0.0,0.0,200.0,10.0,0.0,0.0,0.0,10.0,0.0,0.0,0.0,10.0
5.414902483747292,0.09200838426785342,0.04080371988760586,0.005,200.0,0.0,0.0,0.0,200.0,0.0,0.0,0.0,200.0,10.0,0.0,0.0,0.0,10.0,0.0,0.0,0.0,10.0
5.4159026504417405,0.09198565324319762,0.040379830394054905,0.005,200.0,0.0,0.0,0.0,200.0,0.0,0.0,0.0,200.0,10.0,0.0,0.0,0.0,10.0,0.0,0.0,0.0,10.0
5.416902817136189,0.09196292221854181,0.03995594090050422,0.005,200.0,0.0,0.0,0.0,200.0,0.0,0.0,0.0,200.0,10.0,0.0,0.0,0.0,10.0,0.0,0.0,0.0,10.0
5.417902983830639,0.09194019119388601,0.03953205140695355,0.005,200.0,0.0,0.0,0.0,200.0,0.0,0.0,0.0,200.0,10.0,0.0,0.0,0.0,10.0,0.0,0.0,0.0,10.0
5.418903150525088,0.09188646797955799,0.03896352637433098,0.005,200.0,0.0,0.0,0.0,200.0,0.0,0.0,0.0,200.0,10.0,0.0,0.0,0.0,10.0,0.0,0.0,0.0,10.0
5.4199033172195366,0.09182696447588638,0.038368025665770834,0.005,200.0,0.0,0.0,0.0,200.0,0.0,0.0,0.0,200.0,10.0,0.0,0.0,0.0,10.0,0.0,0.0,0.0,10.0
5.420903483913986,0.09176746097221473,0.0377725249572103,0.005,200.0,0.0,0.0,0.0,200.0,0.0,0.0,0.0,200.0,10.0,0.0,0.0,0.0,10.0,0.0,0.0,0.0,10.0
5.421903650608435,0.09170795746854313,0.03717702424865016,0.005,200.0,0.0,0.0,0.0,200.0,0.0,0.0,0.0,200.0,10.0,0.0,0.0,0.0,10.0,0.0,0.0,0.0,10.0
5.422903817302884,0.09164845396487152,0.03658152354009002,0.005,200.0,0.0,0.0,0.0,200.0,0.0,0.0,0.0,200.0,10.0,0.0,0.0,0.0,10.0,0.0,0.0,0.0,10.0
5.4239039839973335,0.09158895046119987,0.03598602283152948,0.005,200.0,0.0,0.0,0.0,200.0,0.0,0.0,0.0,200.0,10.0,0.0,0.0,0.0,10.0,0.0,0.0,0.0,10.0
5.424904150691782,0.09152944695752827,0.03539052212296934,0.005,200.0,0.0,0.0,0.0,200.0,0.0,0.0,0.0,200.0,10.0,0.0,0.0,0.0,10.0,0.0,0.0,0.0,10.0
5.425904317386231,0.09146994345385662,0.034795021414408794,0.005,200.0,0.0,0.0,0.0,200.0,0.0,0.0,0.0,200.0,10.0,0.0,0.0,0.0,10.0,0.0,0.0,0.0,10.0
5.42690448408068,0.09141043995018501,0.034199520705848654,0.005,200.0,0.0,0.0,0.0,200.0,0.0,0.0,0.0,200.0,10.0,0.0,0.0,0.0,10.0,0.0,0.0,0.0,10.0
5.42790465077513,0.09135093644651336,0.03360401999728812,0.005,200.0,0.0,0.0,0.0,200.0,0.0,0.0,0.0,200.0,10.0,0.0,0.0,0.0,10.0,0.0,0.0,0.0,10.0
5.428904817469578,0.09129143294284175,0.03300851928872797,0.005,200.0,0.0,0.0,0.0,200.0,0.0,0.0,0.0,200.0,10.0,0.0,0.0,0.0,10.0,0.0,0.0,0.0,10.0
5.429904984164027,0.09123192943917015,0.03241301858016783,0.005,200.0,0.0,0.0,0.0,200.0,0.0,0.0,0.0,200.0,10.0,0.0,0.0,0.0,10.0,0.0,0.0,0.0,10.0
5.430905150858477,0.0911724259354985,0.0318175178716073,0.005,200.0,0.0,0.0,0.0,200.0,0.0,0.0,0.0,200.0,10.0,0.0,0.0,0.0,10.0,0.0,0.0,0.0,10.0
5.431905317552926,0.09111292243182688,0.031222017163047153,0.005,200.0,0.0,0.0,0.0,200.0,0.0,0.0,0.0,200.0,10.0,0.0,0.0,0.0,10.0,0.0,0.0,0.0,10.0
5.4329054842473745,0.09105341892815523,0.030626516454486614,0.005,200.0,0.0,0.0,0.0,200.0,0.0,0.0,0.0,200.0,10.0,0.0,0.0,0.0,10.0,0.0,0.0,0.0,10.0
5.433905650941824,0.09099391542448362,0.030031015745926475,0.005,200.0,0.0,0.0,0.0,200.0,0.0,0.0,0.0,200.0,10.0,0.0,0.0,0.0,10.0,0.0,0.0,0.0,10.0
5.434905817636273,0.09093441192081202,0.02943551503736633,0.005,200.0,0.0,0.0,0.0,200.0,0.0,0.0,0.0,200.0,10.0,0.0,0.0,0.0,10.0,0.0,0.0,0.0,10.0
5.435905984330722,0.09087490841714037,0.028840014328805792,0.005,200.0,0.0,0.0,0.0,200.0,0.0,0.0,0.0,200.0,10.0,0.0,0.0,0.0,10.0,0.0,0.0,0.0,10.0
5.4369061510251715,0.09081540491346876,0.028244513620245652,0.005,200.0,0.0,0.0,0.0,200.0,0.0,0.0,0.0,200.0,10.0,0.0,0.0,0.0,10.0,0.0,0.0,0.0,10.0
5.43790631771962,0.09075590140979711,0.027649012911685113,0.005,200.0,0.0,0.0,0.0,200.0,0.0,0.0,0.0,200.0,10.0,0.0,0.0,0.0,10.0,0.0,0.0,0.0,10.0
5.438906484414069,0.09070178383011522,0.027177193558058046,0.005,200.0,0.0,0.0,0.0,200.0,0.0,0.0,0.0,200.0,10.0,0.0,0.0,0.0,10.0,0.0,0.0,0.0,10.0
5.439906651108518,0.09064919187697118,0.026740408407974182,0.005,200.0,0.0,0.0,0.0,200.0,0.0,0.0,0.0,200.0,10.0,0.0,0.0,0.0,10.0,0.0,0.0,0.0,10.0
5.440906817802968,0.09059659992382711,0.026303623257890027,0.005,200.0,0.0,0.0,0.0,200.0,0.0,0.0,0.0,200.0,10.0,0.0,0.0,0.0,10.0,0.0,0.0,0.0,10.0
5.441906984497416,0.09054400797068307,0.025866838107806163,0.005,200.0,0.0,0.0,0.0,200.0,0.0,0.0,0.0,200.0,10.0,0.0,0.0,0.0,10.0,0.0,0.0,0.0,10.0
5.442907151191865,0.090491416017539,0.025430052957722007,0.005,200.0,0.0,0.0,0.0,200.0,0.0,0.0,0.0,200.0,10.0,0.0,0.0,0.0,10.0,0.0,0.0,0.0,10.0
5.443907317886315,0.09043882406439496,0.02499326780763814,0.005,200.0,0.0,0.0,0.0,200.0,0.0,0.0,0.0,200.0,10.0,0.0,0.0,0.0,10.0,0.0,0.0,0.0,10.0
5.444907484580764,0.0903862321112509,0.024556482657553984,0.005,200.0,0.0,0.0,0.0,200.0,0.0,0.0,0.0,200.0,10.0,0.0,0.0,0.0,10.0,0.0,0.0,0.0,10.0
5.4459076512752125,0.09033364015810685,0.02411969750747012,0.005,200.0,0.0,0.0,0.0,200.0,0.0,0.0,0.0,200.0,10.0,0.0,0.0,0.0,10.0,0.0,0.0,0.0,10.0
5.446907817969662,0.09028104820496283,0.023682912357386253,0.005,200.0,0.0,0.0,0.0,200.0,0.0,0.0,0.0,200.0,10.0,0.0,0.0,0.0,10.0,0.0,0.0,0.0,10.0
5.447907984664111,0.09022845625181874,0.023246127207302097,0.005,200.0,0.0,0.0,0.0,200.0,0.0,0.0,0.0,200.0,10.0,0.0,0.0,0.0,10.0,0.0,0.0,0.0,10.0
5.44890815135856,0.09017586429867472,0.022809342057218233,0.005,200.0,0.0,0.0,0.0,200.0,0.0,0.0,0.0,200.0,10.0,0.0,0.0,0.0,10.0,0.0,0.0,0.0,10.0
5.4499083180530095,0.09012327234553064,0.022372556907134078,0.005,200.0,0.0,0.0,0.0,200.0,0.0,0.0,0.0,200.0,10.0,0.0,0.0,0.0,10.0,0.0,0.0,0.0,10.0
5.450908484747458,0.09007068039238661,0.021935771757050214,0.005,200.0,0.0,0.0,0.0,200.0,0.0,0.0,0.0,200.0,10.0,0.0,0.0,0.0,10.0,0.0,0.0,0.0,10.0
5.451908651441907,0.09001808843924257,0.021498986606966346,0.005,200.0,0.0,0.0,0.0,200.0,0.0,0.0,0.0,200.0,10.0,0.0,0.0,0.0,10.0,0.0,0.0,0.0,10.0
5.452908818136356,0.0899654964860985,0.02106220145688219,0.005,200.0,0.0,0.0,0.0,200.0,0.0,0.0,0.0,200.0,10.0,0.0,0.0,0.0,10.0,0.0,0.0,0.0,10.0
5.4539089848308056,0.08991290453295446,0.020625416306798327,0.005,200.0,0.0,0.0,0.0,200.0,0.0,0.0,0.0,200.0,10.0,0.0,0.0,0.0,10.0,0.0,0.0,0.0,10.0
5.454909151525254,0.08986031257981039,0.02018863115671417,0.005,200.0,0.0,0.0,0.0,200.0,0.0,0.0,0.0,200.0,10.0,0.0,0.0,0.0,10.0,0.0,0.0,0.0,10.0
5.455909318219703,0.08980772062666635,0.019751846006630304,0.005,200.0,0.0,0.0,0.0,200.0,0.0,0.0,0.0,200.0,10.0,0.0,0.0,0.0,10.0,0.0,0.0,0.0,10.0
5.456909484914153,0.08975512867352231,0.01931506085654644,0.005,200.0,0.0,0.0,0.0,200.0,0.0,0.0,0.0,200.0,10.0,0.0,0.0,0.0,10.0,0.0,0.0,0.0,10.0
5.457909651608602,0.08970253672037824,0.018878275706462284,0.005,200.0,0.0,0.0,0.0,200.0,0.0,0.0,0.0,200.0,10.0,0.0,0.0,0.0,10.0,0.0,0.0,0.0,10.0
5.45890981830305,0.08966509644876701,0.018438808021967276,0.005,200.0,0.0,0.0,0.0,200.0,0.0,0.0,0.0,200.0,10.0,0.0,0.0,0.0,10.0,0.0,0.0,0.0,10.0
5.4599099849975,0.08963367436841876,0.017998274844832032,0.005,200.0,0.0,0.0,0.0,200.0,0.0,0.0,0.0,200.0,10.0,0.0,0.0,0.0,10.0,0.0,0.0,0.0,10.0
5.460910151691949,0.08960225228807055,0.017557741667697083,0.005,200.0,0.0,0.0,0.0,200.0,0.0,0.0,0.0,200.0,10.0,0.0,0.0,0.0,10.0,0.0,0.0,0.0,10.0
5.461910318386398,0.08957083020772232,0.01711720849056184,0.005,200.0,0.0,0.0,0.0,200.0,0.0,0.0,0.0,200.0,10.0,0.0,0.0,0.0,10.0,0.0,0.0,0.0,10.0
5.462910485080847,0.0895394081273741,0.01667667531342689,0.005,200.0,0.0,0.0,0.0,200.0,0.0,0.0,0.0,200.0,10.0,0.0,0.0,0.0,10.0,0.0,0.0,0.0,10.0
5.463910651775296,0.08950798604702588,0.01623614213629194,0.005,200.0,0.0,0.0,0.0,200.0,0.0,0.0,0.0,200.0,10.0,0.0,0.0,0.0,10.0,0.0,0.0,0.0,10.0
5.464910818469745,0.08947656396667764,0.015795608959156698,0.005,200.0,0.0,0.0,0.0,200.0,0.0,0.0,0.0,200.0,10.0,0.0,0.0,0.0,10.0,0.0,0.0,0.0,10.0
5.465910985164194,0.08944514188632942,0.015355075782021749,0.005,200.0,0.0,0.0,0.0,200.0,0.0,0.0,0.0,200.0,10.0,0.0,0.0,0.0,10.0,0.0,0.0,0.0,10.0
5.4669111518586435,0.08941371980598119,0.014914542604886507,0.005,200.0,0.0,0.0,0.0,200.0,0.0,0.0,0.0,200.0,10.0,0.0,0.0,0.0,10.0,0.0,0.0,0.0,10.0
5.467911318553092,0.08938229772563297,0.014474009427751556,0.005,200.0,0.0,0.0,0.0,200.0,0.0,0.0,0.0,200.0,10.0,0.0,0.0,0.0,10.0,0.0,0.0,0.0,10.0
5.468911485247541,0.08935087564528475,0.014033476250616607,0.005,200.0,0.0,0.0,0.0,200.0,0.0,0.0,0.0,200.0,10.0,0.0,0.0,0.0,10.0,0.0,0.0,0.0,10.0
5.469911651941991,0.08931945356493652,0.013592943073481365,0.005,200.0,0.0,0.0,0.0,200.0,0.0,0.0,0.0,200.0,10.0,0.0,0.0,0.0,10.0,0.0,0.0,0.0,10.0
5.47091181863644,0.0892880314845883,0.013152409896346414,0.005,200.0,0.0,0.0,0.0,200.0,0.0,0.0,0.0,200.0,10.0,0.0,0.0,0.0,10.0,0.0,0.0,0.0,10.0
5.471911985330888,0.08925660940424006,0.012711876719211174,0.005,200.0,0.0,0.0,0.0,200.0,0.0,0.0,0.0,200.0,10.0,0.0,0.0,0.0,10.0,0.0,0.0,0.0,10.0
5.472912152025338,0.08922518732389184,0.012271343542076223,0.005,200.0,0.0,0.0,0.0,200.0,0.0,0.0,0.0,200.0,10.0,0.0,0.0,0.0,10.0,0.0,0.0,0.0,10.0
5.473912318719787,0.08919376524354362,0.011830810364941274,0.005,200.0,0.0,0.0,0.0,200.0,0.0,0.0,0.0,200.0,10.0,0.0,0.0,0.0,10.0,0.0,0.0,0.0,10.0
5.474912485414236,0.08916234316319539,0.011390277187806032,0.005,200.0,0.0,0.0,0.0,200.0,0.0,0.0,0.0,200.0,10.0,0.0,0.0,0.0,10.0,0.0,0.0,0.0,10.0
5.475912652108685,0.08913092108284718,0.010949744010671081,0.005,200.0,0.0,0.0,0.0,200.0,0.0,0.0,0.0,200.0,10.0,0.0,0.0,0.0,10.0,0.0,0.0,0.0,10.0
5.476912818803134,0.08909949900249894,0.010509210833535839,0.005,200.0,0.0,0.0,0.0,200.0,0.0,0.0,0.0,200.0,10.0,0.0,0.0,0.0,10.0,0.0,0.0,0.0,10.0
5.477912985497583,0.08906807692215073,0.01006867765640089,0.005,200.0,0.0,0.0,0.0,200.0,0.0,0.0,0.0,200.0,10.0,0.0,0.0,0.0,10.0,0.0,0.0,0.0,10.0
5.478913152192032,0.08896107786117853,0.009651996054041958,0.005,200.0,0.0,0.0,0.0,200.0,0.0,0.0,0.0,200.0,10.0,0.0,0.0,0.0,10.0,0.0,0.0,0.0,10.0
5.4799133188864815,0.08881377107720706,0.00924803529156398,0.005,200.0,0.0,0.0,0.0,200.0,0.0,0.0,0.0,200.0,10.0,0.0,0.0,0.0,10.0,0.0,0.0,0.0,10.0
5.48091348558093,0.08866646429323558,0.008844074529086,0.005,200.0,0.0,0.0,0.0,200.0,0.0,0.0,0.0,200.0,10.0,0.0,0.0,0.0,10.0,0.0,0.0,0.0,10.0
5.481913652275379,0.08851915750926401,0.008440113766607752,0.005,200.0,0.0,0.0,0.0,200.0,0.0,0.0,0.0,200.0,10.0,0.0,0.0,0.0,10.0,0.0,0.0,0.0,10.0
5.482913818969829,0.08837185072529252,0.008036153004129772,0.005,200.0,0.0,0.0,0.0,200.0,0.0,0.0,0.0,200.0,10.0,0.0,0.0,0.0,10.0,0.0,0.0,0.0,10.0
5.483913985664278,0.08822454394132095,0.007632192241651525,0.005,200.0,0.0,0.0,0.0,200.0,0.0,0.0,0.0,200.0,10.0,0.0,0.0,0.0,10.0,0.0,0.0,0.0,10.0
5.484914152358726,0.08807723715734947,0.007228231479173545,0.005,200.0,0.0,0.0,0.0,200.0,0.0,0.0,0.0,200.0,10.0,0.0,0.0,0.0,10.0,0.0,0.0,0.0,10.0
5.485914319053176,0.087929930373378,0.006824270716695566,0.005,200.0,0.0,0.0,0.0,200.0,0.0,0.0,0.0,200.0,10.0,0.0,0.0,0.0,10.0,0.0,0.0,0.0,10.0
5.486914485747625,0.08778262358940642,0.006420309954217318,0.005,200.0,0.0,0.0,0.0,200.0,0.0,0.0,0.0,200.0,10.0,0.0,0.0,0.0,10.0,0.0,0.0,0.0,10.0
5.487914652442074,0.08763531680543495,0.006016349191739339,0.005,200.0,0.0,0.0,0.0,200.0,0.0,0.0,0.0,200.0,10.0,0.0,0.0,0.0,10.0,0.0,0.0,0.0,10.0
5.488914819136523,0.08748801002146336,0.0056123884292610905,0.005,200.0,0.0,0.0,0.0,200.0,0.0,0.0,0.0,200.0,10.0,0.0,0.0,0.0,10.0,0.0,0.0,0.0,10.0
5.489914985830972,0.08734070323749189,0.005208427666783111,0.005,200.0,0.0,0.0,0.0,200.0,0.0,0.0,0.0,200.0,10.0,0.0,0.0,0.0,10.0,0.0,0.0,0.0,10.0
5.490915152525421,0.08719339645352041,0.004804466904305132,0.005,200.0,0.0,0.0,0.0,200.0,0.0,0.0,0.0,200.0,10.0,0.0,0.0,0.0,10.0,0.0,0.0,0.0,10.0
5.49191531921987,0.08704608966954884,0.004400506141826884,0.005,200.0,0.0,0.0,0.0,200.0,0.0,0.0,0.0,200.0,10.0,0.0,0.0,0.0,10.0,0.0,0.0,0.0,10.0
5.492915485914319,0.08689878288557736,0.0039965453793489045,0.005,200.0,0.0,0.0,0.0,200.0,0.0,0.0,0.0,200.0,10.0,0.0,0.0,0.0,10.0,0.0,0.0,0.0,10.0
5.493915652608768,0.08675147610160579,0.0035925846168706563,0.005,200.0,0.0,0.0,0.0,200.0,0.0,0.0,0.0,200.0,10.0,0.0,0.0,0.0,10.0,0.0,0.0,0.0,10.0
5.494915819303217,0.0866041693176343,0.003188623854392678,0.005,200.0,0.0,0.0,0.0,200.0,0.0,0.0,0.0,200.0,10.0,0.0,0.0,0.0,10.0,0.0,0.0,0.0,10.0
5.495915985997667,0.08645686253366273,0.0027846630919144298,0.005,200.0,0.0,0.0,0.0,200.0,0.0,0.0,0.0,200.0,10.0,0.0,0.0,0.0,10.0,0.0,0.0,0.0,10.0
5.4969161526921155,0.08630955574969125,0.0023807023294364505,0.005,200.0,0.0,0.0,0.0,200.0,0.0,0.0,0.0,200.0,10.0,0.0,0.0,0.0,10.0,0.0,0.0,0.0,10.0
5.497916319386564,0.08616224896571978,0.0019767415669584704,0.005,200.0,0.0,0.0,0.0,200.0,0.0,0.0,0.0,200.0,10.0,0.0,0.0,0.0,10.0,0.0,0.0,0.0,10.0
5.498916486081014,0.08604904871659387,0.0015439398069467503,0.005,200.0,0.0,0.0,0.0,200.0,0.0,0.0,0.0,200.0,10.0,0.0,0.0,0.0,10.0,0.0,0.0,0.0,10.0
5.499916652775463,0.08595968428443403,0.0010909821225227475,0.005,200.0,0.0,0.0,0.0,200.0,0.0,0.0,0.0,200.0,10.0,0.0,0.0,0.0,10.0,0.0,0.0,0.0,10.0
5.500916819469912,0.08587031985227411,0.0006380244380984432,0.005,200.0,0.0,0.0,0.0,200.0,0.0,0.0,0.0,200.0,10.0,0.0,0.0,0.0,10.0,0.0,0.0,0.0,10.0
5.501916986164361,0.08578095542011427,0.00018506675367444035,0.005,200.0,0.0,0.0,0.0,200.0,0.0,0.0,0.0,200.0,10.0,0.0,0.0,0.0,10.0,0.0,0.0,0.0,10.0
5.50291715285881,0.08569159098795442,-0.0002678909307495623,0.005,200.0,0.0,0.0,0.0,200.0,0.0,0.0,0.0,200.0,10.0,0.0,0.0,0.0,10.0,0.0,0.0,0.0,10.0
5.503917319553259,0.08560222655579452,-0.0007208486151738668,0.005,200.0,0.0,0.0,0.0,200.0,0.0,0.0,0.0,200.0,10.0,0.0,0.0,0.0,10.0,0.0,0.0,0.0,10.0
5.504917486247708,0.08551286212363467,-0.0011738062995978694,0.005,200.0,0.0,0.0,0.0,200.0,0.0,0.0,0.0,200.0,10.0,0.0,0.0,0.0,10.0,0.0,0.0,0.0,10.0
5.505917652942157,0.08542349769147477,-0.001626763984022174,0.005,200.0,0.0,0.0,0.0,200.0,0.0,0.0,0.0,200.0,10.0,0.0,0.0,0.0,10.0,0.0,0.0,0.0,10.0
5.506917819636606,0.08533413325931492,-0.002079721668446177,0.005,200.0,0.0,0.0,0.0,200.0,0.0,0.0,0.0,200.0,10.0,0.0,0.0,0.0,10.0,0.0,0.0,0.0,10.0
5.507917986331055,0.08524476882715507,-0.0025326793528701796,0.005,200.0,0.0,0.0,0.0,200.0,0.0,0.0,0.0,200.0,10.0,0.0,0.0,0.0,10.0,0.0,0.0,0.0,10.0
5.508918153025505,0.08515540439499517,-0.0029856370372944837,0.005,200.0,0.0,0.0,0.0,200.0,0.0,0.0,0.0,200.0,10.0,0.0,0.0,0.0,10.0,0.0,0.0,0.0,10.0
5.5099183197199535,0.08506603996283532,-0.0034385947217184867,0.005,200.0,0.0,0.0,0.0,200.0,0.0,0.0,0.0,200.0,10.0,0.0,0.0,0.0,10.0,0.0,0.0,0.0,10.0
5.510918486414402,0.08497667553067541,-0.0038915524061427917,0.005,200.0,0.0,0.0,0.0,200.0,0.0,0.0,0.0,200.0,10.0,0.0,0.0,0.0,10.0,0.0,0.0,0.0,10.0
5.511918653108852,0.08488731109851556,-0.004344510090566794,0.005,200.0,0.0,0.0,0.0,200.0,0.0,0.0,0.0,200.0,10.0,0.0,0.0,0.0,10.0,0.0,0.0,0.0,10.0
5.512918819803301,0.08479794666635565,-0.004797467774991099,0.005,200.0,0.0,0.0,0.0,200.0,0.0,0.0,0.0,200.0,10.0,0.0,0.0,0.0,10.0,0.0,0.0,0.0,10.0
5.51391898649775,0.0847085822341958,-0.005250425459415101,0.005,200.0,0.0,0.0,0.0,200.0,0.0,0.0,0.0,200.0,10.0,0.0,0.0,0.0,10.0,0.0,0.0,0.0,10.0
5.514919153192199,0.08461921780203596,-0.005703383143839104,0.005,200.0,0.0,0.0,0.0,200.0,0.0,0.0,0.0,200.0,10.0,0.0,0.0,0.0,10.0,0.0,0.0,0.0,10.0
5.515919319886648,0.08452985336987606,-0.006156340828263409,0.005,200.0,0.0,0.0,0.0,200.0,0.0,0.0,0.0,200.0,10.0,0.0,0.0,0.0,10.0,0.0,0.0,0.0,10.0
5.516919486581097,0.0844404889377162,-0.006609298512687411,0.005,200.0,0.0,0.0,0.0,200.0,0.0,0.0,0.0,200.0,10.0,0.0,0.0,0.0,10.0,0.0,0.0,0.0,10.0
5.517919653275547,0.0843511245055563,-0.007062256197111715,0.005,200.0,0.0,0.0,0.0,200.0,0.0,0.0,0.0,200.0,10.0,0.0,0.0,0.0,10.0,0.0,0.0,0.0,10.0
5.518919819969995,0.08422677274305909,-0.007514106780712995,0.005,200.0,0.0,0.0,0.0,200.0,0.0,0.0,0.0,200.0,10.0,0.0,0.0,0.0,10.0,0.0,0.0,0.0,10.0
5.519919986664444,0.08407077638879182,-0.007964956037455506,0.005,200.0,0.0,0.0,0.0,200.0,0.0,0.0,0.0,200.0,10.0,0.0,0.0,0.0,10.0,0.0,0.0,0.0,10.0
5.520920153358893,0.08391478003452446,-0.008415805294198317,0.005,200.0,0.0,0.0,0.0,200.0,0.0,0.0,0.0,200.0,10.0,0.0,0.0,0.0,10.0,0.0,0.0,0.0,10.0
5.521920320053343,0.08375878368025719,-0.00886665455094083,0.005,200.0,0.0,0.0,0.0,200.0,0.0,0.0,0.0,200.0,10.0,0.0,0.0,0.0,10.0,0.0,0.0,0.0,10.0
5.5229204867477915,0.08360278732598983,-0.00931750380768364,0.005,200.0,0.0,0.0,0.0,200.0,0.0,0.0,0.0,200.0,10.0,0.0,0.0,0.0,10.0,0.0,0.0,0.0,10.0
5.52392065344224,0.08344679097172256,-0.009768353064426152,0.005,200.0,0.0,0.0,0.0,200.0,0.0,0.0,0.0,200.0,10.0,0.0,0.0,0.0,10.0,0.0,0.0,0.0,10.0
5.52492082013669,0.0832907946174553,-0.010219202321168663,0.005,200.0,0.0,0.0,0.0,200.0,0.0,0.0,0.0,200.0,10.0,0.0,0.0,0.0,10.0,0.0,0.0,0.0,10.0
5.525920986831139,0.08313479826318793,-0.010670051577911474,0.005,200.0,0.0,0.0,0.0,200.0,0.0,0.0,0.0,200.0,10.0,0.0,0.0,0.0,10.0,0.0,0.0,0.0,10.0
5.5269211535255875,0.08297880190892067,-0.011120900834653986,0.005,200.0,0.0,0.0,0.0,200.0,0.0,0.0,0.0,200.0,10.0,0.0,0.0,0.0,10.0,0.0,0.0,0.0,10.0
5.527921320220037,0.0828228055546533,-0.011571750091396797,0.005,200.0,0.0,0.0,0.0,200.0,0.0,0.0,0.0,200.0,10.0,0.0,0.0,0.0,10.0,0.0,0.0,0.0,10.0
5.528921486914486,0.08266680920038603,-0.012022599348139307,0.005,200.0,0.0,0.0,0.0,200.0,0.0,0.0,0.0,200.0,10.0,0.0,0.0,0.0,10.0,0.0,0.0,0.0,10.0
5.529921653608935,0.08251081284611866,-0.01247344860488212,0.005,200.0,0.0,0.0,0.0,200.0,0.0,0.0,0.0,200.0,10.0,0.0,0.0,0.0,10.0,0.0,0.0,0.0,10.0
5.5309218203033845,0.0823548164918514,-0.01292429786162463,0.005,200.0,0.0,0.0,0.0,200.0,0.0,0.0,0.0,200.0,10.0,0.0,0.0,0.0,10.0,0.0,0.0,0.0,10.0
5.531921986997833,0.08219882013758413,-0.013375147118367143,0.005,200.0,0.0,0.0,0.0,200.0,0.0,0.0,0.0,200.0,10.0,0.0,0.0,0.0,10.0,0.0,0.0,0.0,10.0
5.532922153692282,0.08204282378331677,-0.013825996375109954,0.005,200.0,0.0,0.0,0.0,200.0,0.0,0.0,0.0,200.0,10.0,0.0,0.0,0.0,10.0,0.0,0.0,0.0,10.0
5.533922320386731,0.0818868274290495,-0.014276845631852466,0.005,200.0,0.0,0.0,0.0,200.0,0.0,0.0,0.0,200.0,10.0,0.0,0.0,0.0,10.0,0.0,0.0,0.0,10.0
5.534922487081181,0.08173083107478214,-0.014727694888595277,0.005,200.0,0.0,0.0,0.0,200.0,0.0,0.0,0.0,200.0,10.0,0.0,0.0,0.0,10.0,0.0,0.0,0.0,10.0
5.535922653775629,0.08157483472051487,-0.015178544145337787,0.005,200.0,0.0,0.0,0.0,200.0,0.0,0.0,0.0,200.0,10.0,0.0,0.0,0.0,10.0,0.0,0.0,0.0,10.0
5.536922820470078,0.08141883836624761,-0.015629393402080298,0.005,200.0,0.0,0.0,0.0,200.0,0.0,0.0,0.0,200.0,10.0,0.0,0.0,0.0,10.0,0.0,0.0,0.0,10.0
5.537922987164528,0.08126284201198024,-0.01608024265882311,0.005,200.0,0.0,0.0,0.0,200.0,0.0,0.0,0.0,200.0,10.0,0.0,0.0,0.0,10.0,0.0,0.0,0.0,10.0
5.538923153858977,0.08115282051164639,-0.016425804959886162,0.005,200.0,0.0,0.0,0.0,200.0,0.0,0.0,0.0,200.0,10.0,0.0,0.0,0.0,10.0,0.0,0.0,0.0,10.0
5.5399233205534255,0.08109643634090144,-0.01664853247932345,0.005,200.0,0.0,0.0,0.0,200.0,0.0,0.0,0.0,200.0,10.0,0.0,0.0,0.0,10.0,0.0,0.0,0.0,10.0
5.540923487247875,0.08104005217015653,-0.01687125999876059,0.005,200.0,0.0,0.0,0.0,200.0,0.0,0.0,0.0,200.0,10.0,0.0,0.0,0.0,10.0,0.0,0.0,0.0,10.0
5.541923653942324,0.0809836679994116,-0.01709398751819773,0.005,200.0,0.0,0.0,0.0,200.0,0.0,0.0,0.0,200.0,10.0,0.0,0.0,0.0,10.0,0.0,0.0,0.0,10.0
5.542923820636773,0.08092728382866665,-0.01731671503763502,0.005,200.0,0.0,0.0,0.0,200.0,0.0,0.0,0.0,200.0,10.0,0.0,0.0,0.0,10.0,0.0,0.0,0.0,10.0
5.5439239873312225,0.08087089965792174,-0.01753944255707216,0.005,200.0,0.0,0.0,0.0,200.0,0.0,0.0,0.0,200.0,10.0,0.0,0.0,0.0,10.0,0.0,0.0,0.0,10.0
5.544924154025671,0.08081451548717679,-0.01776217007650945,0.005,200.0,0.0,0.0,0.0,200.0,0.0,0.0,0.0,200.0,10.0,0.0,0.0,0.0,10.0,0.0,0.0,0.0,10.0
5.54592432072012,0.08075813131643186,-0.01798489759594659,0.005,200.0,0.0,0.0,0.0,200.0,0.0,0.0,0.0,200.0,10.0,0.0,0.0,0.0,10.0,0.0,0.0,0.0,10.0
5.546924487414569,0.08070174714568695,-0.01820762511538373,0.005,200.0,0.0,0.0,0.0,200.0,0.0,0.0,0.0,200.0,10.0,0.0,0.0,0.0,10.0,0.0,0.0,0.0,10.0
5.547924654109019,0.080645362974942,-0.01843035263482102,0.005,200.0,0.0,0.0,0.0,200.0,0.0,0.0,0.0,200.0,10.0,0.0,0.0,0.0,10.0,0.0,0.0,0.0,10.0
5.548924820803467,0.08058897880419709,-0.018653080154258157,0.005,200.0,0.0,0.0,0.0,200.0,0.0,0.0,0.0,200.0,10.0,0.0,0.0,0.0,10.0,0.0,0.0,0.0,10.0
5.549924987497916,0.08053259463345214,-0.018875807673695448,0.005,200.0,0.0,0.0,0.0,200.0,0.0,0.0,0.0,200.0,10.0,0.0,0.0,0.0,10.0,0.0,0.0,0.0,10.0
5.550925154192366,0.08047621046270721,-0.019098535193132586,0.005,200.0,0.0,0.0,0.0,200.0,0.0,0.0,0.0,200.0,10.0,0.0,0.0,0.0,10.0,0.0,0.0,0.0,10.0
5.551925320886815,0.08041982629196226,-0.019321262712569877,0.005,200.0,0.0,0.0,0.0,200.0,0.0,0.0,0.0,200.0,10.0,0.0,0.0,0.0,10.0,0.0,0.0,0.0,10.0
5.5529254875812635,0.08036344212121735,-0.019543990232007015,0.005,200.0,0.0,0.0,0.0,200.0,0.0,0.0,0.0,200.0,10.0,0.0,0.0,0.0,10.0,0.0,0.0,0.0,10.0
5.553925654275713,0.08030705795047242,-0.019766717751444157,0.005,200.0,0.0,0.0,0.0,200.0,0.0,0.0,0.0,200.0,10.0,0.0,0.0,0.0,10.0,0.0,0.0,0.0,10.0
5.554925820970162,0.08025067377972747,-0.019989445270881444,0.005,200.0,0.0,0.0,0.0,200.0,0.0,0.0,0.0,200.0,10.0,0.0,0.0,0.0,10.0,0.0,0.0,0.0,10.0
5.555925987664611,0.08019428960898256,-0.020212172790318585,0.005,200.0,0.0,0.0,0.0,200.0,0.0,0.0,0.0,200.0,10.0,0.0,0.0,0.0,10.0,0.0,0.0,0.0,10.0
5.5569261543590605,0.08013790543823761,-0.020434900309755873,0.005,200.0,0.0,0.0,0.0,200.0,0.0,0.0,0.0,200.0,10.0,0.0,0.0,0.0,10.0,0.0,0.0,0.0,10.0
5.557926321053509,0.08008152126749268,-0.020657627829193014,0.005,200.0,0.0,0.0,0.0,200.0,0.0,0.0,0.0,200.0,10.0,0.0,0.0,0.0,10.0,0.0,0.0,0.0,10.0
5.558926487747958,0.0800254049003472,-0.020927290294141164,0.005,200.0,0.0,0.0,0.0,200.0,0.0,0.0,0.0,200.0,10.0,0.0,0.0,0.0,10.0,0.0,0.0,0.0,10.0
5.559926654442407,0.07996969361427643,-0.02126794679431625,0.005,200.0,0.0,0.0,0.0,200.0,0.0,0.0,0.0,200.0,10.0,0.0,0.0,0.0,10.0,0.0,0.0,0.0,10.0
5.5609268211368565,0.07991398232820571,-0.02160860329449111,0.005,200.0,0.0,0.0,0.0,200.0,0.0,0.0,0.0,200.0,10.0,0.0,0.0,0.0,10.0,0.0,0.0,0.0,10.0
5.561926987831305,0.07985827104213494,-0.021949259794666196,0.005,200.0,0.0,0.0,0.0,200.0,0.0,0.0,0.0,200.0,10.0,0.0,0.0,0.0,10.0,0.0,0.0,0.0,10.0
5.562927154525754,0.0798025597560642,-0.022289916294841054,0.005,200.0,0.0,0.0,0.0,200.0,0.0,0.0,0.0,200.0,10.0,0.0,0.0,0.0,10.0,0.0,0.0,0.0,10.0
5.563927321220204,0.07974684846999348,-0.022630572795015912,0.005,200.0,0.0,0.0,0.0,200.0,0.0,0.0,0.0,200.0,10.0,0.0,0.0,0.0,10.0,0.0,0.0,0.0,10.0
5.564927487914653,0.0796911371839227,-0.022971229295191,0.005,200.0,0.0,0.0,0.0,200.0,0.0,0.0,0.0,200.0,10.0,0.0,0.0,0.0,10.0,0.0,0.0,0.0,10.0
5.565927654609101,0.07963542589785198,-0.023311885795365857,0.005,200.0,0.0,0.0,0.0,200.0,0.0,0.0,0.0,200.0,10.0,0.0,0.0,0.0,10.0,0.0,0.0,0.0,10.0
5.566927821303551,0.07957971461178122,-0.023652542295540945,0.005,200.0,0.0,0.0,0.0,200.0,0.0,0.0,0.0,200.0,10.0,0.0,0.0,0.0,10.0,0.0,0.0,0.0,10.0
5.567927987998,0.07952400332571048,-0.023993198795715803,0.005,200.0,0.0,0.0,0.0,200.0,0.0,0.0,0.0,200.0,10.0,0.0,0.0,0.0,10.0,0.0,0.0,0.0,10.0
5.568928154692449,0.07946829203963972,-0.02433385529589089,0.005,200.0,0.0,0.0,0.0,200.0,0.0,0.0,0.0,200.0,10.0,0.0,0.0,0.0,10.0,0.0,0.0,0.0,10.0
5.569928321386898,0.079412580753569,-0.024674511796065748,0.005,200.0,0.0,0.0,0.0,200.0,0.0,0.0,0.0,200.0,10.0,0.0,0.0,0.0,10.0,0.0,0.0,0.0,10.0
5.570928488081347,0.07935686946749826,-0.025015168296240606,0.005,200.0,0.0,0.0,0.0,200.0,0.0,0.0,0.0,200.0,10.0,0.0,0.0,0.0,10.0,0.0,0.0,0.0,10.0
5.571928654775796,0.0793011581814275,-0.025355824796415693,0.005,200.0,0.0,0.0,0.0,200.0,0.0,0.0,0.0,200.0,10.0,0.0,0.0,0.0,10.0,0.0,0.0,0.0,10.0
5.572928821470245,0.07924544689535676,-0.02569648129659055,0.005,200.0,0.0,0.0,0.0,200.0,0.0,0.0,0.0,200.0,10.0,0.0,0.0,0.0,10.0,0.0,0.0,0.0,10.0
5.5739289881646945,0.079189735609286,-0.026037137796765635,0.005,200.0,0.0,0.0,0.0,200.0,0.0,0.0,0.0,200.0,10.0,0.0,0.0,0.0,10.0,0.0,0.0,0.0,10.0
5.574929154859143,0.07913402432321527,-0.026377794296940496,0.005,200.0,0.0,0.0,0.0,200.0,0.0,0.0,0.0,200.0,10.0,0.0,0.0,0.0,10.0,0.0,0.0,0.0,10.0
5.575929321553592,0.07907831303714453,-0.026718450797115354,0.005,200.0,0.0,0.0,0.0,200.0,0.0,0.0,0.0,200.0,10.0,0.0,0.0,0.0,10.0,0.0,0.0,0.0,10.0
5.576929488248042,0.07902260175107377,-0.02705910729729044,0.005,200.0,0.0,0.0,0.0,200.0,0.0,0.0,0.0,200.0,10.0,0.0,0.0,0.0,10.0,0.0,0.0,0.0,10.0
5.577929654942491,0.07896689046500305,-0.0273997637974653,0.005,200.0,0.0,0.0,0.0,200.0,0.0,0.0,0.0,200.0,10.0,0.0,0.0,0.0,10.0,0.0,0.0,0.0,10.0
5.578929821636939,0.07892220936669649,-0.027748104399727025,0.005,200.0,0.0,0.0,0.0,200.0,0.0,0.0,0.0,200.0,10.0,0.0,0.0,0.0,10.0,0.0,0.0,0.0,10.0
5.579929988331389,0.0788994783420407,-0.028111736365140895,0.005,200.0,0.0,0.0,0.0,200.0,0.0,0.0,0.0,200.0,10.0,0.0,0.0,0.0,10.0,0.0,0.0,0.0,10.0
5.580930155025838,0.0788767473173849,-0.028475368330554765,0.005,200.0,0.0,0.0,0.0,200.0,0.0,0.0,0.0,200.0,10.0,0.0,0.0,0.0,10.0,0.0,0.0,0.0,10.0
5.581930321720287,0.07885401629272908,-0.028839000295968878,0.005,200.0,0.0,0.0,0.0,200.0,0.0,0.0,0.0,200.0,10.0,0.0,0.0,0.0,10.0,0.0,0.0,0.0,10.0
5.582930488414736,0.07883128526807327,-0.02920263226138275,0.005,200.0,0.0,0.0,0.0,200.0,0.0,0.0,0.0,200.0,10.0,0.0,0.0,0.0,10.0,0.0,0.0,0.0,10.0
5.583930655109185,0.07880855424341747,-0.029566264226796864,0.005,200.0,0.0,0.0,0.0,200.0,0.0,0.0,0.0,200.0,10.0,0.0,0.0,0.0,10.0,0.0,0.0,0.0,10.0
5.584930821803634,0.07878582321876167,-0.029929896192210734,0.005,200.0,0.0,0.0,0.0,200.0,0.0,0.0,0.0,200.0,10.0,0.0,0.0,0.0,10.0,0.0,0.0,0.0,10.0
5.585930988498083,0.07876309219410585,-0.030293528157624847,0.005,200.0,0.0,0.0,0.0,200.0,0.0,0.0,0.0,200.0,10.0,0.0,0.0,0.0,10.0,0.0,0.0,0.0,10.0
5.5869311551925325,0.07874036116945006,-0.030657160123038717,0.005,200.0,0.0,0.0,0.0,200.0,0.0,0.0,0.0,200.0,10.0,0.0,0.0,0.0,10.0,0.0,0.0,0.0,10.0
5.587931321886981,0.07871763014479426,-0.031020792088452587,0.005,200.0,0.0,0.0,0.0,200.0,0.0,0.0,0.0,200.0,10.0,0.0,0.0,0.0,10.0,0.0,0.0,0.0,10.0
5.58893148858143,0.07869489912013844,-0.031384424053866704,0.005,200.0,0.0,0.0,0.0,200.0,0.0,0.0,0.0,200.0,10.0,0.0,0.0,0.0,10.0,0.0,0.0,0.0,10.0
5.58993165527588,0.07867216809548265,-0.031748056019280574,0.005,200.0,0.0,0.0,0.0,200.0,0.0,0.0,0.0,200.0,10.0,0.0,0.0,0.0,10.0,0.0,0.0,0.0,10.0
5.590931821970329,0.07864943707082683,-0.03211168798469469,0.005,200.0,0.0,0.0,0.0,200.0,0.0,0.0,0.0,200.0,10.0,0.0,0.0,0.0,10.0,0.0,0.0,0.0,10.0
5.591931988664777,0.07862670604617103,-0.03247531995010856,0.005,200.0,0.0,0.0,0.0,200.0,0.0,0.0,0.0,200.0,10.0,0.0,0.0,0.0,10.0,0.0,0.0,0.0,10.0
5.592932155359227,0.07860397502151524,-0.03283895191552243,0.005,200.0,0.0,0.0,0.0,200.0,0.0,0.0,0.0,200.0,10.0,0.0,0.0,0.0,10.0,0.0,0.0,0.0,10.0
5.593932322053676,0.07858124399685942,-0.03320258388093654,0.005,200.0,0.0,0.0,0.0,200.0,0.0,0.0,0.0,200.0,10.0,0.0,0.0,0.0,10.0,0.0,0.0,0.0,10.0
5.594932488748125,0.07855851297220362,-0.03356621584635041,0.005,200.0,0.0,0.0,0.0,200.0,0.0,0.0,0.0,200.0,10.0,0.0,0.0,0.0,10.0,0.0,0.0,0.0,10.0
5.595932655442574,0.07853578194754782,-0.03392984781176452,0.005,200.0,0.0,0.0,0.0,200.0,0.0,0.0,0.0,200.0,10.0,0.0,0.0,0.0,10.0,0.0,0.0,0.0,10.0
5.596932822137023,0.07851305092289201,-0.03429347977717839,0.005,200.0,0.0,0.0,0.0,200.0,0.0,0.0,0.0,200.0,10.0,0.0,0.0,0.0,10.0,0.0,0.0,0.0,10.0
5.597932988831472,0.07849031989823621,-0.03465711174259227,0.005,200.0,0.0,0.0,0.0,200.0,0.0,0.0,0.0,200.0,10.0,0.0,0.0,0.0,10.0,0.0,0.0,0.0,10.0
5.598933155525922,0.07845889505574574,-0.03498879764964936,0.005,200.0,0.0,0.0,0.0,200.0,0.0,0.0,0.0,200.0,10.0,0.0,0.0,0.0,10.0,0.0,0.0,0.0,10.0
5.59993332222037,0.0784040720368608,-0.03523450527618999,0.005,200.0,0.0,0.0,0.0,200.0,0.0,0.0,0.0,200.0,10.0,0.0,0.0,0.0,10.0,0.0,0.0,0.0,10.0
5.600933488914819,0.07834924901797582,-0.035480212902730776,0.005,200.0,0.0,0.0,0.0,200.0,0.0,0.0,0.0,200.0,10.0,0.0,0.0,0.0,10.0,0.0,0.0,0.0,10.0
5.601933655609268,0.07829442599909088,-0.035725920529271406,0.005,200.0,0.0,0.0,0.0,200.0,0.0,0.0,0.0,200.0,10.0,0.0,0.0,0.0,10.0,0.0,0.0,0.0,10.0
5.602933822303718,0.07823960298020591,-0.035971628155812195,0.005,200.0,0.0,0.0,0.0,200.0,0.0,0.0,0.0,200.0,10.0,0.0,0.0,0.0,10.0,0.0,0.0,0.0,10.0
5.6039339889981665,0.07818477996132098,-0.03621733578235282,0.005,200.0,0.0,0.0,0.0,200.0,0.0,0.0,0.0,200.0,10.0,0.0,0.0,0.0,10.0,0.0,0.0,0.0,10.0
5.604934155692615,0.07812995694243603,-0.03646304340889345,0.005,200.0,0.0,0.0,0.0,200.0,0.0,0.0,0.0,200.0,10.0,0.0,0.0,0.0,10.0,0.0,0.0,0.0,10.0
5.605934322387065,0.07807513392355106,-0.03670875103543424,0.005,200.0,0.0,0.0,0.0,200.0,0.0,0.0,0.0,200.0,10.0,0.0,0.0,0.0,10.0,0.0,0.0,0.0,10.0
5.606934489081514,0.07802031090466613,-0.036954458661974866,0.005,200.0,0.0,0.0,0.0,200.0,0.0,0.0,0.0,200.0,10.0,0.0,0.0,0.0,10.0,0.0,0.0,0.0,10.0
5.607934655775963,0.07796548788578114,-0.037200166288515656,0.005,200.0,0.0,0.0,0.0,200.0,0.0,0.0,0.0,200.0,10.0,0.0,0.0,0.0,10.0,0.0,0.0,0.0,10.0
5.608934822470412,0.07791066486689621,-0.037445873915056285,0.005,200.0,0.0,0.0,0.0,200.0,0.0,0.0,0.0,200.0,10.0,0.0,0.0,0.0,10.0,0.0,0.0,0.0,10.0
5.609934989164861,0.07785584184801127,-0.03769158154159691,0.005,200.0,0.0,0.0,0.0,200.0,0.0,0.0,0.0,200.0,10.0,0.0,0.0,0.0,10.0,0.0,0.0,0.0,10.0
5.61093515585931,0.0778010188291263,-0.0379372891681377,0.005,200.0,0.0,0.0,0.0,200.0,0.0,0.0,0.0,200.0,10.0,0.0,0.0,0.0,10.0,0.0,0.0,0.0,10.0
5.61193532255376,0.07774619581024136,-0.03818299679467833,0.005,200.0,0.0,0.0,0.0,200.0,0.0,0.0,0.0,200.0,10.0,0.0,0.0,0.0,10.0,0.0,0.0,0.0,10.0
5.612935489248208,0.07769137279135639,-0.038428704421219116,0.005,200.0,0.0,0.0,0.0,200.0,0.0,0.0,0.0,200.0,10.0,0.0,0.0,0.0,10.0,0.0,0.0,0.0,10.0
5.613935655942657,0.07763654977247145,-0.038674412047759746,0.005,200.0,0.0,0.0,0.0,200.0,0.0,0.0,0.0,200.0,10.0,0.0,0.0,0.0,10.0,0.0,0.0,0.0,10.0
5.614935822637106,0.07758172675358652,-0.03892011967430037,0.005,200.0,0.0,0.0,0.0,200.0,0.0,0.0,0.0,200.0,10.0,0.0,0.0,0.0,10.0,0.0,0.0,0.0,10.0
5.615935989331556,0.07752690373470153,-0.03916582730084116,0.005,200.0,0.0,0.0,0.0,200.0,0.0,0.0,0.0,200.0,10.0,0.0,0.0,0.0,10.0,0.0,0.0,0.0,10.0
5.6169361560260045,0.0774720807158166,-0.03941153492738179,0.005,200.0,0.0,0.0,0.0,200.0,0.0,0.0,0.0,200.0,10.0,0.0,0.0,0.0,10.0,0.0,0.0,0.0,10.0
5.617936322720453,0.07741725769693163,-0.03965724255392258,0.005,200.0,0.0,0.0,0.0,200.0,0.0,0.0,0.0,200.0,10.0,0.0,0.0,0.0,10.0,0.0,0.0,0.0,10.0
5.618936489414903,0.07737380266189575,-0.03989098997295136,0.005,200.0,0.0,0.0,0.0,200.0,0.0,0.0,0.0,200.0,10.0,0.0,0.0,0.0,10.0,0.0,0.0,0.0,10.0
5.619936656109352,0.07737380266189575,-0.04007901853423346,0.005,200.0,0.0,0.0,0.0,200.0,0.0,0.0,0.0,200.0,10.0,0.0,0.0,0.0,10.0,0.0,0.0,0.0,10.0
5.620936822803801,0.07737380266189575,-0.040267047095515436,0.005,200.0,0.0,0.0,0.0,200.0,0.0,0.0,0.0,200.0,10.0,0.0,0.0,0.0,10.0,0.0,0.0,0.0,10.0
5.62193698949825,0.07737380266189575,-0.04045507565679741,0.005,200.0,0.0,0.0,0.0,200.0,0.0,0.0,0.0,200.0,10.0,0.0,0.0,0.0,10.0,0.0,0.0,0.0,10.0
5.622937156192699,0.07737380266189575,-0.04064310421807951,0.005,200.0,0.0,0.0,0.0,200.0,0.0,0.0,0.0,200.0,10.0,0.0,0.0,0.0,10.0,0.0,0.0,0.0,10.0
5.623937322887148,0.07737380266189575,-0.040831132779361484,0.005,200.0,0.0,0.0,0.0,200.0,0.0,0.0,0.0,200.0,10.0,0.0,0.0,0.0,10.0,0.0,0.0,0.0,10.0
5.624937489581598,0.07737380266189575,-0.04101916134064359,0.005,200.0,0.0,0.0,0.0,200.0,0.0,0.0,0.0,200.0,10.0,0.0,0.0,0.0,10.0,0.0,0.0,0.0,10.0
5.625937656276046,0.07737380266189575,-0.04120718990192556,0.005,200.0,0.0,0.0,0.0,200.0,0.0,0.0,0.0,200.0,10.0,0.0,0.0,0.0,10.0,0.0,0.0,0.0,10.0
5.626937822970495,0.07737380266189575,-0.04139521846320754,0.005,200.0,0.0,0.0,0.0,200.0,0.0,0.0,0.0,200.0,10.0,0.0,0.0,0.0,10.0,0.0,0.0,0.0,10.0
5.627937989664944,0.07737380266189575,-0.041583247024489636,0.005,200.0,0.0,0.0,0.0,200.0,0.0,0.0,0.0,200.0,10.0,0.0,0.0,0.0,10.0,0.0,0.0,0.0,10.0
5.628938156359394,0.07737380266189575,-0.041771275585771615,0.005,200.0,0.0,0.0,0.0,200.0,0.0,0.0,0.0,200.0,10.0,0.0,0.0,0.0,10.0,0.0,0.0,0.0,10.0
5.6299383230538425,0.07737380266189575,-0.04195930414705371,0.005,200.0,0.0,0.0,0.0,200.0,0.0,0.0,0.0,200.0,10.0,0.0,0.0,0.0,10.0,0.0,0.0,0.0,10.0
5.630938489748291,0.07737380266189575,-0.04214733270833569,0.005,200.0,0.0,0.0,0.0,200.0,0.0,0.0,0.0,200.0,10.0,0.0,0.0,0.0,10.0,0.0,0.0,0.0,10.0
5.631938656442741,0.07737380266189575,-0.04233536126961766,0.005,200.0,0.0,0.0,0.0,200.0,0.0,0.0,0.0,200.0,10.0,0.0,0.0,0.0,10.0,0.0,0.0,0.0,10.0
5.63293882313719,0.07737380266189575,-0.04252338983089977,0.005,200.0,0.0,0.0,0.0,200.0,0.0,0.0,0.0,200.0,10.0,0.0,0.0,0.0,10.0,0.0,0.0,0.0,10.0
5.6339389898316385,0.07737380266189575,-0.04271141839218174,0.005,200.0,0.0,0.0,0.0,200.0,0.0,0.0,0.0,200.0,10.0,0.0,0.0,0.0,10.0,0.0,0.0,0.0,10.0
5.634939156526088,0.07737380266189575,-0.04289944695346384,0.005,200.0,0.0,0.0,0.0,200.0,0.0,0.0,0.0,200.0,10.0,0.0,0.0,0.0,10.0,0.0,0.0,0.0,10.0
5.635939323220537,0.07737380266189575,-0.043087475514745815,0.005,200.0,0.0,0.0,0.0,200.0,0.0,0.0,0.0,200.0,10.0,0.0,0.0,0.0,10.0,0.0,0.0,0.0,10.0
5.636939489914986,0.07737380266189575,-0.04327550407602792,0.005,200.0,0.0,0.0,0.0,200.0,0.0,0.0,0.0,200.0,10.0,0.0,0.0,0.0,10.0,0.0,0.0,0.0,10.0
5.6379396566094355,0.07737380266189575,-0.04346353263730989,0.005,200.0,0.0,0.0,0.0,200.0,0.0,0.0,0.0,200.0,10.0,0.0,0.0,0.0,10.0,0.0,0.0,0.0,10.0
5.638939823303884,0.07737380266189575,-0.04367981598484141,0.005,200.0,0.0,0.0,0.0,200.0,0.0,0.0,0.0,200.0,10.0,0.0,0.0,0.0,10.0,0.0,0.0,0.0,10.0
5.639939989998333,0.07737380266189575,-0.04406431387376557,0.005,200.0,0.0,0.0,0.0,200.0,0.0,0.0,0.0,200.0,10.0,0.0,0.0,0.0,10.0,0.0,0.0,0.0,10.0
5.640940156692782,0.07737380266189575,-0.04444881176268947,0.005,200.0,0.0,0.0,0.0,200.0,0.0,0.0,0.0,200.0,10.0,0.0,0.0,0.0,10.0,0.0,0.0,0.0,10.0
5.641940323387232,0.07737380266189575,-0.04483330965161363,0.005,200.0,0.0,0.0,0.0,200.0,0.0,0.0,0.0,200.0,10.0,0.0,0.0,0.0,10.0,0.0,0.0,0.0,10.0
5.64294049008168,0.07737380266189575,-0.04521780754053754,0.005,200.0,0.0,0.0,0.0,200.0,0.0,0.0,0.0,200.0,10.0,0.0,0.0,0.0,10.0,0.0,0.0,0.0,10.0
5.643940656776129,0.07737380266189575,-0.04560230542946144,0.005,200.0,0.0,0.0,0.0,200.0,0.0,0.0,0.0,200.0,10.0,0.0,0.0,0.0,10.0,0.0,0.0,0.0,10.0
5.644940823470579,0.07737380266189575,-0.0459868033183856,0.005,200.0,0.0,0.0,0.0,200.0,0.0,0.0,0.0,200.0,10.0,0.0,0.0,0.0,10.0,0.0,0.0,0.0,10.0
5.645940990165028,0.07737380266189575,-0.04637130120730951,0.005,200.0,0.0,0.0,0.0,200.0,0.0,0.0,0.0,200.0,10.0,0.0,0.0,0.0,10.0,0.0,0.0,0.0,10.0
5.6469411568594765,0.07737380266189575,-0.04675579909623367,0.005,200.0,0.0,0.0,0.0,200.0,0.0,0.0,0.0,200.0,10.0,0.0,0.0,0.0,10.0,0.0,0.0,0.0,10.0
5.647941323553926,0.07737380266189575,-0.04714029698515757,0.005,200.0,0.0,0.0,0.0,200.0,0.0,0.0,0.0,200.0,10.0,0.0,0.0,0.0,10.0,0.0,0.0,0.0,10.0
5.648941490248375,0.07737380266189575,-0.047524794874081476,0.005,200.0,0.0,0.0,0.0,200.0,0.0,0.0,0.0,200.0,10.0,0.0,0.0,0.0,10.0,0.0,0.0,0.0,10.0
5.649941656942824,0.07737380266189575,-0.04790929276300564,0.005,200.0,0.0,0.0,0.0,200.0,0.0,0.0,0.0,200.0,10.0,0.0,0.0,0.0,10.0,0.0,0.0,0.0,10.0
5.6509418236372735,0.07737380266189575,-0.04829379065192954,0.005,200.0,0.0,0.0,0.0,200.0,0.0,0.0,0.0,200.0,10.0,0.0,0.0,0.0,10.0,0.0,0.0,0.0,10.0
5.651941990331722,0.07737380266189575,-0.0486782885408537,0.005,200.0,0.0,0.0,0.0,200.0,0.0,0.0,0.0,200.0,10.0,0.0,0.0,0.0,10.0,0.0,0.0,0.0,10.0
5.652942157026171,0.07737380266189575,-0.049062786429777606,0.005,200.0,0.0,0.0,0.0,200.0,0.0,0.0,0.0,200.0,10.0,0.0,0.0,0.0,10.0,0.0,0.0,0.0,10.0
5.65394232372062,0.07737380266189575,-0.04944728431870177,0.005,200.0,0.0,0.0,0.0,200.0,0.0,0.0,0.0,200.0,10.0,0.0,0.0,0.0,10.0,0.0,0.0,0.0,10.0
5.65494249041507,0.07737380266189575,-0.04983178220762567,0.005,200.0,0.0,0.0,0.0,200.0,0.0,0.0,0.0,200.0,10.0,0.0,0.0,0.0,10.0,0.0,0.0,0.0,10.0
5.655942657109518,0.07737380266189575,-0.050216280096549576,0.005,200.0,0.0,0.0,0.0,200.0,0.0,0.0,0.0,200.0,10.0,0.0,0.0,0.0,10.0,0.0,0.0,0.0,10.0
5.656942823803967,0.07737380266189575,-0.050600777985473744,0.005,200.0,0.0,0.0,0.0,200.0,0.0,0.0,0.0,200.0,10.0,0.0,0.0,0.0,10.0,0.0,0.0,0.0,10.0
5.657942990498417,0.07737380266189575,-0.05098527587439765,0.005,200.0,0.0,0.0,0.0,200.0,0.0,0.0,0.0,200.0,10.0,0.0,0.0,0.0,10.0,0.0,0.0,0.0,10.0
5.658943157192866,0.07737380266189575,-0.05137809175593709,0.005,200.0,0.0,0.0,0.0,200.0,0.0,0.0,0.0,200.0,10.0,0.0,0.0,0.0,10.0,0.0,0.0,0.0,10.0
5.6599433238873145,0.07737380266189575,-0.05186621796952648,0.005,200.0,0.0,0.0,0.0,200.0,0.0,0.0,0.0,200.0,10.0,0.0,0.0,0.0,10.0,0.0,0.0,0.0,10.0
5.660943490581764,0.07737380266189575,-0.05235434418311586,0.005,200.0,0.0,0.0,0.0,200.0,0.0,0.0,0.0,200.0,10.0,0.0,0.0,0.0,10.0,0.0,0.0,0.0,10.0
5.661943657276213,0.07737380266189575,-0.05284247039670557,0.005,200.0,0.0,0.0,0.0,200.0,0.0,0.0,0.0,200.0,10.0,0.0,0.0,0.0,10.0,0.0,0.0,0.0,10.0
5.662943823970662,0.07737380266189575,-0.05333059661029495,0.005,200.0,0.0,0.0,0.0,200.0,0.0,0.0,0.0,200.0,10.0,0.0,0.0,0.0,10.0,0.0,0.0,0.0,10.0
5.6639439906651114,0.07737380266189575,-0.053818722823884654,0.005,200.0,0.0,0.0,0.0,200.0,0.0,0.0,0.0,200.0,10.0,0.0,0.0,0.0,10.0,0.0,0.0,0.0,10.0
5.66494415735956,0.07737380266189575,-0.054306849037474035,0.005,200.0,0.0,0.0,0.0,200.0,0.0,0.0,0.0,200.0,10.0,0.0,0.0,0.0,10.0,0.0,0.0,0.0,10.0
5.665944324054009,0.07737380266189575,-0.05479497525106342,0.005,200.0,0.0,0.0,0.0,200.0,0.0,0.0,0.0,200.0,10.0,0.0,0.0,0.0,10.0,0.0,0.0,0.0,10.0
5.666944490748458,0.07737380266189575,-0.05528310146465313,0.005,200.0,0.0,0.0,0.0,200.0,0.0,0.0,0.0,200.0,10.0,0.0,0.0,0.0,10.0,0.0,0.0,0.0,10.0
5.6679446574429075,0.07737380266189575,-0.05577122767824251,0.005,200.0,0.0,0.0,0.0,200.0,0.0,0.0,0.0,200.0,10.0,0.0,0.0,0.0,10.0,0.0,0.0,0.0,10.0
5.668944824137356,0.07737380266189575,-0.05625935389183222,0.005,200.0,0.0,0.0,0.0,200.0,0.0,0.0,0.0,200.0,10.0,0.0,0.0,0.0,10.0,0.0,0.0,0.0,10.0
5.669944990831805,0.07737380266189575,-0.0567474801054216,0.005,200.0,0.0,0.0,0.0,200.0,0.0,0.0,0.0,200.0,10.0,0.0,0.0,0.0,10.0,0.0,0.0,0.0,10.0
5.670945157526255,0.07737380266189575,-0.057235606319011305,0.005,200.0,0.0,0.0,0.0,200.0,0.0,0.0,0.0,200.0,10.0,0.0,0.0,0.0,10.0,0.0,0.0,0.0,10.0
5.671945324220704,0.07737380266189575,-0.05772373253260069,0.005,200.0,0.0,0.0,0.0,200.0,0.0,0.0,0.0,200.0,10.0,0.0,0.0,0.0,10.0,0.0,0.0,0.0,10.0
5.672945490915152,0.07737380266189575,-0.05821185874619007,0.005,200.0,0.0,0.0,0.0,200.0,0.0,0.0,0.0,200.0,10.0,0.0,0.0,0.0,10.0,0.0,0.0,0.0,10.0
5.673945657609602,0.07737380266189575,-0.05869998495977978,0.005,200.0,0.0,0.0,0.0,200.0,0.0,0.0,0.0,200.0,10.0,0.0,0.0,0.0,10.0,0.0,0.0,0.0,10.0
5.674945824304051,0.07737380266189575,-0.05918811117336916,0.005,200.0,0.0,0.0,0.0,200.0,0.0,0.0,0.0,200.0,10.0,0.0,0.0,0.0,10.0,0.0,0.0,0.0,10.0
5.6759459909985,0.07737380266189575,-0.05967623738695887,0.005,200.0,0.0,0.0,0.0,200.0,0.0,0.0,0.0,200.0,10.0,0.0,0.0,0.0,10.0,0.0,0.0,0.0,10.0
5.676946157692949,0.07737380266189575,-0.06016436360054825,0.005,200.0,0.0,0.0,0.0,200.0,0.0,0.0,0.0,200.0,10.0,0.0,0.0,0.0,10.0,0.0,0.0,0.0,10.0
5.677946324387398,0.07737380266189575,-0.060652489814137636,0.005,200.0,0.0,0.0,0.0,200.0,0.0,0.0,0.0,200.0,10.0,0.0,0.0,0.0,10.0,0.0,0.0,0.0,10.0
5.678946491081847,0.07737380266189575,-0.06113874195645019,0.005,200.0,0.0,0.0,0.0,200.0,0.0,0.0,0.0,200.0,10.0,0.0,0.0,0.0,10.0,0.0,0.0,0.0,10.0
5.679946657776297,0.07737380266189575,-0.061514798707664985,0.005,200.0,0.0,0.0,0.0,200.0,0.0,0.0,0.0,200.0,10.0,0.0,0.0,0.0,10.0,0.0,0.0,0.0,10.0
5.6809468244707455,0.07737380266189575,-0.06189085545888003,0.005,200.0,0.0,0.0,0.0,200.0,0.0,0.0,0.0,200.0,10.0,0.0,0.0,0.0,10.0,0.0,0.0,0.0,10.0
5.681946991165194,0.07737380266189575,-0.062266912210094824,0.005,200.0,0.0,0.0,0.0,200.0,0.0,0.0,0.0,200.0,10.0,0.0,0.0,0.0,10.0,0.0,0.0,0.0,10.0
5.682947157859643,0.07737380266189575,-0.06264296896130962,0.005,200.0,0.0,0.0,0.0,200.0,0.0,0.0,0.0,200.0,10.0,0.0,0.0,0.0,10.0,0.0,0.0,0.0,10.0
5.683947324554093,0.07737380266189575,-0.06301902571252466,0.005,200.0,0.0,0.0,0.0,200.0,0.0,0.0,0.0,200.0,10.0,0.0,0.0,0.0,10.0,0.0,0.0,0.0,10.0
5.684947491248542,0.07737380266189575,-0.06339508246373945,0.005,200.0,0.0,0.0,0.0,200.0,0.0,0.0,0.0,200.0,10.0,0.0,0.0,0.0,10.0,0.0,0.0,0.0,10.0
5.68594765794299,0.07737380266189575,-0.06377113921495449,0.005,200.0,0.0,0.0,0.0,200.0,0.0,0.0,0.0,200.0,10.0,0.0,0.0,0.0,10.0,0.0,0.0,0.0,10.0
5.68694782463744,0.07737380266189575,-0.06414719596616929,0.005,200.0,0.0,0.0,0.0,200.0,0.0,0.0,0.0,200.0,10.0,0.0,0.0,0.0,10.0,0.0,0.0,0.0,10.0
5.687947991331889,0.07737380266189575,-0.06452325271738434,0.005,200.0,0.0,0.0,0.0,200.0,0.0,0.0,0.0,200.0,10.0,0.0,0.0,0.0,10.0,0.0,0.0,0.0,10.0
5.688948158026338,0.07737380266189575,-0.06489930946859912,0.005,200.0,0.0,0.0,0.0,200.0,0.0,0.0,0.0,200.0,10.0,0.0,0.0,0.0,10.0,0.0,0.0,0.0,10.0
5.689948324720787,0.07737380266189575,-0.06527536621981392,0.005,200.0,0.0,0.0,0.0,200.0,0.0,0.0,0.0,200.0,10.0,0.0,0.0,0.0,10.0,0.0,0.0,0.0,10.0
5.690948491415236,0.07737380266189575,-0.06565142297102897,0.005,200.0,0.0,0.0,0.0,200.0,0.0,0.0,0.0,200.0,10.0,0.0,0.0,0.0,10.0,0.0,0.0,0.0,10.0
5.691948658109685,0.07737380266189575,-0.06602747972224375,0.005,200.0,0.0,0.0,0.0,200.0,0.0,0.0,0.0,200.0,10.0,0.0,0.0,0.0,10.0,0.0,0.0,0.0,10.0
5.692948824804135,0.07737380266189575,-0.0664035364734588,0.005,200.0,0.0,0.0,0.0,200.0,0.0,0.0,0.0,200.0,10.0,0.0,0.0,0.0,10.0,0.0,0.0,0.0,10.0
5.6939489914985835,0.07737380266189575,-0.06677959322467358,0.005,200.0,0.0,0.0,0.0,200.0,0.0,0.0,0.0,200.0,10.0,0.0,0.0,0.0,10.0,0.0,0.0,0.0,10.0
5.694949158193032,0.07737380266189575,-0.06715564997588838,0.005,200.0,0.0,0.0,0.0,200.0,0.0,0.0,0.0,200.0,10.0,0.0,0.0,0.0,10.0,0.0,0.0,0.0,10.0
5.695949324887481,0.07737380266189575,-0.06753170672710343,0.005,200.0,0.0,0.0,0.0,200.0,0.0,0.0,0.0,200.0,10.0,0.0,0.0,0.0,10.0,0.0,0.0,0.0,10.0
5.696949491581931,0.07737380266189575,-0.06790776347831821,0.005,200.0,0.0,0.0,0.0,200.0,0.0,0.0,0.0,200.0,10.0,0.0,0.0,0.0,10.0,0.0,0.0,0.0,10.0
5.69794965827638,0.07737380266189575,-0.06828382022953326,0.005,200.0,0.0,0.0,0.0,200.0,0.0,0.0,0.0,200.0,10.0,0.0,0.0,0.0,10.0,0.0,0.0,0.0,10.0
5.698949824970828,0.07737380266189575,-0.06865987698074805,0.005,200.0,0.0,0.0,0.0,200.0,0.0,0.0,0.0,200.0,10.0,0.0,0.0,0.0,10.0,0.0,0.0,0.0,10.0
5.699949991665278,0.07737380266189575,-0.06899102202582924,0.005,200.0,0.0,0.0,0.0,200.0,0.0,0.0,0.0,200.0,10.0,0.0,0.0,0.0,10.0,0.0,0.0,0.0,10.0
5.700950158359727,0.07737380266189575,-0.06931996088183741,0.005,200.0,0.0,0.0,0.0,200.0,0.0,0.0,0.0,200.0,10.0,0.0,0.0,0.0,10.0,0.0,0.0,0.0,10.0
5.701950325054176,0.07737380266189575,-0.06964889973784535,0.005,200.0,0.0,0.0,0.0,200.0,0.0,0.0,0.0,200.0,10.0,0.0,0.0,0.0,10.0,0.0,0.0,0.0,10.0
5.702950491748625,0.07737380266189575,-0.06997783859385351,0.005,200.0,0.0,0.0,0.0,200.0,0.0,0.0,0.0,200.0,10.0,0.0,0.0,0.0,10.0,0.0,0.0,0.0,10.0
5.703950658443074,0.07737380266189575,-0.07030677744986145,0.005,200.0,0.0,0.0,0.0,200.0,0.0,0.0,0.0,200.0,10.0,0.0,0.0,0.0,10.0,0.0,0.0,0.0,10.0
5.704950825137523,0.07737380266189575,-0.0706357163058694,0.005,200.0,0.0,0.0,0.0,200.0,0.0,0.0,0.0,200.0,10.0,0.0,0.0,0.0,10.0,0.0,0.0,0.0,10.0
5.705950991831973,0.07737380266189575,-0.07096465516187755,0.005,200.0,0.0,0.0,0.0,200.0,0.0,0.0,0.0,200.0,10.0,0.0,0.0,0.0,10.0,0.0,0.0,0.0,10.0
5.706951158526421,0.07737380266189575,-0.0712935940178855,0.005,200.0,0.0,0.0,0.0,200.0,0.0,0.0,0.0,200.0,10.0,0.0,0.0,0.0,10.0,0.0,0.0,0.0,10.0
5.70795132522087,0.07737380266189575,-0.07162253287389367,0.005,200.0,0.0,0.0,0.0,200.0,0.0,0.0,0.0,200.0,10.0,0.0,0.0,0.0,10.0,0.0,0.0,0.0,10.0
5.708951491915319,0.07737380266189575,-0.07195147172990161,0.005,200.0,0.0,0.0,0.0,200.0,0.0,0.0,0.0,200.0,10.0,0.0,0.0,0.0,10.0,0.0,0.0,0.0,10.0
5.709951658609769,0.07737380266189575,-0.07228041058590977,0.005,200.0,0.0,0.0,0.0,200.0,0.0,0.0,0.0,200.0,10.0,0.0,0.0,0.0,10.0,0.0,0.0,0.0,10.0
5.7109518253042175,0.07737380266189575,-0.07260934944191771,0.005,200.0,0.0,0.0,0.0,200.0,0.0,0.0,0.0,200.0,10.0,0.0,0.0,0.0,10.0,0.0,0.0,0.0,10.0
5.711951991998666,0.07737380266189575,-0.07293828829792566,0.005,200.0,0.0,0.0,0.0,200.0,0.0,0.0,0.0,200.0,10.0,0.0,0.0,0.0,10.0,0.0,0.0,0.0,10.0
5.712952158693116,0.07737380266189575,-0.07326722715393383,0.005,200.0,0.0,0.0,0.0,200.0,0.0,0.0,0.0,200.0,10.0,0.0,0.0,0.0,10.0,0.0,0.0,0.0,10.0
5.713952325387565,0.07737380266189575,-0.07359616600994176,0.005,200.0,0.0,0.0,0.0,200.0,0.0,0.0,0.0,200.0,10.0,0.0,0.0,0.0,10.0,0.0,0.0,0.0,10.0
5.714952492082014,0.07737380266189575,-0.07392510486594993,0.005,200.0,0.0,0.0,0.0,200.0,0.0,0.0,0.0,200.0,10.0,0.0,0.0,0.0,10.0,0.0,0.0,0.0,10.0
5.715952658776463,0.07737380266189575,-0.07425404372195787,0.005,200.0,0.0,0.0,0.0,200.0,0.0,0.0,0.0,200.0,10.0,0.0,0.0,0.0,10.0,0.0,0.0,0.0,10.0
5.716952825470912,0.07737380266189575,-0.07458298257796582,0.005,200.0,0.0,0.0,0.0,200.0,0.0,0.0,0.0,200.0,10.0,0.0,0.0,0.0,10.0,0.0,0.0,0.0,10.0
5.717952992165361,0.07737380266189575,-0.07491192143397397,0.005,200.0,0.0,0.0,0.0,200.0,0.0,0.0,0.0,200.0,10.0,0.0,0.0,0.0,10.0,0.0,0.0,0.0,10.0
5.718953158859811,0.07737380266189575,-0.07524086028998192,0.005,200.0,0.0,0.0,0.0,200.0,0.0,0.0,0.0,200.0,10.0,0.0,0.0,0.0,10.0,0.0,0.0,0.0,10.0
5.719953325554259,0.07737380266189575,-0.07539605106745466,0.005,200.0,0.0,0.0,0.0,200.0,0.0,0.0,0.0,200.0,10.0,0.0,0.0,0.0,10.0,0.0,0.0,0.0,10.0
5.720953492248708,0.07737380266189575,-0.0755296866321766,0.005,200.0,0.0,0.0,0.0,200.0,0.0,0.0,0.0,200.0,10.0,0.0,0.0,0.0,10.0,0.0,0.0,0.0,10.0
5.721953658943157,0.07737380266189575,-0.07566332219689853,0.005,200.0,0.0,0.0,0.0,200.0,0.0,0.0,0.0,200.0,10.0,0.0,0.0,0.0,10.0,0.0,0.0,0.0,10.0
5.722953825637607,0.07737380266189575,-0.07579695776162054,0.005,200.0,0.0,0.0,0.0,200.0,0.0,0.0,0.0,200.0,10.0,0.0,0.0,0.0,10.0,0.0,0.0,0.0,10.0
5.7239539923320555,0.07737380266189575,-0.07593059332634249,0.005,200.0,0.0,0.0,0.0,200.0,0.0,0.0,0.0,200.0,10.0,0.0,0.0,0.0,10.0,0.0,0.0,0.0,10.0
5.724954159026504,0.07737380266189575,-0.0760642288910645,0.005,200.0,0.0,0.0,0.0,200.0,0.0,0.0,0.0,200.0,10.0,0.0,0.0,0.0,10.0,0.0,0.0,0.0,10.0
5.725954325720954,0.07737380266189575,-0.07619786445578643,0.005,200.0,0.0,0.0,0.0,200.0,0.0,0.0,0.0,200.0,10.0,0.0,0.0,0.0,10.0,0.0,0.0,0.0,10.0
5.726954492415403,0.07737380266189575,-0.07633150002050845,0.005,200.0,0.0,0.0,0.0,200.0,0.0,0.0,0.0,200.0,10.0,0.0,0.0,0.0,10.0,0.0,0.0,0.0,10.0
5.727954659109852,0.07737380266189575,-0.07646513558523038,0.005,200.0,0.0,0.0,0.0,200.0,0.0,0.0,0.0,200.0,10.0,0.0,0.0,0.0,10.0,0.0,0.0,0.0,10.0
5.728954825804301,0.07737380266189575,-0.07659877114995231,0.005,200.0,0.0,0.0,0.0,200.0,0.0,0.0,0.0,200.0,10.0,0.0,0.0,0.0,10.0,0.0,0.0,0.0,10.0
5.72995499249875,0.07737380266189575,-0.07673240671467434,0.005,200.0,0.0,0.0,0.0,200.0,0.0,0.0,0.0,200.0,10.0,0.0,0.0,0.0,10.0,0.0,0.0,0.0,10.0
5.730955159193199,0.07737380266189575,-0.07686604227939627,0.005,200.0,0.0,0.0,0.0,200.0,0.0,0.0,0.0,200.0,10.0,0.0,0.0,0.0,10.0,0.0,0.0,0.0,10.0
5.7319553258876486,0.07737380266189575,-0.07699967784411829,0.005,200.0,0.0,0.0,0.0,200.0,0.0,0.0,0.0,200.0,10.0,0.0,0.0,0.0,10.0,0.0,0.0,0.0,10.0
5.732955492582097,0.07737380266189575,-0.07713331340884022,0.005,200.0,0.0,0.0,0.0,200.0,0.0,0.0,0.0,200.0,10.0,0.0,0.0,0.0,10.0,0.0,0.0,0.0,10.0
5.733955659276546,0.07737380266189575,-0.07726694897356215,0.005,200.0,0.0,0.0,0.0,200.0,0.0,0.0,0.0,200.0,10.0,0.0,0.0,0.0,10.0,0.0,0.0,0.0,10.0
5.734955825970995,0.07737380266189575,-0.07740058453828418,0.005,200.0,0.0,0.0,0.0,200.0,0.0,0.0,0.0,200.0,10.0,0.0,0.0,0.0,10.0,0.0,0.0,0.0,10.0
5.735955992665445,0.07737380266189575,-0.0775342201030061,0.005,200.0,0.0,0.0,0.0,200.0,0.0,0.0,0.0,200.0,10.0,0.0,0.0,0.0,10.0,0.0,0.0,0.0,10.0
5.7369561593598934,0.07737380266189575,-0.07766785566772812,0.005,200.0,0.0,0.0,0.0,200.0,0.0,0.0,0.0,200.0,10.0,0.0,0.0,0.0,10.0,0.0,0.0,0.0,10.0
5.737956326054342,0.07737380266189575,-0.07780149123245006,0.005,200.0,0.0,0.0,0.0,200.0,0.0,0.0,0.0,200.0,10.0,0.0,0.0,0.0,10.0,0.0,0.0,0.0,10.0
5.738956492748792,0.07737380266189575,-0.07793512679717199,0.005,200.0,0.0,0.0,0.0,200.0,0.0,0.0,0.0,200.0,10.0,0.0,0.0,0.0,10.0,0.0,0.0,0.0,10.0
5.739956659443241,0.07737380266189575,-0.0781661841020442,0.005,200.0,0.0,0.0,0.0,200.0,0.0,0.0,0.0,200.0,10.0,0.0,0.0,0.0,10.0,0.0,0.0,0.0,10.0
5.7409568261376895,0.07737380266189575,-0.07841775124694797,0.005,200.0,0.0,0.0,0.0,200.0,0.0,0.0,0.0,200.0,10.0,0.0,0.0,0.0,10.0,0.0,0.0,0.0,10.0
5.741956992832139,0.07737380266189575,-0.07866931839185189,0.005,200.0,0.0,0.0,0.0,200.0,0.0,0.0,0.0,200.0,10.0,0.0,0.0,0.0,10.0,0.0,0.0,0.0,10.0
5.742957159526588,0.07737380266189575,-0.07892088553675565,0.005,200.0,0.0,0.0,0.0,200.0,0.0,0.0,0.0,200.0,10.0,0.0,0.0,0.0,10.0,0.0,0.0,0.0,10.0
5.743957326221037,0.07737380266189575,-0.07917245268165957,0.005,200.0,0.0,0.0,0.0,200.0,0.0,0.0,0.0,200.0,10.0,0.0,0.0,0.0,10.0,0.0,0.0,0.0,10.0
5.7449574929154865,0.07737380266189575,-0.07942401982656333,0.005,200.0,0.0,0.0,0.0,200.0,0.0,0.0,0.0,200.0,10.0,0.0,0.0,0.0,10.0,0.0,0.0,0.0,10.0
5.745957659609935,0.07737380266189575,-0.07967558697146708,0.005,200.0,0.0,0.0,0.0,200.0,0.0,0.0,0.0,200.0,10.0,0.0,0.0,0.0,10.0,0.0,0.0,0.0,10.0
5.746957826304384,0.07737380266189575,-0.07992715411637101,0.005,200.0,0.0,0.0,0.0,200.0,0.0,0.0,0.0,200.0,10.0,0.0,0.0,0.0,10.0,0.0,0.0,0.0,10.0
5.747957992998833,0.07737380266189575,-0.08017872126127476,0.005,200.0,0.0,0.0,0.0,200.0,0.0,0.0,0.0,200.0,10.0,0.0,0.0,0.0,10.0,0.0,0.0,0.0,10.0
5.748958159693283,0.07737380266189575,-0.08043028840617868,0.005,200.0,0.0,0.0,0.0,200.0,0.0,0.0,0.0,200.0,10.0,0.0,0.0,0.0,10.0,0.0,0.0,0.0,10.0
5.749958326387731,0.07737380266189575,-0.08068185555108244,0.005,200.0,0.0,0.0,0.0,200.0,0.0,0.0,0.0,200.0,10.0,0.0,0.0,0.0,10.0,0.0,0.0,0.0,10.0
5.75095849308218,0.07737380266189575,-0.08093342269598619,0.005,200.0,0.0,0.0,0.0,200.0,0.0,0.0,0.0,200.0,10.0,0.0,0.0,0.0,10.0,0.0,0.0,0.0,10.0
5.75195865977663,0.07737380266189575,-0.08118498984089012,0.005,200.0,0.0,0.0,0.0,200.0,0.0,0.0,0.0,200.0,10.0,0.0,0.0,0.0,10.0,0.0,0.0,0.0,10.0
5.752958826471079,0.07737380266189575,-0.08143655698579387,0.005,200.0,0.0,0.0,0.0,200.0,0.0,0.0,0.0,200.0,10.0,0.0,0.0,0.0,10.0,0.0,0.0,0.0,10.0
5.7539589931655275,0.07737380266189575,-0.0816881241306978,0.005,200.0,0.0,0.0,0.0,200.0,0.0,0.0,0.0,200.0,10.0,0.0,0.0,0.0,10.0,0.0,0.0,0.0,10.0
5.754959159859977,0.07737380266189575,-0.08193969127560155,0.005,200.0,0.0,0.0,0.0,200.0,0.0,0.0,0.0,200.0,10.0,0.0,0.0,0.0,10.0,0.0,0.0,0.0,10.0
5.755959326554426,0.07737380266189575,-0.0821912584205053,0.005,200.0,0.0,0.0,0.0,200.0,0.0,0.0,0.0,200.0,10.0,0.0,0.0,0.0,10.0,0.0,0.0,0.0,10.0
5.756959493248875,0.07737380266189575,-0.08244282556540923,0.005,200.0,0.0,0.0,0.0,200.0,0.0,0.0,0.0,200.0,10.0,0.0,0.0,0.0,10.0,0.0,0.0,0.0,10.0
5.7579596599433245,0.07737380266189575,-0.08269439271031298,0.005,200.0,0.0,0.0,0.0,200.0,0.0,0.0,0.0,200.0,10.0,0.0,0.0,0.0,10.0,0.0,0.0,0.0,10.0
5.758959826637773,0.07737380266189575,-0.08294595985521691,0.005,200.0,0.0,0.0,0.0,200.0,0.0,0.0,0.0,200.0,10.0,0.0,0.0,0.0,10.0,0.0,0.0,0.0,10.0
5.759959993332222,0.07737380266189575,-0.08303394351805977,0.005,200.0,0.0,0.0,0.0,200.0,0.0,0.0,0.0,200.0,10.0,0.0,0.0,0.0,10.0,0.0,0.0,0.0,10.0
5.760960160026672,0.07737380266189575,-0.08307098671061175,0.005,200.0,0.0,0.0,0.0,200.0,0.0,0.0,0.0,200.0,10.0,0.0,0.0,0.0,10.0,0.0,0.0,0.0,10.0
5.761960326721121,0.07737380266189575,-0.0831080299031637,0.005,200.0,0.0,0.0,0.0,200.0,0.0,0.0,0.0,200.0,10.0,0.0,0.0,0.0,10.0,0.0,0.0,0.0,10.0
5.762960493415569,0.07737380266189575,-0.08314507309571564,0.005,200.0,0.0,0.0,0.0,200.0,0.0,0.0,0.0,200.0,10.0,0.0,0.0,0.0,10.0,0.0,0.0,0.0,10.0
5.763960660110018,0.07737380266189575,-0.08318211628826762,0.005,200.0,0.0,0.0,0.0,200.0,0.0,0.0,0.0,200.0,10.0,0.0,0.0,0.0,10.0,0.0,0.0,0.0,10.0
5.764960826804468,0.07737380266189575,-0.08321915948081957,0.005,200.0,0.0,0.0,0.0,200.0,0.0,0.0,0.0,200.0,10.0,0.0,0.0,0.0,10.0,0.0,0.0,0.0,10.0
5.765960993498917,0.07737380266189575,-0.08325620267337154,0.005,200.0,0.0,0.0,0.0,200.0,0.0,0.0,0.0,200.0,10.0,0.0,0.0,0.0,10.0,0.0,0.0,0.0,10.0
5.7669611601933655,0.07737380266189575,-0.08329324586592349,0.005,200.0,0.0,0.0,0.0,200.0,0.0,0.0,0.0,200.0,10.0,0.0,0.0,0.0,10.0,0.0,0.0,0.0,10.0
5.767961326887815,0.07737380266189575,-0.08333028905847543,0.005,200.0,0.0,0.0,0.0,200.0,0.0,0.0,0.0,200.0,10.0,0.0,0.0,0.0,10.0,0.0,0.0,0.0,10.0
5.768961493582264,0.07737380266189575,-0.08336733225102741,0.005,200.0,0.0,0.0,0.0,200.0,0.0,0.0,0.0,200.0,10.0,0.0,0.0,0.0,10.0,0.0,0.0,0.0,10.0
5.769961660276713,0.07737380266189575,-0.08340437544357936,0.005,200.0,0.0,0.0,0.0,200.0,0.0,0.0,0.0,200.0,10.0,0.0,0.0,0.0,10.0,0.0,0.0,0.0,10.0
5.7709618269711624,0.07737380266189575,-0.08344141863613133,0.005,200.0,0.0,0.0,0.0,200.0,0.0,0.0,0.0,200.0,10.0,0.0,0.0,0.0,10.0,0.0,0.0,0.0,10.0
5.771961993665611,0.07737380266189575,-0.08347846182868328,0.005,200.0,0.0,0.0,0.0,200.0,0.0,0.0,0.0,200.0,10.0,0.0,0.0,0.0,10.0,0.0,0.0,0.0,10.0
5.77296216036006,0.07737380266189575,-0.08351550502123523,0.005,200.0,0.0,0.0,0.0,200.0,0.0,0.0,0.0,200.0,10.0,0.0,0.0,0.0,10.0,0.0,0.0,0.0,10.0
5.77396232705451,0.07737380266189575,-0.0835525482137872,0.005,200.0,0.0,0.0,0.0,200.0,0.0,0.0,0.0,200.0,10.0,0.0,0.0,0.0,10.0,0.0,0.0,0.0,10.0
5.7749624937489585,0.07737380266189575,-0.08358959140633915,0.005,200.0,0.0,0.0,0.0,200.0,0.0,0.0,0.0,200.0,10.0,0.0,0.0,0.0,10.0,0.0,0.0,0.0,10.0
5.775962660443407,0.07737380266189575,-0.08362663459889112,0.005,200.0,0.0,0.0,0.0,200.0,0.0,0.0,0.0,200.0,10.0,0.0,0.0,0.0,10.0,0.0,0.0,0.0,10.0
5.776962827137856,0.07737380266189575,-0.08366367779144307,0.005,200.0,0.0,0.0,0.0,200.0,0.0,0.0,0.0,200.0,10.0,0.0,0.0,0.0,10.0,0.0,0.0,0.0,10.0
5.777962993832306,0.07737380266189575,-0.08370072098399504,0.005,200.0,0.0,0.0,0.0,200.0,0.0,0.0,0.0,200.0,10.0,0.0,0.0,0.0,10.0,0.0,0.0,0.0,10.0
5.778963160526755,0.07737380266189575,-0.08373776417654699,0.005,200.0,0.0,0.0,0.0,200.0,0.0,0.0,0.0,200.0,10.0,0.0,0.0,0.0,10.0,0.0,0.0,0.0,10.0
5.779963327221203,0.07737380266189575,-0.08378578803577626,0.005,200.0,0.0,0.0,0.0,200.0,0.0,0.0,0.0,200.0,10.0,0.0,0.0,0.0,10.0,0.0,0.0,0.0,10.0
5.780963493915653,0.07737380266189575,-0.08383854041175656,0.005,200.0,0.0,0.0,0.0,200.0,0.0,0.0,0.0,200.0,10.0,0.0,0.0,0.0,10.0,0.0,0.0,0.0,10.0
5.781963660610102,0.07737380266189575,-0.08389129278773683,0.005,200.0,0.0,0.0,0.0,200.0,0.0,0.0,0.0,200.0,10.0,0.0,0.0,0.0,10.0,0.0,0.0,0.0,10.0
5.782963827304551,0.07737380266189575,-0.08394404516371713,0.005,200.0,0.0,0.0,0.0,200.0,0.0,0.0,0.0,200.0,10.0,0.0,0.0,0.0,10.0,0.0,0.0,0.0,10.0
5.783963993999,0.07737380266189575,-0.0839967975396974,0.005,200.0,0.0,0.0,0.0,200.0,0.0,0.0,0.0,200.0,10.0,0.0,0.0,0.0,10.0,0.0,0.0,0.0,10.0
5.784964160693449,0.07737380266189575,-0.08404954991567766,0.005,200.0,0.0,0.0,0.0,200.0,0.0,0.0,0.0,200.0,10.0,0.0,0.0,0.0,10.0,0.0,0.0,0.0,10.0
5.785964327387898,0.07737380266189575,-0.08410230229165797,0.005,200.0,0.0,0.0,0.0,200.0,0.0,0.0,0.0,200.0,10.0,0.0,0.0,0.0,10.0,0.0,0.0,0.0,10.0
5.786964494082348,0.07737380266189575,-0.08415505466763823,0.005,200.0,0.0,0.0,0.0,200.0,0.0,0.0,0.0,200.0,10.0,0.0,0.0,0.0,10.0,0.0,0.0,0.0,10.0
5.7879646607767965,0.07737380266189575,-0.08420780704361853,0.005,200.0,0.0,0.0,0.0,200.0,0.0,0.0,0.0,200.0,10.0,0.0,0.0,0.0,10.0,0.0,0.0,0.0,10.0
5.788964827471245,0.07737380266189575,-0.0842605594195988,0.005,200.0,0.0,0.0,0.0,200.0,0.0,0.0,0.0,200.0,10.0,0.0,0.0,0.0,10.0,0.0,0.0,0.0,10.0
5.789964994165694,0.07737380266189575,-0.08431331179557906,0.005,200.0,0.0,0.0,0.0,200.0,0.0,0.0,0.0,200.0,10.0,0.0,0.0,0.0,10.0,0.0,0.0,0.0,10.0
5.790965160860144,0.07737380266189575,-0.08436606417155937,0.005,200.0,0.0,0.0,0.0,200.0,0.0,0.0,0.0,200.0,10.0,0.0,0.0,0.0,10.0,0.0,0.0,0.0,10.0
5.791965327554593,0.07737380266189575,-0.08441881654753963,0.005,200.0,0.0,0.0,0.0,200.0,0.0,0.0,0.0,200.0,10.0,0.0,0.0,0.0,10.0,0.0,0.0,0.0,10.0
5.792965494249041,0.07737380266189575,-0.08447156892351994,0.005,200.0,0.0,0.0,0.0,200.0,0.0,0.0,0.0,200.0,10.0,0.0,0.0,0.0,10.0,0.0,0.0,0.0,10.0
5.793965660943491,0.07737380266189575,-0.0845243212995002,0.005,200.0,0.0,0.0,0.0,200.0,0.0,0.0,0.0,200.0,10.0,0.0,0.0,0.0,10.0,0.0,0.0,0.0,10.0
5.79496582763794,0.07737380266189575,-0.08457707367548051,0.005,200.0,0.0,0.0,0.0,200.0,0.0,0.0,0.0,200.0,10.0,0.0,0.0,0.0,10.0,0.0,0.0,0.0,10.0
5.795965994332389,0.07737380266189575,-0.08462982605146077,0.005,200.0,0.0,0.0,0.0,200.0,0.0,0.0,0.0,200.0,10.0,0.0,0.0,0.0,10.0,0.0,0.0,0.0,10.0
5.796966161026838,0.07737380266189575,-0.08468257842744104,0.005,200.0,0.0,0.0,0.0,200.0,0.0,0.0,0.0,200.0,10.0,0.0,0.0,0.0,10.0,0.0,0.0,0.0,10.0
5.797966327721287,0.07737380266189575,-0.08473533080342134,0.005,200.0,0.0,0.0,0.0,200.0,0.0,0.0,0.0,200.0,10.0,0.0,0.0,0.0,10.0,0.0,0.0,0.0,10.0
5.798966494415736,0.07737380266189575,-0.0847880831794016,0.005,200.0,0.0,0.0,0.0,200.0,0.0,0.0,0.0,200.0,10.0,0.0,0.0,0.0,10.0,0.0,0.0,0.0,10.0
5.799966661110186,0.07737380266189575,-0.08484873055025705,0.005,200.0,0.0,0.0,0.0,200.0,0.0,0.0,0.0,200.0,10.0,0.0,0.0,0.0,10.0,0.0,0.0,0.0,10.0
5.8009668278046345,0.07737380266189575,-0.0849139071550145,0.005,200.0,0.0,0.0,0.0,200.0,0.0,0.0,0.0,200.0,10.0,0.0,0.0,0.0,10.0,0.0,0.0,0.0,10.0
5.801966994499083,0.07737380266189575,-0.08497908375977195,0.005,200.0,0.0,0.0,0.0,200.0,0.0,0.0,0.0,200.0,10.0,0.0,0.0,0.0,10.0,0.0,0.0,0.0,10.0
5.802967161193532,0.07737380266189575,-0.08504426036452944,0.005,200.0,0.0,0.0,0.0,200.0,0.0,0.0,0.0,200.0,10.0,0.0,0.0,0.0,10.0,0.0,0.0,0.0,10.0
5.803967327887982,0.07737380266189575,-0.0851094369692869,0.005,200.0,0.0,0.0,0.0,200.0,0.0,0.0,0.0,200.0,10.0,0.0,0.0,0.0,10.0,0.0,0.0,0.0,10.0
5.8049674945824306,0.07737380266189575,-0.08517461357404439,0.005,200.0,0.0,0.0,0.0,200.0,0.0,0.0,0.0,200.0,10.0,0.0,0.0,0.0,10.0,0.0,0.0,0.0,10.0
5.805967661276879,0.07737380266189575,-0.08523979017880184,0.005,200.0,0.0,0.0,0.0,200.0,0.0,0.0,0.0,200.0,10.0,0.0,0.0,0.0,10.0,0.0,0.0,0.0,10.0
5.806967827971329,0.07737380266189575,-0.0853049667835593,0.005,200.0,0.0,0.0,0.0,200.0,0.0,0.0,0.0,200.0,10.0,0.0,0.0,0.0,10.0,0.0,0.0,0.0,10.0
5.807967994665778,0.07737380266189575,-0.08537014338831679,0.005,200.0,0.0,0.0,0.0,200.0,0.0,0.0,0.0,200.0,10.0,0.0,0.0,0.0,10.0,0.0,0.0,0.0,10.0
5.808968161360227,0.07737380266189575,-0.08543531999307424,0.005,200.0,0.0,0.0,0.0,200.0,0.0,0.0,0.0,200.0,10.0,0.0,0.0,0.0,10.0,0.0,0.0,0.0,10.0
5.809968328054676,0.07737380266189575,-0.08550049659783174,0.005,200.0,0.0,0.0,0.0,200.0,0.0,0.0,0.0,200.0,10.0,0.0,0.0,0.0,10.0,0.0,0.0,0.0,10.0
5.810968494749125,0.07737380266189575,-0.08556567320258919,0.005,200.0,0.0,0.0,0.0,200.0,0.0,0.0,0.0,200.0,10.0,0.0,0.0,0.0,10.0,0.0,0.0,0.0,10.0
5.811968661443574,0.07737380266189575,-0.08563084980734668,0.005,200.0,0.0,0.0,0.0,200.0,0.0,0.0,0.0,200.0,10.0,0.0,0.0,0.0,10.0,0.0,0.0,0.0,10.0
5.812968828138024,0.07737380266189575,-0.08569602641210414,0.005,200.0,0.0,0.0,0.0,200.0,0.0,0.0,0.0,200.0,10.0,0.0,0.0,0.0,10.0,0.0,0.0,0.0,10.0
5.813968994832472,0.07737380266189575,-0.08576120301686159,0.005,200.0,0.0,0.0,0.0,200.0,0.0,0.0,0.0,200.0,10.0,0.0,0.0,0.0,10.0,0.0,0.0,0.0,10.0
5.814969161526921,0.07737380266189575,-0.08582637962161908,0.005,200.0,0.0,0.0,0.0,200.0,0.0,0.0,0.0,200.0,10.0,0.0,0.0,0.0,10.0,0.0,0.0,0.0,10.0
5.81596932822137,0.07737380266189575,-0.08589155622637654,0.005,200.0,0.0,0.0,0.0,200.0,0.0,0.0,0.0,200.0,10.0,0.0,0.0,0.0,10.0,0.0,0.0,0.0,10.0
5.81696949491582,0.07737380266189575,-0.08595673283113403,0.005,200.0,0.0,0.0,0.0,200.0,0.0,0.0,0.0,200.0,10.0,0.0,0.0,0.0,10.0,0.0,0.0,0.0,10.0
5.8179696616102685,0.07737380266189575,-0.08602190943589148,0.005,200.0,0.0,0.0,0.0,200.0,0.0,0.0,0.0,200.0,10.0,0.0,0.0,0.0,10.0,0.0,0.0,0.0,10.0
5.818969828304717,0.07737380266189575,-0.08608708604064894,0.005,200.0,0.0,0.0,0.0,200.0,0.0,0.0,0.0,200.0,10.0,0.0,0.0,0.0,10.0,0.0,0.0,0.0,10.0
5.819969994999167,0.07737380266189575,-0.08612866395661226,0.005,200.0,0.0,0.0,0.0,200.0,0.0,0.0,0.0,200.0,10.0,0.0,0.0,0.0,10.0,0.0,0.0,0.0,10.0
5.820970161693616,0.07737380266189575,-0.08615257735698693,0.005,200.0,0.0,0.0,0.0,200.0,0.0,0.0,0.0,200.0,10.0,0.0,0.0,0.0,10.0,0.0,0.0,0.0,10.0
5.821970328388065,0.07737380266189575,-0.08617649075736164,0.005,200.0,0.0,0.0,0.0,200.0,0.0,0.0,0.0,200.0,10.0,0.0,0.0,0.0,10.0,0.0,0.0,0.0,10.0
5.822970495082514,0.07737380266189575,-0.08620040415773632,0.005,200.0,0.0,0.0,0.0,200.0,0.0,0.0,0.0,200.0,10.0,0.0,0.0,0.0,10.0,0.0,0.0,0.0,10.0
5.823970661776963,0.07737380266189575,-0.086224317558111,0.005,200.0,0.0,0.0,0.0,200.0,0.0,0.0,0.0,200.0,10.0,0.0,0.0,0.0,10.0,0.0,0.0,0.0,10.0
5.824970828471412,0.07737380266189575,-0.08624823095848569,0.005,200.0,0.0,0.0,0.0,200.0,0.0,0.0,0.0,200.0,10.0,0.0,0.0,0.0,10.0,0.0,0.0,0.0,10.0
5.825970995165862,0.07737380266189575,-0.08627214435886037,0.005,200.0,0.0,0.0,0.0,200.0,0.0,0.0,0.0,200.0,10.0,0.0,0.0,0.0,10.0,0.0,0.0,0.0,10.0
5.82697116186031,0.07737380266189575,-0.08629605775923506,0.005,200.0,0.0,0.0,0.0,200.0,0.0,0.0,0.0,200.0,10.0,0.0,0.0,0.0,10.0,0.0,0.0,0.0,10.0
5.827971328554759,0.07737380266189575,-0.08631997115960974,0.005,200.0,0.0,0.0,0.0,200.0,0.0,0.0,0.0,200.0,10.0,0.0,0.0,0.0,10.0,0.0,0.0,0.0,10.0
5.828971495249208,0.07737380266189575,-0.08634388455998443,0.005,200.0,0.0,0.0,0.0,200.0,0.0,0.0,0.0,200.0,10.0,0.0,0.0,0.0,10.0,0.0,0.0,0.0,10.0
5.829971661943658,0.07737380266189575,-0.08636779796035911,0.005,200.0,0.0,0.0,0.0,200.0,0.0,0.0,0.0,200.0,10.0,0.0,0.0,0.0,10.0,0.0,0.0,0.0,10.0
5.8309718286381065,0.07737380266189575,-0.08639171136073379,0.005,200.0,0.0,0.0,0.0,200.0,0.0,0.0,0.0,200.0,10.0,0.0,0.0,0.0,10.0,0.0,0.0,0.0,10.0
5.831971995332555,0.07737380266189575,-0.08641562476110848,0.005,200.0,0.0,0.0,0.0,200.0,0.0,0.0,0.0,200.0,10.0,0.0,0.0,0.0,10.0,0.0,0.0,0.0,10.0
5.832972162027005,0.07737380266189575,-0.08643953816148316,0.005,200.0,0.0,0.0,0.0,200.0,0.0,0.0,0.0,200.0,10.0,0.0,0.0,0.0,10.0,0.0,0.0,0.0,10.0
5.833972328721454,0.07737380266189575,-0.08646345156185785,0.005,200.0,0.0,0.0,0.0,200.0,0.0,0.0,0.0,200.0,10.0,0.0,0.0,0.0,10.0,0.0,0.0,0.0,10.0
5.834972495415903,0.07737380266189575,-0.08648736496223253,0.005,200.0,0.0,0.0,0.0,200.0,0.0,0.0,0.0,200.0,10.0,0.0,0.0,0.0,10.0,0.0,0.0,0.0,10.0
5.835972662110352,0.07737380266189575,-0.0865112783626072,0.005,200.0,0.0,0.0,0.0,200.0,0.0,0.0,0.0,200.0,10.0,0.0,0.0,0.0,10.0,0.0,0.0,0.0,10.0
5.836972828804801,0.07737380266189575,-0.0865351917629819,0.005,200.0,0.0,0.0,0.0,200.0,0.0,0.0,0.0,200.0,10.0,0.0,0.0,0.0,10.0,0.0,0.0,0.0,10.0
5.83797299549925,0.07737380266189575,-0.08655910516335658,0.005,200.0,0.0,0.0,0.0,200.0,0.0,0.0,0.0,200.0,10.0,0.0,0.0,0.0,10.0,0.0,0.0,0.0,10.0
5.8389731621936996,0.07737380266189575,-0.08658301856373127,0.005,200.0,0.0,0.0,0.0,200.0,0.0,0.0,0.0,200.0,10.0,0.0,0.0,0.0,10.0,0.0,0.0,0.0,10.0
5.839973328888148,0.07737380266189575,-0.08662075836383455,0.005,200.0,0.0,0.0,0.0,200.0,0.0,0.0,0.0,200.0,10.0,0.0,0.0,0.0,10.0,0.0,0.0,0.0,10.0
5.840973495582597,0.07737380266189575,-0.08667186974788588,0.005,200.0,0.0,0.0,0.0,200.0,0.0,0.0,0.0,200.0,10.0,0.0,0.0,0.0,10.0,0.0,0.0,0.0,10.0
5.841973662277046,0.07737380266189575,-0.08672298113193724,0.005,200.0,0.0,0.0,0.0,200.0,0.0,0.0,0.0,200.0,10.0,0.0,0.0,0.0,10.0,0.0,0.0,0.0,10.0
5.842973828971496,0.07737380266189575,-0.08677409251598858,0.005,200.0,0.0,0.0,0.0,200.0,0.0,0.0,0.0,200.0,10.0,0.0,0.0,0.0,10.0,0.0,0.0,0.0,10.0
5.843973995665944,0.07737380266189575,-0.08682520390003995,0.005,200.0,0.0,0.0,0.0,200.0,0.0,0.0,0.0,200.0,10.0,0.0,0.0,0.0,10.0,0.0,0.0,0.0,10.0
5.844974162360393,0.07737380266189575,-0.08687631528409127,0.005,200.0,0.0,0.0,0.0,200.0,0.0,0.0,0.0,200.0,10.0,0.0,0.0,0.0,10.0,0.0,0.0,0.0,10.0
5.845974329054843,0.07737380266189575,-0.0869274266681426,0.005,200.0,0.0,0.0,0.0,200.0,0.0,0.0,0.0,200.0,10.0,0.0,0.0,0.0,10.0,0.0,0.0,0.0,10.0
5.846974495749292,0.07737380266189575,-0.08697853805219397,0.005,200.0,0.0,0.0,0.0,200.0,0.0,0.0,0.0,200.0,10.0,0.0,0.0,0.0,10.0,0.0,0.0,0.0,10.0
5.8479746624437405,0.07737380266189575,-0.0870296494362453,0.005,200.0,0.0,0.0,0.0,200.0,0.0,0.0,0.0,200.0,10.0,0.0,0.0,0.0,10.0,0.0,0.0,0.0,10.0
5.84897482913819,0.07737380266189575,-0.08708076082029667,0.005,200.0,0.0,0.0,0.0,200.0,0.0,0.0,0.0,200.0,10.0,0.0,0.0,0.0,10.0,0.0,0.0,0.0,10.0
5.849974995832639,0.07737380266189575,-0.087131872204348,0.005,200.0,0.0,0.0,0.0,200.0,0.0,0.0,0.0,200.0,10.0,0.0,0.0,0.0,10.0,0.0,0.0,0.0,10.0
5.850975162527088,0.07737380266189575,-0.08718298358839936,0.005,200.0,0.0,0.0,0.0,200.0,0.0,0.0,0.0,200.0,10.0,0.0,0.0,0.0,10.0,0.0,0.0,0.0,10.0
5.8519753292215375,0.07737380266189575,-0.0872340949724507,0.005,200.0,0.0,0.0,0.0,200.0,0.0,0.0,0.0,200.0,10.0,0.0,0.0,0.0,10.0,0.0,0.0,0.0,10.0
5.852975495915986,0.07737380266189575,-0.08728520635650203,0.005,200.0,0.0,0.0,0.0,200.0,0.0,0.0,0.0,200.0,10.0,0.0,0.0,0.0,10.0,0.0,0.0,0.0,10.0
5.853975662610435,0.07737380266189575,-0.08733631774055339,0.005,200.0,0.0,0.0,0.0,200.0,0.0,0.0,0.0,200.0,10.0,0.0,0.0,0.0,10.0,0.0,0.0,0.0,10.0
5.854975829304885,0.07737380266189575,-0.08738742912460473,0.005,200.0,0.0,0.0,0.0,200.0,0.0,0.0,0.0,200.0,10.0,0.0,0.0,0.0,10.0,0.0,0.0,0.0,10.0
5.855975995999334,0.07737380266189575,-0.0874385405086561,0.005,200.0,0.0,0.0,0.0,200.0,0.0,0.0,0.0,200.0,10.0,0.0,0.0,0.0,10.0,0.0,0.0,0.0,10.0
5.856976162693782,0.07737380266189575,-0.08748965189270742,0.005,200.0,0.0,0.0,0.0,200.0,0.0,0.0,0.0,200.0,10.0,0.0,0.0,0.0,10.0,0.0,0.0,0.0,10.0
5.857976329388231,0.07737380266189575,-0.08754076327675876,0.005,200.0,0.0,0.0,0.0,200.0,0.0,0.0,0.0,200.0,10.0,0.0,0.0,0.0,10.0,0.0,0.0,0.0,10.0
5.858976496082681,0.07737380266189575,-0.08759187466081012,0.005,200.0,0.0,0.0,0.0,200.0,0.0,0.0,0.0,200.0,10.0,0.0,0.0,0.0,10.0,0.0,0.0,0.0,10.0
5.85997666277713,0.07737380266189575,-0.08762025088071823,0.005,200.0,0.0,0.0,0.0,200.0,0.0,0.0,0.0,200.0,10.0,0.0,0.0,0.0,10.0,0.0,0.0,0.0,10.0
5.8609768294715785,0.07737380266189575,-0.08762025088071823,0.005,200.0,0.0,0.0,0.0,200.0,0.0,0.0,0.0,200.0,10.0,0.0,0.0,0.0,10.0,0.0,0.0,0.0,10.0
5.861976996166028,0.07737380266189575,-0.08762025088071823,0.005,200.0,0.0,0.0,0.0,200.0,0.0,0.0,0.0,200.0,10.0,0.0,0.0,0.0,10.0,0.0,0.0,0.0,10.0
5.862977162860477,0.07737380266189575,-0.08762025088071823,0.005,200.0,0.0,0.0,0.0,200.0,0.0,0.0,0.0,200.0,10.0,0.0,0.0,0.0,10.0,0.0,0.0,0.0,10.0
5.863977329554926,0.07737380266189575,-0.08762025088071823,0.005,200.0,0.0,0.0,0.0,200.0,0.0,0.0,0.0,200.0,10.0,0.0,0.0,0.0,10.0,0.0,0.0,0.0,10.0
5.8649774962493755,0.07737380266189575,-0.08762025088071823,0.005,200.0,0.0,0.0,0.0,200.0,0.0,0.0,0.0,200.0,10.0,0.0,0.0,0.0,10.0,0.0,0.0,0.0,10.0
5.865977662943824,0.07737380266189575,-0.08762025088071823,0.005,200.0,0.0,0.0,0.0,200.0,0.0,0.0,0.0,200.0,10.0,0.0,0.0,0.0,10.0,0.0,0.0,0.0,10.0
5.866977829638273,0.07737380266189575,-0.08762025088071823,0.005,200.0,0.0,0.0,0.0,200.0,0.0,0.0,0.0,200.0,10.0,0.0,0.0,0.0,10.0,0.0,0.0,0.0,10.0
5.867977996332723,0.07737380266189575,-0.08762025088071823,0.005,200.0,0.0,0.0,0.0,200.0,0.0,0.0,0.0,200.0,10.0,0.0,0.0,0.0,10.0,0.0,0.0,0.0,10.0
5.868978163027172,0.07737380266189575,-0.08762025088071823,0.005,200.0,0.0,0.0,0.0,200.0,0.0,0.0,0.0,200.0,10.0,0.0,0.0,0.0,10.0,0.0,0.0,0.0,10.0
5.86997832972162,0.07737380266189575,-0.08762025088071823,0.005,200.0,0.0,0.0,0.0,200.0,0.0,0.0,0.0,200.0,10.0,0.0,0.0,0.0,10.0,0.0,0.0,0.0,10.0
5.870978496416069,0.07737380266189575,-0.08762025088071823,0.005,200.0,0.0,0.0,0.0,200.0,0.0,0.0,0.0,200.0,10.0,0.0,0.0,0.0,10.0,0.0,0.0,0.0,10.0
5.871978663110519,0.07737380266189575,-0.08762025088071823,0.005,200.0,0.0,0.0,0.0,200.0,0.0,0.0,0.0,200.0,10.0,0.0,0.0,0.0,10.0,0.0,0.0,0.0,10.0
5.872978829804968,0.07737380266189575,-0.08762025088071823,0.005,200.0,0.0,0.0,0.0,200.0,0.0,0.0,0.0,200.0,10.0,0.0,0.0,0.0,10.0,0.0,0.0,0.0,10.0
5.8739789964994165,0.07737380266189575,-0.08762025088071823,0.005,200.0,0.0,0.0,0.0,200.0,0.0,0.0,0.0,200.0,10.0,0.0,0.0,0.0,10.0,0.0,0.0,0.0,10.0
5.874979163193866,0.07737380266189575,-0.08762025088071823,0.005,200.0,0.0,0.0,0.0,200.0,0.0,0.0,0.0,200.0,10.0,0.0,0.0,0.0,10.0,0.0,0.0,0.0,10.0
5.875979329888315,0.07737380266189575,-0.08762025088071823,0.005,200.0,0.0,0.0,0.0,200.0,0.0,0.0,0.0,200.0,10.0,0.0,0.0,0.0,10.0,0.0,0.0,0.0,10.0
5.876979496582764,0.07737380266189575,-0.08762025088071823,0.005,200.0,0.0,0.0,0.0,200.0,0.0,0.0,0.0,200.0,10.0,0.0,0.0,0.0,10.0,0.0,0.0,0.0,10.0
5.877979663277213,0.07737380266189575,-0.08762025088071823,0.005,200.0,0.0,0.0,0.0,200.0,0.0,0.0,0.0,200.0,10.0,0.0,0.0,0.0,10.0,0.0,0.0,0.0,10.0
5.878979829971662,0.07737380266189575,-0.08762025088071823,0.005,200.0,0.0,0.0,0.0,200.0,0.0,0.0,0.0,200.0,10.0,0.0,0.0,0.0,10.0,0.0,0.0,0.0,10.0
5.879979996666111,0.07737380266189575,-0.08762811703952396,0.005,200.0,0.0,0.0,0.0,200.0,0.0,0.0,0.0,200.0,10.0,0.0,0.0,0.0,10.0,0.0,0.0,0.0,10.0
5.880980163360561,0.07737380266189575,-0.08764874845604079,0.005,200.0,0.0,0.0,0.0,200.0,0.0,0.0,0.0,200.0,10.0,0.0,0.0,0.0,10.0,0.0,0.0,0.0,10.0
5.8819803300550095,0.07737380266189575,-0.08766937987255759,0.005,200.0,0.0,0.0,0.0,200.0,0.0,0.0,0.0,200.0,10.0,0.0,0.0,0.0,10.0,0.0,0.0,0.0,10.0
5.882980496749458,0.07737380266189575,-0.08769001128907442,0.005,200.0,0.0,0.0,0.0,200.0,0.0,0.0,0.0,200.0,10.0,0.0,0.0,0.0,10.0,0.0,0.0,0.0,10.0
5.883980663443907,0.07737380266189575,-0.08771064270559122,0.005,200.0,0.0,0.0,0.0,200.0,0.0,0.0,0.0,200.0,10.0,0.0,0.0,0.0,10.0,0.0,0.0,0.0,10.0
5.884980830138357,0.07737380266189575,-0.08773127412210804,0.005,200.0,0.0,0.0,0.0,200.0,0.0,0.0,0.0,200.0,10.0,0.0,0.0,0.0,10.0,0.0,0.0,0.0,10.0
5.885980996832806,0.07737380266189575,-0.08775190553862484,0.005,200.0,0.0,0.0,0.0,200.0,0.0,0.0,0.0,200.0,10.0,0.0,0.0,0.0,10.0,0.0,0.0,0.0,10.0
5.886981163527254,0.07737380266189575,-0.08777253695514166,0.005,200.0,0.0,0.0,0.0,200.0,0.0,0.0,0.0,200.0,10.0,0.0,0.0,0.0,10.0,0.0,0.0,0.0,10.0
5.887981330221704,0.07737380266189575,-0.08779316837165849,0.005,200.0,0.0,0.0,0.0,200.0,0.0,0.0,0.0,200.0,10.0,0.0,0.0,0.0,10.0,0.0,0.0,0.0,10.0
5.888981496916153,0.07737380266189575,-0.08781379978817529,0.005,200.0,0.0,0.0,0.0,200.0,0.0,0.0,0.0,200.0,10.0,0.0,0.0,0.0,10.0,0.0,0.0,0.0,10.0
5.889981663610602,0.07737380266189575,-0.08783443120469211,0.005,200.0,0.0,0.0,0.0,200.0,0.0,0.0,0.0,200.0,10.0,0.0,0.0,0.0,10.0,0.0,0.0,0.0,10.0
5.890981830305051,0.07737380266189575,-0.08785506262120892,0.005,200.0,0.0,0.0,0.0,200.0,0.0,0.0,0.0,200.0,10.0,0.0,0.0,0.0,10.0,0.0,0.0,0.0,10.0
5.8919819969995,0.07737380266189575,-0.08787569403772573,0.005,200.0,0.0,0.0,0.0,200.0,0.0,0.0,0.0,200.0,10.0,0.0,0.0,0.0,10.0,0.0,0.0,0.0,10.0
5.892982163693949,0.07737380266189575,-0.08789632545424254,0.005,200.0,0.0,0.0,0.0,200.0,0.0,0.0,0.0,200.0,10.0,0.0,0.0,0.0,10.0,0.0,0.0,0.0,10.0
5.893982330388399,0.07737380266189575,-0.08791695687075936,0.005,200.0,0.0,0.0,0.0,200.0,0.0,0.0,0.0,200.0,10.0,0.0,0.0,0.0,10.0,0.0,0.0,0.0,10.0
5.8949824970828475,0.07737380266189575,-0.08793758828727617,0.005,200.0,0.0,0.0,0.0,200.0,0.0,0.0,0.0,200.0,10.0,0.0,0.0,0.0,10.0,0.0,0.0,0.0,10.0
5.895982663777296,0.07737380266189575,-0.08795821970379299,0.005,200.0,0.0,0.0,0.0,200.0,0.0,0.0,0.0,200.0,10.0,0.0,0.0,0.0,10.0,0.0,0.0,0.0,10.0
5.896982830471745,0.07737380266189575,-0.08797885112030979,0.005,200.0,0.0,0.0,0.0,200.0,0.0,0.0,0.0,200.0,10.0,0.0,0.0,0.0,10.0,0.0,0.0,0.0,10.0
5.897982997166195,0.07737380266189575,-0.08799948253682661,0.005,200.0,0.0,0.0,0.0,200.0,0.0,0.0,0.0,200.0,10.0,0.0,0.0,0.0,10.0,0.0,0.0,0.0,10.0
5.898983163860644,0.07737380266189575,-0.08802011395334343,0.005,200.0,0.0,0.0,0.0,200.0,0.0,0.0,0.0,200.0,10.0,0.0,0.0,0.0,10.0,0.0,0.0,0.0,10.0
5.899983330555092,0.07737380266189575,-0.08804990790112453,0.005,200.0,0.0,0.0,0.0,200.0,0.0,0.0,0.0,200.0,10.0,0.0,0.0,0.0,10.0,0.0,0.0,0.0,10.0
5.900983497249542,0.07737380266189575,-0.08809937717919945,0.005,200.0,0.0,0.0,0.0,200.0,0.0,0.0,0.0,200.0,10.0,0.0,0.0,0.0,10.0,0.0,0.0,0.0,10.0
5.901983663943991,0.07737380266189575,-0.08814884645727442,0.005,200.0,0.0,0.0,0.0,200.0,0.0,0.0,0.0,200.0,10.0,0.0,0.0,0.0,10.0,0.0,0.0,0.0,10.0
5.90298383063844,0.07737380266189575,-0.08819831573534934,0.005,200.0,0.0,0.0,0.0,200.0,0.0,0.0,0.0,200.0,10.0,0.0,0.0,0.0,10.0,0.0,0.0,0.0,10.0
5.903983997332889,0.07737380266189575,-0.08824778501342426,0.005,200.0,0.0,0.0,0.0,200.0,0.0,0.0,0.0,200.0,10.0,0.0,0.0,0.0,10.0,0.0,0.0,0.0,10.0
5.904984164027338,0.07737380266189575,-0.0882972542914992,0.005,200.0,0.0,0.0,0.0,200.0,0.0,0.0,0.0,200.0,10.0,0.0,0.0,0.0,10.0,0.0,0.0,0.0,10.0
5.905984330721787,0.07737380266189575,-0.08834672356957414,0.005,200.0,0.0,0.0,0.0,200.0,0.0,0.0,0.0,200.0,10.0,0.0,0.0,0.0,10.0,0.0,0.0,0.0,10.0
5.906984497416237,0.07737380266189575,-0.08839619284764909,0.005,200.0,0.0,0.0,0.0,200.0,0.0,0.0,0.0,200.0,10.0,0.0,0.0,0.0,10.0,0.0,0.0,0.0,10.0
5.9079846641106855,0.07737380266189575,-0.08844566212572401,0.005,200.0,0.0,0.0,0.0,200.0,0.0,0.0,0.0,200.0,10.0,0.0,0.0,0.0,10.0,0.0,0.0,0.0,10.0
5.908984830805134,0.07737380266189575,-0.08849513140379893,0.005,200.0,0.0,0.0,0.0,200.0,0.0,0.0,0.0,200.0,10.0,0.0,0.0,0.0,10.0,0.0,0.0,0.0,10.0
5.909984997499583,0.07737380266189575,-0.08854460068187389,0.005,200.0,0.0,0.0,0.0,200.0,0.0,0.0,0.0,200.0,10.0,0.0,0.0,0.0,10.0,0.0,0.0,0.0,10.0
5.910985164194033,0.07737380266189575,-0.08859406995994881,0.005,200.0,0.0,0.0,0.0,200.0,0.0,0.0,0.0,200.0,10.0,0.0,0.0,0.0,10.0,0.0,0.0,0.0,10.0
5.9119853308884815,0.07737380266189575,-0.08864353923802377,0.005,200.0,0.0,0.0,0.0,200.0,0.0,0.0,0.0,200.0,10.0,0.0,0.0,0.0,10.0,0.0,0.0,0.0,10.0
5.91298549758293,0.07737380266189575,-0.0886930085160987,0.005,200.0,0.0,0.0,0.0,200.0,0.0,0.0,0.0,200.0,10.0,0.0,0.0,0.0,10.0,0.0,0.0,0.0,10.0
5.91398566427738,0.07737380266189575,-0.08874247779417362,0.005,200.0,0.0,0.0,0.0,200.0,0.0,0.0,0.0,200.0,10.0,0.0,0.0,0.0,10.0,0.0,0.0,0.0,10.0
5.914985830971829,0.07737380266189575,-0.08879194707224856,0.005,200.0,0.0,0.0,0.0,200.0,0.0,0.0,0.0,200.0,10.0,0.0,0.0,0.0,10.0,0.0,0.0,0.0,10.0
5.915985997666278,0.07737380266189575,-0.0888414163503235,0.005,200.0,0.0,0.0,0.0,200.0,0.0,0.0,0.0,200.0,10.0,0.0,0.0,0.0,10.0,0.0,0.0,0.0,10.0
5.916986164360727,0.07737380266189575,-0.08889088562839845,0.005,200.0,0.0,0.0,0.0,200.0,0.0,0.0,0.0,200.0,10.0,0.0,0.0,0.0,10.0,0.0,0.0,0.0,10.0
5.917986331055176,0.07737380266189575,-0.08894035490647337,0.005,200.0,0.0,0.0,0.0,200.0,0.0,0.0,0.0,200.0,10.0,0.0,0.0,0.0,10.0,0.0,0.0,0.0,10.0
5.918986497749625,0.07737380266189575,-0.08898982418454833,0.005,200.0,0.0,0.0,0.0,200.0,0.0,0.0,0.0,200.0,10.0,0.0,0.0,0.0,10.0,0.0,0.0,0.0,10.0
5.919986664444075,0.07737380266189575,-0.08902671933174133,0.005,200.0,0.0,0.0,0.0,200.0,0.0,0.0,0.0,200.0,10.0,0.0,0.0,0.0,10.0,0.0,0.0,0.0,10.0
5.920986831138523,0.07737380266189575,-0.08902671933174133,0.005,200.0,0.0,0.0,0.0,200.0,0.0,0.0,0.0,200.0,10.0,0.0,0.0,0.0,10.0,0.0,0.0,0.0,10.0
5.921986997832972,0.07737380266189575,-0.08902671933174133,0.005,200.0,0.0,0.0,0.0,200.0,0.0,0.0,0.0,200.0,10.0,0.0,0.0,0.0,10.0,0.0,0.0,0.0,10.0
5.922987164527421,0.07737380266189575,-0.08902671933174133,0.005,200.0,0.0,0.0,0.0,200.0,0.0,0.0,0.0,200.0,10.0,0.0,0.0,0.0,10.0,0.0,0.0,0.0,10.0
5.923987331221871,0.07737380266189575,-0.08902671933174133,0.005,200.0,0.0,0.0,0.0,200.0,0.0,0.0,0.0,200.0,10.0,0.0,0.0,0.0,10.0,0.0,0.0,0.0,10.0
5.9249874979163195,0.07737380266189575,-0.08902671933174133,0.005,200.0,0.0,0.0,0.0,200.0,0.0,0.0,0.0,200.0,10.0,0.0,0.0,0.0,10.0,0.0,0.0,0.0,10.0
5.925987664610768,0.07737380266189575,-0.08902671933174133,0.005,200.0,0.0,0.0,0.0,200.0,0.0,0.0,0.0,200.0,10.0,0.0,0.0,0.0,10.0,0.0,0.0,0.0,10.0
5.926987831305218,0.07737380266189575,-0.08902671933174133,0.005,200.0,0.0,0.0,0.0,200.0,0.0,0.0,0.0,200.0,10.0,0.0,0.0,0.0,10.0,0.0,0.0,0.0,10.0
5.927987997999667,0.07737380266189575,-0.08902671933174133,0.005,200.0,0.0,0.0,0.0,200.0,0.0,0.0,0.0,200.0,10.0,0.0,0.0,0.0,10.0,0.0,0.0,0.0,10.0
5.928988164694116,0.07737380266189575,-0.08902671933174133,0.005,200.0,0.0,0.0,0.0,200.0,0.0,0.0,0.0,200.0,10.0,0.0,0.0,0.0,10.0,0.0,0.0,0.0,10.0
5.929988331388565,0.07737380266189575,-0.08902671933174133,0.005,200.0,0.0,0.0,0.0,200.0,0.0,0.0,0.0,200.0,10.0,0.0,0.0,0.0,10.0,0.0,0.0,0.0,10.0
5.930988498083014,0.07737380266189575,-0.08902671933174133,0.005,200.0,0.0,0.0,0.0,200.0,0.0,0.0,0.0,200.0,10.0,0.0,0.0,0.0,10.0,0.0,0.0,0.0,10.0
5.931988664777463,0.07737380266189575,-0.08902671933174133,0.005,200.0,0.0,0.0,0.0,200.0,0.0,0.0,0.0,200.0,10.0,0.0,0.0,0.0,10.0,0.0,0.0,0.0,10.0
5.932988831471913,0.07737380266189575,-0.08902671933174133,0.005,200.0,0.0,0.0,0.0,200.0,0.0,0.0,0.0,200.0,10.0,0.0,0.0,0.0,10.0,0.0,0.0,0.0,10.0
5.933988998166361,0.07737380266189575,-0.08902671933174133,0.005,200.0,0.0,0.0,0.0,200.0,0.0,0.0,0.0,200.0,10.0,0.0,0.0,0.0,10.0,0.0,0.0,0.0,10.0
5.93498916486081,0.07737380266189575,-0.08902671933174133,0.005,200.0,0.0,0.0,0.0,200.0,0.0,0.0,0.0,200.0,10.0,0.0,0.0,0.0,10.0,0.0,0.0,0.0,10.0
5.93598933155526,0.07737380266189575,-0.08902671933174133,0.005,200.0,0.0,0.0,0.0,200.0,0.0,0.0,0.0,200.0,10.0,0.0,0.0,0.0,10.0,0.0,0.0,0.0,10.0
5.936989498249709,0.07737380266189575,-0.08902671933174133,0.005,200.0,0.0,0.0,0.0,200.0,0.0,0.0,0.0,200.0,10.0,0.0,0.0,0.0,10.0,0.0,0.0,0.0,10.0
5.9379896649441575,0.07737380266189575,-0.08902671933174133,0.005,200.0,0.0,0.0,0.0,200.0,0.0,0.0,0.0,200.0,10.0,0.0,0.0,0.0,10.0,0.0,0.0,0.0,10.0
5.938989831638606,0.07737380266189575,-0.08902671933174133,0.005,200.0,0.0,0.0,0.0,200.0,0.0,0.0,0.0,200.0,10.0,0.0,0.0,0.0,10.0,0.0,0.0,0.0,10.0
5.939989998333056,0.07737380266189575,-0.08902671933174133,0.005,200.0,0.0,0.0,0.0,200.0,0.0,0.0,0.0,200.0,10.0,0.0,0.0,0.0,10.0,0.0,0.0,0.0,10.0
5.940990165027505,0.07737380266189575,-0.08902671933174133,0.005,200.0,0.0,0.0,0.0,200.0,0.0,0.0,0.0,200.0,10.0,0.0,0.0,0.0,10.0,0.0,0.0,0.0,10.0
5.941990331721954,0.07737380266189575,-0.08902671933174133,0.005,200.0,0.0,0.0,0.0,200.0,0.0,0.0,0.0,200.0,10.0,0.0,0.0,0.0,10.0,0.0,0.0,0.0,10.0
5.942990498416403,0.07737380266189575,-0.08902671933174133,0.005,200.0,0.0,0.0,0.0,200.0,0.0,0.0,0.0,200.0,10.0,0.0,0.0,0.0,10.0,0.0,0.0,0.0,10.0
5.943990665110852,0.07737380266189575,-0.08902671933174133,0.005,200.0,0.0,0.0,0.0,200.0,0.0,0.0,0.0,200.0,10.0,0.0,0.0,0.0,10.0,0.0,0.0,0.0,10.0
5.944990831805301,0.07737380266189575,-0.08902671933174133,0.005,200.0,0.0,0.0,0.0,200.0,0.0,0.0,0.0,200.0,10.0,0.0,0.0,0.0,10.0,0.0,0.0,0.0,10.0
5.9459909984997505,0.07737380266189575,-0.08902671933174133,0.005,200.0,0.0,0.0,0.0,200.0,0.0,0.0,0.0,200.0,10.0,0.0,0.0,0.0,10.0,0.0,0.0,0.0,10.0
5.946991165194199,0.07737380266189575,-0.08902671933174133,0.005,200.0,0.0,0.0,0.0,200.0,0.0,0.0,0.0,200.0,10.0,0.0,0.0,0.0,10.0,0.0,0.0,0.0,10.0
5.947991331888648,0.07737380266189575,-0.08902671933174133,0.005,200.0,0.0,0.0,0.0,200.0,0.0,0.0,0.0,200.0,10.0,0.0,0.0,0.0,10.0,0.0,0.0,0.0,10.0
5.948991498583098,0.07737380266189575,-0.08902671933174133,0.005,200.0,0.0,0.0,0.0,200.0,0.0,0.0,0.0,200.0,10.0,0.0,0.0,0.0,10.0,0.0,0.0,0.0,10.0
5.949991665277547,0.07737380266189575,-0.08902671933174133,0.005,200.0,0.0,0.0,0.0,200.0,0.0,0.0,0.0,200.0,10.0,0.0,0.0,0.0,10.0,0.0,0.0,0.0,10.0
5.950991831971995,0.07737380266189575,-0.08902671933174133,0.005,200.0,0.0,0.0,0.0,200.0,0.0,0.0,0.0,200.0,10.0,0.0,0.0,0.0,10.0,0.0,0.0,0.0,10.0
5.951991998666444,0.07737380266189575,-0.08902671933174133,0.005,200.0,0.0,0.0,0.0,200.0,0.0,0.0,0.0,200.0,10.0,0.0,0.0,0.0,10.0,0.0,0.0,0.0,10.0
5.952992165360894,0.07737380266189575,-0.08902671933174133,0.005,200.0,0.0,0.0,0.0,200.0,0.0,0.0,0.0,200.0,10.0,0.0,0.0,0.0,10.0,0.0,0.0,0.0,10.0
5.953992332055343,0.07737380266189575,-0.08902671933174133,0.005,200.0,0.0,0.0,0.0,200.0,0.0,0.0,0.0,200.0,10.0,0.0,0.0,0.0,10.0,0.0,0.0,0.0,10.0
5.9549924987497915,0.07737380266189575,-0.08902671933174133,0.005,200.0,0.0,0.0,0.0,200.0,0.0,0.0,0.0,200.0,10.0,0.0,0.0,0.0,10.0,0.0,0.0,0.0,10.0
5.955992665444241,0.07737380266189575,-0.08902671933174133,0.005,200.0,0.0,0.0,0.0,200.0,0.0,0.0,0.0,200.0,10.0,0.0,0.0,0.0,10.0,0.0,0.0,0.0,10.0
5.95699283213869,0.07737380266189575,-0.08902671933174133,0.005,200.0,0.0,0.0,0.0,200.0,0.0,0.0,0.0,200.0,10.0,0.0,0.0,0.0,10.0,0.0,0.0,0.0,10.0
5.957992998833139,0.07737380266189575,-0.08902671933174133,0.005,200.0,0.0,0.0,0.0,200.0,0.0,0.0,0.0,200.0,10.0,0.0,0.0,0.0,10.0,0.0,0.0,0.0,10.0
5.9589931655275885,0.07737380266189575,-0.08902671933174133,0.005,200.0,0.0,0.0,0.0,200.0,0.0,0.0,0.0,200.0,10.0,0.0,0.0,0.0,10.0,0.0,0.0,0.0,10.0
5.959993332222037,0.07737380266189575,-0.08902671933174133,0.005,200.0,0.0,0.0,0.0,200.0,0.0,0.0,0.0,200.0,10.0,0.0,0.0,0.0,10.0,0.0,0.0,0.0,10.0
5.960993498916486,0.07737380266189575,-0.08902671933174133,0.005,200.0,0.0,0.0,0.0,200.0,0.0,0.0,0.0,200.0,10.0,0.0,0.0,0.0,10.0,0.0,0.0,0.0,10.0
5.961993665610936,0.07737380266189575,-0.08902671933174133,0.005,200.0,0.0,0.0,0.0,200.0,0.0,0.0,0.0,200.0,10.0,0.0,0.0,0.0,10.0,0.0,0.0,0.0,10.0
5.962993832305385,0.07737380266189575,-0.08902671933174133,0.005,200.0,0.0,0.0,0.0,200.0,0.0,0.0,0.0,200.0,10.0,0.0,0.0,0.0,10.0,0.0,0.0,0.0,10.0
5.963993998999833,0.07737380266189575,-0.08902671933174133,0.005,200.0,0.0,0.0,0.0,200.0,0.0,0.0,0.0,200.0,10.0,0.0,0.0,0.0,10.0,0.0,0.0,0.0,10.0
5.964994165694282,0.07737380266189575,-0.08902671933174133,0.005,200.0,0.0,0.0,0.0,200.0,0.0,0.0,0.0,200.0,10.0,0.0,0.0,0.0,10.0,0.0,0.0,0.0,10.0
5.965994332388732,0.07737380266189575,-0.08902671933174133,0.005,200.0,0.0,0.0,0.0,200.0,0.0,0.0,0.0,200.0,10.0,0.0,0.0,0.0,10.0,0.0,0.0,0.0,10.0
5.966994499083181,0.07737380266189575,-0.08902671933174133,0.005,200.0,0.0,0.0,0.0,200.0,0.0,0.0,0.0,200.0,10.0,0.0,0.0,0.0,10.0,0.0,0.0,0.0,10.0
5.9679946657776295,0.07737380266189575,-0.08902671933174133,0.005,200.0,0.0,0.0,0.0,200.0,0.0,0.0,0.0,200.0,10.0,0.0,0.0,0.0,10.0,0.0,0.0,0.0,10.0
5.968994832472079,0.07737380266189575,-0.08902671933174133,0.005,200.0,0.0,0.0,0.0,200.0,0.0,0.0,0.0,200.0,10.0,0.0,0.0,0.0,10.0,0.0,0.0,0.0,10.0
5.969994999166528,0.07737380266189575,-0.08902671933174133,0.005,200.0,0.0,0.0,0.0,200.0,0.0,0.0,0.0,200.0,10.0,0.0,0.0,0.0,10.0,0.0,0.0,0.0,10.0
5.970995165860977,0.07737380266189575,-0.08902671933174133,0.005,200.0,0.0,0.0,0.0,200.0,0.0,0.0,0.0,200.0,10.0,0.0,0.0,0.0,10.0,0.0,0.0,0.0,10.0
5.9719953325554265,0.07737380266189575,-0.08902671933174133,0.005,200.0,0.0,0.0,0.0,200.0,0.0,0.0,0.0,200.0,10.0,0.0,0.0,0.0,10.0,0.0,0.0,0.0,10.0
5.972995499249875,0.07737380266189575,-0.08902671933174133,0.005,200.0,0.0,0.0,0.0,200.0,0.0,0.0,0.0,200.0,10.0,0.0,0.0,0.0,10.0,0.0,0.0,0.0,10.0
5.973995665944324,0.07737380266189575,-0.08902671933174133,0.005,200.0,0.0,0.0,0.0,200.0,0.0,0.0,0.0,200.0,10.0,0.0,0.0,0.0,10.0,0.0,0.0,0.0,10.0
5.974995832638774,0.07737380266189575,-0.08902671933174133,0.005,200.0,0.0,0.0,0.0,200.0,0.0,0.0,0.0,200.0,10.0,0.0,0.0,0.0,10.0,0.0,0.0,0.0,10.0
5.975995999333223,0.07737380266189575,-0.08902671933174133,0.005,200.0,0.0,0.0,0.0,200.0,0.0,0.0,0.0,200.0,10.0,0.0,0.0,0.0,10.0,0.0,0.0,0.0,10.0
5.976996166027671,0.07737380266189575,-0.08902671933174133,0.005,200.0,0.0,0.0,0.0,200.0,0.0,0.0,0.0,200.0,10.0,0.0,0.0,0.0,10.0,0.0,0.0,0.0,10.0
5.97799633272212,0.07737380266189575,-0.08902671933174133,0.005,200.0,0.0,0.0,0.0,200.0,0.0,0.0,0.0,200.0,10.0,0.0,0.0,0.0,10.0,0.0,0.0,0.0,10.0
5.97899649941657,0.07737380266189575,-0.08902671933174133,0.005,200.0,0.0,0.0,0.0,200.0,0.0,0.0,0.0,200.0,10.0,0.0,0.0,0.0,10.0,0.0,0.0,0.0,10.0
5.979996666111019,0.07737380266189575,-0.08902671933174133,0.005,200.0,0.0,0.0,0.0,200.0,0.0,0.0,0.0,200.0,10.0,0.0,0.0,0.0,10.0,0.0,0.0,0.0,10.0
5.9809968328054675,0.07737380266189575,-0.08902671933174133,0.005,200.0,0.0,0.0,0.0,200.0,0.0,0.0,0.0,200.0,10.0,0.0,0.0,0.0,10.0,0.0,0.0,0.0,10.0
5.981996999499917,0.07737380266189575,-0.08902671933174133,0.005,200.0,0.0,0.0,0.0,200.0,0.0,0.0,0.0,200.0,10.0,0.0,0.0,0.0,10.0,0.0,0.0,0.0,10.0
5.982997166194366,0.07737380266189575,-0.08902671933174133,0.005,200.0,0.0,0.0,0.0,200.0,0.0,0.0,0.0,200.0,10.0,0.0,0.0,0.0,10.0,0.0,0.0,0.0,10.0
5.983997332888815,0.07737380266189575,-0.08902671933174133,0.005,200.0,0.0,0.0,0.0,200.0,0.0,0.0,0.0,200.0,10.0,0.0,0.0,0.0,10.0,0.0,0.0,0.0,10.0
5.984997499583264,0.07737380266189575,-0.08902671933174133,0.005,200.0,0.0,0.0,0.0,200.0,0.0,0.0,0.0,200.0,10.0,0.0,0.0,0.0,10.0,0.0,0.0,0.0,10.0
5.985997666277713,0.07737380266189575,-0.08902671933174133,0.005,200.0,0.0,0.0,0.0,200.0,0.0,0.0,0.0,200.0,10.0,0.0,0.0,0.0,10.0,0.0,0.0,0.0,10.0
5.986997832972162,0.07737380266189575,-0.08902671933174133,0.005,200.0,0.0,0.0,0.0,200.0,0.0,0.0,0.0,200.0,10.0,0.0,0.0,0.0,10.0,0.0,0.0,0.0,10.0
5.987997999666612,0.07737380266189575,-0.08902671933174133,0.005,200.0,0.0,0.0,0.0,200.0,0.0,0.0,0.0,200.0,10.0,0.0,0.0,0.0,10.0,0.0,0.0,0.0,10.0
5.9889981663610605,0.07737380266189575,-0.08902671933174133,0.005,200.0,0.0,0.0,0.0,200.0,0.0,0.0,0.0,200.0,10.0,0.0,0.0,0.0,10.0,0.0,0.0,0.0,10.0
5.989998333055509,0.07737380266189575,-0.08902671933174133,0.005,200.0,0.0,0.0,0.0,200.0,0.0,0.0,0.0,200.0,10.0,0.0,0.0,0.0,10.0,0.0,0.0,0.0,10.0
5.990998499749958,0.07737380266189575,-0.08902671933174133,0.005,200.0,0.0,0.0,0.0,200.0,0.0,0.0,0.0,200.0,10.0,0.0,0.0,0.0,10.0,0.0,0.0,0.0,10.0
5.991998666444408,0.07737380266189575,-0.08902671933174133,0.005,200.0,0.0,0.0,0.0,200.0,0.0,0.0,0.0,200.0,10.0,0.0,0.0,0.0,10.0,0.0,0.0,0.0,10.0
5.992998833138857,0.07737380266189575,-0.08902671933174133,0.005,200.0,0.0,0.0,0.0,200.0,0.0,0.0,0.0,200.0,10.0,0.0,0.0,0.0,10.0,0.0,0.0,0.0,10.0
5.993998999833305,0.07737380266189575,-0.08902671933174133,0.005,200.0,0.0,0.0,0.0,200.0,0.0,0.0,0.0,200.0,10.0,0.0,0.0,0.0,10.0,0.0,0.0,0.0,10.0
5.994999166527755,0.07737380266189575,-0.08902671933174133,0.005,200.0,0.0,0.0,0.0,200.0,0.0,0.0,0.0,200.0,10.0,0.0,0.0,0.0,10.0,0.0,0.0,0.0,10.0
5.995999333222204,0.07737380266189575,-0.08902671933174133,0.005,200.0,0.0,0.0,0.0,200.0,0.0,0.0,0.0,200.0,10.0,0.0,0.0,0.0,10.0,0.0,0.0,0.0,10.0
5.996999499916653,0.07737380266189575,-0.08902671933174133,0.005,200.0,0.0,0.0,0.0,200.0,0.0,0.0,0.0,200.0,10.0,0.0,0.0,0.0,10.0,0.0,0.0,0.0,10.0
5.997999666611102,0.07737380266189575,-0.08902671933174133,0.005,200.0,0.0,0.0,0.0,200.0,0.0,0.0,0.0,200.0,10.0,0.0,0.0,0.0,10.0,0.0,0.0,0.0,10.0
5.998999833305551,0.07737380266189575,-0.08902671933174133,0.005,200.0,0.0,0.0,0.0,200.0,0.0,0.0,0.0,200.0,10.0,0.0,0.0,0.0,10.0,0.0,0.0,0.0,10.0
6.0,0.07737380266189575,-0.08902671933174133,0.005,200.0,0.0,0.0,0.0,200.0,0.0,0.0,0.0,200.0,10.0,0.0,0.0,0.0,10.0,0.0,0.0,0.0,10.0
