t,x,y,z,K11,K12,K13,K21,K22,K23,K31,K32,K33,D11,D12,D13,D21,D22,D23,D31,D32,D33
0.000000000000000000e+00,5.423755979503391833e-01,2.474861360614699635e-02,1.127256492412510441e-01,2.000000000000000000e+02,0.000000000000000000e+00,0.000000000000000000e+00,0.000000000000000000e+00,2.000000000000000000e+02,0.000000000000000000e+00,0.000000000000000000e+00,0.000000000000000000e+00,2.000000000000000000e+02,4.765680311315521323e+01,-3.967461827705848210e-02,2.139412637440331366e+01,-3.967461827705848210e-02,4.018754065449910939e+01,1.131731476047594676e+01,2.139412637440331366e+01,1.131731476047594676e+01,2.392638992180934210e+01
1.000000000000000021e-03,5.423680146275636771e-01,2.475265332055617828e-02,1.127240105201713638e-01,2.002192063835368003e+02,1.211009178552334281e-01,-2.159770658294339063e-01,1.211009178552334281e-01,1.997429331606437302e+02,1.004352376829686089e-01,-2.159770658294339063e-01,1.004352376829686089e-01,1.993076890101619654e+02,4.754333987694435848e+01,-5.793747906930383357e-02,2.144140698988439198e+01,-5.793747906930383357e-02,4.027649035592059334e+01,1.132352361087482784e+01,2.144140698988439198e+01,1.132352361087482784e+01,2.390176689406919408e+01
2.000000000000000042e-03,5.423578818266502344e-01,2.475907238576207856e-02,1.127221836857849324e-01,2.004392796228815712e+02,2.419172485775541726e-01,-4.324701291941769332e-01,2.419172485775541726e-01,1.994861069118803130e+02,2.014451849129056671e-01,-4.324701291941769332e-01,2.014451849129056671e-01,1.986126422473838318e+02,4.742875734287905942e+01,-7.638239945495466088e-02,2.148900898565785411e+01,-7.638239945495466088e-02,4.036647756299637280e+01,1.132970403690136685e+01,2.148900898565785411e+01,1.132970403690136685e+01,2.387761727016926727e+01
3.000000000000000062e-03,5.423451535774566068e-01,2.476818412612965051e-02,1.127205008213170434e-01,2.006605308784701833e+02,3.624973508696719970e-01,-6.495997491387410783e-01,3.624973508696719970e-01,1.992292979433392759e+02,3.030301405293487349e-01,-6.495997491387410783e-01,3.030301405293487349e-01,1.979148742033019062e+02,4.731305587022895054e+01,-9.500949198754633784e-02,2.153692729485336343e+01,-9.500949198754633784e-02,4.045750658464148586e+01,1.133585251293545859e+01,2.153692729485336343e+01,1.133585251293545859e+01,2.385396379366970976e+01
4.000000000000000083e-03,5.423297780533963275e-01,2.478030222116362619e-02,1.127192942896445976e-01,2.008829573652907072e+02,4.828329806669797719e-01,-8.673603088404907568e-01,4.828329806669797719e-01,1.989725131751043534e+02,4.051975670292997100e-01,-8.673603088404907568e-01,4.051975670292997100e-01,1.972143450487370160e+02,4.719623615219823165e+01,-1.138188245838745727e-01,2.158515662985534078e+01,-1.138188245838745727e-01,4.054958149399382705e+01,1.134196540901099404e+01,2.158515662985534078e+01,1.134196540901099404e+01,2.383082955973529948e+01
5.000000000000000104e-03,5.423116978553471634e-01,2.479574077165506985e-02,1.127188964533783894e-01,2.011065559315250084e+02,6.029157941665540532e-01,-1.085745941669869596e+00,6.029157941665540532e-01,1.987157596280442533e+02,5.079550262921673776e-01,-1.085745941669869596e+00,5.079550262921673776e-01,1.965110144549589108e+02,4.707829922179519855e+01,-1.328104199216478820e-01,2.163369148067409853e+01,-1.328104199216478820e-01,4.064270612005035588e+01,1.134803898941139977e+01,2.163369148067409853e+01,1.134803898941139977e+01,2.380823800686901492e+01
6.000000000000000125e-03,5.422908502838140743e-01,2.481481433309471948e-02,1.127196393922407502e-01,2.013313230528706015e+02,7.227373486209611730e-01,-1.304750529274349091e+00,7.227373486209611730e-01,1.984590444254113208e+02,6.113101799793154711e-01,-1.304750529274349091e+00,6.113101799793154711e-01,1.958048416042162216e+02,4.695924645755980009e+01,-1.519842548674850691e-01,2.168252611347621084e+01,-1.519842548674850691e-01,4.073688403922901102e+01,1.135406941129319947e+01,2.168252611347621084e+01,1.135406941129319947e+01,2.378621290797848076e+01
7.000000000000000146e-03,5.422671676072600144e-01,2.483783791621786002e-02,1.127218546219173750e-01,2.015572548270287143e+02,8.422891032233544850e-01,-1.524367699832384071e+00,8.422891032233544850e-01,1.982023747944603826e+02,7.152707898992756164e-01,-1.524367699832384071e+00,7.152707898992756164e-01,1.950957852011085265e+02,4.683907958913852809e+01,-1.713402599368579748e-01,2.173165456928058603e+01,-1.713402599368579748e-01,4.083211856686278907e+01,1.136005272333967042e+01,2.173165456928058603e+01,1.136005272333967042e+01,2.376477836076320571e+01
8.000000000000000167e-03,5.422405773343773605e-01,2.486512695242049445e-02,1.127258728192470638e-01,2.017843469683707553e+02,9.615624200861375703e-01,-1.744590826484297974e+00,9.615624200861375703e-01,1.979457580680862634e+02,8.198447183376116332e-01,-1.744590826484297974e+00,8.198447183376116332e-01,1.943838034848160419e+02,4.671780070269608132e+01,-1.908783187875679188e-01,2.178107066282662174e+01,-1.908783187875679188e-01,4.092841274863207701e+01,1.136598486444651179e+01,2.178107066282662174e+01,1.136598486444651179e+01,2.374395877741155303e+01
9.000000000000001055e-03,5.422110024972081055e-01,2.489699721948531591e-02,1.127320235590790337e-01,2.020125948027930747e+02,1.080548565315416543e+00,-1.965413025946939563e+00,1.080548565315416543e+00,1.976892016864785546e+02,9.250399283504344705e-01,-1.965413025946939563e+00,9.250399283504344705e-01,1.936688542422021442e+02,4.659541224615325206e+01,-2.105982677483536347e-01,2.183076798162090526e+01,-2.105982677483536347e-01,4.102576935194267804e+01,1.137186166244169527e+01,2.183076798162090526e+01,1.137186166244169527e+01,2.372377887359730764e+01
1.000000000000000021e-02,5.421783619504065843e-01,2.493376472066926100e-02,1.127406350683408803e-01,2.022419932627718993e+02,1.199238710183416545e+00,-2.186827157318864678e+00,1.199238710183416545e+00,1.974327131987915322e+02,1.030864484020592275e+00,-2.186827157318864678e+00,1.030864484020592275e+00,1.929508948218029047e+02,4.647191703423975184e+01,-2.304998953842029852e-01,2.188073988516838142e+01,-2.304998953842029852e-01,4.112419085725609591e+01,1.137767883284140957e+01,2.188073988516838142e+01,1.137767883284140957e+01,2.370426365676614822e+01
1.099999999999999936e-02,5.421425706895685037e-01,2.497574550778215718e-02,1.127520340028235341e-01,2.024725368826291572e+02,1.317623932400983300e+00,-2.408825821082726026e+00,1.317623932400983300e+00,1.971763002648279439e+02,1.137326550675584969e+00,-2.408825821082726026e+00,1.137326550675584969e+00,1.922298821487162002e+02,4.634731825335201449e+01,-2.505829420999380885e-01,2.193097950439458188e+01,-2.505829420999380885e-01,4.122367944938041973e+01,1.138343197764432801e+01,2.193097950439458188e+01,1.138343197764432801e+01,2.368543841370410163e+01
1.200000000000000025e-02,5.421035401883766980e-01,2.502325543654767767e-02,1.127665452518209488e-01,2.027042197940209292e+02,1.435695217492220621e+00,-2.631401358311357797e+00,1.435695217492220621e+00,1.969199706567343071e+02,1.244434395066297050e+00,-2.631401358311357797e+00,1.244434395066297050e+00,1.915057727404035859e+02,4.622161946620403938e+01,-2.708470997836348038e-01,2.198147974126437632e+01,-2.708470997836348038e-01,4.132423700872880090e+01,1.138911658416605377e+01,2.198147974126437632e+01,1.138911658416605377e+01,2.366732869738009626e+01
1.300000000000000114e-02,5.420611787504132639e-01,2.507660984035290502e-02,1.127844917751070208e-01,2.029370357216591572e+02,1.553443460273249199e+00,-2.854545850083961778e+00,1.553443460273249199e+00,1.966637322607054159e+02,1.352196385505640475e+00,-2.854545850083961778e+00,1.352196385505640475e+00,1.907785227234140848e+02,4.609482461626129179e+01,-2.912920114913957748e-01,2.203223326860347342e+01,-2.912920114913957748e-01,4.142586510255465981e+01,1.139472802391602890e+01,2.203223326860347342e+01,1.139472802391602890e+01,2.364996031305672375e+01
1.400000000000000029e-02,5.420153918668437765e-01,2.513612310658384572e-02,1.128061944756999085e-01,2.031709779792782058e+02,1.670859466436993346e+00,-3.078251117118635527e+00,1.670859466436993346e+00,1.964075930786961806e+02,1.460620991966258719e+00,-3.078251117118635527e+00,1.460620991966258719e+00,1.900480878510414016e+02,4.596693803194637695e+01,-3.119172711749941262e-01,2.208323253012817844e+01,-3.119172711749941262e-01,4.152856497617160869e+01,1.140026155151879017e+01,2.208323253012817844e+01,1.140026155151879017e+01,2.363335930366390514e+01
1.499999999999999944e-02,5.419660825658260128e-01,2.520210813821440604e-02,1.128319721104960455e-01,2.034060394658570772e+02,1.787933954245818580e+00,-3.302508719627253342e+00,1.787933954245818580e+00,1.961515612301377018e+02,1.569716786136468700e+00,-3.302508719627253342e+00,1.569716786136468700e+00,1.893144235219212703e+02,4.583796443060568038e+01,-3.327224234538590508e-01,2.213446974068885709e+01,-3.327224234538590508e-01,4.163233754416720700e+01,1.140571230368175826e+01,2.213446974068885709e+01,1.140571230368175826e+01,2.361755193443152123e+01
1.600000000000000033e-02,5.418994423270256933e-01,2.528577914539656066e-02,1.128522266624133602e-01,2.036422126621087898e+02,1.904657556333753110e+00,-3.527309957398574003e+00,1.904657556333753110e+00,1.958956449536555908e+02,1.679492441433653838e+00,-3.527309957398574003e+00,1.679492441433653838e+00,1.885774847995772063e+02,4.570790892222647273e+01,-3.537069634328550150e-01,2.218593688673250597e+01,-3.537069634328550150e-01,4.173718338161997110e+01,1.141107529821152156e+01,2.218593688673250597e+01,1.141107529821152156e+01,2.360256467677855952e+01
1.700000000000000122e-02,5.418168149458451044e-01,2.538731997174510299e-02,1.128678470413829182e-01,2.038794896272475512e+02,2.021020821619925467e+00,-3.752645870115169924e+00,2.021020821619925467e+00,1.956398526087871232e+02,1.789956732974372855e+00,-3.752645870115169924e+00,1.789956732974372855e+00,1.878372264329196923e+02,4.557677701289336625e+01,-3.748703365672592658e-01,2.223762572698933582e+01,-3.748703365672592658e-01,4.184310271532900316e+01,1.141634543308069283e+01,2.223762572698933582e+01,1.141634543308069283e+01,2.358842419145717528e+01
1.800000000000000211e-02,5.417194868149206588e-01,2.550689853521015751e-02,1.128796924684600245e-01,2.041178619960443825e+02,2.137014217334755273e+00,-3.978507237909581828e+00,2.137014217334755273e+00,1.953841926776942444e+02,1.901118537500475103e+00,-3.978507237909581828e+00,1.901118537500475103e+00,1.870936028777024092e+02,4.544457460797409709e+01,-3.962119385763042678e-01,2.228952779338830226e+01,-3.962119385763042678e-01,4.195009541506628636e+01,1.142151748554734070e+01,2.228952779338830226e+01,1.142151748554734070e+01,2.357515731095210043e+01
1.899999999999999953e-02,5.416086888570589286e-01,2.564466710317134246e-02,1.128885934120695544e-01,2.043573209761824501e+02,2.252628131160308023e+00,-4.204884582164811313e+00,2.252628131160308023e+00,1.951286737668698095e+02,2.012986833260568709e+00,-4.204884582164811313e+00,2.012986833260568709e+00,1.863465683189392905e+02,4.531130801502371241e+01,-4.177311154066057908e-01,2.234163439220603564e+01,-4.177311154066057908e-01,4.205816098486192089e+01,1.142658611132898017e+01,2.234163439220603564e+01,1.142658611132898017e+01,2.356279102113665402e+01
2.000000000000000042e-02,5.414855982991128025e-01,2.580076253932582844e-02,1.128953524403724790e-01,2.045978573459222503e+02,2.367852873486123944e+00,-4.431768166563982092e+00,2.367852873486123944e+00,1.948733046088327399e+02,2.125570699846236700e+00,-4.431768166563982092e+00,2.125570699846236700e+00,1.855960766942816917e+02,4.517698394639727155e+01,-4.394271632467471878e-01,2.239393660545351494e+01,-4.394271632467471878e-01,4.216729855433298724e+01,1.143154584383312233e+01,2.239393660545351494e+01,1.143154584383312233e+01,2.355135244218860180e+01
2.100000000000000130e-02,5.413513402976817268e-01,2.597530652526592460e-02,1.129007449953083608e-01,2.048394614520870221e+02,2.482678679781686881e+00,-4.659147998393723178e+00,2.482678679781686881e+00,1.946180940638093944e+02,2.238879317982443329e+00,-4.659147998393723178e+00,2.238879317982443329e+00,1.848420817183562121e+02,4.504160952156062336e+01,-4.612993285942304511e-01,2.244642529250436525e+01,-4.612993285942304511e-01,4.227750687006653152e+01,1.143639109344625915e+01,2.244642529250436525e+01,1.143639109344625915e+01,2.354086880877034105e+01
2.199999999999999872e-02,5.412069894250927105e-01,2.616840575942642674e-02,1.129055200942958026e-01,2.050821232083784196e+02,2.597095713086583491e+00,-4.887013830105479073e+00,2.597095713086583491e+00,1.943630511213968362e+02,2.352921969271628555e+00,-4.887013830105479073e+00,2.352921969271628555e+00,1.840845369080596754e+02,4.490519226908977402e+01,-4.833468083759472345e-01,2.249909109196849144e+01,-4.833468083759472345e-01,4.238878428706842527e+01,1.144111614688323897e+01,2.249909109196849144e+01,1.144111614688323897e+01,2.353136744947979508e+01
2.299999999999999961e-02,5.410535710264207099e-01,2.638015213609782791e-02,1.129104009644455731e-01,2.053258320940325916e+02,2.711094066619251564e+00,-5.115355161138611884e+00,2.711094066619251564e+00,1.941081849022044139e+02,2.467708035891044815e+00,-5.115355161138611884e+00,2.467708035891044815e+00,1.833233956088071750e+02,4.476774012834889049e+01,-5.055687501232623005e-01,2.255192442381429885e+01,-5.055687501232623005e-01,4.250112876028913433e+01,1.144571516659884303e+01,2.255192442381429885e+01,1.144571516659884303e+01,2.352287576557969118e+01
2.400000000000000050e-02,5.408920624564037549e-01,2.661062290701892916e-02,1.129160856144295205e-01,2.055705771528258765e+02,2.824663766505074669e+00,-5.344161240008830305e+00,2.824663766505074669e+00,1.938535046594692801e+02,2.583247000242927971e+00,-5.344161240008830305e+00,2.583247000242927971e+00,1.825586110217267333e+02,4.462926145083762464e+01,-5.279642522027235829e-01,2.260491549174246018e+01,-5.279642522027235829e-01,4.261453783623828429e+01,1.145018219026342088e+01,2.260491549174246018e+01,1.145018219026342088e+01,2.351542120901500965e+01
2.500000000000000139e-02,5.407233942043500052e-01,2.685988082793040049e-02,1.129232473491118549e-01,2.058163469924392643e+02,2.937794774624423955e+00,-5.573421066665070533e+00,2.937794774624423955e+00,1.935990197806414983e+02,2.699548444557180016e+00,-5.573421066665070533e+00,2.699548444557180016e+00,1.817901362317923883e+02,4.448976500119900379e+01,-5.505323641033431636e-01,2.265805428581388270e+01,-5.505323641033431636e-01,4.272900864470026505e+01,1.145451113030433810e+01,2.265805428581388270e+01,1.145451113030433810e+01,2.350903125972986984e+01
2.600000000000000228e-02,5.405484509152982397e-01,2.712797429239743874e-02,1.129325352317274850e-01,2.060631297841911191e+02,3.050476991581100084e+00,-5.803123395117548711e+00,3.050476991581100084e+00,1.933447397889348451e+02,2.816622050446296655e+00,-5.803123395117548711e+00,2.816622050446296655e+00,1.810179242368854773e+02,4.434925995787862973e+01,-5.732720867813202448e-01,2.271133058533387583e+01,-5.732720867813202448e-01,4.284453789056283313e+01,1.145869577351489887e+01,2.271133058533387583e+01,1.145869577351489887e+01,2.350373340229699437e+01
2.699999999999999969e-02,5.403680723154131726e-01,2.741493745510303545e-02,1.129445744982310595e-01,2.063109132631459772e+02,3.162700259791436430e+00,-6.033256736339306592e+00,3.162700259791436430e+00,1.930906743448377654e+02,2.934477598412308375e+00,-6.033256736339306592e+00,2.934477598412308375e+00,1.802419279777714962e+02,4.420775591342720645e+01,-5.961823730629823848e-01,2.276473396199443755e+01,-5.961823730629823848e-01,4.296112184577147275e+01,1.146272978073250393e+01,2.276473396199443755e+01,1.146272978073250393e+01,2.349955510187467311e+01
2.800000000000000058e-02,5.401830540493413046e-01,2.772079034672455741e-02,1.129599669282824598e-01,2.065596847286079196e+02,3.274454366694181218e+00,-6.263809361443141377e+00,3.274454366694181218e+00,1.928368332475803584e+02,3.053124967305613335e+00,-6.263809361443141377e+00,3.053124967305613335e+00,1.794621003689785539e+02,4.406526287443819001e+01,-6.192621281066423844e-01,2.281825378327598486e+01,-6.192621281066423844e-01,4.307875634142213528e+01,1.146660668658751980e+01,2.281825378327598486e+01,1.146660668658751980e+01,2.349652377950816629e+01
2.900000000000000147e-02,5.399941484370514022e-01,2.804553898240748702e-02,1.129792911771936720e-01,2.068094310450063062e+02,3.385729048081066672e+00,-6.494769305135299042e+00,3.385729048081066672e+00,1.925832264365519961e+02,3.172574133735594604e+00,-6.494769305135299042e+00,3.172574133735594604e+00,1.786783943305605362e+02,4.392179126111296483e+01,-6.425102099239712317e-01,2.287187921610929209e+01,-6.425102099239712317e-01,4.319743676000540944e+01,1.147031989932447438e+01,2.287187921610929209e+01,1.147031989932447438e+01,2.349466678679407750e+01
2.999999999999999889e-02,5.398020651574834128e-01,2.838917546576148060e-02,1.130031030730120900e-01,2.070601386431804940e+02,3.496513991547821387e+00,-6.726124369446946361e+00,3.496513991547821387e+00,1.923298639926644853e+02,3.292835171433013741e+00,-6.726124369446946361e+00,3.292835171433013741e+00,1.778907628207263372e+02,4.377735190644637697e+01,-6.659254299613971417e-01,2.292559923079825523e+01,-6.659254299613971417e-01,4.331715802781529590e+01,1.147386270069699776e+01,2.292559923079825523e+01,1.147386270069699776e+01,2.349401137992855126e+01
3.099999999999999978e-02,5.396074718661708625e-01,2.875167809020900966e-02,1.130319358827743675e-01,2.073117935220712695e+02,3.606798840065158718e+00,-6.957862127743849712e+00,3.606798840065158718e+00,1.920767561396556005e+02,3.413918250564243806e+00,-6.957862127743849712e+00,3.413918250564243806e+00,1.770991588693142091e+02,4.363195605502597374e+01,-6.895065537419285961e-01,2.297940260520330824e+01,-6.895065537419285961e-01,4.343791460753575251e+01,1.147722824593790492e+01,2.297940260520330824e+01,1.147722824593790492e+01,2.349458469316158826e+01
3.200000000000000067e-02,5.394109947538451300e-01,2.913301143943150540e-02,1.130663005518251912e-01,2.075643812508241126e+02,3.716573195669096386e+00,-7.189969929014225158e+00,3.716573195669096386e+00,1.918239132453272191e+02,3.535833636997439022e+00,-7.189969929014225158e+00,3.535833636997439022e+00,1.763035356120884671e+02,4.348561536143861161e+01,-7.132523015677105782e-01,2.303327792918505423e+01,-7.132523015677105782e-01,4.355970049101861719e+01,1.148040956380570599e+01,2.303327792918505423e+01,1.148040956380570599e+01,2.349641371168215542e+01
3.300000000000000155e-02,5.392132190528949875e-01,2.953312648856252359e-02,1.131066859199622715e-01,2.078178869713110544e+02,3.825826623269755089e+00,-7.422434902434212667e+00,3.825826623269755089e+00,1.915713458227125727e+02,3.658591691520849842e+00,-7.422434902434212667e+00,3.658591691520849842e+00,1.755038463258323418e+02,4.333834188827880496e+01,-7.371613492834936388e-01,2.308721360930698907e+01,-7.371613492834936388e-01,4.368250919226655782e+01,1.148339955670881274e+01,2.308721360930698907e+01,1.148339955670881274e+01,2.349952524396043074e+01
3.400000000000000244e-02,5.390146894984235715e-01,2.995196070769394828e-02,1.131535589180245327e-01,2.080722954010753369e+02,3.934548654577576077e+00,-7.655243962209909547e+00,3.934548654577576077e+00,1.913190645311668163e+02,3.782202869013531643e+00,-7.655243962209909547e+00,3.782202869013531643e+00,1.747000444642102366e+02,4.319014810375350777e+01,-7.612323291011101611e-01,2.314119787379589610e+01,-7.612323291011101611e-01,4.380633374063445729e+01,1.148619100090850509e+01,2.314119787379589610e+01,1.148619100090850509e+01,2.350394589357556896e+01
3.500000000000000333e-02,5.388159107505130496e-01,3.038943816916173449e-02,1.132073647484100193e-01,2.083275908367039335e+02,4.042728792145688033e+00,-7.888383812694337749e+00,4.042728792145688033e+00,1.910670801773748053e+02,3.906677717568754815e+00,-7.888383812694337749e+00,3.906677717568754815e+00,1.738920836943687789e+02,4.304104687887897995e+01,-7.854638304849057562e-01,2.319521877775779117e+01,-7.854638304849057562e-01,4.393116667426347988e+01,1.148877654680181060e+01,2.319521877775779117e+01,1.148877654680181060e+01,2.350970203055945973e+01
3.600000000000000422e-02,5.386173477841978974e-01,3.084546965999738696e-02,1.132685270528666355e-01,2.085837571576316520e+02,4.150356513526937796e+00,-8.121840953777176964e+00,4.150356513526937796e+00,1.908154037162703105e+02,4.032026877570533685e+00,-8.121840953777176964e+00,4.032026877570533685e+00,1.730799179342447758e+02,4.289105148426547487e+01,-8.098544010979843444e-01,2.324926420864683507e+01,-8.098544010979843444e-01,4.405700003376131946e+01,1.149114871928515669e+01,2.324926420864683507e+01,1.149114871928515669e+01,2.351681976228849535e+01
3.699999999999999817e-02,5.384194262535088038e-01,3.131995280082931765e-02,1.133374480707659560e-01,2.088407778303800626e+02,4.257421275543866734e+00,-8.355601686544531503e+00,4.257421275543866734e+00,1.905640462518601908e+02,4.158261080723725911e+00,-8.355601686544531503e+00,4.158261080723725911e+00,1.722635013905455423e+02,4.274017558648638015e+01,-8.344025478089759362e-01,2.330332189198410475e+01,-8.344025478089759362e-01,4.418382535614252760e+01,1.149329991819972641e+01,2.330332189198410475e+01,1.149329991819972641e+01,2.352532490395786624e+01
3.799999999999999906e-02,5.382225328358317684e-01,3.181277217243464600e-02,1.134145087909189942e-01,2.090986359132340056e+02,4.363912518669732954e+00,-8.589652119205448244e+00,4.363912518669732954e+00,1.903130190379474982e+02,4.285391149038246361e+00,-8.589652119205448244e+00,4.285391149038246361e+00,1.714427885973648813e+02,4.258843324402925390e+01,-8.591067377589389764e-01,2.335737939732257828e+01,-8.591067377589389764e-01,4.431163366904303302e+01,1.149522241885924068e+01,2.335737939732257828e+01,1.149522241885924068e+01,2.353524294867420252e+01
3.899999999999999994e-02,5.380270155626902806e-01,3.232379945104330715e-02,1.135000690998545642e-01,2.093573140613572718e+02,4.469819671518380666e+00,-8.823978173281261661e+00,4.469819671518380666e+00,1.900623334787468934e+02,4.413427993767955471e+00,-8.823978173281261661e+00,4.413427993767955471e+00,1.706177344553956630e+02,4.243583890282623372e+01,-8.839653994878517995e-01,2.341142414445394948e+01,-8.839653994878517995e-01,4.444041548522231722e+01,1.149690837266085630e+01,2.341142414445394948e+01,1.149690837266085630e+01,2.354659903720462566e+01
4.000000000000000083e-02,5.378331841429201399e-01,3.285289355340544060e-02,1.135944679293308252e-01,2.096167945323489903e+02,4.575132155440613246e+00,-9.058565590053442307e+00,4.575132155440613246e+00,1.898120011293859761e+02,4.542382614304922406e+00,-9.058565590053442307e+00,4.542382614304922406e+00,1.697882942716980210e+02,4.228240739136292348e+01,-9.089769241200444938e-01,2.346544340985286681e+01,-9.089769241200444938e-01,4.457016079736759906e+01,1.149834980777975169e+01,2.346544340985286681e+01,1.149834980777975169e+01,2.355941792742223484e+01
4.100000000000000172e-02,5.376413102840519320e-01,3.339990079253762206e-02,1.136980234057012457e-01,2.098770591922408641e+02,4.679839389224436097e+00,-9.293399937264778643e+00,4.679839389224436097e+00,1.895620336962861643e+02,4.672266097029771359e+00,-9.293399937264778643e+00,4.672266097029771359e+00,1.689544237999794234e+02,4.212815391536458520e+01,-9.341396666077801392e-01,2.351942433335283411e+01,-9.341396666077801392e-01,4.470085907321314522e+01,1.149953862994781595e+01,2.351942433335283411e+01,1.149953862994781595e+01,2.357372396348920418e+01
4.200000000000000261e-02,5.374516280175538618e-01,3.396465504497133553e-02,1.138110330035893569e-01,2.101380895219351714e+02,4.783930793896323586e+00,-9.528466616068358874e+00,4.783930793896323586e+00,1.893124430374162444e+02,4.803089614118897899e+00,-9.528466616068358874e+00,4.803089614118897899e+00,1.681160792813416833e+02,4.197309405205970023e+01,-9.594519470320437282e-01,2.357335392504812432e+01,-9.594519470320437282e-01,4.483249925098861866e+01,1.150046662331682867e+01,2.357335392504812432e+01,1.150046662331682867e+01,2.358954104482118908e+01
4.300000000000000350e-02,5.372643340334133377e-01,3.454697793022926122e-02,1.139337737061882766e-01,2.103998666240825060e+02,4.887395797620433413e+00,-9.763750868218133760e+00,4.887395797620433413e+00,1.890632411624119413e+02,4.934864422309397369e+00,-9.763750868218133760e+00,4.934864422309397369e+00,1.672732174854464233e+02,4.181724374402196531e+01,-9.849120519595122580e-01,2.362721907241538943e+01,-9.849120519595122580e-01,4.496506973521015027e+01,1.150112545140640385e+01,2.362721907241538943e+01,1.150112545140640385e+01,2.360689259487806524e+01
4.399999999999999745e-02,5.370795880293420810e-01,3.514667900316598148e-02,1.140665021743166863e-01,2.106623712303970706e+02,4.990223840692465274e+00,-9.999237783494299592e+00,4.990223840692465274e+00,1.888144402325551710e+02,5.067601861622626380e+00,-9.999237783494299592e+00,5.067601861622626380e+00,1.664257957520504760e+02,4.166061929259143426e+01,-1.010518235854469316e+00,2.368100654764757707e+01,-1.010518235854469316e+00,4.509855839282670331e+01,1.150150665813670336e+01,2.368100654764757707e+01,1.150150665813670336e+01,2.362580152982727810e+01
4.499999999999999833e-02,5.368975130796793671e-01,3.576355595970774626e-02,1.142094549262060443e-01,2.109255837094075332e+02,5.092404380624609317e+00,-1.023491230735610458e+01,5.092404380624609317e+00,1.885660525606059252e+02,5.201313354047345960e+00,-1.023491230735610458e+01,5.201313354047345960e+00,1.655737720328584999e+02,4.150323735087802390e+01,-1.036268722544371856e+00,2.373470301519311576e+01,-1.036268722544371856e+00,4.523295254973571389e+01,1.150160166894616687e+01,2.373470301519311576e+01,1.150160166894616687e+01,2.364629022712866657e+01
4.599999999999999922e-02,5.367181960288420761e-01,3.639739485644532396e-02,1.143628485298300995e-01,2.111894840746392390e+02,5.193926897317805214e+00,-1.047075924881420228e+01,5.193926897317805214e+00,1.883180906104801693e+02,5.336010402183436696e+00,-1.047075924881420228e+01,5.336010402183436696e+00,1.647171049336400586e+02,4.134511491634928149e+01,-1.062161706737573708e+00,2.378829503949181401e+01,-1.062161706737573708e+00,4.536823898767997321e+01,1.150140179199390111e+01,2.378829503949181401e+01,1.150140179199390111e+01,2.366838049408978506e+01
4.700000000000000011e-02,5.365416879139344175e-01,3.704797034442888770e-02,1.145268798093997953e-01,2.114540519932242262e+02,5.294780898317320350e+00,-1.070676328851400250e+01,5.294780898317320350e+00,1.880705669967670985e+02,5.471704587847278312e+00,-1.070676328851400250e+01,5.471704587847278312e+00,1.638557537565554014e+02,4.118626932300713150e+01,-1.088195355591620395e+00,2.384176909289931245e+01,-1.088195355591620395e+00,4.550440394153895340e+01,1.150089821944682456e+01,2.384176909289931245e+01,1.150089821944682456e+01,2.369209353644333049e+01
4.800000000000000100e-02,5.363680044208499753e-01,3.771504591743387452e-02,1.147017260674864092e-01,2.117192667949335600e+02,5.394955924147406989e+00,-1.094290898702104187e+01,5.394955924147406989e+00,1.878234944840793617e+02,5.608407570639886153e+00,-1.094290898702104187e+01,5.608407570639886153e+00,1.629896785426330439e+02,4.102671823315743893e+01,-1.114367810330363140e+00,2.389511156379057510e+01,-1.114367810330363140e+00,4.564143309702637197e+01,1.150008202885098463e+01,2.389511156379057510e+01,1.150008202885098463e+01,2.371744992699876420e+01
4.900000000000000189e-02,5.361971263779398145e-01,3.839837417487534932e-02,1.148875453240452843e-01,2.119851074816261871e+02,5.494441553720565530e+00,-1.117918079329867176e+01,5.494441553720565530e+00,1.875768859862290867e+02,5.746131086478915684e+00,-1.117918079329867176e+01,5.746131086478915684e+00,1.621188401143401734e+02,4.086647962877813711e+01,-1.140677187908026857e+00,2.394830876483304749e+01,-1.140677187908026857e+00,4.577931158880615214e+01,1.149894418458685053e+01,2.394830876483304749e+01,1.149894418458685053e+01,2.374446957442183148e+01
5.000000000000000278e-02,5.360290002910014229e-01,3.909769709946186306e-02,1.150844765734499731e-01,2.122515527371077724e+02,5.593227409816750928e+00,-1.141556305336806432e+01,5.593227409816750928e+00,1.873307545652236854e+02,5.884886946095752691e+00,-1.141556305336806432e+01,5.884886946095752691e+00,1.612432001181859107e+02,4.070557180249175389e+01,-1.167121582718216644e+00,2.400134694141919667e+01,-1.167121582718216644e+00,4.591802399903813381e+01,1.149747553940797395e+01,2.400134694141919667e+01,1.149747553940797395e+01,2.377317169219669424e+01
5.100000000000000366e-02,5.358635389230371748e-01,3.981274634959756226e-02,1.152926400604504242e-01,2.125185809373916470e+02,5.691303164627607991e+00,-1.165204001913979504e+01,5.691303164627607991e+00,1.870851134300748981e+02,6.024687033498870470e+00,-1.165204001913979504e+01,6.024687033498870470e+00,1.603627210672954106e+02,4.054401334814966873e+01,-1.193699068345736913e+00,2.405421228024797387e+01,-1.193699068345736913e+00,4.605755435636479689e+01,1.149566683606235351e+01,2.405421228024797387e+01,1.149566683606235351e+01,2.380357476782631565e+01
5.200000000000000455e-02,5.357006219218888310e-01,4.054324356646568650e-02,1.155121375758040581e-01,2.127861701613538798e+02,5.788658545360638286e+00,-1.188859585740590141e+01,5.788658545360638286e+00,1.868399759354147136e+02,6.165543304404714320e+00,-1.188859585740590141e+01,6.165543304404714320e+00,1.594773663838919049e+02,4.038182315103520637e+01,-1.220407699358931453e+00,2.410689091804390927e+01,-1.220407699358931453e+00,4.619788613534940680e+01,1.149350870899587385e+01,2.410689091804390927e+01,1.149350870899587385e+01,2.383569653232768459e+01
5.299999999999999850e-02,5.355400964985095325e-01,4.128890069564251919e-02,1.157430527721425989e-01,2.130542982017728946e+02,5.885283339897955379e+00,-1.212521465898079853e+01,5.885283339897955379e+00,1.865953555799118817e+02,6.307467784637336372e+00,-1.212521465898079853e+01,6.307467784637336372e+00,1.585871004416225105e+02,4.021902037769460492e+01,-1.247245513140176065e+00,2.415936895040252708e+01,-1.247245513140176065e+00,4.633900225637591319e+01,1.149099168613686395e+01,2.415936895040252708e+01,1.149099168613686395e+01,2.386955393007912107e+01
5.399999999999999939e-02,5.353817781582570490e-01,4.204942032302819155e-02,1.159854515004705849e-01,2.133229425767439125e+02,5.981167402504129704e+00,-1.236188044797897057e+01,5.981167402504129704e+00,1.863512660044830511e+02,6.450472568498075709e+00,-1.236188044797897057e+01,6.450472568498075709e+00,1.576918886076622925e+02,4.005562446540493937e+01,-1.274210531751987840e+00,2.421163244075009402e+01,-1.274210531751987840e+00,4.648088508602038615e+01,1.148810619076099293e+01,2.421163244075009402e+01,1.148810619076099293e+01,2.390516308907773535e+01
5.500000000000000028e-02,5.352254514872243352e-01,4.282449602480570272e-02,1.162393821675042904e-01,2.135920805414572499e+02,6.076300659577385410e+00,-1.259857719121686870e+01,6.076300659577385410e+00,1.861077209902929894e+02,6.594569817106553877e+00,-1.259857719121686870e+01,6.594569817106553877e+00,1.567916972845303292e+02,3.989165511128888397e+01,-1.301300763836109597e+00,2.426366742940525967e+01,-1.301300763836109597e+00,4.662351643790275091e+01,1.148484254343533451e+01,2.426366742940525967e+01,1.148484254343533451e+01,2.394253929166530170e+01
5.600000000000000117e-02,5.350708709952162190e-01,4.361381273108043410e-02,1.165048761139098055e-01,2.138616891003288458e+02,6.170673115438257028e+00,-1.283528880772615111e+01,6.170673115438257028e+00,1.858647344565374624e+02,6.739771756714287854e+00,-1.283528880772615111e+01,6.739771756714287854e+00,1.558864939515511878e+02,3.972713226108745488e+01,-1.328514206542822818e+00,2.431545994272996936e+01,-1.328514206542822818e+00,4.676687757402758905e+01,1.148119096404052719e+01,2.431545994272996936e+01,1.148119096404052719e+01,2.398169694578129096e+01
5.700000000000000205e-02,5.349177620165911362e-01,4.441704710279491958e-02,1.167819480133174964e-01,2.141317450194708840e+02,6.264274858149619263e+00,-1.307199917836492453e+01,6.264274858149619263e+00,1.856223204580041397e+02,6.886090676992167481e+00,-1.307199917836492453e+01,6.886090676992167481e+00,1.549762472058934577e+02,3.956207609760202359e+01,-1.355848847487615583e+00,2.436699600235668228e+01,-1.355848847487615583e+00,4.691094920662192891e+01,1.147714157386990586e+01,2.436699600235668228e+01,1.147714157386990586e+01,2.402264955680226777e+01
5.800000000000000294e-02,5.347658216697637190e-01,4.523386792145294572e-02,1.170705962918405230e-01,2.144022248394886674e+02,6.357096065361824699e+00,-1.330869215551329532e+01,6.357096065361824699e+00,1.853804931824056723e+02,7.033538929293102093e+00,-1.330869215551329532e+01,7.033538929293102093e+00,1.540609268031178658e+02,3.939650702881811384e+01,-1.383302666732231900e+00,2.441826163447833054e+01,-1.383302666732231900e+00,4.705571150047728679e+01,1.147268439780419058e+01,2.441826163447833054e+01,1.147268439780419058e+01,2.406540970002636826e+01
5.900000000000000383e-02,5.346147198757518204e-01,4.606393649115290978e-02,1.173708035676713085e-01,2.146731048885908706e+02,6.449127010176545660e+00,-1.354535157283922153e+01,6.449127010176545660e+00,1.851392669474804507e+02,7.182128924891085120e+00,-1.354535157283922153e+01,7.182128924891085120e+00,1.531405036971658262e+02,3.923044567572389241e+01,-1.410873638787012441e+00,2.446924287918749386e+01,-1.410873638787012441e+00,4.720114407580233262e+01,1.146780936656042194e+01,2.446924287918749386e+01,1.146780936656042194e+01,2.410998899386197536e+01
5.999999999999999778e-02,5.344641004357389980e-01,4.690690705237095248e-02,1.176825371101784395e-01,2.149443612959972825e+02,6.540358067022733479e+00,-1.378196125512035586e+01,6.540358067022733479e+00,1.848986561978556722e+02,7.331873133197895243e+00,-1.378196125512035586e+01,7.331873133197895243e+00,1.522149500797203530e+02,3.906391285983699646e+01,-1.438559734631362774e+00,2.451992579985077825e+01,-1.438559734631362774e+00,4.734722601159246125e+01,1.146250631901368244e+01,2.451992579985077825e+01,1.146250631901368244e+01,2.415639807377916526e+01
6.099999999999999867e-02,5.343135821671820551e-01,4.776242720691231680e-02,1.180057493177949224e-01,2.152159700056299130e+02,6.630779717538010765e+00,-1.401850502810737886e+01,6.630779717538010765e+00,1.846586755016691370e+02,7.482784079958666901e+00,-1.401850502810737886e+01,7.482784079958666901e+00,1.512842394188701860e+02,3.889692959045444098e+01,-1.466358923749076171e+00,2.457029649250443271e+01,-1.466358923749076171e+00,4.749393584952122183e+01,1.145676500459014235e+01,2.457029649250443271e+01,1.145676500459014235e+01,2.420464656708236006e+01
6.199999999999999956e-02,5.341627600975963341e-01,4.863013835340536384e-02,1.183403782138550270e-01,2.154879067900705536e+02,6.720382556448620370e+00,-1.425496672841388524e+01,6.720382556448620370e+00,1.844193395469447978e+02,7.634874345427487441e+00,-1.425496672841388524e+01,7.634874345427487441e+00,1.503483464970091177e+02,3.872951705164008018e+01,-1.494269176175171632e+00,2.462034109525657755e+01,-1.494269176175171632e+00,4.764125159835800360e+01,1.145057508572973504e+01,2.462034109525657755e+01,1.145057508572973504e+01,2.425474306856163409e+01
6.300000000000000044e-02,5.340112067147227970e-01,4.950967613269446205e-02,1.186863479594189308e-01,2.157601472647681646e+02,6.809157297441002399e+00,-1.449133021341794247e+01,6.809157297441002399e+00,1.841806631377191934e+02,7.788156562524125803e+00,-1.449133021341794247e+01,7.788156562524125803e+00,1.494072474479017956e+02,3.856169658896610741e+01,-1.522288464550748621e+00,2.467004579768173400e+01,-1.522288464550748621e+00,4.778915073891565157e+01,1.144392614041693790e+01,2.467004579768173400e+01,1.144392614041693790e+01,2.430669511707984398e+01
6.400000000000000133e-02,5.338584732713776981e-01,5.040067088246177884e-02,1.190435693820099533e-01,2.160326669024796331e+02,6.897094779017919564e+00,-1.472757937116012528e+01,6.897094779017919564e+00,1.839426611899142188e+02,7.942643414972996752e+00,-1.472757937116012528e+01,7.942643414972996752e+00,1.484609197928488413e+02,3.839348969602402661e+01,-1.550414766182496296e+00,2.471939685019318489e+01,-1.550414766182496296e+00,4.793761022953123785e+01,1.143680766477796595e+01,2.471939685019318489e+01,1.143680766477796595e+01,2.436050917315177244e+01
6.500000000000000222e-02,5.337040911428864165e-01,5.130274810039212041e-02,1.194119405190938871e-01,2.163054410479246030e+02,6.984185970331965088e+00,-1.496369813022270812e+01,6.984185970331965088e+00,1.837053487269543837e+02,8.098347635425367841e+00,-1.496369813022270812e+01,8.098347635425367841e+00,1.475093424758840968e+02,3.822491800072262436e+01,-1.578646065103090912e+00,2.476838057337792876e+01,-1.578646065103090912e+00,4.808660651208106174e+01,1.142920907574251821e+01,2.476838057337792876e+01,1.142920907574251821e+01,2.441619059756988008e+01
6.600000000000000311e-02,5.335475732346262046e-01,5.221552891518457806e-02,1.197913471750296499e-01,2.165784449326372680e+02,7.070421976989223367e+00,-1.519967046957468959e+01,7.070421976989223367e+00,1.834687408751248086e+02,8.255282003565763915e+00,-1.519967046957468959e+01,8.255282003565763915e+00,1.465524958979379448e+02,3.805600325138983919e+01,-1.606980354129066368e+00,2.481698336728020493e+01,-1.606980354129066368e+00,4.823611551853240798e+01,1.142111971376851365e+01,2.481698336728020493e+01,1.142111971376851365e+01,2.447374363113121021e+01
6.700000000000000400e-02,5.333884154368179198e-01,5.313863056470719687e-02,1.201816634901565484e-01,2.168516536899952598e+02,7.155794046815763032e+00,-1.543548042836720846e+01,7.155794046815763032e+00,1.832328528586683944e+02,8.413459344203419121e+00,-1.543548042836720846e+01,8.413459344203419121e+00,1.455903619499015065e+02,3.788676730269700244e+01,-1.635415636912267434e+00,2.486519172061811389e+01,-1.635415636912267434e+00,4.838611267803092630e+01,1.141252884562783976e+01,2.486519172061811389e+01,1.141252884562783976e+01,2.453317137551704974e+01
6.800000000000000488e-02,5.332260981233728492e-01,5.407166688058639287e-02,1.205827525205964978e-01,2.171250423704063621e+02,7.240293575579606511e+00,-1.567111211566395568e+01,7.240293575579606511e+00,1.829976999946198930e+02,8.572892525349612214e+00,-1.567111211566395568e+01,8.572892525349612214e+00,1.446229240445282471e+02,3.771723210142291549e+01,-1.663949929981385800e+00,2.491299221991919666e+01,-1.663949929981385800e+00,4.853657292452460581e+01,1.140342566725140827e+01,2.491299221991919666e+01,1.140342566725140827e+01,2.459447577537721941e+01
6.900000000000000577e-02,5.330600876912601205e-01,5.501424877852422596e-02,1.209944668273075091e-01,2.173985859566334966e+02,7.323912112660775797e+00,-1.590654972009114587e+01,7.323912112660775797e+00,1.827632976873755695e+02,8.733594456281581486e+00,-1.590654972009114587e+01,8.733594456281581486e+00,1.436501671471102384e+02,3.754741967207779396e+01,-1.692581264769599914e+00,2.496037155855974987e+01,-1.692581264769599914e+00,4.868747070492132423e+01,1.139379930663160501e+01,2.496037155855974987e+01,1.139379930663160501e+01,2.465765760166726039e+01
7.000000000000000666e-02,5.328898381365481107e-01,5.596598475364231162e-02,1.214166490728692122e-01,2.176722593792370617e+02,7.406641366661967041e+00,-1.614177751939179117e+01,7.406641366661967041e+00,1.825296614229974637e+02,8.895578085593619733e+00,-1.614177751939179117e+01,8.895578085593619733e+00,1.426720778048679676e+02,3.737735210240477812e+01,-1.721307689624759663e+00,2.500731654569384688e+01,-1.721307689624759663e+00,4.883877998777924034e+01,1.138363882678036099e+01,2.500731654569384688e+01,1.138363882678036099e+01,2.472271643628677751e+01
7.100000000000000755e-02,5.327147926630028119e-01,5.692648138015690001e-02,1.218491326244524053e-01,2.179460375321145307e+02,7.488473210952444781e+00,-1.637677988986904509e+01,7.488473210952444781e+00,1.822968067632516522e+02,9.058856399235883927e+00,-1.637677988986904509e+01,9.058856399235883927e+00,1.416886441749953747e+02,3.720705152878015554e+01,-1.750127271798109785e+00,2.505381411505720379e+01,-1.750127271798109785e+00,4.899047427252537545e+01,1.137293322874095836e+01,2.505381411505720379e+01,1.137293322874095836e+01,2.478965065806370305e+01
7.200000000000000844e-02,5.325343853188511112e-01,5.789534381469644414e-02,1.222917421613941708e-01,2.182198952881156799e+02,7.569399689137692455e+00,-1.661154131570358672e+01,7.569399689137692455e+00,1.820647493393804552e+02,9.223442418541310417e+00,-1.661154131570358672e+01,9.223442418541310417e+00,1.406998560513019356e+02,3.703654012153052832e+01,-1.779038099407950657e+00,2.509985133363196397e+01,-1.779038099407950657e+00,4.914252659919939248e+01,1.136167145465174144e+01,2.509985133363196397e+01,1.136167145465174144e+01,2.485845743012818332e+01
7.299999999999999545e-02,5.323480426571061130e-01,5.887217630259153345e-02,1.227442942857976949e-01,2.184938075147128984e+02,7.649413020447424216e+00,-1.684604639813017002e+01,7.649413020447424216e+00,1.818335048456090135e+02,9.389349198240919847e+00,-1.684604639813017002e+01,9.389349198240919847e+00,1.397057048893971114e+02,3.686584007018847586e+01,-1.808038283374223232e+00,2.514541541015813308e+01,-1.808038283374223232e+00,4.929490955871659708e+01,1.134984239085995128e+01,2.514541541015813308e+01,1.134984239085995128e+01,2.492913268871668109e+01
7.399999999999999634e-02,5.321551854177022367e-01,5.985658268661332021e-02,1.232065981333554799e-01,2.187677490897043526e+02,7.728505605034576398e+00,-1.708027986445880941e+01,7.728505605034576398e+00,1.816030890323870892e+02,9.556589824467724981e+00,-1.708027986445880941e+01,9.556589824467724981e+00,1.387061838303642389e+02,3.669497356870590465e+01,-1.837125959320433433e+00,2.519049370347826766e+01,-1.837125959320433433e+00,4.944759530364504485e+01,1.133743487108383974e+01,2.519049370347826766e+01,1.133743487108383974e+01,2.500167113344524950e+01
7.499999999999999722e-02,5.319552302128158772e-01,6.084816691690595608e-02,1.236784559880876322e-01,2.190416949169289751e+02,7.806670029177922743e+00,-1.731422657692612432e+01,7.806670029177922743e+00,1.813735176993671985e+02,9.725177412749198780e+00,-1.731422657692612432e+01,9.725177412749198780e+00,1.377012877228733032e+02,3.652396280064630929e+01,-1.866299289438932751e+00,2.523507373070148319e+01,-1.866299289438932751e+00,4.960055555948898132e+01,1.132443767962133840e+01,2.523507373070148319e+01,1.132443767962133840e+01,2.507606621908754008e+01
7.599999999999999811e-02,5.317475912332253474e-01,6.184653356247529071e-02,1.241596638907153660e-01,2.193156199419707661e+02,7.883899070381080065e+00,-1.754787154136296579e+01,7.883899070381080065e+00,1.811448066881217187e+02,9.895125105988283210e+00,-1.754787154136296579e+01,9.895125105988283210e+00,1.366910131436840743e+02,3.635282992437623761e+01,-1.895556464315966139e+00,2.527914317517412712e+01,-1.895556464315966139e+00,4.975376163647159444e+01,1.131083955460355917e+01,2.527914317517412712e+01,1.131083955460355917e+01,2.515231014889116423e+01
7.699999999999999900e-02,5.315316819530760961e-01,6.285128832288458534e-02,1.246500122456161430e-01,2.195894991678312067e+02,7.960185702360710103e+00,-1.778119991566460811e+01,7.960185702360710103e+00,1.809169718746001934e+02,1.006644607243266165e+01,-1.778119991566460811e+01,1.006644607243266165e+01,1.356753584164951008e+02,3.618159705827686423e+01,-1.924895704712668021e+00,2.532268989424418848e+01,-1.924895704712668021e+00,4.990718444180801328e+01,1.129662919129149046e+01,2.532268989424418848e+01,1.129662919129149046e+01,2.523039386946292950e+01
7.799999999999999989e-02,5.313069168328016234e-01,6.386203853975652711e-02,1.251492864230193958e-01,2.198633076705476412e+02,8.035523099916819234e+00,-1.801419701805021489e+01,8.035523099916819234e+00,1.806900291613309832e+02,1.023915350363193966e+01,-1.801419701805021489e+01,1.023915350363193966e+01,1.346543236290953018e+02,3.601028626599615734e+01,-1.954315263298374017e+00,2.536570192680702718e+01,-1.954315263298374017e+00,5.006079449245884661e+01,1.128179524541415901e+01,2.536570192680702718e+01,1.128179524541415901e+01,2.531030706725028523e+01
7.900000000000000078e-02,5.310727130148601427e-01,6.487839370749270973e-02,1.256572673549963270e-01,2.201370206147350359e+02,8.109904643678172320e+00,-1.824684833509875403e+01,8.109904643678172320e+00,1.804639944693694815e+02,1.041326061238216916e+01,-1.824684833509875403e+01,1.041326061238216916e+01,1.336279106487788511e+02,3.583891954176277039e+01,-1.983813426332612151e+00,2.540816750062074192e+01,-1.983813426332612151e+00,5.021456192835413646e+01,1.126632633654686977e+01,2.540816750062074192e+01,1.126632633654686977e+01,2.539203816664388924e+01
8.000000000000000167e-02,5.308284920069298307e-01,6.589996598262522209e-02,1.261737321238449172e-01,2.204106132690305628e+02,8.183323924716003006e+00,-1.847913952954900907e+01,8.183323924716003006e+00,1.802388837299977240e+02,1.058878063065706954e+01,-1.847913952954900907e+01,1.058878063065706954e+01,1.325961231359868862e+02,3.566751879578200146e+01,-2.013388515292222625e+00,2.545007503937962667e+01,-2.013388515292222625e+00,5.036845652607594559e+01,1.125021105152793233e+01,2.545007503937962667e+01,1.125021105152793233e+01,2.547557432972253721e+01
8.100000000000000255e-02,5.305736813472409219e-01,6.692637069123415217e-02,1.266984545415345276e-01,2.206840610214179321e+02,8.255774749019256120e+00,-1.871105644785178157e+01,8.255774749019256120e+00,1.800147128761791464e+02,1.076572680752508404e+01,-1.871105644785178157e+01,1.076572680752508404e+01,1.315589665561424511e+02,3.549610583973468181e+01,-2.043038888440101175e+00,2.549141316953495817e+01,-2.043038888440101175e+00,5.052244771298808956e+01,1.123343794791254524e+01,2.549141316953495817e+01,1.123343794791254524e+01,2.556090145765898214e+01
8.200000000000000344e-02,5.303077162467841887e-01,6.795722683386547225e-02,1.272312057189360357e-01,2.209573393944108943e+02,8.327251141824849157e+00,-1.894258512746292666e+01,8.327251141824849157e+00,1.797914978337738319e+02,1.094411240705123767e+01,-1.894258512746292666e+01,1.094411240705123767e+01,1.305164481896486848e+02,3.532470237239905941e+01,-2.072762942332158076e+00,2.553217072685253086e+01,-2.072762942332158076e+00,5.067650458179879536e+01,1.121599555746243304e+01,2.553217072685253086e+01,1.121599555746243304e+01,2.564800419380138763e+01
8.300000000000000433e-02,5.300300412032102892e-01,6.899215758738977411e-02,1.277717546236446511e-01,2.212304240600741139e+02,8.397747351796533977e+00,-1.917371180386651019e+01,8.397747351796533977e+00,1.795692545125196489e+02,1.112395070618267567e+01,-1.917371180386651019e+01,1.112395070618267567e+01,1.294685771400236831e+02,3.515332996541656030e+01,-2.102559113259164558e+00,2.557233676269748202e+01,-2.102559113259164558e+00,5.083059590554388762e+01,1.119787238967017906e+01,2.557233676269748202e+01,1.119787238967017906e+01,2.573686592844240906e+01
8.400000000000000522e-02,5.297401115813737960e-01,7.003079080324728367e-02,1.283198686252726706e-01,2.215032908548598982e+02,8.467257855046177895e+00,-1.940442291731781310e+01,8.467257855046177895e+00,1.793479987967845375e+02,1.130525499261648292e+01,-1.940442291731781310e+01,1.130525499261648292e+01,1.284153643401482725e+02,3.498201004922065493e+01,-2.132425878620253901e+00,2.561190055003699939e+01,-2.132425878620253901e+00,5.098469015297473561e+01,1.117905693531698041e+01,2.561190055003699939e+01,1.117905693531698041e+01,2.582746880528399203e+01
8.500000000000000611e-02,5.294373951556015090e-01,7.107275950151738242e-02,1.288753140271818309e-01,2.217759157942412855e+02,8.535777358991426311e+00,-1.963470511929666529e+01,8.535777358991426311e+00,1.791277465360975327e+02,1.148803856264832213e+01,-1.963470511929666529e+01,1.148803856264832213e+01,1.273568225566076961e+02,3.481076389914910152e+01,-2.162361758224928820e+00,2.565085158915230679e+01,-2.162361758224928820e+00,5.113875550433603934e+01,1.115953767006286590e+01,2.565085158915230679e+01,1.115953767006286590e+01,2.591979372960278027e+01
8.600000000000000699e-02,5.291213736089566133e-01,7.211770236025297209e-02,1.294378565837044914e-01,2.220482750871193787e+02,8.603300806043971960e+00,-1.986454527866218811e+01,8.603300806043971960e+00,1.789085135354642091e+02,1.167231471900014306e+01,-1.986454527866218811e+01,1.167231471900014306e+01,1.262929663921101024e+02,3.463961262175885736e+01,-2.192365315520575120e+00,2.568917961305233177e+01,-2.192365315520575120e+00,5.129275986751748206e+01,1.113930305806858456e+01,2.568917961305233177e+01,1.113930305806858456e+01,2.601382037811765358e+01
8.700000000000000788e-02,5.287915439849503185e-01,7.316526419950407367e-02,1.300072620019964154e-01,2.223203451499862240e+02,8.669823377122821029e+00,-2.009393048750068544e+01,8.669823377122821029e+00,1.786903155454746468e+02,1.185809676862515438e+01,-2.009393048750068544e+01,1.185809676862515438e+01,1.252238122859702116e+02,3.446857714136239537e+01,-2.222435158742537276e+00,2.572687459258135689e+01,-2.222435158742537276e+00,5.144667089456201836e+01,1.111834155564818793e+01,2.572687459258135689e+01,1.111834155564818793e+01,2.610952721055708992e+01
8.799999999999999489e-02,5.284474200873987559e-01,7.421509645945149891e-02,1.305832964277626185e-01,2.225921026208226579e+02,8.735340494987248405e+00,-2.032284806665908761e+01,8.735340494987248405e+00,1.784731682522113942e+02,1.204539802048797092e+01,-2.032284806665908761e+01,1.204539802048797092e+01,1.241493785126485676e+02,3.429767818680437585e+01,-2.252569941984004398e+00,2.576392674121450455e+01,-2.252569941984004398e+00,5.160045599851374476e+01,1.109664161495183876e+01,2.576392674121450455e+01,1.109664161495183876e+01,2.620689148292088788e+01
8.899999999999999578e-02,5.280885338243412885e-01,7.526685767204831234e-02,1.311657269141821569e-01,2.228635243727129875e+02,8.799847827384306598e+00,-2.055128557095722996e+01,8.799847827384306598e+00,1.782570872669659821e+02,1.223423178331778871e+01,-2.055128557095722996e+01,1.223423178331778871e+01,1.230696851783417998e+02,3.412693627849663613e+01,-2.282768366183015374e+00,2.580032651953491296e+01,-2.282768366183015374e+00,5.175408237058694283e+01,1.107419168767819961e+01,2.580032651953491296e+01,1.107419168767819961e+01,2.630588926242696246e+01
8.999999999999999667e-02,5.277144364922174979e-01,7.632021392555396466e-02,1.317543218734649746e-01,2.231345875271569525e+02,8.863341290006051310e+00,-2.077923079407263174e+01,8.863341290006051310e+00,1.780420881157721169e+02,1.242461136333210447e+01,-2.077923079407263174e+01,1.242461136333210447e+01,1.219847542156220470e+02,3.395637171572909807e+01,-2.313029180024084308e+00,2.583606463938758324e+01,-2.313029180024084308e+00,5.190751699763762161e+01,1.105098022881603903e+01,2.583606463938758324e+01,1.105098022881603903e+01,2.640649544413070515e+01
9.099999999999999756e-02,5.273246999967681203e-01,7.737483932131780651e-02,1.323488515105688268e-01,2.234052694670614017e+02,8.925817049251900670e+00,-2.100667177309261646e+01,8.925817049251900670e+00,1.778281862287652473e+02,1.261655006192849626e+01,-2.100667177309261646e+01,1.261655006192849626e+01,1.208946093761280736e+02,3.378600456427380294e+01,-2.343351180752040186e+00,2.587113206770547791e+01,-2.343351180752040186e+00,5.206072667991858083e+01,1.102699570041483135e+01,2.587113206770547791e+01,1.102699570041483135e+01,2.650868376920061209e+01
9.199999999999999845e-02,5.269189180074362877e-01,7.843041642215095588e-02,1.329490882386922534e-01,2.236755478493944338e+02,8.987271524791843547e+00,-2.123359679272903833e+01,8.987271524791843547e+00,1.776153969293774821e+02,1.281006117334169403e+01,-2.123359679272903833e+01,1.281006117334169403e+01,1.197992762213140594e+02,3.361585464429868608e+01,-2.373733214895857202e+00,2.590552003000417258e+01,-2.373733214895857202e+00,5.221367804909788646e+01,1.100222657538417614e+01,2.590552003000417258e+01,1.100222657538417614e+01,2.661242684483065091e+01
9.299999999999999933e-02,5.264967070423256512e-01,7.948663669158628764e-02,1.335548070762702100e-01,2.239454006174849496e+02,9.047701391926434411e+00,-2.145999438919178814e+01,9.047701391926434411e+00,1.774037354233783788e+02,1.300515798226304298e+01,-2.145999438919178814e+01,1.300515798226304298e+01,1.186987821112659276e+02,3.344594151860678721e+01,-2.404174178900390757e+00,2.593922001354215467e+01,-2.404174178900390757e+00,5.236633758652069304e+01,1.097666134132207816e+01,2.593922001354215467e+01,1.097666134132207816e+01,2.671769616576636963e+01
9.400000000000000022e-02,5.260577074811235709e-01,8.054320092330549685e-02,1.341657860252848389e-01,2.242148060129512714e+02,9.107103583739871056e+00,-2.168585335371796319e+01,9.107103583739871056e+00,1.771932167877706661e+02,1.320185376141926881e+01,-2.168585335371796319e+01,1.320185376141926881e+01,1.175931561915983110e+02,3.327628448121643601e+01,-2.434673019664061133e+00,2.597222377014449535e+01,-2.434673019664061133e+00,5.251867164169362923e+01,1.095028850437222978e+01,2.597222377014449535e+01,1.095028850437222978e+01,2.682446213741804897e+01
9.500000000000000111e-02,5.256015845020558519e-01,8.159981965987637975e-02,1.347818064315080555e-01,2.244837425872443077e+02,9.165475293042726790e+00,-2.191116273575447337e+01,9.165475293042726790e+00,1.769838559595529262e+02,1.340016176910733847e+01,-2.191116273575447337e+01,1.340016176910733847e+01,1.164824293784498934e+02,3.310690254629702167e+01,-2.465228734980751124e+00,2.600452331868867972e+01,-2.465228734980751124e+00,5.267064645097105569e+01,1.092309659311069758e+01,2.600452331868867972e+01,1.092309659311069758e+01,2.693269410053168045e+01
9.600000000000000200e-02,5.251280289482567198e-01,8.265621360042170462e-02,1.354026533235287988e-01,2.247521892127894887e+02,9.222813974101178758e+00,-2.213591184579247084e+01,9.222813974101178758e+00,1.767756677243588683e+02,1.360009524668200243e+01,-2.213591184579247084e+01,1.360009524668200243e+01,1.153666343415971483e+02,3.293781443747404580e+01,-2.495840373884258945e+00,2.603611094725163611e+01,-2.495840373884258945e+00,5.282222815642108316e+01,1.089507416246228111e+01,2.603611094725163611e+01,1.089507416246228111e+01,2.704236035738409072e+01
9.700000000000000289e-02,5.246367581094690813e-01,8.371211399569757072e-02,1.360281157359224113e-01,2.250201250937143982e+02,9.279117344149963031e+00,-2.236009025785295989e+01,9.279117344149963031e+00,1.765686667049850769e+02,1.380166741599245128e+01,-2.236009025785295989e+01,1.380166741599245128e+01,1.142458054857110028e+02,3.276903857751711513e+01,-2.526507036893910652e+00,2.606697921491837633e+01,-2.526507036893910652e+00,5.297338282485052474e+01,1.086620979764735573e+01,2.606697921491837633e+01,1.086620979764735573e+01,2.715342819946680919e+01
9.800000000000000377e-02,5.241275164273341280e-01,8.476726303022168174e-02,1.366579870127556384e-01,2.252875297761488014e+02,9.334383384686525176e+00,-2.258368781162356242e+01,9.334383384686525176e+00,1.763628673498181740e+02,1.400489147676441704e+01,-2.258368781162356242e+01,1.400489147676441704e+01,1.131199789297844518e+02,3.260059307842305287e+01,-2.557227876160026891e+00,2.609712095325279080e+01,-2.557227876160026891e+00,5.312407646696637897e+01,1.083649211815981772e+01,2.609712095325279080e+01,1.083649211815981772e+01,2.726586393661884600e+01
9.900000000000000466e-02,5.236000761205081844e-01,8.582141419039911179e-02,1.372920650928263764e-01,2.255543831580843062e+02,9.388610342544184917e+00,-2.280669461424718136e+01,9.388610342544184917e+00,1.761582839211735347e+02,1.420978060392383924e+01,-2.280669461424718136e+01,1.420978060392383924e+01,1.119891924847615599e+02,3.243249573190578872e+01,-2.588002095508130207e+00,2.612652926743229287e+01,-2.588002095508130207e+00,5.327427505665167473e+01,1.080590978177702333e+01,2.612652926743229287e+01,1.080590978177702333e+01,2.737963292756645117e+01
1.000000000000000056e-01,5.230542377289819633e-01,8.687433261769550441e-02,1.379301527769485891e-01,2.258206654987832280e+02,9.441796730742503030e+00,-2.302910104176434203e+01,9.441796730742503030e+00,1.759549304835571206e+02,1.441634794485818283e+01,-2.302910104176434203e+01,1.441634794485818283e+01,1.108534856294030391e+02,3.226476400030425395e+01,-2.618828950380995391e+00,2.615519753704862538e+01,-2.618828950380995391e+00,5.342394455033357303e+01,1.077445148860280177e+01,2.615519753704862538e+01,1.077445148860280177e+01,2.749469961182472844e+01
1.010000000000000064e-01,5.224898305773031382e-01,8.792579544587285356e-02,1.385720579776854589e-01,2.260863574277246641e+02,9.493941329113262384e+00,-2.325089774021130040e+01,9.493941329113262384e+00,1.757528208918626831e+02,1.462460661661117634e+01,-2.325089774021130040e+01,1.462460661661117634e+01,1.097128994844254493e+02,3.209741500791822233e+01,-2.649707747677760850e+00,2.618311941657785269e+01,-2.649707747677760850e+00,5.357305090642166334e+01,1.074210598514472714e+01,2.618311941657785269e+01,1.074210598514472714e+01,2.761102754291325923e+01
1.020000000000000073e-01,5.219067131567106665e-01,8.897559212126339434e-02,1.392175939519729178e-01,2.263514399530793924e+02,9.545043184700936933e+00,-2.347207562637718326e+01,9.545043184700936933e+00,1.755519687795163009e+02,1.483456970300687061e+01,-2.347207562637718326e+01,1.483456970300687061e+01,1.085674767849550051e+02,3.193046553278134780e+01,-2.680637845489507676e+00,2.621028883552311584e+01,-2.680637845489507676e+00,5.372156010479327648e+01,1.070886206842690314e+01,2.621028883552311584e+01,1.070886206842690314e+01,2.772857942283517119e+01
1.030000000000000082e-01,5.213047734264927291e-01,9.002352470502714143e-02,1.398665795171590287e-01,2.266158944697039885e+02,9.595101611936721397e+00,-2.369262588822387272e+01,9.595101611936721397e+00,1.753523875465812978e+02,1.504625025169857722e+01,-2.369262588822387272e+01,1.504625025169857722e+01,1.074172618513398731e+02,3.176393199888016738e+01,-2.711618652730952927e+00,2.623669999823484389e+01,-2.711618652730952927e+00,5.386943816630416393e+01,1.067470859013975470e+01,2.623669999823484389e+01,1.067470859013975470e+01,2.784731713776676543e+01
1.040000000000000091e-01,5.206839290351812366e-01,9.106940815630167052e-02,1.405188392510136608e-01,2.268797027666459485e+02,9.644116192585608260e+00,-2.391253998497315081e+01,9.644116192585608260e+00,1.751540903478351936e+02,1.525966127113826154e+01,-2.391253998497315081e+01,1.525966127113826154e+01,1.062623005583671301e+02,3.159783046882640534e+01,-2.742649628667960915e+00,2.626234738341318931e+01,-2.742649628667960915e+00,5.401665117230188429e+01,1.063963446082841635e+01,2.626234738341318931e+01,1.063963446082841635e+01,2.796720179490229796e+01
1.049999999999999961e-01,5.200441274624567622e-01,9.211307059513061668e-02,1.411742036763269370e-01,2.271428470341536183e+02,9.692086775466332682e+00,-2.413180964686636898e+01,9.692086775466332682e+00,1.749570900808319607e+02,1.547481572746186984e+01,-2.413180964686636898e+01,1.547481572746186984e+01,1.051026403029342475e+02,3.143217663698960607e+01,-2.773730282340869380e+00,2.628722574329864514e+01,-2.773730282340869380e+00,5.416316528411940112e+01,1.060362865412136912e+01,2.628722574329864514e+01,1.060362865412136912e+01,2.808819376039613402e+01
1.059999999999999970e-01,5.193853460829171986e-01,9.315435354402647194e-02,1.418325094307376633e-01,2.274053098701842544e+02,9.739013475944263476e+00,-2.435042687460250832e+01,9.739013475944263476e+00,1.747613993739622913e+02,1.569172654128593791e+01,-2.435042687460250832e+01,1.569172654128593791e+01,1.039383299702266754e+02,3.126698582309593988e+01,-2.804860171883731823e+00,2.631133010255708271e+01,-2.804860171883731823e+00,5.430894676252703590e+01,1.056668021100120747e+01,2.631133010255708271e+01,1.056668021100120747e+01,2.821025269834292004e+01
1.069999999999999979e-01,5.187075921531103528e-01,9.419311214701103774e-02,1.424935994224751368e-01,2.276670742864045280e+02,9.784896675197710891e+00,-2.456838393846114244e+01,9.784896675197710891e+00,1.745670305745238977e+02,1.591040658441071898e+01,-2.456838393846114244e+01,1.591040658441071898e+01,1.027694198984560927e+02,3.110227296629843963e+01,-2.836038903739783290e+00,2.633465575686629023e+01,-2.836038903739783290e+00,5.445396198712094815e+01,1.052877824411948815e+01,2.633465575686629023e+01,1.052877824411948815e+01,2.833333761073377843e+01
1.079999999999999988e-01,5.180109027234588437e-01,9.522921536495873585e-02,1.431573229727170493e-01,2.279281237136800087e+02,9.829737019258452335e+00,-2.478567337711753638e+01,9.829737019258452335e+00,1.743739957368154023e+02,1.613086867642518030e+01,-2.478567337711753638e+01,1.613086867642518030e+01,1.015959618422159707e+02,3.093805261972267928e+01,-2.867266131773596793e+00,2.635719827121139147e+01,-2.867266131773596793e+00,5.459817747562594548e+01,1.048991194215762768e+01,2.635719827121139147e+01,1.048991194215762768e+01,2.845740687832538995e+01
1.089999999999999997e-01,5.172953444769174958e-01,9.626254614606299942e-02,1.438235359452757489e-01,2.281884420070496162e+02,9.873535417827522309e+00,-2.500228799615757325e+01,9.873535417827522309e+00,1.741823066102662381e+02,1.635312558120891779e+01,-2.500228799615757325e+01,1.635312558120891779e+01,1.004180089345134519e+02,3.077433894549161053e+01,-2.898541556280565423e+00,2.637895347789741507e+01,-2.898541556280565423e+00,5.474155990309152742e+01,1.045007057423611485e+01,2.637895347789741507e+01,1.045007057423611485e+01,2.858241830235667891e+01
1.100000000000000006e-01,5.165610134964120359e-01,9.729300157024518836e-02,1.444921008643497151e-01,2.284480134501824864e+02,9.916293042867721397e+00,-2.521822086630093196e+01,9.916293042867721397e+00,1.739919746276151216e+02,1.657719000332621562e+01,-2.521822086630093196e+01,1.657719000332621562e+01,9.923561564753842390e+01,3.061114571023185960e+01,-2.929864922894548585e+00,2.639991747428752333e+01,-2.929864922894548585e+00,5.488407612095998900e+01,1.040924349437419671e+01,2.639991747428752333e+01,1.040924349437419671e+01,2.870832914704672945e+01
1.110000000000000014e-01,5.158080349632788719e-01,9.832049296633386948e-02,1.451628870210560640e-01,2.287068227593159406e+02,9.958011326974574473e+00,-2.543346532134136595e+01,9.958011326974574473e+00,1.738030108931499171e+02,1.680307458430729284e+01,-2.543346532134136595e+01,1.680307458430729284e+01,9.804883775223240150e+01,3.044848628106334942e+01,-2.961236021394629159e+00,2.642008662027608423e+01,-2.961236021394629159e+00,5.502569317598561582e+01,1.036742014600240935e+01,2.642008662027608423e+01,1.036742014600240935e+01,2.883509618280618625e+01
1.120000000000000023e-01,5.150365627890781672e-01,9.934494600085477800e-02,1.458357705694741380e-01,2.289648550866734240e+02,9.998691961527729433e+00,-2.564801495581349400e+01,9.998691961527729433e+00,1.736154261710213973e+02,1.703079189881185584e+01,-2.564801495581349400e+01,1.703079189881185584e+01,9.685773227672200392e+01,3.028637362207314609e+01,-2.992654684412155319e+00,2.643945753550606170e+01,-2.992654684412155319e+00,5.516637832898479843e+01,1.032459006653038891e+01,2.643945753550606170e+01,1.032459006653038891e+01,2.896267573009285101e+01
1.130000000000000032e-01,5.142467791833094104e-01,1.003663007373024885e-01,1.465106346128975390e-01,2.292220960233626954e+02,1.003833689462520518e+01,-2.586186362239602943e+01,1.003833689462520518e+01,1.734292308736436610e+02,1.726035445067004304e+01,-2.586186362239602943e+01,1.726035445067004304e+01,9.566235746368255377e+01,3.012482029127355787e+01,-3.024120786039365516e+00,2.645802709634094185e+01,-3.024120786039365516e+00,5.530609907339692199e+01,1.028074289197237157e+01,2.645802709634094185e+01,1.028074289197237157e+01,2.909102370384204050e+01
1.140000000000000041e-01,5.134388941596641498e-01,1.013845116647893313e-01,1.471873692809833600e-01,2.294785316017554351e+02,1.007694832880305569e+01,-2.607500542906172214e+01,1.007694832880305569e+01,1.732444350501931467e+02,1.749177466879586618e+01,-2.607500542906172214e+01,1.749177466879586618e+01,9.446277272669962599e+01,2.996383843804371239e+01,-3.055634240341053687e+00,2.647579243260131676e+01,-3.055634240341053687e+00,5.544482315363654124e+01,1.023586836163298841e+01,2.647579243260131676e+01,1.023586836163298841e+01,2.922009565840039613e+01
1.150000000000000050e-01,5.126131449835618081e-01,1.023995476950207706e-01,1.478658717984471793e-01,2.297341482973494351e+02,1.011452871854343272e+01,-2.628743473598489189e+01,1.011452871854343272e+01,1.730610483752187463e+02,1.772506490296821369e+01,-2.628743473598489189e+01,1.772506490296821369e+01,9.325903860569677306e+01,2.980343980105325841e+01,-3.087194999770918269e+00,2.649275092407719967e+01,-3.087194999770918269e+00,5.558251858321796135e+01,1.018995632285590247e+01,2.649275092407719967e+01,1.018995632285590247e+01,2.934984683289233587e+01
1.160000000000000059e-01,5.117697955637960927e-01,1.034113921265894243e-01,1.485460465459226276e-01,2.299889330301169252e+02,1.015108076757420186e+01,-2.649914615221758396e+01,1.015108076757420186e+01,1.728790801373748707e+02,1.796023741947466235e+01,-2.649914615221758396e+01,1.796023741947466235e+01,9.205121672149910239e+01,2.964363570666573366e+01,-3.118803053494338950e+00,2.650890019682697130e+01,-3.118803053494338950e+00,5.571915366263358749e+01,1.014299673583793826e+01,2.650890019682697130e+01,1.014299673583793826e+01,2.948023219694666253e+01
1.170000000000000068e-01,5.109091357911831333e-01,1.044200425756531686e-01,1.492278051135564054e-01,2.302428731653417628e+02,1.018660742596363455e+01,-2.671013453214592914e+01,1.018660742596363455e+01,1.726985392282897749e+02,1.819730439661320531e+01,-2.671013453214592914e+01,1.819730439661320531e+01,9.083936972960327694e+01,2.948443706781858964e+01,-3.150458425619548919e+00,2.652423811927443964e+01,-3.150458425619548919e+00,5.585469699696813706e+01,1.009497967851129729e+01,2.652423811927443964e+01,1.009497967851129729e+01,2.961120649671170213e+01
1.180000000000000077e-01,5.100314808271612099e-01,1.054255108721288692e-01,1.499110663478600558e-01,2.304959565139500342e+02,1.022111188701392415e+01,-2.692039497173852425e+01,1.022111188701392415e+01,1.725194341315804252e+02,1.843627792004728150e+01,-2.692039497173852425e+01,1.843627792004728150e+01,8.962356127322502175e+01,2.932585438337608963e+01,-3.182161173339216997e+00,2.653876279811569816e+01,-3.182161173339216997e+00,5.598911751323144870e+01,1.004589535149659696e+01,2.653876279811569816e+01,1.004589535149659696e+01,2.974272430108612042e+01
1.190000000000000085e-01,5.091371703453092534e-01,1.064278229206242210e-01,1.505957563922828146e-01,2.307481713323391546e+02,1.025459758395748189e+01,-2.712992280459887695e+01,1.025459758395748189e+01,1.723417729120255331e+02,1.867716997800935275e+01,-2.712992280459887695e+01,1.867716997800935275e+01,8.840385593569581602e+01,2.916789773795060015e+01,-3.213911384984695196e+00,2.655247257404764483e+01,-3.213911384984695196e+00,5.612238447739311908e+01,9.995734083129379499e+00,2.655247257404764483e+01,9.995734083129379499e+00,2.987474004809336847e+01
1.199999999999999956e-01,5.082265677287826078e-01,1.074270185254235510e-01,1.512818087219058860e-01,2.309995063217109248e+02,1.028706818646033305e+01,-2.733871359783430677e+01,1.028706818646033305e+01,1.721655632049082101e+02,1.891999245634856663e+01,-2.733871359783430677e+01,1.891999245634856663e+01,8.718031919228114646e+01,2.901057680218697854e+01,-3.245709177995241834e+00,2.656536601733026615e+01,-3.245709177995241834e+00,5.625446751110271748e+01,9.944486334562684604e+00,2.656536601733026615e+01,9.944486334562684604e+00,3.000720809132732114e+01
1.209999999999999964e-01,5.073000592266608821e-01,1.084231511789482683e-01,1.519691641725949005e-01,2.312499506269157621e+02,1.031852759693707355e+01,-2.754676314775387880e+01,1.031852759693707355e+01,1.719908122055391004e+02,1.916475713341803200e+01,-2.754676314775387880e+01,1.916475713341803200e+01,8.595301736149227168e+01,2.885390083350425527e+01,-3.277554696804711565e+00,2.657744192319491461e+01,-3.277554696804711565e+00,5.638533660808028714e+01,9.892142704948451382e+00,2.657744192319491461e+01,9.892142704948451382e+00,3.014008274639721563e+01
1.219999999999999973e-01,5.063580530721929485e-01,1.094162878132358269e-01,1.526577709648642700e-01,2.314994938348139613e+02,1.034897994668211219e+01,-2.775406747540798946e+01,1.034897994668211219e+01,1.718175266589707917e+02,1.941147567479735514e+01,-2.775406747540798946e+01,1.941147567479735514e+01,8.472201755596441330e+01,2.869787867728795661e+01,-3.309448110648314678e+00,2.658869930711094653e+01,-3.309448110648314678e+00,5.651496215016221925e+01,9.838693936700204645e+00,2.658869930711094653e+01,9.838693936700204645e+00,3.027331833730040600e+01
1.229999999999999982e-01,5.054009785659010490e-01,1.104065085141000824e-01,1.533475847226443700e-01,2.317481259721632512e+02,1.037842959182215452e+01,-2.796062282198261073e+01,1.037842959182215452e+01,1.716457128499142470e+02,1.966015962784635107e+01,-2.796062282198261073e+01,1.966015962784635107e+01,8.348738763297332355e+01,2.854251876852619674e+01,-3.341389611292175488e+00,2.659913739992322235e+01,-3.341389611292175488e+00,5.664331492298847337e+01,9.784130920839739787e+00,2.659913739992322235e+01,9.784130920839739787e+00,3.040686924265186519e+01
1.239999999999999991e-01,5.044292851264764455e-01,1.113939061977820000e-01,1.540385684870423932e-01,2.319958375030405762e+02,1.040688110909510655e+01,-2.816642564406106430e+01,1.040688110909510655e+01,1.714753765928674056e+02,1.991082041608586550e+01,-2.816642564406106430e+01,1.991082041608586550e+01,8.224919614466290341e+01,2.838782913388133977e+01,-3.373379410688513769e+00,2.660875564287288242e+01,-3.373379410688513769e+00,5.677036613131745924e+01,9.728444702430175894e+00,2.660875564287288242e+01,9.728444702430175894e+00,3.054068994170035012e+01
1.250000000000000000e-01,5.034434413123471952e-01,1.123785862500446125e-01,1.547306927251256292e-01,2.322426193258067997e+02,1.043433929146070227e+01,-2.837147260876638910e+01,1.043433929146070227e+01,1.713065232224659837e+02,2.016346933340183156e+01,-2.837147260876638910e+01,2.016346933340183156e+01,8.100751228805502535e+01,2.823381739418934089e+01,-3.405417738559437524e+00,2.661755368251399290e+01,-3.405417738559437524e+00,5.689608741395620228e+01,9.671626486097878228e+00,2.661755368251399290e+01,9.671626486097878228e+00,3.067473506006165707e+01
1.260000000000000009e-01,5.024439338167618896e-01,1.133606661278159511e-01,1.554239353336506757e-01,2.324884627696247605e+02,1.046080914354847557e+01,-2.857576058879739733e+01,1.046080914354847557e+01,1.711391575840663393e+02,2.041811753806895524e+01,-2.857576058879739733e+01,2.041811753806895524e+01,7.976240585491382262e+01,2.808049076737759719e+01,-3.437504839912385535e+00,2.662553136553853861e+01,-3.437504839912385535e+00,5.702045085829347215e+01,9.613667641645573525e+00,2.662553136553853861e+01,9.613667641645573525e+00,3.080895941510054215e+01
1.270000000000000018e-01,5.014312664391518126e-01,1.143402749236625965e-01,1.561182816375798754e-01,2.327333595905402888e+02,1.048629587694875909e+01,-2.877928665737140435e+01,1.048629587694875909e+01,1.709732840245696934e+02,2.067477604659056922e+01,-2.877928665737140435e+01,2.067477604659056922e+01,7.851394718153424890e+01,2.792785607179211738e+01,-3.469640972490420250e+00,2.663268873352227928e+01,-3.469640972490420250e+00,5.714342901442456935e+01,9.554559709758878583e+00,2.663268873352227928e+01,9.554559709758878583e+00,3.094331806089408232e+01
1.280000000000000027e-01,5.004059590354972276e-01,1.153175528935361377e-01,1.568137243831498884e-01,2.329773019671375778e+02,1.051080490535264644e+01,-2.898204808308681990e+01,1.051080490535264644e+01,1.708089063834971455e+02,2.093345572735135107e+01,-2.898204808308681990e+01,2.093345572735135107e+01,7.726220709852574942e+01,2.777591972992402347e+01,-3.501826404160618189e+00,2.663902601760367972e+01,-3.501826404160618189e+00,5.726499490885736066e+01,9.494294407808414604e+00,2.663902601760367972e+01,9.494294407808414604e+00,3.107776633270989208e+01
1.290000000000000036e-01,4.993685464503289095e-01,1.162926509484240867e-01,1.575102637251460658e-01,2.332202824957796565e+02,1.053434183954695058e+01,-2.918404232471844040e+01,1.053434183954695058e+01,1.706460279843242347e+02,2.119416729408001032e+01,-2.918404232471844040e+01,2.119416729408001032e+01,7.600725688065968200e+01,2.762468777252521335e+01,-3.534061410243951151e+00,2.664454363310859009e+01,-3.534061410243951151e+00,5.738512205778950914e+01,9.432863635749461295e+00,2.664454363310859009e+01,9.432863635749461295e+00,3.121225989093484543e+01
1.300000000000000044e-01,4.983195774329416960e-01,1.172657301107147138e-01,1.582079072079669857e-01,2.334622941854457565e+02,1.055691248227040191e+01,-2.938526702595830287e+01,1.055691248227040191e+01,1.704846516260837177e+02,2.145692129911904189e+01,-2.938526702595830287e+01,2.145692129911904189e+01,7.474916819684899849e+01,2.747416584310199994e+01,-3.566346270790063056e+00,2.664924217413207685e+01,-3.566346270790063056e+00,5.750378447994735609e+01,9.370259482121007011e+00,2.664924217413207685e+01,9.370259482121007011e+00,3.134675476438991026e+01
1.310000000000000053e-01,4.972596135403090090e-01,1.182369609362880630e-01,1.589066697399750538e-01,2.337033304521781929e+02,1.057852282293742618e+01,-2.958572001011499708e+01,1.057852282293742618e+01,1.703247795752450315e+02,2.172172812649915485e+01,-2.958572001011499708e+01,2.172172812649915485e+01,7.348801306032727609e+01,2.732435920277639951e+01,-3.598681267800584394e+00,2.665312240809036126e+01,-3.598681267800584394e+00,5.762095670897900845e+01,9.306474230145990845e+00,2.665312240809036126e+01,9.306474230145990845e+00,3.148120739297004889e+01
1.320000000000000062e-01,4.961892280291240742e-01,1.192065229035252083e-01,1.596065735605338154e-01,2.339433851131509527e+02,1.059917903223601066e+01,-2.978539927478392713e+01,1.059917903223601066e+01,1.701664135578785135e+02,2.198859798481611705e+01,-2.978539927478392713e+01,2.198859798481611705e+01,7.222386377909322164e+01,2.717527273550255984e+01,-3.631066682404502366e+00,2.665618527025368678e+01,-3.631066682404502366e+00,5.773661380539245869e+01,9.241500363934145312e+00,2.665618527025368678e+01,9.241500363934145312e+00,3.161557466954773332e+01
1.330000000000000071e-01,4.951090047393044147e-01,1.201746037706399872e-01,1.603076481990722002e-01,2.341824523803724958e+02,1.061888745660620970e+01,-2.998430298650085746e+01,1.061888745660620970e+01,1.700095547521117680e+02,2.225754089990803308e+01,-2.998430298650085746e+01,2.225754089990803308e+01,7.095679290668510930e+01,2.702691095362729357e+01,-3.663502791989368568e+00,2.665843185827230855e+01,-3.663502791989368568e+00,5.785073136803280391e+01,9.175330574788873150e+00,2.665843185827230855e+01,9.175330574788873150e+00,3.174981398108173281e+01
1.340000000000000080e-01,4.940195369712315765e-01,1.211413989029259952e-01,1.610099304254236363e-01,2.344205268540372344e+02,1.063765461260608625e+01,-3.018242947539114596e+01,1.063765461260608625e+01,1.698542037808866780e+02,2.252856670733153877e+01,-3.018242947539114596e+01,2.252856670733153877e+01,6.968687319334922847e+01,2.687927800378199805e+01,-3.695989867292091002e+00,2.665986342670659681e+01,-3.695989867292091002e+00,5.796328554509135245e+01,9.107957767619298650e+00,2.665986342670659681e+01,9.107957767619298650e+00,3.188388324887378644e+01
1.350000000000000089e-01,4.929214263589168366e-01,1.221071105717181637e-01,1.617134641906325387e-01,2.346576035155379714e+02,1.065548718117182325e+01,-3.037977722982638085e+01,1.065548718117182325e+01,1.697003607050233427e+02,2.280168504463543044e+01,-3.037977722982638085e+01,2.280168504463543044e+01,6.841417753766351950e+01,2.673237767309377233e+01,-3.728528169453146468e+00,2.666048138157237446e+01,-3.728528169453146468e+00,5.807425304464126725e+01,9.039375067458488289e+00,2.666048138157237446e+01,9.039375067458488289e+00,3.201774096791769608e+01
1.360000000000000098e-01,4.918152817412214106e-01,1.230719472270615927e-01,1.624183005573474614e-01,2.348936777201540167e+02,1.067239200177897374e+01,-3.057634489110034792e+01,1.067239200177897374e+01,1.695480250165985581e+02,2.307690534343093702e+01,-3.057634489110034792e+01,2.307690534343093702e+01,6.713877893867801561e+01,2.658621339570299114e+01,-3.761117947038157272e+00,2.666028727491225325e+01,-3.761117947038157272e+00,5.818361114469462336e+01,8.969575826088473036e+00,2.666028727491225325e+01,8.969575826088473036e+00,3.215134624528722895e+01
1.370000000000000107e-01,4.907017180331730843e-01,1.240361227462776772e-01,1.631244976188722107e-01,2.351287451894287415e+02,1.068837606651181105e+01,-3.077213124813555112e+01,1.068837606651181105e+01,1.693971956326456620e+02,2.335423682125784595e+01,-3.077213124813555112e+01,2.335423682125784595e+01,6.586075044863005701e+01,2.644078825957428336e+01,-3.793759433030778894e+00,2.665928279940334633e+01,-3.793759433030778894e+00,5.829133770277612570e+01,8.898553628772683410e+00,2.665928279940334633e+01,8.898553628772683410e+00,3.228465883751118071e+01
1.380000000000000115e-01,4.895813550993850516e-01,1.249998556608074157e-01,1.638321204058913461e-01,2.353628020032509198e+02,1.070344651404782255e+01,-3.096713523223152364e+01,1.070344651404782255e+01,1.692478708891819679e+02,2.363368847324631972e+01,-3.096713523223152364e+01,2.363368847324631972e+01,6.458016512629268391e+01,2.629610501358785868e+01,-3.826452841800927374e+00,2.665746978301139691e+01,-3.826452841800927374e+00,5.839741116500969298e+01,8.826302301095930503e+00,2.665746978301139691e+01,8.826302301095930503e+00,3.241763918688545232e+01
1.390000000000000124e-01,4.884548166314908180e-01,1.259633683639000967e-01,1.645412407798561016e-01,2.355958445916542985e+02,1.071761062356449834e+01,-3.116135591186561982e+01,1.071761062356449834e+01,1.691000485355703518e+02,2.391526906357439231e+01,-3.116135591186561982e+01,2.391526906357439231e+01,6.329709599101121853e+01,2.615216607489796630e+01,-3.859198366052445373e+00,2.665485018370128500e+01,-3.859198366052445373e+00,5.850181057471515800e+01,8.752815915912073308e+00,2.665485018370128500e+01,8.752815915912073308e+00,3.255024845667463751e+01
1.400000000000000133e-01,4.873227290314681159e-01,1.269268863018877258e-01,1.652519373119834545e-01,2.358278697263504569e+02,1.073087580857557732e+01,-3.135479248755681425e+01,1.073087580857557732e+01,1.689537257292211905e+02,2.419898711672176361e+01,-3.135479248755681425e+01,2.419898711672176361e+01,6.201161597748276932e+01,2.600897353654465505e+01,-3.891996173754301402e+00,2.665142608421288273e+01,-3.891996173754301402e+00,5.860451558051136089e+01,8.678088800398880309e+00,2.665142608421288273e+01,8.678088800398880309e+00,3.268244856515664765e+01
1.410000000000000142e-01,4.861857203026759278e-01,1.278906371519616947e-01,1.659642951467948380e-01,2.360588745120092540e+02,1.074324961070395368e+01,-3.154744428680244894e+01,1.074324961070395368e+01,1.688088990306403048e+02,2.448485090852062385e+01,-3.154744428680244894e+01,2.448485090852062385e+01,6.072379789133069750e+01,2.586652917530584261e+01,-3.924846405059551735e+00,2.664719968691170138e+01,-3.924846405059551735e+00,5.870550644392460526e+01,8.602115543219772675e+00,2.664719968691170138e+01,8.602115543219772675e+00,3.281420221846697416e+01
1.420000000000000151e-01,4.850444189503678727e-01,1.288548499895200705e-01,1.666784058491332376e-01,2.362888563773019257e+02,1.075473969339852687e+01,-3.173931075909775856e+01,1.075473969339852687e+01,1.686655643988289910e+02,2.477286845700488982e+01,-3.173931075909775856e+01,2.477286845700488982e+01,5.943371436552472886e+01,2.572483445977541905e+01,-3.957749169216209673e+00,2.664217330872253697e+01,-3.957749169216209673e+00,5.880476404650006117e+01,8.524891001791342404e+00,2.664217330872253697e+01,8.524891001791342404e+00,3.294547294220015488e+01
1.430000000000000160e-01,4.838994528933993622e-01,1.298197544483051524e-01,1.673943672335824195e-01,2.365178130657221516e+02,1.076535383560223202e+01,-3.193039147104733644e+01,1.076535383560223202e+01,1.685237171870413135e+02,2.506304751305951584e+01,-3.193039147104733644e+01,2.506304751305951584e+01,5.814143781769569586e+01,2.558389055865407613e+01,-3.990704541474339617e+00,2.663634937615448450e+01,-3.990704541474339617e+00,5.890226989641536903e+01,8.446410309655661308e+00,2.663634937615448450e+01,8.446410309655661308e+00,3.307622511172884572e+01
1.440000000000000169e-01,4.827514483888256103e-01,1.307855798766836830e-01,1.681122831752327462e-01,2.367457426261995010e+02,1.077509992537859596e+01,-3.212068610157751181e+01,1.077509992537859596e+01,1.683833521389044279e+02,2.535539555087203922e+01,-3.212068610157751181e+01,2.535539555087203922e+01,5.684704040839181260e+01,2.544369834923870499e+01,-4.023712559993601445e+00,2.662973042042500893e+01,-4.023712559993601445e+00,5.899800613459574805e+01,8.366668883955798108e+00,2.662973042042500893e+01,8.366668883955798108e+00,3.320642398120244820e+01
1.449999999999999900e-01,4.816010289710210279e-01,1.317525544935363724e-01,1.688322634007791978e-01,2.369726434035212890e+02,1.078398595350410716e+01,-3.231019443725801921e+01,1.078398595350410716e+01,1.682444633849068794e+02,2.564991975818887582e+01,-3.231019443725801921e+01,2.564991975818887582e+01,5.555059400032179440e+01,2.530425842609692211e+01,-4.056773222755613695e+00,2.662231907269040221e+01,-4.056773222755613695e+00,5.909195554033041020e+01,8.285662433012761952e+00,2.662231907269040221e+01,8.285662433012761952e+00,3.333603571118948139e+01
1.459999999999999909e-01,4.804488144069417044e-01,1.327209045473327353e-01,1.695544232589585310e-01,2.371985140285769091e+02,1.079202000703371134e+01,-3.249891636774113124e+01,1.079202000703371134e+01,1.681070444392600223e+02,2.594662702637953089e+01,-3.249891636774113124e+01,2.594662702637953089e+01,5.425217011862813621e+01,2.516557110991247725e+01,-4.089886484485433016e+00,2.661411805938941200e+01,-4.089886484485433016e+00,5.918410153639079851e+01,8.203386964001735393e+00,2.661411805938941200e+01,8.203386964001735393e+00,3.346502739492984091e+01
1.469999999999999918e-01,4.792954196691031621e-01,1.336908534820417382e-01,1.702788834694093922e-01,2.374233534084401072e+02,1.079921026284672436e+01,-3.268685188132561592e+01,1.079921026284672436e+01,1.679710881971376182e+02,2.624552394031192293e+01,-3.268685188132561592e+01,2.624552394031192293e+01,5.295183991223232312e+01,2.502763645648808222e+01,-4.123052253586526383e+00,2.660513019770670340e+01,-4.123052253586526383e+00,5.927442819365078464e+01,8.119838790725079747e+00,2.660513019770670340e+01,8.119838790725079747e+00,3.359336708316527620e+01
1.479999999999999927e-01,4.781414539278331932e-01,1.346626211136067452e-01,1.710057698490877465e-01,2.376471607163048247e+02,1.080556498118050790e+01,-3.287400106065288696e+01,1.080556498118050790e+01,1.678365869322984452e+02,2.654661676804312975e+01,-3.287400106065288696e+01,2.654661676804312975e+01,5.164967411629138638e+01,2.489045426589160570e+01,-4.156270389093632112e+00,2.659535839116179545e+01,-4.156270389093632112e+00,5.936292023521055938e+01,8.035014541479307937e+00,2.659535839116179545e+01,8.035014541479307937e+00,3.372102380751811523e+01
1.489999999999999936e-01,4.769875195643146215e-01,1.356364228207450340e-01,1.717352130154702339e-01,2.378699353812885420e+02,1.081109249915911263e+01,-3.306036407854186621e+01,1.081109249915911263e+01,1.677035322950964655e+02,2.684991145032968163e+01,-3.306036407854186621e+01,2.684991145032968163e+01,5.034574301580387612e+01,2.475402409173211637e+01,-4.189540697647864853e+00,2.658480562532927038e+01,-4.189540697647864853e+00,5.944956304002518976e+01,7.948911167012765233e+00,2.658480562532927038e+01,7.948911167012765233e+00,3.384796760239061086e+01
1.499999999999999944e-01,4.758342112059249507e-01,1.366124687538687599e-01,1.724673480658528713e-01,2.380916770781187211e+02,1.081580122432420410e+01,-3.324594119396881808e+01,1.081580122432420410e+01,1.675719153108835258e+02,2.715541358996244981e+01,-3.324594119396881808e+01,2.715541358996244981e+01,4.904011641040136738e+01,2.461834525055190781e+01,-4.222862930498511247e+00,2.657347496369505890e+01,-4.222862930498511247e+00,5.953434264603950510e+01,7.861525948570436739e+00,2.657347496369505890e+01,7.861525948570436739e+00,3.397416952535899526e+01
1.509999999999999953e-01,4.746821147853366729e-01,1.375909630659175042e-01,1.732023142321868214e-01,2.383123857167171593e+02,1.081969962817543696e+01,-3.343073274819796126e+01,1.081969962817543696e+01,1.674417263788087951e+02,2.746312844093150574e+01,-3.343073274819796126e+01,2.746312844093150574e+01,4.773286358035950627e+01,2.448341683132108670e+01,-4.256236780535890496e+00,2.656136954365364033e+01,-4.256236780535890496e+00,5.961724575283193417e+01,7.772856506022006506e+00,2.656136954365364033e+01,7.772856506022006506e+00,3.409960167603866665e+01
1.519999999999999962e-01,4.735318066248343505e-01,1.385721031688806615e-01,1.739402545109877962e-01,2.385320614316967180e+02,1.082279623972748972e+01,-3.361473916106805859e+01,1.082279623972748972e+01,1.673129552710197743e+02,2.777306089742679163e+01,-3.361473916106805859e+01,2.777306089742679163e+01,4.642405325386131665e+01,2.434923770502128804e+01,-4.289661879359743857e+00,2.654849257265007978e+01,-4.289661879359743857e+00,5.969825972376907686e+01,7.682900806068731825e+00,2.654849257265007978e+01,7.682900806068731825e+00,3.422423721339836789e+01
1.529999999999999971e-01,4.723838525472575656e-01,1.395560790197347967e-01,1.746813152680062875e-01,2.387507045717845244e+02,1.082509963909082451e+01,-3.379796092743978164e+01,1.082509963909082451e+01,1.671855911322687689e+02,2.808521548268097945e+01,-3.379796092743978164e+01,2.808521548268097945e+01,4.511375357554296528e+01,2.421580653430495644e+01,-4.323137794387489130e+00,2.653484732447059713e+01,-4.323137794387489130e+00,5.977737258767377426e+01,7.591657170524461762e+00,2.653484732447059713e+01,7.591657170524461762e+00,3.434805037150360363e+01
1.539999999999999980e-01,4.712388070149734487e-01,1.405430724394656217e-01,1.754256458174891786e-01,2.389683156891875058e+02,1.082661845108333942e+01,-3.398039861380830473e+01,1.082661845108333942e+01,1.670596224799301126e+02,2.839959633766152791e+01,-3.398039861380830473e+01,2.839959633766152791e+01,4.380203207635134532e+01,2.408312178321721220e+01,-4.356664026006837886e+00,2.652043713568492578e+01,-4.356664026006837886e+00,5.985457304000962608e+01,7.499124284665653839e+00,2.652043713568492578e+01,7.499124284665653839e+00,3.447101647367123434e+01
1.549999999999999989e-01,4.700972122982284840e-01,1.415332564687413197e-01,1.761733979760106983e-01,2.391848955289128753e+02,1.082736133887982533e+01,-3.416205285508485900e+01,1.082736133887982533e+01,1.669350372044315236e+02,2.871620720961915652e+01,-3.416205285508485900e+01,2.871620720961915652e+01,4.248895564474005226e+01,2.395118172696714254e+01,-4.390240004777107963e+00,2.650526540224315042e+01,-4.390240004777107963e+00,5.992985044358481161e+01,7.405301205644891915e+00,2.650526540224315042e+01,7.405301205644891915e+00,3.459311194501909625e+01
1.559999999999999998e-01,4.689595976742126360e-01,1.425267947636962296e-01,1.769247255910327832e-01,2.394004450180585479e+02,1.082733699770624547e+01,-3.434292435155067125e+01,1.082733699770624547e+01,1.668118225701043684e+02,2.903505144050073028e+01,-3.434292435155067125e+01,2.903505144050073028e+01,4.117459049922934611e+01,2.381998446173561490e+01,-4.423865088683645475e+00,2.648933557622925505e+01,-4.423865088683645475e+00,6.000319482877866051e+01,7.310187370962000664e+00,2.648933557622925505e+01,7.310187370962000664e+00,3.471431432339641532e+01
1.570000000000000007e-01,4.678264786581259882e-01,1.435238410351424576e-01,1.776797840445185628e-01,2.396149652550874976e+02,1.082655414858565912e+01,-3.452301386598620070e+01,1.082655414858565912e+01,1.666899652164569545e+02,2.935613195523500707e+01,-3.452301386598620070e+01,2.935613195523500707e+01,3.985900216235362592e+01,2.368952791450684714e+01,-4.457538560449710197e+00,2.647265116277322861e+01,-4.457538560449710197e+00,6.007459689329402153e+01,7.213782606986367973e+00,2.647265116277322861e+01,7.213782606986367973e+00,3.483460226868236020e+01
1.580000000000000016e-01,4.666983562674963393e-01,1.445245385343620903e-01,1.784387297321153032e-01,2.398284574990989029e+02,1.082502153214261931e+01,-3.470232222097821051e+01,1.082502153214261931e+01,1.665694511598754843e+02,2.967945124990006178e+01,-3.470232222097821051e+01,2.967945124990006178e+01,3.854225543601825876e+01,2.355980985291132512e+01,-4.491259624910206583e+00,2.645521571712320608e+01,-4.491259624910206583e+00,6.014404800143947227e+01,7.116087137523862793e+00,2.645521571712320608e+01,7.116087137523862793e+00,3.495395557044258084e+01
1.590000000000000024e-01,4.655757163209478522e-01,1.455290195884462734e-01,1.792017195186126899e-01,2.400409231591104344e+02,1.082274790247271490e+01,-3.488085029640647861e+01,1.082274790247271490e+01,1.664502657957559393e+02,3.000501137978188382e+01,-3.488085029640647861e+01,3.000501137978188382e+01,3.722441437828589272e+01,2.343082789506751595e+01,-4.525027406451504142e+00,2.643703284187829183e+01,-4.525027406451504142e+00,6.021154018294436128e+01,7.017101592421119527e+00,2.643703284187829183e+01,7.017101592421119527e+00,3.507235515393405478e+01
1.600000000000000033e-01,4.644590287725794964e-01,1.465374051879385908e-01,1.799689101705823635e-01,2.402523637833645580e+02,1.081974202108392902e+01,-3.505859902711189591e+01,1.081974202108392902e+01,1.663323939010724644e+02,3.033281394733416647e+01,-3.505859902711189591e+01,3.033281394733416647e+01,3.590554228161095551e+01,2.330257951941054628e+01,-4.558840946521730331e+00,2.641810618438299230e+01,-4.558840946521730331e+00,6.027706613131136493e+01,6.916827016199735390e+00,2.641810618438299230e+01,6.916827016199735390e+00,3.518978308445214509e+01
1.610000000000000042e-01,4.633487470830450761e-01,1.475498046293101662e-01,1.807404577673100698e-01,2.404627810486719284e+02,1.081601265091623709e+01,-3.523556940074681165e+01,1.081601265091623709e+01,1.662158196373850103e+02,3.066286009004956981e+01,-3.523556940074681165e+01,3.066286009004956981e+01,3.458570165253888007e+01,2.317506207449539701e+01,-4.592699201215681981e+00,2.639843943428275352e+01,-4.592699201215681981e+00,6.034061920170930904e+01,6.815264876712364028e+00,2.639843943428275352e+01,6.815264876712364028e+00,3.530622257001346753e+01
1.620000000000000051e-01,4.622453076283736251e-01,1.485663152145335064e-01,1.815165170913307091e-01,2.406721767498043505e+02,1.081156855044596909e+01,-3.541176245580848558e+01,1.081156855044596909e+01,1.661005265542914344e+02,3.099515046825357345e+01,-3.541176245580848558e+01,3.099515046825357345e+01,3.326495419288557542e+01,2.304827278876358321e+01,-4.626601038938666477e+00,2.637803632124088793e+01,-4.626601038938666477e+00,6.040219340841137097e+01,6.712417073812485313e+00,2.637803632124088793e+01,6.712417073812485313e+00,3.542165796237179620e+01
1.630000000000000060e-01,4.611491291474940635e-01,1.495870220097609837e-01,1.822972410000965604e-01,2.408805527889501832e+02,1.080641846788114790e+01,-3.558717927985555463e+01,1.080641846788114790e+01,1.659864975933275559e+02,3.132968525283229155e+01,-3.558717927985555463e+01,3.132968525283229155e+01,3.194336078241048327e+01,2.292220878026121511e+01,-4.660545238153331660e+00,2.635690061281557561e+01,-4.660545238153331660e+00,6.046178342178184550e+01,6.608285948029005041e+00,2.635690061281557561e+01,6.608285948029005041e+00,3.553607475636437840e+01
1.640000000000000069e-01,4.600606122293664502e-01,1.506119976648127023e-01,1.830827797805077428e-01,2.410879111652447193e+02,1.080057113545405478e+01,-3.576182100790759222e+01,1.080057113545405478e+01,1.658737150923200545e+02,3.166646411290626872e+01,-3.576182100790759222e+01,3.166646411290626872e+01,3.062098146299548418e+01,2.279686706629757609e+01,-4.694530485213667781e+00,2.633503611249610898e+01,-4.694530485213667781e+00,6.051938456481570938e+01,6.502874289236613592e+00,2.633503611249610898e+01,6.502874289236613592e+00,3.564945958758859490e+01
1.650000000000000078e-01,4.589801388405301275e-01,1.516413022948773504e-01,1.838732804882458605e-01,2.412942539643864848e+02,1.079403526381703848e+01,-3.593568882102682949e+01,1.079403526381703848e+01,1.657621607901952530e+02,3.200548620346262396e+01,-3.593568882102682949e+01,3.200548620346262396e+01,2.929787542433970771e+01,2.267224457303312946e+01,-4.728555372290187186e+00,2.631244665789668602e+01,-4.728555372290187186e+00,6.057499280923561003e+01,6.396185345312406234e+00,2.631244665789668602e+01,6.396185345312406234e+00,3.576180022841055717e+01
1.660000000000000087e-01,4.579080718938046135e-01,1.526749834255021754e-01,1.846688862740533121e-01,2.414995833483523029e+02,1.078681953654755077e+01,-3.610878394508109324e+01,1.078681953654755077e+01,1.656518158322486727e+02,3.234675015295856326e+01,-3.610878394508109324e+01,3.234675015295856326e+01,2.797410099117943361e+01,2.254833814498615396e+01,-4.762618395390273207e+00,2.628913611910591186e+01,-4.762618395390273207e+00,6.062860477114968916e+01,6.288222830768815719e+00,2.628913611910591186e+01,6.288222830768815719e+00,3.587308558230800060e+01
1.670000000000000095e-01,4.568447548587837304e-01,1.537130760016132691e-01,1.854697356993047219e-01,2.417039015452216688e+02,1.077893260476816373e+01,-3.628110764968644020e+01,1.077893260476816373e+01,1.655426607758792841e+02,3.269025405090955161e+01,-3.628110764968644020e+01,3.269025405090955161e+01,2.664971561204006534e+01,2.242514455444752031e+01,-4.796717952477612457e+00,2.626510839718949697e+01,-4.796717952477612457e+00,6.068021770627492373e+01,6.178990935352613789e+00,2.626510839718949697e+01,6.178990935352613789e+00,3.598330567655270329e+01
1.680000000000000104e-01,4.557905114146800218e-01,1.547556024609631209e-01,1.862759620433982466e-01,2.419072108391224560e+02,1.077038308188729765e+01,-3.645266124732764013e+01,1.077038308188729765e+01,1.654346755967918625e+02,3.303599543547616690e+01,-3.645266124732764013e+01,3.303599543547616690e+01,2.532477584952604843e+01,2.230266051079349054e+01,-4.830852341694524377e+00,2.624036742284383905e+01,-4.830852341694524377e+00,6.072982950473016217e+01,6.068494332599389196e+00,2.624036742284383905e+01,6.068494332599389196e+00,3.609245165323838478e+01
1.690000000000000113e-01,4.547456451459528370e-01,1.558025728720374981e-01,1.870876926056890543e-01,2.421095135603075903e+02,1.076117953846608977e+01,-3.662344609265417006e+01,1.076117953846608977e+01,1.653278396956720826e+02,3.338397128106372946e+01,-3.662344609265417006e+01,3.338397128106372946e+01,2.399933737215273410e+01,2.218088266968647915e+01,-4.865019759690989432e+00,2.621491715519716337e+01,-4.865019759690989432e+00,6.077743868540277816e+01,5.956738188332358241e+00,2.621491715519716337e+01,5.956738188332358241e+00,3.620051575866172300e+01
1.700000000000000122e-01,4.537104392810815678e-01,1.568539851360997439e-01,1.879050480048579108e-01,2.423108120753747130e+02,1.075133049721685019e+01,-3.679346358194914757e+01,1.075133049721685019e+01,1.652221319053379318e+02,3.373417798594975636e+01,-3.679346358194914757e+01,3.373417798594975636e+01,2.267345494772301961e+01,2.205980764215404477e+01,-4.899218300063930442e+00,2.618876158075496008e+01,-4.899218300063930442e+00,6.082304438989348938e+01,5.843728169094370095e+00,2.618876158075496008e+01,5.843728169094370095e+00,3.630749133106620974e+01
1.710000000000000131e-01,4.526851564747134127e-01,1.579098252526745516e-01,1.887281414787558564e-01,2.425111087776373324e+02,1.074084442813823514e+01,-3.696271515276811925e+01,1.074084442813823514e+01,1.651175304983708543e+02,3.408661135995411229e+01,-3.696271515276811925e+01,3.408661135995411229e+01,2.134718243824957540e+01,2.193943200353676559e+01,-4.933445951910412575e+00,2.616190471248616234e+01,-4.933445951910412575e+00,6.086664637604347661e+01,5.729470450501222167e+00,2.616190471248616234e+01,5.729470450501222167e+00,3.641337278675959510e+01
1.720000000000000140e-01,4.516700386333182826e-01,1.589700676474073981e-01,1.895570781879346300e-01,2.427104060776594849e+02,1.072972974379224453e+01,-3.713120228374450704e+01,1.072972974379224453e+01,1.650140131952308309e+02,3.444126661216770202e+01,-3.713120228374450704e+01,3.444126661216770202e+01,2.002057279642233212e+01,2.181975230229599205e+01,-4.967700598498160147e+00,2.613435058904610742e+01,-4.967700598498160147e+00,6.090824501104829380e+01,5.613971725504446120e+00,2.613435058904610742e+01,5.613971725504446120e+00,3.651815560461784571e+01
1.730000000000000149e-01,4.506653067843622296e-01,1.600346755608652305e-01,1.903919545261830992e-01,2.429087063939610118e+02,1.071799479472783467e+01,-3.729892649455774034e+01,1.071799479472783467e+01,1.649115571728584655e+02,3.479813833875557094e+01,-3.729892649455774034e+01,3.479813833875557094e+01,1.869367806361913154e+01,2.170076506867223642e+01,-5.001980016056704947e+00,2.610610327413170495e+01,-5.001980016056704947e+00,6.094784126416227821e+01,5.497239212551101595e+00,2.610610327413170495e+01,5.497239212551101595e+00,3.662183630898923070e+01
1.740000000000000158e-01,4.496711609889086914e-01,1.611036014964770668e-01,1.912328574415176341e-01,2.431060121439051898e+02,1.070564786505589439e+01,-3.746588934606035082e+01,1.070564786505589439e+01,1.648101390737678855e+02,3.515722051085083422e+01,-3.746588934606035082e+01,3.515722051085083422e+01,1.736654936945600625e+01,2.158246682318609189e+01,-5.036281872692451422e+00,2.607716685596477291e+01,-5.036281872692451422e+00,6.098543669899878239e+01,5.379280663628123627e+00,2.607716685596477291e+01,5.379280663628123627e+00,3.672441245101503426e+01
1.750000000000000167e-01,4.486877802974256202e-01,1.621767877254532420e-01,1.920798637711563783e-01,2.433023257347759341e+02,1.069269716818003602e+01,-3.763209244055947522e+01,1.069269716818003602e+01,1.647097350156334414e+02,3.551850646255614663e+01,-3.763209244055947522e+01,3.551850646255614663e+01,1.603923693287189067e+01,2.146485408497304448e+01,-5.070603727430677665e+00,2.604754544689823348e+01,-5.070603727430677665e+00,6.102103346542962470e+01,5.260104372178195931e+00,2.604754544689823348e+01,5.260104372178195931e+00,3.682588258838360673e+01
1.759999999999999898e-01,4.477153227484804154e-01,1.632541668461673923e-01,1.929330395940972442e-01,2.434976495550540676e+02,1.067915084268753745e+01,-3.779753742224818325e+01,1.067915084268753745e+01,1.646103206013732176e+02,3.588198887906979451e+01,-3.779753742224818325e+01,3.588198887906979451e+01,1.471179006474108242e+01,2.134792337994436906e+01,-5.104943029387445819e+00,2.601724318314043671e+01,-5.104943029387445819e+00,6.105463429108866080e+01,5.139719180874071647e+00,2.601724318314043671e+01,5.139719180874071647e+00,3.692624626353713779e+01
1.769999999999999907e-01,4.467539254098703005e-01,1.643356623951484907e-01,1.937924396049587883e-01,2.436919859659005851e+02,1.066501694840450298e+01,-3.796222597778169217e+01,1.066501694840450298e+01,1.645118709297322539e+02,3.624765978495385355e+01,-3.796222597778169217e+01,3.624765978495385355e+01,1.338425717200496123e+01,2.123167124876642120e+01,-5.139297117074288934e+00,2.598626422459222951e+01,-5.139297117074288934e+00,6.108624247248420858e+01,5.018134489237898954e+00,2.598626422459222951e+01,5.018134489237898954e+00,3.702550398035187129e+01
1.779999999999999916e-01,4.458037044616448008e-01,1.654211895064973403e-01,1.946581065127760968e-01,2.438853372928551266e+02,1.065030346261919370e+01,-3.812615983699325284e+01,1.065030346261919370e+01,1.644143606063684899e+02,3.661551053256192745e+01,-3.812615983699325284e+01,3.661551053256192745e+01,1.205668576331362196e+01,2.111609425465087853e+01,-5.173663217838156747e+00,2.595461275479102170e+01,-5.173663217838156747e+00,6.111586186572400692e+01,4.895360261092124965e+00,2.595461275479102170e+01,4.895360261092124965e+00,3.712365717931322706e+01
1.789999999999999925e-01,4.448647553203448068e-01,1.665106556162321838e-01,1.955300704684581337e-01,2.440777058177571917e+02,1.063501827647715281e+01,-3.828934077374420752e+01,1.063501827647715281e+01,1.643177637554431101e+02,3.698553179064469987e+01,-3.828934077374420752e+01,3.698553179064469987e+01,1.072912245616508642e+01,2.100118899094873015e+01,-5.208038447439375496e+00,2.592229298095645618e+01,-5.208038447439375496e+00,6.114349687685835022e+01,4.771407031827673784e+00,2.592229298095645618e+01,4.771407031827673784e+00,3.722070821121097595e+01
1.799999999999999933e-01,4.439371528036946124e-01,1.676039612077771801e-01,1.964083485245813887e-01,2.442690937708977117e+02,1.061916919155163797e+01,-3.845177060690252091e+01,1.061916919155163797e+01,1.642220540317181587e+02,3.735771353315135457e+01,-3.845177060690252091e+01,3.735771353315135457e+01,9.401612985529579802e+00,2.088695208854165131e+01,-5.242419809769629957e+00,2.588930913413148360e+01,-5.242419809769629957e+00,6.116915245184519989e+01,4.646285915476112471e+00,2.588930913413148360e+01,4.646285915476112471e+00,3.731666030937865486e+01
1.809999999999999942e-01,4.430209513348682404e-01,1.687010005945298041e-01,1.972929441311601639e-01,2.444595033234066932e+02,1.060276391659254891e+01,-3.861345120144369503e+01,1.060276391659254891e+01,1.641272046331622505e+02,3.773204502824521711e+01,-3.861345120144369503e+01,3.773204502824521711e+01,8.074202213943808104e+00,2.077338022302354048e+01,-5.276804196712409301e+00,2.585566546941268840e+01,-5.276804196712409301e+00,6.119283406614268017e+01,4.520008611570813351e+00,2.585566546941268840e+01,4.520008611570813351e+00,3.741151756050556543e+01
1.819999999999999951e-01,4.421161851853580571e-01,1.698016627351997265e-01,1.981838466709544555e-01,2.446489365798859694e+02,1.058581006445690598e+01,-3.877438446966800001e+01,1.058581006445690598e+01,1.640331883140672460e+02,3.810851482755246877e+01,-3.877438446966800001e+01,3.810851482755246877e+01,6.746934143058829214e+00,2.066047012166703567e+01,-5.311188388147606076e+00,2.582136626626384412e+01,-5.311188388147606076e+00,6.121454771393366912e+01,4.392587411783656748e+00,2.582136626626384412e+01,4.392587411783656748e+00,3.750528487404938005e+01
1.829999999999999960e-01,4.412228687553766404e-01,1.709058320773831352e-01,1.990810310377933157e-01,2.448373955712903864e+02,1.056831514922358295e+01,-3.893457237252754766e+01,1.056831514922358295e+01,1.639399773986752393e+02,3.848711075566257023e+01,-3.893457237252754766e+01,3.848711075566257023e+01,5.419851926623236338e+00,2.054821857016804998e+01,-5.345569052102256080e+00,2.578641582890580608e+01,-5.345569052102256080e+00,6.123429989698728804e+01,4.264035206321981519e+00,2.578641582890580608e+01,4.264035206321981519e+00,3.759796795028063343e+01
1.839999999999999969e-01,4.403409968906445426e-01,1.720133894246433093e-01,1.999844572612465010e-01,2.450248822480660635e+02,1.055028658349485049e+01,-3.909401692105658555e+01,1.055028658349485049e+01,1.638475437953184439e+02,3.886781989989933805e+01,-3.909401692105658555e+01,3.886781989989933805e+01,4.092997884881863335e+00,2.043662241916394251e+01,-5.379942745048778896e+00,2.575081848677665874e+01,-5.379942745048778896e+00,6.125209761316334323e+01,4.134365490072200444e+00,2.575081848677665874e+01,4.134365490072200444e+00,3.768957324699106692e+01
1.849999999999999978e-01,4.394705452343174445e-01,1.731242128221947840e-01,2.008940701808480667e-01,2.452113984735488543e+02,1.053173167588694525e+01,-3.925272017789810519e+01,1.053173167588694525e+01,1.637558590110702710e+02,3.925062860038179480e+01,-3.925272017789810519e+01,3.925062860038179480e+01,2.766413520368320889e+00,2.032567859051888703e+01,-5.414305912352209482e+00,2.571457859505482091e+01,-5.414305912352209482e+00,6.126794834456359240e+01,4.003592368474518715e+00,2.571457859505482091e+01,4.003592368474518715e+00,3.778010794490008095e+01
1.859999999999999987e-01,4.386114706127559604e-01,1.742381784561578550e-01,2.018097991728867724e-01,2.453969460176308814e+02,1.051265762871170040e+01,-3.941068425892013494e+01,1.051265762871170040e+01,1.636648941669096757e+02,3.963552244039386352e+01,-3.941068425892013494e+01,3.963552244039386352e+01,1.440139535067952226e+00,2.021538408337270809e+01,-5.448654888867417334e+00,2.567770053523874907e+01,-5.448654888867417334e+00,6.128186004533733211e+01,3.871730563115198365e+00,2.567770053523874907e+01,3.871730563115198365e+00,3.786957991179485816e+01
1.869999999999999996e-01,4.377637114537505925e-01,1.753551615612375658e-01,2.027315579325774109e-01,2.455815265506970491e+02,1.049307153585092500e+01,-3.956791133491407209e+01,1.049307153585092500e+01,1.635746200133956165e+02,4.002248623708199915e+01,-3.956791133491407209e+01,4.002248623708199915e+01,1.142158489259487014e-01,2.010573597994763162e+01,-5.482985899687342624e+00,2.564018871577601999e+01,-5.482985899687342624e+00,6.129384112914542726e+01,3.738795417020734035e+00,2.564018871577601999e+01,3.738795417020734035e+00,3.795799766544258347e+01
1.880000000000000004e-01,4.369271882357727566e-01,1.764750373316135157e-01,2.036592443142031805e-01,2.457651416378388092e+02,1.047298038082501215e+01,-3.972440363336828995e+01,1.047298038082501215e+01,1.634850069468529341e+02,4.041150403250004786e+01,-3.972440363336828995e+01,4.041150403250004786e+01,-1.211318380326303679e+00,1.999673145110947559e+01,-5.517295061042730708e+00,2.560204757273489662e+01,-5.517295061042730708e+00,6.130390045628986684e+01,3.604802899640319414e+00,2.560204757273489662e+01,3.604802899640319414e+00,3.804537033531298817e+01
1.890000000000000013e-01,4.361018039667572954e-01,1.775976818297821669e-01,2.045927402315631805e-01,2.459477927333471143e+02,1.045239103505691780e+01,-3.988016344030919669e+01,1.045239103505691780e+01,1.633960250260657858e+02,4.080255908502033435e+01,-3.988016344030919669e+01,4.080255908502033435e+01,-2.536424736055588713e+00,1.988836776167854126e+01,-5.551578381353960090e+00,2.556328157051106587e+01,-5.551578381353960090e+00,6.131204732051440232e+01,3.469769611501142492e+00,2.556328157051106587e+01,3.469769611501142492e+00,3.813170762315370865e+01
1.900000000000000022e-01,4.352874446908854833e-01,1.787229728880949109e-01,2.055319116207878771e-01,2.461294811754899854e+02,1.043131025633244313e+01,-4.003519310220255534e+01,1.043131025633244313e+01,1.633076439894778673e+02,4.119563386113016179e+01,-4.003519310220255534e+01,4.119563386113016179e+01,-3.861065520352678249e+00,1.978064227548752996e+01,-5.585831762434935399e+00,2.552389520256275546e+01,-5.585831762434935399e+00,6.131829143548367966e+01,3.333712788523019110e+00,2.552389520256275546e+01,3.333712788523019110e+00,3.821701976246064447e+01
1.910000000000000031e-01,4.344839800217987769e-01,1.798507909977572483e-01,2.064766084672902402e-01,2.463102081815769964e+02,1.040974468745733539e+01,-4.018949502790715655e+01,1.040974468745733539e+01,1.632198332728957553e+02,4.159071002763256075e+01,-4.018949502790715655e+01,4.159071002763256075e+01,-5.185203730432149882e+00,1.967355246018229664e+01,-5.620051000849142220e+00,2.548389299216660575e+01,-5.620051000849142220e+00,6.132264292094667013e+01,3.196650305977005058e+00,2.548389299216660575e+01,3.196650305977005058e+00,3.830131747688889732e+01
1.920000000000000040e-01,4.336912637006353766e-01,1.809810201801269613e-01,2.074266648982939221e-01,2.464899748433144282e+02,1.038770085511158925e+01,-4.034307169067339771e+01,1.038770085511158925e+01,1.631325620276919892e+02,4.198776844427029431e+01,-4.034307169067339771e+01,4.198776844427029431e+01,-6.508803033840783847e+00,1.956709589176327313e+01,-5.654231789417264231e+00,2.544327949318739357e+01,-5.654231789417264231e+00,6.132511228859237207e+01,3.058600682074828381e+00,2.544327949318739357e+01,3.058600682074828381e+00,3.838461193765039781e+01
1.930000000000000049e-01,4.329091341772760559e-01,1.821135488352413900e-01,2.083818993420658572e-01,2.466687821224532229e+02,1.036518516890087938e+01,-4.049592563017872493e+01,1.036518516890087938e+01,1.630457991395036004e+02,4.238678915679160042e+01,-4.049592563017872493e+01,4.238678915679160042e+01,-7.831827742510959922e+00,1.946127025886430673e+01,-5.688369718875969205e+00,2.540205929085415448e+01,-5.688369718875969205e+00,6.132571042760504554e+01,2.919583081174145889e+00,2.540205929085415448e+01,2.919583081174145889e+00,3.846691471994774503e+01
1.940000000000000058e-01,4.321374152131505220e-01,1.832482705626428954e-01,2.093421147546060679e-01,2.468466308467325803e+02,1.034220392060482929e+01,-4.064805945459228553e+01,1.034220392060482929e+01,1.629595132474213699e+02,4.278775139047617415e+01,-4.064805945459228553e+01,4.278775139047617415e+01,-9.154242785697395135e+00,1.935607336676731549e+01,-5.722460279686704787e+00,2.536023700253556967e+01,-5.722460279686704787e+00,6.132444858992666781e+01,2.779617316586733722e+00,2.536023700253556967e+01,2.779617316586733722e+00,3.854823775849371259e+01
1.950000000000000067e-01,4.313759165039624532e-01,1.843850849497344901e-01,2.103070989142030167e-01,2.470235217061206470e+02,1.031876328362150197e+01,-4.079947584266081861e+01,1.031876328362150197e+01,1.628736727636638477e+02,4.319063354413966493e+01,-4.079947584266081861e+01,4.319063354413966493e+01,-1.047601368183756065e+01,1.925150314115008854e+01,-5.756498863993522619e+00,2.531781727850726327e+01,-5.756498863993522619e+00,6.132133837523493725e+01,2.638723852975109807e+00,2.531781727850726327e+01,2.638723852975109807e+00,3.862859330216980425e+01
1.960000000000000075e-01,4.306244343206757641e-01,1.855238983231000671e-01,2.112766247838757938e-01,2.471994552493544575e+02,1.029486931260716354e+01,-4.095017754580782565e+01,1.029486931260716354e+01,1.627882458937301635e+02,4.359541318463443105e+01,-4.095017754580782565e+01,4.359541318463443105e+01,-1.179710650937805205e+01,1.914755763156640000e+01,-5.790480767728213962e+00,2.527480480270391539e+01,-5.790480767728213962e+00,6.131639171564562218e+01,2.496923808325286487e+00,2.527480480270391539e+01,2.496923808325286487e+00,3.870799386787732033e+01
1.970000000000000084e-01,4.298827521671219065e-01,1.866646244584522218e-01,2.122504509413422891e-01,2.473744318807795537e+02,1.027052794331006069e+01,-4.110016739023814125e+01,1.027052794331006069e+01,1.627032006570239560e+02,4.400206704186422257e+01,-4.110016739023814125e+01,4.400206704186422257e+01,-1.311748787661107762e+01,1.904423501465653246e+01,-5.824401192861204279e+00,2.523120429344887228e+01,-5.824401192861204279e+00,6.130962086014793044e+01,2.354238955481623208e+00,2.523120429344887228e+01,2.354238955481623208e+00,3.878645219363741603e+01
1.980000000000000093e-01,4.291506414525761981e-01,1.878071852451349277e-01,2.132283220757633380e-01,2.475484518574910453e+02,1.024574499259664506e+01,-4.124944827903992461e+01,1.024574499259664506e+01,1.626185049079406326e+02,4.441057100432994531e+01,-4.124944827903992461e+01,4.441057100432994531e+01,-1.443712489056730419e+01,1.894153359708785445e+01,-5.858255249795877972e+00,2.518702050415430094e+01,-5.858255249795877972e+00,6.130103835878277607e+01,2.210691723232180550e+00,2.518702050415430094e+01,2.210691723232180550e+00,3.886398119099789028e+01
1.990000000000000102e-01,4.284278621776808071e-01,1.889515113013892078e-01,2.142099695501137324e-01,2.477215152867755137e+02,1.022052615866832959e+01,-4.139802319427608523e+01,1.022052615866832959e+01,1.625341263574092068e+02,4.482090011522326023e+01,-4.139802319427608523e+01,4.482090011522326023e+01,-1.575598512501309045e+01,1.883945181822440063e+01,-5.892037959904193656e+00,2.514225822398457311e+01,-5.892037959904193656e+00,6.129065704657340774e+01,2.066305196931218280e+00,2.514225822398457311e+01,2.066305196931218280e+00,3.894059389680653993e+01
2.000000000000000111e-01,4.277141636321028506e-01,1.900975425369181571e-01,2.151951120276358043e-01,2.478936221238549251e+02,1.019487702146658847e+01,-4.154589519905735528e+01,1.019487702146658847e+01,1.624500325948792181e+02,4.523302856908442493e+01,-4.154589519905735528e+01,4.523302856908442493e+01,-1.707403658760225085e+01,1.873798825252580613e+01,-5.925744258200663417e+00,2.509692227847619961e+01,-5.925744258200663417e+00,6.127849002721909244e+01,1.921103118648074259e+00,2.509692227847619961e+01,1.921103118648074259e+00,3.901630342441227839e+01
2.010000000000000120e-01,4.270092851023237213e-01,1.912452286596077466e-01,2.161834561604440152e-01,2.480647721699314445e+02,1.016880304326380724e+01,-4.169306743958897954e+01,1.016880304326380724e+01,1.623661911107412834e+02,4.564692970904011560e+01,-4.169306743958897954e+01,4.564692970904011560e+01,-1.839124768623425865e+01,1.863714161167498773e+01,-5.959368996151926723e+00,2.505101753010707810e+01,-5.959368996151926723e+00,6.126455065656261212e+01,1.775109886829839834e+00,2.505101753010707810e+01,1.775109886829839834e+00,3.909112291435796038e+01
2.020000000000000129e-01,4.263129565879981708e-01,1.923945296236393987e-01,2.171746973379457546e-01,2.482349650705327520e+02,1.014230956943704776e+01,-4.183954314718327083e+01,1.014230956943704776e+01,1.622825693191711593e+02,4.606257602463656298e+01,-4.183954314718327083e+01,4.606257602463656298e+01,-1.970758719467280784e+01,1.853691074643595016e+01,-5.992906944618394682e+00,2.500454887880856703e+01,-5.992906944618394682e+00,6.124885252584267192e+01,1.628350555468010663e+00,2.500454887880856703e+01,1.628350555468010663e+00,3.916506548462886173e+01
2.030000000000000138e-01,4.256248995253246736e-01,1.935454160165945292e-01,2.181685204923790589e-01,2.484042003141571229e+02,1.011540182942153798e+01,-4.198532564023032165e+01,1.011540182942153798e+01,1.621991345813840724e+02,4.647993915028283851e+01,-4.198532564023032165e+01,4.647993915028283851e+01,-2.102302421748052197e+01,1.843729464824166087e+01,-6.026352796924623334e+00,2.495752126241353608e+01,-6.026352796924623334e+00,6.123140944474344138e+01,1.480850832757480084e+00,2.495752126241353608e+01,1.480850832757480084e+00,3.923814418052479169e+01
2.040000000000000147e-01,4.249448275159093402e-01,1.946978693835541008e-01,2.191646009583844701e-01,2.485724772312163964e+02,1.008808493784032834e+01,-4.213041832611905591e+01,1.008808493784032834e+01,1.621158542292860716e+02,4.689898986431823147e+01,-4.213041832611905591e+01,4.689898986431823147e+01,-2.233752815432729477e+01,1.833829245051385115e+01,-6.059701172054184681e+00,2.490993965703385626e+01,-6.059701172054184681e+00,6.121223542425304487e+01,1.332637079239080480e+00,2.490993965703385626e+01,1.332637079239080480e+00,3.931037192422285642e+01
2.050000000000000155e-01,4.242724470596160868e-01,1.958518824865998209e-01,2.201626053831815533e-01,2.487397949932752397e+02,1.006036389580632751e+01,-4.227482470310116014e+01,1.006036389580632751e+01,1.620326955895088759e+02,4.731969808871738081e+01,-4.227482470310116014e+01,4.731969808871738081e+01,-2.365106866373175976e+01,1.823990342971572431e+01,-6.092946617965158573e+00,2.486180907736085643e+01,-6.092946617965158573e+00,6.119134465934408951e+01,1.183736305415176160e+00,2.486180907736085643e+01,1.183736305415176160e+00,3.938176146410170730e+01
2.060000000000000164e-01,4.236074582899319596e-01,1.970074594985474492e-01,2.211621926835745378e-01,2.489061526125850889e+02,1.003224359239253971e+01,-4.241854836209034119e+01,1.003224359239253971e+01,1.619496260078122702e+02,4.774203288944587342e+01,-4.241854836209034119e+01,4.774203288944587342e+01,-2.496361562629710207e+01,1.814212700613994045e+01,-6.126083615021423512e+00,2.481313457688283464e+01,-6.126083615021423512e+00,6.116875151148984457e+01,1.034176168830575060e+00,2.481313457688283464e+01,1.034176168830575060e+00,3.945232532389837132e+01
2.070000000000000173e-01,4.229495557104004377e-01,1.981646161301625075e-01,2.221630150456964103e-01,2.490715489419091000e+02,1.000372880626602878e+01,-4.256159298838957739e+01,1.000372880626602878e+01,1.618666128738386476e+02,4.816596247747836657e+01,-4.256159298838957739e+01,4.816596247747836657e+01,-2.627513910750391091e+01,1.804496274443345882e+01,-6.159106579535196246e+00,2.476392124801294159e+01,-6.159106579535196246e+00,6.114447049102903264e+01,8.839849706095362913e-01,2.476392124801294159e+01,8.839849706095362913e-01,3.952207575177028076e+01
2.080000000000000182e-01,4.222984289306854766e-01,1.993233796905413968e-01,2.231647189631034978e-01,2.492359826746366025e+02,9.974824207480869731e+00,-4.270396236333912299e+01,9.974824207480869731e+00,1.617836236462023294e+02,4.859145421049068148e+01,-4.270396236333912299e+01,4.859145421049068148e+01,-2.758560932012478162e+01,1.794841035386245665e+01,-6.192009867415462665e+00,2.471417422212211079e+01,-6.192009867415462665e+00,6.111851623939477918e+01,7.331916514424123843e-01,2.471417422212211079e+01,7.331916514424123843e-01,3.959102466933725140e+01
2.089999999999999913e-01,4.216537634008737379e-01,2.004837890807725231e-01,2.241669463085515512e-01,2.493994523451829934e+02,9.945534359424968329e+00,-4.284566036587820292e+01,9.945534359424968329e+00,1.617006258778960728e+02,4.901847459523632722e+01,-4.284566036587820292e+01,4.901847459523632722e+01,-2.889499658632657741e+01,1.785246968831943093e+01,-6.224787777917146769e+00,2.466389866947084997e+01,-6.224787777917146769e+00,6.109090351122136298e+01,5.818257870139700305e-01,2.466389866947084997e+01,5.818257870139700305e-01,3.965918362077847092e+01
2.099999999999999922e-01,4.210152411426179575e-01,2.016458947214124220e-01,2.251693354345555009e-01,2.495619563296717445e+02,9.915863720915396584e+00,-4.298669097401339911e+01,9.915863720915396584e+00,1.616175872419951531e+02,4.944698929061717507e+01,-4.298669097401339911e+01,4.944698929061717507e+01,-3.020327129952824663e+01,1.775714074607642701e+01,-6.257434557485104243e+00,2.461309979903470690e+01,-6.257434557485104243e+00,6.106164715634520235e+01,4.299175828682667566e-01,2.461309979903470690e+01,4.299175828682667566e-01,3.972656372206144937e+01
2.109999999999999931e-01,4.203825414757654810e-01,2.028097584147447452e-01,2.261715222976008188e-01,2.497234928468946293e+02,9.885816648436573928e+00,-4.312705826618712734e+01,9.885816648436573928e+00,1.615344755576402918e+02,4.987696311145718653e+01,-4.312705826618712734e+01,4.987696311145718653e+01,-3.151040388608268472e+01,1.766242366928726781e+01,-6.289944403687158569e+00,2.456178285821780349e+01,-6.289944403687158569e+00,6.103076210171517602e+01,2.774978687038153757e-01,2.456178285821780349e+01,2.774978687038153757e-01,3.979317561038071460e+01
2.119999999999999940e-01,4.197553417391131636e-01,2.039754531431920703e-01,2.271731416007027327e-01,2.498840599595463345e+02,9.855397398515385987e+00,-4.326676642253954697e+01,9.855397398515385987e+00,1.614512588162777433e+02,5.030836003298731640e+01,-4.326676642253954697e+01,5.030836003298731640e+01,-3.281636476685377346e+01,1.756831874324306497e+01,-6.322311469229894065e+00,2.450995313244962404e+01,-6.322311469229894065e+00,6.099826333322930338e+01,1.245980920948292769e-01,2.450995313244962404e+01,1.245980920948292769e-01,3.985902939388513744e+01
2.129999999999999949e-01,4.191333180039538142e-01,2.051430628056578054e-01,2.281738279488532140e-01,2.500436555757280530e+02,9.824610130226936633e+00,-4.340581972605747296e+01,9.824610130226936633e+00,1.613679052081353404e+02,5.074114319604844070e+01,-4.340581972605747296e+01,5.074114319604844070e+01,-3.412112431875956275e+01,1.747482639538480598e+01,-6.354529866050661724e+00,2.445761594465986022e+01,-6.354529866050661724e+00,6.096416587751397742e+01,-2.874968836562488694e-02,2.445761594465986022e+01,-2.874968836562488694e-02,3.992413460177353102e+01
2.139999999999999958e-01,4.185161457790940731e-01,2.063126818939590712e-01,2.291732170117793677e-01,2.502022774507160818e+02,9.793458907824563298e+00,-4.354422256360429344e+01,9.793458907824563298e+00,1.612843831489120419e+02,5.117527491301872544e+01,-4.354422256360429344e+01,5.117527491301872544e+01,-3.542465283635466022e+01,1.738194719407784916e+01,-6.386593669479179169e+00,2.440477665462701395e+01,-6.386593669479179169e+00,6.092848478366355636e+01,-1.825128105035895565e-01,2.440477665462701395e+01,-1.825128105035895565e-01,3.998850013483882293e+01
2.149999999999999967e-01,4.179035007060191709e-01,2.074844151118792057e-01,2.301709466883591626e-01,2.503599231889895407e+02,9.761947703487312111e+00,-4.368197942682486001e+01,9.761947703487312111e+00,1.612006613066573379e+02,5.161071667447053812e+01,-4.368197942682486001e+01,5.161071667447053812e+01,-3.672692049352564680e+01,1.728968184715268563e+01,-6.418496922461660148e+00,2.435144065819612536e+01,-6.418496922461660148e+00,6.089123510495813463e+01,-3.366580165857577245e-01,2.435144065819612536e+01,-3.366580165857577245e-01,4.005213421654239170e+01
2.159999999999999976e-01,4.172950592429021111e-01,2.086583769397125365e-01,2.311666582669895942e-01,2.505165902465122940e+02,9.730080400177930855e+00,-4.381909491291966674e+01,9.730080400177930855e+00,1.611167086288161272e+02,5.204742915656111535e+01,-4.381909491291966674e+01,5.204742915656111535e+01,-3.802789730537404012e+01,1.719803120021735410e+01,-6.450233639840335265e+00,2.429761338636164680e+01,-6.450233639840335265e+00,6.085243188057722108e+01,-4.911514619260630155e-01,2.429761338636164680e+01,-4.911514619260630155e-01,4.011504434469964764e+01
2.169999999999999984e-01,4.166904993361546516e-01,2.098346911475044152e-01,2.321599975762076440e-01,2.506722759332629948e+02,9.697860794604205026e+00,-4.395557372528291040e+01,9.697860794604205026e+00,1.610324943694146214e+02,5.248537222916037592e+01,-4.395557372528291040e+01,5.248537222916037592e+01,-3.932755309036258495e+01,1.710699623474665287e+01,-6.481797812680915705e+00,2.424330030421160131e+01,-6.481797812680915705e+00,6.081209011732861569e+01,-6.459587240780281236e-01,2.424330030421160131e+01,-6.459587240780281236e-01,4.017723724385925266e+01
2.179999999999999993e-01,4.160895010782177383e-01,2.110134902604788865e-01,2.331506161198866611e-01,2.508269774160069403e+02,9.665292600276179869e+00,-4.409142067399912435e+01,9.665292600276179869e+00,1.609479881163603920e+02,5.292450496471786892e+01,-4.409142067399912435e+01,5.292450496471786892e+01,-4.062585743280084216e+01,1.701657806595379085e+01,-6.513183412640443315e+00,2.418850690972938722e+01,-6.513183412640443315e+00,6.077022477141096601e+01,-8.010448126128625335e-01,2.418850690972938722e+01,-8.010448126128625335e-01,4.023871881845802534e+01
2.190000000000000002e-01,4.154917473503052516e-01,2.121949149804211177e-01,2.341381721914065073e-01,2.509806917213040833e+02,9.632379450651727737e+00,-4.422664067619363948e+01,9.632379450651727737e+00,1.608631598188310079e+02,5.336478564787044121e+01,-4.422664067619363948e+01,5.336478564787044121e+01,-4.192277964574685711e+01,1.692677794045038908e+01,-6.544384396367645351e+00,2.413323873244994644e+01,-6.544384396367645351e+00,6.072685073022957170e+01,-9.563741794821271069e-01,2.413323873244994644e+01,-9.563741794821271069e-01,4.029949410683366295e+01
2.200000000000000011e-01,4.148969244488034391e-01,2.133791135670204675e-01,2.351223319613000573e-01,2.511334157387458959e+02,9.599124902362628831e+00,-4.436123875623203361e+01,9.599124902362628831e+00,1.607779798147229542e+02,5.380617178579039717e+01,-4.436123875623203361e+01,5.380617178579039717e+01,-4.321828873440209406e+01,1.683759723370098271e+01,-6.575394709927959269e+00,2.407750133196741160e+01,-6.575394709927959269e+00,6.068198279428560937e+01,-1.111910729963350608e+00,2.407750133196741160e+01,-1.111910729963350608e+00,4.035956723617807995e+01
2.210000000000000020e-01,4.143047226940456684e-01,2.145662411833859640e-01,2.361027705330333015e-01,2.512851462244147456e+02,9.565532438513230318e+00,-4.449522004576436274e+01,9.565532438513230318e+00,1.606924188581332089e+02,5.424862011927357486e+01,-4.449522004576436274e+01,5.424862011927357486e+01,-4.451235336007690790e+01,1.674903744727836141e+01,-6.606208293245013685e+00,2.402130029629142527e+01,-6.606208293245013685e+00,6.063563565915800524e+01,-1.267617834185741366e+00,2.402130029629142527e+01,-1.267617834185741366e+00,4.041894137851244295e+01
2.220000000000000029e-01,4.137148370201777503e-01,2.157564592101250400e-01,2.370791729617422461e-01,2.514358798045583683e+02,9.531605472043576555e+00,-4.462858978360997497e+01,9.531605472043576555e+00,1.606064481468447127e+02,5.469208663456526409e+01,-4.462858978360997497e+01,5.469208663456526409e+01,-4.580494180480403088e+01,1.666110020592635976e+01,-6.636819084550342751e+00,2.396464124004972973e+01,-6.636819084550342751e+00,6.058782389759893761e+01,-1.423458339232537062e+00,2.396464124004972973e+01,-1.423458339232537062e+00,4.047761870776640336e+01
2.230000000000000038e-01,4.131269675448444589e-01,2.169499345325123785e-01,2.380512352309859803e-01,2.515856129794721880e+02,9.497347349148775209e+00,-4.476135331547926910e+01,9.497347349148775209e+00,1.605200393497861455e+02,5.513652657592106721e+01,-4.476135331547926910e+01,5.513652657592106721e+01,-4.709602193667750925e+01,1.657378725443697931e+01,-6.667221024833013487e+00,2.390752980253508042e+01,-6.667221024833013487e+00,6.053856194176356098e+01,-1.579394581815512177e+00,2.390752980253508042e+01,-1.579394581815512177e+00,4.053560035804191841e+01
2.240000000000000047e-01,4.125408201174278200e-01,2.181468388053844076e-01,2.390186651828119235e-01,2.517343421275824653e+02,9.462761352746252186e+00,-4.489351609352885930e+01,9.462761352746252186e+00,1.604331646344365936e+02,5.558189445889865254e+01,-4.489351609352885930e+01,5.558189445889865254e+01,-4.838556117599427608e+01,1.648710045434886240e+01,-6.697408062280644003e+00,2.384997164559452898e+01,-6.697408062280644003e+00,6.048786406559404583e+01,-1.735388401516405388e+00,2.384997164559452898e+01,-1.735388401516405388e+00,4.059288638314204434e+01
2.250000000000000056e-01,4.119561068445887209e-01,2.193473477004641570e-01,2.399811833967230856e-01,2.518820635097216893e+02,9.427850705982441681e+00,-4.502508367574710491e+01,9.427850705982441681e+00,1.603457966941440986e+02,5.602814408437526339e+01,-4.502508367574710491e+01,5.602814408437526339e+01,-4.967352646227506341e+01,1.640104178047434402e+01,-6.727374156703322505e+00,2.379197245135985384e+01,-6.727374156703322505e+00,6.043574436737994660e+01,-1.891401154589055444e+00,2.379197245135985384e+01,-1.891401154589055444e+00,4.064947571744422561e+01
2.260000000000000064e-01,4.113725465918753321e-01,2.205516401408556815e-01,2.409385240134412354e-01,2.520287732735892234e+02,9.392618575770397271e+00,-4.515606172516710615e+01,9.392618575770397271e+00,1.602579087753275928e+02,5.647522855328479352e+01,-4.515606172516710615e+01,5.647522855328479352e+01,-5.095988422224109371e+01,1.631561331726254593e+01,-6.757113283931787784e+00,2.373353791981785221e+01,-6.757113283931787784e+00,6.038221675251492115e+01,-2.047393728315334283e+00,2.373353791981785221e+01,-2.047393728315334283e+00,4.070536613819620442e+01
2.270000000000000073e-01,4.107898654601810362e-01,2.217598975274439888e-01,2.418904354997117867e-01,2.521744674583885626e+02,9.357068076349754904e+00,-4.528645600890485667e+01,9.357068076349754904e+00,1.601694747045306428e+02,5.692310028206748029e+01,-4.528645600890485667e+01,5.692310028206748029e+01,-5.224460033882190402e+01,1.623081725500605899e+01,-6.786619440181285157e+00,2.367467376621986119e+01,-6.786619440181285157e+00,6.032729491647214104e+01,-2.203326555906967243e+00,2.367467376621986119e+01,-2.203326555906967243e+00,4.076055422931162298e+01
2.280000000000000082e-01,4.102077972358688096e-01,2.229723029618993768e-01,2.428366813507541744e-01,2.523191419996332456e+02,9.321202272860395155e+00,-4.541627239702026486e+01,9.321202272860395155e+00,1.600804689152959668e+02,5.737171101882366742e+01,-4.541627239702026486e+01,5.737171101882366742e+01,-5.352764012126902315e+01,1.614665588589891243e+01,-6.815886646372370627e+00,2.361538571832987188e+01,-6.815886646372370627e+00,6.027099232801828776e+01,-2.359159631944605096e+00,2.361538571832987188e+01,-2.359159631944605096e+00,4.081503534674043010e+01
2.290000000000000091e-01,4.096260838134015980e-01,2.241890404709130091e-01,2.437770407273580076e-01,2.524627927341135489e+02,9.285024184921233825e+00,-4.554551686119946652e+01,9.285024184921233825e+00,1.599908664748279250e+02,5.782101186016257088e+01,-4.554551686119946652e+01,5.782101186016257088e+01,-5.480896827644922098e+01,1.606313159995386286e+01,-6.844908952400085234e+00,2.355567951351138944e+01,-6.844908952400085234e+00,6.021332221268877305e+01,-2.514852528344632798e+00,2.355567951351138944e+01,-2.514852528344632798e+00,4.086880358548887671e+01
2.300000000000000100e-01,4.090444755893676287e-01,2.254102942361854156e-01,2.447113090250252754e-01,2.526054154050146963e+02,9.248536790205463376e+00,-4.567419547325690843e+01,9.248536790205463376e+00,1.599006431104114938e+02,5.827095326873583758e+01,-4.567419547325690843e+01,5.827095326873583758e+01,-5.608854888138947814e+01,1.598024688078677968e+01,-6.873680441342840730e+00,2.349556089565304262e+01,-6.873680441342840730e+00,6.015429753654443346e+01,-2.670364410843462544e+00,2.349556089565304262e+01,-2.670364410843462544e+00,4.092185174836022554e+01
2.310000000000000109e-01,4.084627318268276852e-01,2.266362478345461950e-01,2.456392983729974167e-01,2.527470056671789109e+02,9.211743028003681388e+00,-4.580231440345610139e+01,9.211743028003681388e+00,1.598097752355550938e+02,5.872148509144445683e+01,-4.580231440345610139e+01,5.872148509144445683e+01,-5.736634535714480876e+01,1.589800430127639608e+01,-6.902195233602437696e+00,2.343503561193366025e+01,-6.902195233602437696e+00,6.009393099023123597e+01,-2.825654055988178204e+00,2.343503561193366025e+01,-2.825654055988178204e+00,4.097417131648701627e+01
2.320000000000000118e-01,4.078806209889708212e-01,2.278670834924164113e-01,2.465608380614322803e-01,2.528875590925024142e+02,9.174645802766342229e+00,-4.592987991864855246e+01,9.174645802766342229e+00,1.597182399758249289e+02,5.917255657830708060e+01,-4.592987991864855246e+01,5.917255657830708060e+01,-5.864232044405826372e+01,1.581640651910744744e+01,-6.930447490966722413e+00,2.337410940942766402e+01,-6.930447490966722413e+00,6.003223497336406211e+01,-2.980679868621767259e+00,2.337410940942766402e+01,-2.980679868621767259e+00,4.102575242172250114e+01
2.330000000000000127e-01,4.072979210411289408e-01,2.291029813586235864e-01,2.474757748954491965e-01,2.530270711754589001e+02,9.137247987617069356e+00,-4.605689838023033644e+01,9.137247987617069356e+00,1.596260151943382368e+02,5.962411640197641560e+01,-4.605689838023033644e+01,5.962411640197641560e+01,-5.991643617848078662e+01,1.573545627220562970e+01,-6.958431420586479454e+00,2.331278803155206703e+01,-6.958431420586479454e+00,5.996922157925516217e+01,-3.135399899850287220e+00,2.331278803155206703e+01,-3.135399899850287220e+00,4.107658382095691962e+01
2.340000000000000135e-01,4.067144197202700040e-01,2.303441187993491013e-01,2.483839734752189277e-01,2.531655373387406485e+02,9.099552427828413670e+00,-4.618337624191649127e+01,9.099552427828413670e+00,1.595330795168831912e+02,6.007611267788959708e+01,-4.618337624191649127e+01,6.007611267788959708e+01,-6.118865387101652686e+01,1.565515637407242799e+01,-6.986141278858209347e+00,2.325107721435665198e+01,-6.986141278858209347e+00,5.990490258000821200e+01,-3.289771865478687385e+00,2.325107721435665198e+01,-3.289771865478687385e+00,4.112665287242191425e+01
2.350000000000000144e-01,4.061299147711660007e-01,2.315906697187402052e-01,2.492853164017318213e-01,2.533029529390092023e+02,9.061561944251819156e+00,-4.630932004733360685e+01,9.061561944251819156e+00,1.594394123566329711e+02,6.052849298503782904e+01,-4.630932004733360685e+01,6.052849298503782904e+01,-6.245893408635749466e+01,1.557550970902837051e+01,-7.013571375204707081e+00,2.318898268265934703e+01,-7.013571375204707081e+00,5.983928941199810225e+01,-3.443753164901391273e+00,2.318898268265934703e+01,-3.443753164901391273e+00,4.117594551404337722e+01
2.360000000000000153e-01,4.055442141485342544e-01,2.328428039084343981e-01,2.501797044083233779e-01,2.534393132727461477e+02,9.023279336693619257e+00,-4.643473642743138896e+01,9.023279336693619257e+00,1.593449939384215952e+02,6.098120438733925397e+01,-4.643473642743138896e+01,6.098120438733925397e+01,-6.372723662476870032e+01,1.549651922737282739e+01,-7.040716075745353741e+00,2.312651014602885624e+01,-7.040716075745353741e+00,5.977239316175653983e+01,-3.597300900432834236e+00,2.312651014602885624e+01,-3.597300900432834236e+00,4.122444624390037404e+01
2.370000000000000162e-01,4.049571361845343831e-01,2.341006864289547629e-01,2.510670564185121800e-01,2.535746135821966334e+02,8.984707387229123654e+00,-4.655963209771441313e+01,8.984707387229123654e+00,1.592498053225499177e+02,6.143419345559853895e+01,-4.655963209771441313e+01,6.143419345559853895e+01,-6.499352050528301561e+01,1.541818794046891306e+01,-7.067569806848394975e+00,2.306366529461760706e+01,-7.067569806848394975e+00,5.970422455228352021e+01,-3.750371897062893201e+00,2.306366529461760706e+01,-3.750371897062893201e+00,4.127213810284523987e+01
2.380000000000000171e-01,4.043685097211223711e-01,2.353644770256171359e-01,2.519473095311269839e-01,2.537088490613956822e+02,8.945848863446938637e+00,-4.668401385529546843e+01,8.945848863446938637e+00,1.591538284280897244e+02,6.188740629003579841e+01,-4.668401385529546843e+01,6.188740629003579841e+01,-6.625774395066204647e+01,1.534051891576149096e+01,-7.094127058557466725e+00,2.300045379484737396e+01,-7.094127058557466725e+00,5.963479392980323723e+01,-3.902922722621158691e+00,2.300045379484737396e+01,-3.902922722621158691e+00,4.131900265933560235e+01
2.390000000000000180e-01,4.037781742068710100e-01,2.366343295812576020e-01,2.528204189341501928e-01,2.538420148622703891e+02,8.906706521615967986e+00,-4.680788857577260842e+01,8.906706521615967986e+00,1.590570460556549790e+02,6.234078854336664222e+01,-4.680788857577260842e+01,6.234078854336664222e+01,-6.751986437417676257e+01,1.526351527173683920e+01,-7.120382387885085151e+00,2.293688128495135459e+01,-7.120382387885085151e+00,5.956411125098404824e+01,-4.054909708333749307e+00,2.293688128495135459e+01,-4.054909708333749307e+00,4.136501999652742967e+01
2.399999999999999911e-01,4.031859797579989135e-01,2.379103916077580649e-01,2.536863577491120791e-01,2.539741061008083420e+02,8.867283109767637228e+00,-4.693126320993192024e+01,8.867283109767637228e+00,1.589594419096087563e+02,6.279428544441457660e+01,-4.693126320993192024e+01,6.279428544441457660e+01,-6.877983836825893604e+01,1.518718017283196353e+01,-7.146330421965867430e+00,2.287295337037606302e+01,-7.146330421965867430e+00,5.949218607064019437e+01,-4.206288969755680007e+00,2.287295337037606302e+01,-4.206288969755680007e+00,4.141016870167342745e+01
2.409999999999999920e-01,4.025917871834782669e-01,2.391928037779852412e-01,2.545451168082902282e-01,2.541051178632850167e+02,8.827581370686251816e+00,-4.705414478027893210e+01,8.827581370686251816e+00,1.588610006196758491e+02,6.324784182223626772e+01,-4.705414478027893210e+01,6.324784182223626772e+01,-7.003762169507119495e+01,1.511151682430174503e+01,-7.171965861062655989e+00,2.280867561904701901e+01,-7.171965861062655989e+00,5.941902752993374293e+01,-4.357016428061384339e+00,2.280867561904701901e+01,-4.357016428061384339e+00,4.145442585786847189e+01
2.419999999999999929e-01,4.019954679742325232e-01,2.404816994994128376e-01,2.553967043673233128e-01,2.542350452125414506e+02,8.787604044800550795e+00,-4.717654037740131656e+01,8.787604044800550795e+00,1.587617077619311772e+02,6.370140213073941737e+01,-4.717654037740131656e+01,6.370140213073941737e+01,-7.129316927904031331e+01,1.503652846705189994e+01,-7.197283481418870643e+00,2.274405355650242200e+01,-7.197283481418870643e+00,5.934464434509308717e+01,-4.507047831675470739e+00,2.274405355650242200e+01,-4.507047831675470739e+00,4.149776703817950363e+01
2.429999999999999938e-01,4.013969042565809220e-01,2.417772045303360762e-01,2.562411457562347450e-01,2.543638831943048899e+02,8.747353872969826583e+00,-4.729845715616666979e+01,8.747353872969826583e+00,1.586615498791346113e+02,6.415491047377282996e+01,-4.729845715616666979e+01,6.415491047377282996e+01,-7.254643520139569546e+01,1.496221837244565656e+01,-7.222278137950863375e+00,2.267909266089944964e+01,-7.222278137950863375e+00,5.926904479666559666e+01,-4.656338778225507014e+00,2.267909266089944964e+01,-4.656338778225507014e+00,4.154016630219408768e+01
2.439999999999999947e-01,4.007959887102474639e-01,2.430794366392309835e-01,2.570784829721700637e-01,2.544916268435439974e+02,8.706833599158315451e+00,-4.741990233175866365e+01,8.706833599158315451e+00,1.585605145003833343e+02,6.460831063066714819e+01,-4.741990233175866365e+01,6.460831063066714819e+01,-7.379737269675098332e+01,1.488858983709189943e+01,-7.246944766774221058e+00,2.261379835789796289e+01,-7.246944766774221058e+00,5.919223671931951714e+01,-4.804844736798091986e+00,2.261379835789796289e+01,-4.804844736798091986e+00,4.158159619501749660e+01
2.449999999999999956e-01,4.001926244513965836e-01,2.443885053074539848e-01,2.579087742174721032e-01,2.546182711908516296e+02,8.666045972991806678e+00,-4.754088317555596177e+01,8.666045972991806678e+00,1.584585901600547402e+02,6.506154608220495561e+01,-4.754088317555596177e+01,6.506154608220495561e+01,-7.504593415176364601e+01,1.481564617762238534e+01,-7.271278387558448131e+00,2.254817601542678318e+01,-7.271278387558448131e+00,5.911422749221082995e+01,-4.952521070479372511e+00,2.254817601542678318e+01,-4.952521070479372511e+00,4.162202774874462108e+01
2.459999999999999964e-01,3.995867248813333994e-01,2.457045114751431891e-01,2.587320933869765027e-01,2.547438112688474519e+02,8.624993752190778906e+00,-4.766140701085814158e+01,8.624993752190778906e+00,1.583557664160117611e+02,6.551456003699779274e+01,-4.766140701085814158e+01,6.551456003699779274e+01,-7.629207110590380125e+01,1.474339072546539242e+01,-7.295274105704669942e+00,2.248223093833796327e+01,-7.295274105704669942e+00,5.903502402992945974e+01,-5.099323059160663085e+00,2.248223093833796327e+01,-5.099323059160663085e+00,4.166143048642886271e+01
2.469999999999999973e-01,3.989782135016589626e-01,2.470275473298282065e-01,2.595485295086613631e-01,2.548682421185940541e+02,8.583679704874716876e+00,-4.778148120846337576e+01,8.583679704874716876e+00,1.582520338670455260e+02,6.596729545824800311e+01,-4.778148120846337576e+01,6.596729545824800311e+01,-7.753573425435975253e+01,1.467182682162314578e+01,-7.318927114341489570e+00,2.241596836295480699e+01,-7.318927114341489570e+00,5.895463277403838731e+01,-5.245205922589745384e+00,2.241596836295480699e+01,-5.245205922589745384e+00,4.169977242856576538e+01
2.479999999999999982e-01,3.983670236968495648e-01,2.483576961369478031e-01,2.603581861419806964e-01,2.549915587960186656e+02,8.542106611732593890e+00,-4.790111318210308156e+01,8.542106611732593890e+00,1.581473841695291185e+02,6.641969509087228118e+01,-4.790111318210308156e+01,6.641969509087228118e+01,-7.877687345310422984e+01,1.460095781145991189e+01,-7.342232696134439074e+00,2.234939345151951784e+01,-7.342232696134439074e+00,5.887305968521884125e+01,-5.390124843648179009e+00,2.234939345151951784e+01,-5.390124843648179009e+00,4.173702010210566726e+01
2.489999999999999991e-01,3.977530984853818730e-01,2.496950321111584548e-01,2.611611807383894535e-01,2.551137563783348412e+02,8.500277268054915680e+00,-4.802031038373878147e+01,8.500277268054915680e+00,1.580418100532588426e+02,6.687170148896420585e+01,-4.802031038373878147e+01,6.687170148896420585e+01,-8.001543772614148509e+01,1.453078703950769501e+01,-7.365186224904888057e+00,2.228251128654683910e+01,-7.365186224904888057e+00,5.879031023603322836e+01,-5.534034991834792194e+00,2.228251128654683910e+01,-5.534034991834792194e+00,4.177313855200458192e+01
2.500000000000000000e-01,3.971363902407070157e-01,2.510396203270234272e-01,2.619576439686966407e-01,2.552348299704573549e+02,8.458194485623018011e+00,-4.813908029872703054e+01,8.458194485623018011e+00,1.579353053364594075e+02,6.732325704357229768e+01,-4.813908029872703054e+01,6.732325704357229768e+01,-8.125137527495128609e+01,1.446131784429601375e+01,-7.387783167054705835e+00,2.221532686509013388e+01,-7.387783167054705835e+00,5.870638940431770436e+01,-5.676891546935469712e+00,2.221532686509013388e+01,-5.676891546935469712e+00,4.180809135531938381e+01
2.510000000000000009e-01,3.965168603835257932e-01,2.523915166674082777e-01,2.627477190219798531e-01,2.553547747114046729e+02,8.415861094451825508e+00,-4.825743044085837141e+01,8.415861094451825508e+00,1.578278649399307483e+02,6.777430401077030808e+01,-4.825743044085837141e+01,6.777430401077030808e+01,-8.248463349014245694e+01,1.439255355321206586e+01,-7.410019082793330547e+00,2.214784509292655557e+01,-7.410019082793330547e+00,5.862130166721368596e+01,-5.818649722859258411e+00,2.214784509292655557e+01,-5.818649722859258411e+00,4.184184063784772434e+01
2.520000000000000018e-01,3.958944790469910435e-01,2.537507678076535989e-01,2.635315608808569965e-01,2.554735857806830381e+02,8.373279944382559847e+00,-4.837536834727668378e+01,8.373279944382559847e+00,1.577194849003155639e+02,6.822478453999625003e+01,-4.837536834727668378e+01,6.822478453999625003e+01,-8.371515896532433487e+01,1.432449747739745760e+01,-7.431889627164440348e+00,2.208007077866850310e+01,-7.431889627164440348e+00,5.853505099584900506e+01,-5.959264791620820567e+00,2.208007077866850310e+01,-5.959264791620820567e+00,4.187434709331050442e+01
2.530000000000000027e-01,3.952692247166016415e-01,2.551174112333728372e-01,2.643093355779308484e-01,2.555912584046471352e+02,8.330453906522373941e+00,-4.849290157328552198e+01,8.330453906522373941e+00,1.576101623824673652e+02,6.867464070263652332e+01,-4.849290157328552198e+01,6.867464070263652332e+01,-8.494289751320067694e+01,1.425715290668703084e+01,-7.453390550869692710e+00,2.201200862780822831e+01,-7.453390550869692710e+00,5.844764085067576787e+01,-6.098692107449265265e+00,2.201200862780822831e+01,-6.098692107449265265e+00,4.190557000506867524e+01
2.540000000000000036e-01,3.946410838467233617e-01,2.564914752895248728e-01,2.650812194382028975e-01,2.557077878628322765e+02,8.287385874528270691e+00,-4.861003768704841121e+01,8.287385874528270691e+00,1.574998956909004733e+02,6.912381452083167233e+01,-4.861003768704841121e+01,6.912381452083167233e+01,-8.616779418388668432e+01,1.419052310459556487e+01,-7.474517700887671090e+00,2.194366323670341146e+01,-7.474517700887671090e+00,5.835907417747362302e+01,-6.236887131003537199e+00,2.194366323670341146e+01,-6.236887131003537199e+00,4.193546727036371635e+01
2.550000000000000044e-01,3.940100504557909611e-01,2.578729792582353797e-01,2.658473983122160433e-01,2.558231694942534773e+02,8.244078765733112490e+00,-4.872678426419019360e+01,8.244078765733112490e+00,1.573886842803042612e+02,6.957224799648021474e+01,-4.872678426419019360e+01,6.957224799648021474e+01,-8.738979328544571956e+01,1.412461130335717208e+01,-7.495267020886362985e+00,2.187503908651082085e+01,-7.495267020886362985e+00,5.826935340402429375e+01,-6.373805453674544985e+00,2.187503908651082085e+01,-6.373805453674544985e+00,4.196399542706512875e+01
2.560000000000000053e-01,3.933761257023901114e-01,2.592619334626997674e-01,2.666080668045739399e-01,2.559373987036673554e+02,8.200535522111900733e+00,-4.884314888230688467e+01,8.200535522111900733e+00,1.572765287651052120e+02,7.001988314041716421e+01,-4.884314888230688467e+01,7.001988314041716421e+01,-8.860883840663851174e+01,1.405942069902259028e+01,-7.515634551428209242e+00,2.180614053707633104e+01,-7.515634551428209242e+00,5.817848043746319320e+01,-6.509402821954472174e+00,2.180614053707633104e+01,-6.509402821954472174e+00,4.199110968290572288e+01
2.570000000000000062e-01,3.927393174445418800e-01,2.606583393943818772e-01,2.673634275023930029e-01,2.560504709677928759e+02,8.156759111087062308e+00,-4.895913911539179253e+01,8.156759111087062308e+00,1.571634309280621267e+02,7.046666200174395556e+01,-4.895913911539179253e+01,7.046666200174395556e+01,-8.982487244187358044e+01,1.399495444661861931e+01,-7.535616429967060270e+00,2.173697182078891643e+01,-7.535616429967060270e+00,5.808645666231274163e+01,-6.643635161853901572e+00,2.173697182078891643e+01,-6.643635161853901572e+00,4.201676394718008112e+01
2.580000000000000071e-01,3.920996397846104320e-01,2.620621898606364519e-01,2.681136902080656359e-01,2.561623818414875586e+02,8.112752526171748357e+00,-4.907476252818574380e+01,8.112752526171748357e+00,1.570493937278801297e+02,7.091252669728673652e+01,-4.907476252818574380e+01,7.091252669728673652e+01,-9.103783761834375809e+01,1.393121565537410511e+01,-7.555208890636901486e+00,2.166753703640698347e+01,-7.555208890636901486e+00,5.799328293920090971e+01,-6.776458603347541576e+00,2.166753703640698347e+01,-6.776458603347541576e+00,4.204091086487832030e+01
2.590000000000000080e-01,3.914571126023664860e-01,2.634734691498296089e-01,2.688590711805444178e-01,2.562731269638758249e+02,8.068518787450727814e+00,-4.919002667045960209e+01,8.068518787450727814e+00,1.569344213058315916e+02,7.135741944116023205e+01,-4.919002667045960209e+01,7.135741944116023205e+01,-9.224767552532995296e+01,1.386820738401614683e+01,-7.574408263832631327e+00,2.159784014286521270e+01,-7.574408263832631327e+00,5.789895960426752453e+01,-6.907829504829694045e+00,2.159784014286521270e+01,-6.907829504829694045e+00,4.206350185322271074e+01
2.600000000000000089e-01,3.908117610788128249e-01,2.648921532109972943e-01,2.695997923891336745e-01,2.563827020644278036e+02,8.024060941898827792e+00,-4.930493907123747022e+01,8.024060941898827792e+00,1.568185189913725708e+02,7.180128257441461415e+01,-4.930493907123747022e+01,7.180128257441461415e+01,-9.345432714564920218e+01,1.380593263614021637e+01,-7.593210975583732925e+00,2.152788495307041217e+01,-7.593210975583732925e+00,5.780348646926021416e+01,-7.037704477560918548e+00,2.152788495307041217e+01,-7.037704477560918548e+00,4.208448714057129791e+01
2.610000000000000098e-01,3.901636152134509983e-01,2.663182098450897484e-01,2.703360807835446522e-01,2.564911029689848760e+02,7.979382063537325820e+00,-4.941950723296913139e+01,7.979382063537325820e+00,1.567016933067451703e+02,7.224405859474313729e+01,-4.941950723296913139e+01,7.224405859474313729e+01,-9.465773288922078166e+01,1.374439435565710887e+01,-7.611613546722022505e+00,2.145767512769491248e+01,-7.611613546722022505e+00,5.770686282232020403e+01,-7.166040410087662238e+00,2.145767512769491248e+01,-7.166040410087662238e+00,4.210381580764826026e+01
2.620000000000000107e-01,3.895127093377247496e-01,2.677515989048774858e-01,2.710681675837002813e-01,2.565983256057313042e+02,7.934485253429121698e+00,-4.953373862566039776e+01,7.934485253429121698e+00,1.565839519705571092e+02,7.268569018622885380e+01,-4.953373862566039776e+01,7.268569018622885380e+01,-9.585783262871980526e+01,1.368359542231980086e+01,-7.629612591845213565e+00,2.138721416897636018e+01,-7.629612591845213565e+00,5.760908742945811412e+01,-7.292794492616954116e+00,2.138721416897636018e+01,-7.292794492616954116e+00,4.212143583105765998e+01
2.630000000000000115e-01,3.888590816274097861e-01,2.691922725006498651e-01,2.717962875924955224e-01,2.567043660111106647e+02,7.889373639513982184e+00,-4.964764068097062477e+01,7.889373639513982184e+00,1.564653039003320032e+02,7.312612024910876585e+01,-4.964764068097062477e+01,7.312612024910876585e+01,-9.705456573728491776e+01,1.362353864733230147e+01,-7.647204818078441768e+00,2.131650541453241132e+01,-7.647204818078441768e+00,5.751015853671764688e+01,-7.417924241328858415e+00,2.131650541453241132e+01,-7.417924241328858415e+00,4.213729412903274607e+01
2.640000000000000124e-01,3.882027736167411591e-01,2.706401752089258594e-01,2.725206785344118643e-01,2.568092203356848131e+02,7.844050376285538917e+00,-4.976122078628613110e+01,7.844050376285538917e+00,1.563457592140244117e+02,7.356529192953468055e+01,-4.976122078628613110e+01,7.356529192953468055e+01,-9.824787112824247970e+01,1.356422676904285396e+01,-7.664387023636355600e+00,2.124555203119961888e+01,-7.664387023636355600e+00,5.741007387302569498e+01,-7.541387522609523053e+00,2.124555203119961888e+01,-7.541387522609523053e+00,4.215133660937059545e+01
2.650000000000000133e-01,3.875438297170734070e-01,2.720952442815020023e-01,2.732415804225743483e-01,2.569128848499364040e+02,7.798518644312157022e+00,-4.987448627877903107e+01,7.798518644312157022e+00,1.562253292304949355e+02,7.400314864931000614e+01,-4.987448627877903107e+01,7.400314864931000614e+01,-9.943768729680661522e+01,1.350566244872301169e+01,-7.681156096188872517e+00,2.117435700890527883e+01,-7.681156096188872517e+00,5.730883065372488971e+01,-7.663142577188467364e+00,2.117435700890527883e+01,-7.663142577188467364e+00,4.216350821949730232e+01
2.660000000000000142e-01,3.868822967428582893e-01,2.735574098522995379e-01,2.739592349564962115e-01,2.570153559500141114e+02,7.752781649604228775e+00,-4.998744443946096538e+01,7.752781649604228775e+00,1.561040264689434309e+02,7.443963413558276443e+01,-4.998744443946096538e+01,7.443963413558276443e+01,-1.006239523637112256e+02,1.344784826643388342e+01,-7.697509011034004089e+00,2.110292315458133672e+01,-7.697509011034004089e+00,5.720642558478479600e+01,-7.783148044163895385e+00,2.110292315458133672e+01,-7.783148044163895385e+00,4.217375299860655957e+01
2.670000000000000151e-01,3.862182234476867482e-01,2.750265951396221875e-01,2.746738849524327231e-01,2.571166301634206661e+02,7.706842622830796685e+00,-5.010010248724105253e+01,7.706842622830796685e+00,1.559818646472976695e+02,7.487469245047503819e+01,-5.010010248724105253e+01,7.487469245047503819e+01,-1.018066041207261492e+02,1.339078671698058542e+01,-7.713442829081786911e+00,2.103125308612967359e+01,-7.713442829081786911e+00,5.710285486768622576e+01,-7.901362984900621278e+00,2.103125308612967359e+01,-7.901362984900621278e+00,4.218201413181073889e+01
2.680000000000000160e-01,3.855516600731006549e-01,2.765027166416191284e-01,2.753857738078993589e-01,2.572167041546452992e+02,7.660704818388889947e+00,-5.021246757299805097e+01,7.660704818388889947e+00,1.558588586795580397e+02,7.530826802063026548e+01,-5.021246757299805097e+01,7.530826802063026548e+01,-1.029855800780080131e+02,1.333448020595541372e+01,-7.728954694653556778e+00,2.095934922644782716e+01,-7.728954694653556778e+00,5.699811420497299252e+01,-8.017746906785571781e+00,2.095934922644782716e+01,-8.017746906785571781e+00,4.218823400624130926e+01
2.690000000000000169e-01,3.848826579128012959e-01,2.779856843229295826e-01,2.760951450015811659e-01,2.573155747307402521e+02,7.614371513329247776e+00,-5.032454677367623219e+01,7.614371513329247776e+00,1.557350246720988594e+02,7.574030566665979336e+01,-5.032454677367623219e+01,7.574030566665979336e+01,-1.041608175132311374e+02,1.327893104586992301e+01,-7.744041833101375616e+00,2.088721379752451313e+01,-7.744041833101375616e+00,5.689219880646371053e+01,-8.132259786826278258e+00,2.088721379752451313e+01,-8.132259786826278258e+00,4.219235426903158270e+01
2.700000000000000178e-01,3.842112688948142729e-01,2.794754017907021826e-01,2.768022416294947941e-01,2.574132388468453314e+02,7.567846006142603166e+00,-5.043634708641524611e+01,7.567846006142603166e+00,1.556103799189290271e+02,7.617075063247109767e+01,-5.043634708641524611e+01,7.617075063247109767e+01,-1.053322535224436649e+02,1.322414145237580207e+01,-7.758701548252746605e+00,2.081484881461426184e+01,-7.758701548252746605e+00,5.678510339611622015e+01,-8.244862095078662634e+00,2.081484881461426184e+01,-8.244862095078662634e+00,4.219431588711336190e+01
2.710000000000000187e-01,3.835375451840541405e-01,2.809717664584003849e-01,2.775073059779235018e-01,2.575096936116597703e+02,7.521131615410938664e+00,-5.054787542272359246e+01,7.521131615410938664e+00,1.554849428959153954e+02,7.659954861446048824e+01,-5.054787542272359246e+01,7.659954861446048824e+01,-1.064998250725885498e+02,1.317011354057398798e+01,-7.772931219686160631e+00,2.074225608050056735e+01,-7.772931219686160631e+00,5.667682221953579358e+01,-8.355514817890586698e+00,2.074225608050056735e+01,-8.355514817890586698e+00,4.219405920875534832e+01
2.720000000000000195e-01,3.828615388076188619e-01,2.824746696960340753e-01,2.782105791333132627e-01,2.576049362928660571e+02,7.474231678328584039e+00,-5.065913860270610058e+01,7.474231678328584039e+00,1.553587332539740942e+02,7.702664579055387151e+01,-5.065913860270610058e+01,7.702664579055387151e+01,-1.076634690556289087e+02,1.311684932141117166e+01,-7.786728299843355572e+00,2.066943717985682483e+01,-7.786728299843355572e+00,5.656734905211757791e+01,-8.464179480948489598e+00,2.066943717985682483e+01,-8.464179480948489598e+00,4.219152402676983371e+01
2.730000000000000204e-01,3.821833013050197625e-01,2.839839969657014240e-01,2.789123006289690454e-01,2.576989643225069813e+02,7.427149549098306380e+00,-5.077014334935542195e+01,7.427149549098306380e+00,1.552317718112358307e+02,7.745198884907955517e+01,-5.077014334935542195e+01,7.745198884907955517e+01,-1.088231223442129050e+02,1.306435069816238936e+01,-7.800090310984553632e+00,2.059639347371457774e+01,-7.800090310984553632e+00,5.645667720781319332e+01,-8.570818172114851308e+00,2.059639347371457774e+01,-8.570818172114851308e+00,4.218664964331101430e+01
2.740000000000000213e-01,3.815028834053927342e-01,2.854996279415684679e-01,2.796127081280922466e-01,2.577917753023199907e+02,7.379888597207894918e+00,-5.088089628291777444e+01,7.379888597207894918e+00,1.551040805441928683e+02,7.787552501745801692e+01,-5.088089628291777444e+01,7.787552501745801692e+01,-1.099787218488120004e+02,1.301261946299824857e+01,-7.813014841993326520e+00,2.052312609404847521e+01,-7.813014841993326520e+00,5.634479954851032346e+01,-8.675393564044977524e+00,2.052312609404847521e+01,-8.675393564044977524e+00,4.217937493618739353e+01
2.750000000000000222e-01,3.808203347335802347e-01,2.870214366136605855e-01,2.803120371423777346e-01,2.578833670090324404e+02,7.332452205593081196e+00,-5.099140391534327676e+01,7.332452205593081196e+00,1.549756825778357268e+02,7.829720209069398607e+01,-5.099140391534327676e+01,7.829720209069398607e+01,-1.111302045762640063e+02,1.296165729363477226e+01,-7.825499545037987836e+00,2.044963593848730454e+01,-7.825499545037987836e+00,5.623170849401369509e+01,-8.777868936571978864e+00,2.044963593848730454e+01,-8.777868936571978864e+00,4.216963842660770467e+01
2.760000000000000231e-01,3.801357035467993750e-01,2.885492913750924981e-01,2.810105207851081865e-01,2.579737373996206884e+02,7.284843768692879529e+00,-5.110167264483115446e+01,7.284843768692879529e+00,1.548466021747900072e+02,7.871696845965679756e+01,-5.110167264483115446e+01,7.871696845965679756e+01,-1.122775076896500224e+02,1.291146575006369979e+01,-7.837542132096777081e+00,2.037592366516068054e+01,-7.837542132096777081e+00,5.611739603261506204e+01,-8.878208198849570465e+00,2.037592366516068054e+01,-8.878208198849570465e+00,4.215737834827918817e+01
2.770000000000000240e-01,3.794490365034260959e-01,2.900830550926046802e-01,2.817083895574131192e-01,2.580628846165384971e+02,7.237066690403760383e+00,-5.121170875048017734e+01,7.237066690403760383e+00,1.547168647234637717e+02,7.913477313913585931e+01,-5.121170875048017734e+01,7.913477313913585931e+01,-1.134205685694325041e+02,1.286204627136066314e+01,-7.849140371354389245e+00,2.030198968769056478e+01,-7.849140371354389245e+00,5.600185373223884966e+01,-8.976375911242735484e+00,2.030198968769056478e+01,-8.976375911242735484e+00,4.214253271777434406e+01
2.780000000000000249e-01,3.787603784652223693e-01,2.916225851605213082e-01,2.824058711661113774e-01,2.581508069929190583e+02,7.189124381939350883e+00,-5.132151838705478752e+01,7.189124381939350883e+00,1.545864967252178417e+02,7.955056579565835762e+01,-5.132151838705478752e+01,7.955056579565835762e+01,-1.145593248757803480e+02,1.281340017256836283e+01,-7.860292083477673053e+00,2.022783417033737408e+01,-7.860292083477673053e+00,5.588507275215015113e+01,-9.072337306957033221e+00,2.022783417033737408e+01,-9.072337306957033221e+00,4.212503940608241493e+01
2.790000000000000258e-01,3.780697723341374661e-01,2.931677335384773042e-01,2.831031903713268072e-01,2.582375030577548500e+02,7.141020259602551157e+00,-5.143110757987711423e+01,7.141020259602551157e+00,1.544555257805714916e+02,7.996429677505717848e+01,-5.143110757987711423e+01,7.996429677505717848e+01,-1.156937146120042286e+02,1.276552864165165957e+01,-7.870995137778627360e+00,2.015345702330978028e+01,-7.870995137778627360e+00,5.576704385521054519e+01,-9.166058313397728696e+00,2.015345702330978028e+01,-9.166058313397728696e+00,4.210483621125889897e+01
2.800000000000000266e-01,3.773772589245890097e-01,2.947183467734854068e-01,2.838005688618655542e-01,2.583229715410614631e+02,7.092757742477274086e+00,-5.154048221985564737e+01,7.092757742477274086e+00,1.543239805744582043e+02,8.037591712977750547e+01,-5.154048221985564737e+01,8.037591712977750547e+01,-1.168236761890249795e+02,1.271843273652103790e+01,-7.881247448272986844e+00,2.007885789824769418e+01,-7.881247448272986844e+00,5.564775742066667874e+01,-9.257505573250483621e+00,2.007885789824769418e+01,-9.257505573250483621e+00,4.208186093208703937e+01
2.810000000000000275e-01,3.766828768719232556e-01,2.962742660071355227e-01,2.844982251561690156e-01,2.584072113790310823e+02,7.044340250047176788e+00,-5.164964805866061681e+01,7.044340250047176788e+00,1.541918908605460956e+02,8.078537864591132234e+01,-5.164964805866061681e+01,8.078537864591132234e+01,-1.179491484907955936e+02,1.267211338212086247e+01,-7.891046969643067399e+00,2.000403618388796190e+01,-7.891046969643067399e+00,5.552720345745708386e+01,-9.346646465276055693e+00,2.000403618388796190e+01,-9.346646465276055693e+00,4.205605144266310447e+01
2.820000000000000284e-01,3.759866625775147853e-01,2.978353269689147931e-01,2.851963745265032601e-01,2.584902217191800560e+02,6.995771199748978653e+00,-5.175861070405670716e+01,6.995771199748978653e+00,1.540592874446390681e+02,8.119263386994903442e+01,-5.175861070405670716e+01,8.119263386994903442e+01,-1.190700709405964091e+02,1.262657136757827381e+01,-7.900391693113529179e+00,1.992899100192176221e+01,-7.900391693113529179e+00,5.540537161802005528e+01,-9.433449124811577491e+00,1.992899100192176221e+01,-9.433449124811577491e+00,4.202734576781705300e+01
2.830000000000000293e-01,3.752886501907526928e-01,2.994013599568227102e-01,2.858952289439187777e-01,2.585720019254990802e+02,6.947054004468177446e+00,-5.186737561540357433e+01,6.947054004468177446e+00,1.539262021671757452e+02,8.159763613523898584e+01,-5.186737561540357433e+01,8.159763613523898584e+01,-1.201863835681221389e+02,1.258180734340877294e+01,-7.909279642249227749e+00,1.985372120305340360e+01,-7.909279642249227749e+00,5.528225121258775943e+01,-9.517882463971893969e+00,1.985372120305340360e+01,-9.517882463971893969e+00,4.199568215927987325e+01
2.840000000000000302e-01,3.745888716279178188e-01,3.009721898066339274e-01,2.865949970414278236e-01,2.586525515836094655e+02,6.898192069985084274e+00,-5.197594809933423932e+01,6.898192069985084274e+00,1.537926678848434108e+02,8.200033958814481139e+01,-5.197594809933423932e+01,8.200033958814481139e+01,-1.212980270772773963e+02,1.253782181877373780e+01,-7.917708868684147916e+00,1.977822536326952374e+01,-7.917708868684147916e+00,5.515783122394851290e+01,-9.599916191544581423e+00,1.977822536326952374e+01,-9.599916191544581423e+00,4.196099917250756306e+01
2.850000000000000311e-01,3.738873566277369775e-01,3.025476358513009001e-01,2.872958840927674062e-01,2.587318705059346371e+02,6.849188792379348634e+00,-5.208433330562212404e+01,6.849188792379348634e+00,1.536587184513262230e+02,8.240069921389238061e+01,-5.208433330562212404e+01,8.240069921389238061e+01,-1.224049429145980525e+02,1.249461515878546436e+01,-7.925677447790887342e+00,1.970250178032805266e+01,-7.925677447790887342e+00,5.503210032266095908e+01,-9.679520832572759304e+00,1.970250178032805266e+01,-9.679520832572759304e+00,4.192323574407223674e+01
2.860000000000000320e-01,3.731841328431657612e-01,3.041275118721347703e-01,2.879980920040777215e-01,2.588099587368922698e+02,6.800047555401186550e+00,-5.219253622324674069e+01,6.800047555401186550e+00,1.535243886972064047e+02,8.279867086209749516e+01,-5.219253622324674069e+01,8.279867086209749516e+01,-1.235070733382131039e+02,1.245218758185475494e+01,-7.933183474300129490e+00,1.962654847047621232e+01,-7.933183474300129490e+00,5.490504688270257105e+01,-9.756667747620436870e+00,1.962654847047621232e+01,-9.756667747620436870e+00,4.188233126953053898e+01
2.870000000000000329e-01,3.724792259687256246e-01,3.057116260435073229e-01,2.887018193158195634e-01,2.588868165581138783e+02,6.750771727817719281e+00,-5.230056167666845113e+01,6.750771727817719281e+00,1.533897144090386746e+02,8.319421127196631005e+01,-5.230056167666845113e+01,8.319421127196631005e+01,-1.246043614872622101e+02,1.241053915707593269e+01,-7.940225057879670700e+00,1.955036316540659413e+01,-7.940225057879670700e+00,5.477665899753404233e+01,-9.831329151715015868e+00,1.955036316540659413e+01,-9.831329151715015868e+00,4.183822568167867928e+01
2.880000000000000338e-01,3.717726599025114043e-01,3.072997808729127645e-01,2.894072612122523536e-01,2.589624444937003318e+02,6.701364660742933133e+00,-5.240841432232263486e+01,6.701364660742933133e+00,1.532547323076189230e+02,8.358727809716127410e+01,-5.240841432232263486e+01,8.358727809716127410e+01,-1.256967514516833546e+02,1.236966980164427987e+01,-7.946800318682874398e+00,1.947394330946061558e+01,-7.946800318682874398e+00,5.464692449656259754e+01,-9.903478132962581171e+00,1.947394330946061558e+01,-9.903478132962581171e+00,4.179085952910482860e+01
2.889999999999999791e-01,3.710644569417516081e-01,3.088917731382989640e-01,2.901146095358494437e-01,2.590368433155190360e+02,6.651829684959822409e+00,-5.251609864534324146e+01,6.651829684959822409e+00,1.531194800254680786e+02,8.397782993032438981e+01,-5.251609864534324146e+01,8.397782993032438981e+01,-1.267841883422835139e+02,1.232957927830023337e+01,-7.952907382876150955e+00,1.939728605708832632e+01,-7.952907382876150955e+00,5.451583096198456246e+01,-9.973088670831101510e+00,1.939728605708832632e+01,-9.973088670831101510e+00,4.174017405494829092e+01
2.899999999999999800e-01,3.703546380106195191e-01,3.104873938246316967e-01,2.908240528040713646e-01,2.591100140485510792e+02,6.602170108243376134e+00,-5.262361895652612276e+01,6.602170108243376134e+00,1.529839960835537909e+02,8.436582632725165354e+01,-5.262361895652612276e+01,8.436582632725165354e+01,-1.278666183610066014e+02,1.229026719279509905e+01,-7.958544378155671950e+00,1.932038827057383301e+01,-7.958544378155671950e+00,5.438336574598990580e+01,-1.004013565409787567e+01,1.932038827057383301e+01,-1.004013565409787567e+01,4.168611127577644737e+01
2.909999999999999809e-01,3.696432229190465546e-01,3.120864280618689257e-01,2.915357762257205776e-01,2.591819579762956778e+02,6.552389212693197074e+00,-5.273097938954195740e+01,6.552389212693197074e+00,1.528483198672720675e+02,8.475122783071100230e+01,-5.273097938954195740e+01,8.475122783071100230e+01,-1.289439888713098128e+02,1.225173299137243887e+01,-7.963709429262962658e+00,1.924324651803513575e+01,-7.963709429262962658e+00,5.424951598830879362e+01,-1.010459489845665360e+01,1.924324651803513575e+01,-1.010459489845665360e+01,4.162861406048971702e+01
2.919999999999999818e-01,3.689302306496676231e-01,3.136886550654893191e-01,2.922499617158277330e-01,2.592526766462397632e+02,6.502490252084444755e+00,-5.283818389840907770e+01,6.502490252084444755e+00,1.527124916017123439e+02,8.513399599389784100e+01,-5.283818389840907770e+01,8.513399599389784100e+01,-1.300162484685628783e+02,1.221397595825955307e+01,-7.968400653509728926e+00,1.916585707170763442e+01,-7.968400653509728926e+00,5.411426863408210863e+01,-1.016644316378138235e+01,1.916585707170763442e+01,-1.016644316378138235e+01,4.156762620916627782e+01
2.929999999999999827e-01,3.682156796729354475e-01,3.152938480829772239e-01,2.929667879046299328e-01,2.593221718753994196e+02,6.452476449245972745e+00,-5.294523625523587640e+01,6.452476449245972745e+00,1.525765523262298586e+02,8.551409340352103072e+01,-5.294523625523587640e+01,8.551409340352103072e+01,-1.310833470503807234e+02,1.217699521316307454e+01,-7.972616156321671532e+00,1.908821590652001632e+01,-7.972616156321671532e+00,5.397761045203614572e+01,-1.022565817104220720e+01,1.908821590652001632e+01,-1.022565817104220720e+01,4.150309253175742441e+01
2.939999999999999836e-01,3.674995882869578345e-01,3.169017743471512771e-01,2.936864301401739819e-01,2.593904457559422099e+02,6.402350993474463792e+00,-5.305214004824275520e+01,6.402350993474463792e+00,1.524405438683489251e+02,8.589148370251339770e+01,-5.305214004824275520e+01,8.589148370251339770e+01,-1.321452358868024533e+02,1.214078970876295394e+01,-7.976354026811665499e+00,1.901031869897171234e+01,-7.976354026811665499e+00,5.383952805294270405e+01,-1.028221861887096900e+01,1.901031869897171234e+01,-1.028221861887096900e+01,4.143495892654693336e+01
2.949999999999999845e-01,3.667819749802553875e-01,3.185121950385328971e-01,2.944090604821452684e-01,2.594575006608969829e+02,6.352117037993409099e+00,-5.315889868007342756e+01,6.352117037993409099e+00,1.523045088170224801e+02,8.626613161236008409e+01,-5.315889868007342756e+01,8.626613161236008409e+01,-1.332018676902282834e+02,1.210535822819880281e+01,-7.979612333392176460e+00,1.893216082632070041e+01,-7.979612333392176460e+00,5.370000790834483695e+01,-1.033610419977206973e+01,1.893216082632070041e+01,-1.033610419977206973e+01,4.136317245828640665e+01
2.959999999999999853e-01,3.660628588151063623e-01,3.201248652585790833e-01,2.951348476851725078e-01,2.595233392499596903e+02,6.301777697465728245e+00,-5.326551536640522500e+01,6.301777697465728245e+00,1.521684904952726356e+02,8.663800295503857285e+01,-5.326551536640522500e+01,8.663800295503857285e+01,-1.342531966850266372e+02,1.207069938254254282e+01,-7.982389119437140579e+00,1.885373736609033557e+01,-7.982389119437140579e+00,5.355903636952903213e+01,-1.038729561597589424e+01,1.885373736609033557e+01,-1.038729561597589424e+01,4.128768143592082396e+01
2.969999999999999862e-01,3.653422598290198553e-01,3.217395340155093098e-01,2.958639571700437676e-01,2.595879644754015771e+02,6.251336045568849364e+00,-5.337199313486780028e+01,6.251336045568849364e+00,1.520325329322374728e+02,8.700706467456375037e+01,-5.337199313486780028e+01,8.700706467456375037e+01,-1.352991786767222777e+02,1.203681160825158791e+01,-7.984682399003316888e+00,1.877504309590447562e+01,-7.984682399003316888e+00,5.341659968672419723e+01,-1.043577459493082493e+01,1.877504309590447562e+01,-1.043577459493082493e+01,4.120843548981851967e+01
2.979999999999999871e-01,3.646201994517750400e-01,3.233559442243569837e-01,2.965965509814702528e-01,2.596513795880891848e+02,6.200795112640998141e+00,-5.347833482428001872e+01,6.200795112640998141e+00,1.518966808346505104e+02,8.737328485813171142e+01,-5.347833482428001872e+01,8.737328485813171142e+01,-1.363397711206783072e+02,1.200369316459631364e+01,-7.986490152621212424e+00,1.869607249365909851e+01,-7.986490152621212424e+00,5.327268402850791773e+01,-1.048152390443083704e+01,1.869607249365909851e+01,-1.048152390443083704e+01,4.112538564842066080e+01
2.989999999999999880e-01,3.638967009353674120e-01,3.249738327227486012e-01,2.973327877312479939e-01,2.597135881436215072e+02,6.150157883407426418e+00,-5.358454308421408285e+01,6.150157883407426418e+00,1.517609795577783132e+02,8.773663275685530039e+01,-5.358454308421408285e+01,8.773663275685530039e+01,-1.373749331901832136e+02,1.197134213105611344e+01,-7.987810323165523307e+00,1.861681973803974799e+01,-7.987810323165523307e+00,5.312727550140036215e+01,-1.052452736737458849e+01,1.861681973803974799e+01,-1.052452736737458849e+01,4.103848441422648108e+01
2.999999999999999889e-01,3.631717897941311168e-01,3.265929303037917175e-01,2.980728225258794106e-01,2.597745940085939651e+02,6.099427294795214394e+00,-5.369062037489631933e+01,6.099427294795214394e+00,1.516254750758434398e+02,8.809707880608490882e+01,-5.369062037489631933e+01,8.809707880608490882e+01,-1.384046258438548591e+02,1.193975640467783705e+01,-7.988640811815116649e+00,1.853727870939298938e+01,-7.988640811815116649e+00,5.298036016962609551e+01,-1.056476987615280017e+01,1.853727870939298938e+01,-1.056476987615280017e+01,4.094768583903109516e+01
3.009999999999999898e-01,3.624454942522472578e-01,3.282129617672953636e-01,2.988168068779380460e-01,2.598344013669938590e+02,6.048606233845220892e+00,-5.379656896745341044e+01,6.048606233845220892e+00,1.514902139519586228e+02,8.845459464530675575e+01,-5.379656896745341044e+01,8.845459464530675575e+01,-1.394288118922734441e+02,1.190893369739105268e+01,-7.988979474112394286e+00,1.845744299096095276e+01,-7.988979474112394286e+00,5.283192407502443189e+01,-1.060223740665942671e+01,1.845744299096095276e+01,-1.060223740665942671e+01,4.085294559833332073e+01
3.019999999999999907e-01,3.617178456957973465e-01,3.298336459904002704e-01,2.995648886006773703e-01,2.598930147267372490e+02,5.997697535729691332e+00,-5.390239094451344215e+01,5.997697535729691332e+00,1.513552433076003751e+02,8.880915313761180130e+01,-5.390239094451344215e+01,8.880915313761180130e+01,-1.404474560637555953e+02,1.187887153327401357e+01,-7.988824116131860720e+00,1.837730587048715947e+01,-7.988824116131860720e+00,5.268195325708811083e+01,-1.063691703192290738e+01,1.837730587048715947e+01,-1.063691703192290738e+01,4.075422106483242857e+01
3.029999999999999916e-01,3.609888791265117303e-01,3.314546960185353885e-01,3.003172116856090978e-01,2.599504389263509552e+02,5.946703981883899814e+00,-5.400808820117004672e+01,5.946703981883899814e+00,1.512206107916478572e+02,8.916072838872690909e+01,-5.400808820117004672e+01,8.916072838872690909e+01,-1.414605250691811875e+02,1.184956724576495368e+01,-7.988172490767633249e+00,1.829686034220268098e+01,-7.988172490767633249e+00,5.253043377311158935e+01,-1.066879693535275919e+01,1.829686034220268098e+01,-1.066879693535275919e+01,4.065147138093346513e+01
3.039999999999999925e-01,3.602586336143331902e-01,3.330758191774367827e-01,3.010739161629892857e-01,2.600066791418091157e+02,5.895628298260129796e+00,-5.411366244631863509e+01,5.895628298260129796e+00,1.510863645490157410e+02,8.950929576560037049e+01,-5.411366244631863509e+01,8.950929576560037049e+01,-1.424679876657854720e+02,1.182101797481288052e+01,-7.987022294149611845e+00,1.821609910920069098e+01,-7.987022294149611845e+00,5.237735171842832216e+01,-1.069786642359705020e+01,1.821609910920069098e+01,-1.069786642359705020e+01,4.054465753018104834e+01
3.049999999999999933e-01,3.595271527459416028e-01,3.346967172068092689e-01,3.018351379453678152e-01,2.600617408935294748e+02,5.844473153712140601e+00,-5.421911520437284082e+01,5.844473153712140601e+00,1.509525531889083538e+02,8.985483191453276675e+01,-5.421911520437284082e+01,8.985483191453276675e+01,-1.434698147198289462e+02,1.179322066396254343e+01,-7.985371162197655970e+00,1.813501458620811491e+01,-7.985371162197655970e+00,5.222269324671825075e+01,-1.072411593900524451e+01,1.813501458620811491e+01,-1.072411593900524451e+01,4.043374240754327786e+01
3.059999999999999942e-01,3.587944850663954410e-01,3.363170864160200391e-01,3.026010086545519173e-01,2.601156300535348578e+02,5.793241158518163125e+00,-5.432444781736964501e+01,5.793241158518163125e+00,1.508192257527228435e+02,9.019731477884428728e+01,-5.432444781736964501e+01,9.019731477884428728e+01,-1.444659792680570831e+02,1.176617205736821425e+01,-7.983216667323413063e+00,1.805359890276266555e+01,-7.983216667323413063e+00,5.206644459036529327e+01,-1.074753707169136518e+01,1.805359890276266555e+01,-1.074753707169136518e+01,4.031869088846770666e+01
3.069999999999999951e-01,3.580606845110954062e-01,3.379366178620469285e-01,3.033716554325490700e-01,2.601683528527875069e+02,5.741934863050322413e+00,-5.442966144747089885e+01,5.741934863050322413e+00,1.506864316816293297e+02,9.053672361606825802e+01,-5.442966144747089885e+01,9.053672361606825802e+01,-1.454564565778623262e+02,1.173986869673123934e+01,-7.980556315288980684e+00,1.797184390680378385e+01,-7.980556315288980684e+00,5.190859208084619070e+01,-1.076812257119128269e+01,1.797184390680378385e+01,-1.076812257119128269e+01,4.019946989663284143e+01
3.079999999999999960e-01,3.573258108253197785e-01,3.395549975497196837e-01,3.041472007372238995e-01,2.602199158886996884e+02,5.690556756598223132e+00,-5.453475707986926579e+01,5.690556756598223132e+00,1.505542207838568913e+02,9.087303901466100342e+01,-5.453475707986926579e+01,9.087303901466100342e+01,-1.464412242060615483e+02,1.171430691815622183e+01,-7.977387542231584305e+00,1.788974116868526920e+01,-7.977387542231584305e+00,5.174912216913007512e+01,-1.078586635770784774e+01,1.788974116868526920e+01,-1.078586635770784774e+01,4.007604847031811346e+01
3.089999999999999969e-01,3.565899299686611235e-01,3.411719066541327727e-01,3.049277621235894631e-01,2.602703261328276199e+02,5.639109266354293659e+00,-5.463973552610601558e+01,5.639109266354293659e+00,1.504226432017133561e+02,9.120624291021681529e+01,-5.463973552610601558e+01,9.120624291021681529e+01,-1.474202620562015795e+02,1.168948284892131184e+01,-7.973707711863392333e+00,1.780728198561846654e+01,-7.973707711863392333e+00,5.158802144607061990e+01,-1.080076353293701885e+01,1.780728198561846654e+01,-1.080076353293701885e+01,3.994839782731822453e+01
3.099999999999999978e-01,3.558531145017670427e-01,3.427870217649208739e-01,3.057134520118138798e-01,2.603195909387522988e+02,5.587594756568263321e+00,-5.474459742780780402e+01,5.587594756568263321e+00,1.502917493783672853e+02,9.153631860117624797e+01,-5.474459742780780402e+01,9.153631860117624797e+01,-1.483935524343051213e+02,1.166539240415787759e+01,-7.969514112855277332e+00,1.772445738655328995e+01,-7.969514112855277332e+00,5.142527666277032239e+01,-1.081281039046758075e+01,1.772445738655328995e+01,-1.081281039046758075e+01,3.981649142832613819e+01
3.109999999999999987e-01,3.551154439528914630e-01,3.444000151519435726e-01,3.065043774431712720e-01,2.603677180501518933e+02,5.536015527878031861e+00,-5.484934326084965051e+01,5.536015527878031861e+00,1.501615900244214004e+02,9.186325076401573142e+01,-5.484934326084965051e+01,9.186325076401573142e+01,-1.493610801029709876e+02,1.164203128343542026e+01,-7.964803956413335051e+00,1.764125813750578331e+01,-7.964803956413335051e+00,5.126087475089833134e+01,-1.082200442574647603e+01,1.764125813750578331e+01,-1.082200442574647603e+01,3.968030503871217007e+01
3.119999999999999996e-01,3.543770051618699846e-01,3.460105550517558193e-01,3.073006398252970950e-01,2.604147156090704698e+02,5.484373816823936210e+00,-5.495397333995054368e+01,5.484373816823936210e+00,1.500322160843057588e+02,9.218702546790504471e+01,-5.495397333995054368e+01,9.218702546790504471e+01,-1.503228323337411894e+02,1.161939496724755649e+01,-7.959574374056748169e+00,1.755767474733944766e+01,-7.959574374056748169e+00,5.109480284294215124e+01,-1.082834434560141368e+01,1.755767474733944766e+01,-1.082834434560141368e+01,3.953981678862516702e+01
3.130000000000000004e-01,3.536378925992492706e-01,3.476183059740974302e-01,3.081023346682312258e-01,2.604605921643851616e+02,5.432671795553251748e+00,-5.505848782370818384e+01,5.432671795553251748e+00,1.499036787025196702e+02,9.250763018881919209e+01,-5.505848782370818384e+01,9.250763018881919209e+01,-1.512787989576483199e+02,1.159747871339543224e+01,-7.953822415605392493e+00,1.747369747400858842e+01,-7.953822415605392493e+00,5.092704829237426623e+01,-1.083183007731136271e+01,1.747369747400858842e+01,-1.083183007731136271e+01,3.939500723134450055e+01
3.140000000000000013e-01,3.528982086584397937e-01,3.492229290275011833e-01,3.089095513128251036e-01,2.605053566804758134e+02,5.380911571721526343e+00,-5.516288672007866722e+01,5.380911571721526343e+00,1.497760291897517675e+02,9.282505382308970354e+01,-5.516288672007866722e+01,9.282505382308970354e+01,-1.522289724138567237e+02,1.157627755326497088e+01,-7.947545047385474959e+00,1.738931633127077347e+01,-7.947545047385474959e+00,5.075759869371405131e+01,-1.083246277721556439e+01,1.738931633127077347e+01,-1.083246277721556439e+01,3.924585939981073324e+01
3.150000000000000022e-01,3.521580639188962580e-01,3.508240822629788425e-01,3.097223726531834753e-01,2.605490185461000578e+02,5.329095188597151811e+00,-5.526716989230695276e+01,5.329095188597151811e+00,1.496493189889070550e+02,9.313928670038039570e+01,-5.526716989230695276e+01,9.313928670038039570e+01,-1.531733477963110204e+02,1.155578628799492158e+01,-7.940739150661277002e+00,1.730452109587634979e+01,-7.940739150661277002e+00,5.058644190246683792e+01,-1.083024483885037093e+01,1.730452109587634979e+01,-1.083024483885037093e+01,3.909235886126466397e+01
3.160000000000000031e-01,3.514175773784802281e-01,3.524214210346398035e-01,3.105408748548668663e-01,2.605915875834739381e+02,5.277224625375286138e+00,-5.537133706531291466e+01,5.277224625375286138e+00,1.495235996410698931e+02,9.345032059607075325e+01,-5.537133706531291466e+01,9.345032059607075325e+01,-1.541119228983053233e+02,1.153599948453272717e+01,-7.933401520300874310e+00,1.721930131524161567e+01,-7.933401520300874310e+00,5.041356605491949239e+01,-1.082517990060315327e+01,1.721930131524161567e+01,-1.082517990060315327e+01,3.893449376992406741e+01
3.170000000000000040e-01,3.506768766533240322e-01,3.540145983759855342e-01,3.113651270706394580e-01,2.606330740575619416e+02,5.225301797707059492e+00,-5.547538783253819616e+01,5.225301797707059492e+00,1.493989227514333322e+02,9.375814874303063107e+01,-5.547538783253819616e+01,9.375814874303063107e+01,-1.550446982548880897e+02,1.151691147157583828e+01,-7.925528863683566350e+00,1.713364631561350748e+01,-7.925528863683566350e+00,5.023895958777536919e+01,-1.081727285287150941e+01,1.713364631561350748e+01,-1.081727285287150941e+01,3.877225491762977327e+01
3.180000000000000049e-01,3.499360981436689944e-01,3.556032653905293328e-01,3.121951911555756465e-01,2.606734886855759896e+02,5.173328558449670211e+00,-5.557932166325777246e+01,5.173328558449670211e+00,1.492753399552227336e+02,9.406276584276788810e+01,-5.557932166325777246e+01,9.406276584276788810e+01,-1.559716771830154300e+02,1.149851633539620721e+01,-7.917117799856476346e+00,1.704754521073175511e+01,-7.917117799856476346e+00,5.006261125760777020e+01,-1.080652984471542410e+01,1.704754521073175511e+01,-1.080652984471542410e+01,3.860563578239069926e+01
3.190000000000000058e-01,3.491953871643322938e-01,3.571870716553163794e-01,3.130311213833538719e-01,2.607128426466828728e+02,5.121306698642753119e+00,-5.568313791036013782e+01,5.121306698642753119e+00,1.491529028836446003e+02,9.436416807593030853e+01,-5.568313791036013782e+01,9.436416807593030853e+01,-1.568928658193683816e+02,1.148080791554630231e+01,-7.908164858947631437e+00,1.696098691099592770e+01,-7.908164858947631437e+00,4.988451016011448758e+01,-1.079295828998946227e+01,1.696098691099592770e+01,-1.079295828998946227e+01,3.843463257476156514e+01
3.200000000000000067e-01,3.484548980386232842e-01,3.587656656358481078e-01,3.138729641655645386e-01,2.607511475919221766e+02,5.069237948716118325e+00,-5.578683581859945662e+01,5.069237948716118325e+00,1.490316631298891537e+02,9.466235311214258275e+01,-5.578683581859945662e+01,9.466235311214258275e+01,-1.578082731557482248e+02,1.146377980044525735e+01,-7.898666481842669285e+00,1.687396013314310039e+01,-7.898666481842669285e+00,4.970464574915371259e+01,-1.077656687294126314e+01,1.687396013314310039e+01,-1.077656687294126314e+01,3.825924428198405991e+01
3.210000000000000075e-01,3.477147941547168442e-01,3.603386951108645819e-01,3.147207577758479036e-01,2.607884156543311747e+02,5.017123979933596267e+00,-5.589041453332209386e+01,5.017123979933596267e+00,1.489116722152168677e+02,9.495732011915765725e+01,-5.589041453332209386e+01,9.495732011915765725e+01,-1.587179110719652044e+02,1.144742532284403680e+01,-7.888619020131851123e+00,1.678645341044255446e+01,-7.888619020131851123e+00,4.952300785554254503e+01,-1.075736555326202470e+01,1.678645341044255446e+01,-1.075736555326202470e+01,3.807947270982607790e+01
3.220000000000000084e-01,3.469752479836655246e-01,3.619058076053988660e-01,3.155745320806326304e-01,2.608246594592764040e+02,4.964966406077515160e+00,-5.599387310966993425e+01,4.964966406077515160e+00,1.487929815551588320e+02,9.524906977130143559e+01,-5.599387310966993425e+01,9.524906977130143559e+01,-1.596217943661360437e+02,1.143173755516933454e+01,-7.878018736334221117e+00,1.669845510341310657e+01,-7.878018736334221117e+00,4.933958670559950122e+01,-1.073536557057395946e+01,1.669845510341310657e+01,-1.073536557057395946e+01,3.789532252205148666e+01
3.230000000000000093e-01,3.462364410584211072e-01,3.634666508304853494e-01,3.164343082782178351e-01,2.608598921349891384e+02,4.912766785377931988e+00,-5.609721052226157667e+01,4.912766785377931988e+00,1.486756424258600191e+02,9.553760425718897409e+01,-5.609721052226157667e+01,9.553760425718897409e+01,-1.605199407823060085e+02,1.141670930474585788e+01,-7.866861804405123948e+00,1.660995341106859868e+01,-7.866861804405123948e+00,4.915437293941216979e+01,-1.071057944833910369e+01,1.660995341106859868e+01,-1.071057944833910369e+01,3.770680127745610122e+01
3.240000000000000102e-01,3.454985639134183772e-01,3.650208731279023233e-01,3.173000986478600738e-01,2.608941273233015750e+02,4.860526622690443332e+00,-5.620042567535236344e+01,4.860526622690443332e+00,1.485597059305959533e+02,9.582292728668920745e+01,-5.620042567535236344e+01,9.582292728668920745e+01,-1.614123710353122760e+02,1.140233310889750840e+01,-7.855144310533332508e+00,1.652093638269636955e+01,-7.855144310533332508e+00,4.896735762881107235e+01,-1.068302099717320530e+01,1.652093638269636955e+01,-1.068302099717320530e+01,3.751391946440384828e+01
3.250000000000000111e-01,3.447618159844602070e-01,3.665681239183119500e-01,3.181719063104729850e-01,2.609273791905800408e+02,4.808247371926038127e+00,-5.630351741347315908e+01,4.808247371926038127e+00,1.484452229664926790e+02,9.610504409711498397e+01,-5.630351741347315908e+01,9.610504409711498397e+01,-1.622991088328057856e+02,1.138860122992823598e+01,-7.842862254233617492e+00,1.643139193017375632e+01,-7.842862254233617492e+00,4.877853229503164556e+01,-1.065270531754775085e+01,1.643139193017375632e+01,-1.065270531754775085e+01,3.731669053279989612e+01
3.260000000000000120e-01,3.440264054688210726e-01,3.681080541511859705e-01,3.190497250024521558e-01,2.609596624388500459e+02,4.755930438736090338e+00,-5.640648453254715378e+01,4.755930438736090338e+00,1.483322441914792194e+02,9.638396145861410957e+01,-5.640648453254715378e+01,9.638396145861410957e+01,-1.631801808943488652e+02,1.137550564998384672e+01,-7.830011549740370391e+00,1.634130784082629617e+01,-7.830011549740370391e+00,4.858788892604470533e+01,-1.061964880186270932e+01,1.634130784082629617e+01,-1.061964880186270932e+01,3.711513092343641063e+01
3.270000000000000129e-01,3.432925491456761402e-01,3.696403167549187074e-01,3.199335388640479061e-01,2.609909923171083506e+02,4.703577183455191602e+00,-5.650932579148303603e+01,4.703577183455191602e+00,1.482208199915031628e+02,9.665968767873661704e+01,-5.650932579148303603e+01,9.665968767873661704e+01,-1.640556169675082003e+02,1.136303806579666720e+01,-7.816588027707674691e+00,1.625067179083197644e+01,-7.816588027707674691e+00,4.839541999353817658e+01,-1.058386913587189326e+01,1.625067179083197644e+01,-1.058386913587189326e+01,3.690926009464899238e+01
3.280000000000000138e-01,3.425604721571271494e-01,3.711645670855606149e-01,3.208233222436070453e-01,2.610213846328153409e+02,4.651188924304175742e+00,-5.661203992424219678e+01,4.651188924304175742e+00,1.481110004480392774e+02,9.693223260615273773e+01,-5.661203992424219678e+01,9.693223260615273773e+01,-1.649254498408621714e+02,1.135118988331531398e+01,-7.802587437220839028e+00,1.615947135917426536e+01,-7.802587437220839028e+00,4.820111846953020773e+01,-1.054538529944243841e+01,1.615947135917426536e+01,-1.054538529944243841e+01,3.669910054622129536e+01
3.290000000000000147e-01,3.418304077502957172e-01,3.726804633726590876e-01,3.217190395188910812e-01,2.610508557635605484e+02,4.598766940855193219e+00,-5.671462565237651887e+01,4.598766940855193219e+00,1.480028353059204846e+02,9.720160763349565514e+01,-5.671462565237651887e+01,9.720160763349565514e+01,-1.657897153538435759e+02,1.133995221222251715e+01,-7.788005448124157404e+00,1.606769404214703201e+01,-7.788005448124157404e+00,4.800497784259641065e+01,-1.050421756662920636e+01,1.606769404214703201e+01,-1.050421756662920636e+01,3.648467784047736728e+01
3.300000000000000155e-01,3.411025969810926317e-01,3.741876671607263782e-01,3.226206449365675022e-01,2.610794226688932440e+02,4.546312477760343640e+00,-5.681708169803248154e+01,4.546312477760343640e+00,1.478963739415217447e+02,9.746782569930232398e+01,-5.681708169803248154e+01,9.746782569930232398e+01,-1.666484524033398316e+02,1.132931586034434268e+01,-7.772837653669377289e+00,1.597532726841317441e+01,-7.772837653669377289e+00,4.780699213369202738e+01,-1.046038750504470727e+01,1.597532726841317441e+01,-1.046038750504470727e+01,3.626602062050098851e+01
3.310000000000000164e-01,3.403772883804719873e-01,3.756858437449335786e-01,3.235280824708440806e-01,2.611071029023100323e+02,4.493826748744882416e+00,-5.691940679741635734e+01,4.493826748744882416e+00,1.477916653313262998e+02,9.773090128902568097e+01,-5.691940679741635734e+01,9.773090128902568097e+01,-1.675017029469738077e+02,1.131927132795486912e+01,-7.757079573489018998e+00,1.588235841461881392e+01,-7.757079573489018998e+00,4.760715591155143045e+01,-1.041391797450459045e+01,1.588235841461881392e+01,-1.041391797450459045e+01,3.604316062542386589e+01
3.320000000000000173e-01,3.396547375841116323e-01,3.771746625996797997e-01,3.244412857020951835e-01,2.611339146233879660e+02,4.441310940865545120e+00,-5.702159971471398592e+01,4.441310940865545120e+00,1.476887580209044017e+02,9.799085043509045079e+01,-5.702159971471398592e+01,9.799085043509045079e+01,-1.683495120029908207e+02,1.130980880198083760e+01,-7.740726656898332614e+00,1.578877482156356038e+01,-7.740726656898332614e+00,4.740546430764631936e+01,-1.036483312492828723e+01,1.578877482156356038e+01,-1.036483312492828723e+01,3.581613270272361405e+01
3.330000000000000182e-01,3.389352069266348133e-01,3.786537977987673997e-01,3.253601777162041797e-01,2.611598766100542548e+02,4.388766219034073046e+00,-5.712365925645774922e+01,4.388766219034073046e+00,1.475877000943338544e+02,9.824769071596523418e+01,-5.712365925645774922e+01,9.824769071596523418e+01,-1.691919276466780104e+02,1.130091815011137157e+01,-7.723774286529353716e+00,1.569456381092736486e+01,-7.723774286529353716e+00,4.720191303068496325e+01,-1.031315839347437802e+01,1.569456381092736486e+01,-1.031315839347437802e+01,3.558497481747606628e+01
3.340000000000000191e-01,3.382189650016236282e-01,3.801229284259897145e-01,3.262846710252085836e-01,2.611850082709794378e+02,4.336193730805516289e+00,-5.722558428633203675e+01,4.336193730805516289e+00,1.474885391440921296e+02,9.850144125422259833e+01,-5.722558428633203675e+01,9.850144125422259833e+01,-1.700290010032447015e+02,1.129258891481863891e+01,-7.706217782300224250e+00,1.559971270255306131e+01,-7.706217782300224250e+00,4.699649838063442786e+01,-1.025892050088969576e+01,1.559971270255306131e+01,-1.025892050088969576e+01,3.534972805850515698e+01
3.350000000000000200e-01,3.375062861888235566e-01,3.815817389750194022e-01,3.272146675097231117e-01,2.612093296580824813e+02,4.283594611430363130e+00,-5.732737374040763001e+01,4.283594611430363130e+00,1.473913222414498136e+02,9.875212271355955806e+01,-5.732737374040763001e+01,9.875212271355955806e+01,-1.708607862370953683e+02,1.128481030729573931e+01,-7.688052405722494598e+00,1.550420883228363600e+01,-7.688052405722494598e+00,4.678921726224827182e+01,-1.020214744705124588e+01,1.550420883228363600e+01,-1.020214744705124588e+01,3.511043664137768872e+01
3.360000000000000209e-01,3.367974501500653473e-01,3.830299197375708342e-01,3.281500583834746632e-01,2.612328614791330779e+02,4.230969989168973378e+00,-5.742902664279348102e+01,4.230969989168973378e+00,1.472960959073940330e+02,9.899975729474981279e+01,-5.742902664279348102e+01,9.899975729474981279e+01,-1.716873405374275308e+02,1.127757120131874125e+01,-7.669273364548724103e+00,1.540803957035148386e+01,-7.669273364548724103e+00,4.658006719808172846e+01,-1.014286850567956400e+01,1.540803957035148386e+01,-1.014286850567956400e+01,3.486714790818926701e+01
3.370000000000000218e-01,3.360927412955608817e-01,3.844671671788959522e-01,3.290907241801692140e-01,2.612556251104382454e+02,4.178320990866296825e+00,-5.753054212169393367e+01,4.178320990866296825e+00,1.472029060841120156e+02,9.924436873050012764e+01,-5.753054212169393367e+01,9.924436873050012764e+01,-1.725087241000908591e+02,1.127086012704068629e+01,-7.649875817762460173e+00,1.531119234031725895e+01,-7.649875817762460173e+00,4.636904634097788858e+01,-1.008111421820261988e+01,1.531119234031725895e+01,-1.008111421820261988e+01,3.461991232409178565e+01
3.380000000000000226e-01,3.353924482223393788e-01,3.858931842997657125e-01,3.300365347627882140e-01,2.612776426095949205e+02,4.125648747784217640e+00,-5.763191942585731198e+01,4.125648747784217640e+00,1.471117981070621283e+02,9.948598227918249393e+01,-5.763191942585731198e+01,9.948598227918249393e+01,-1.733250001056457847e+02,1.126466526472560936e+01,-7.629854880912010806e+00,1.521365463855362243e+01,-7.629854880912010806e+00,4.615615348600657342e+01,-1.001691638674864038e+01,1.521365463855362243e+01,-1.001691638674864038e+01,3.436878347051241178e+01
3.390000000000000235e-01,3.346968631267094318e-01,3.873076809841756729e-01,3.309873493552946133e-01,2.612989367282949615e+02,4.072954401688305914e+00,-5.773315794140091839e+01,4.072954401688305914e+00,1.470228166776626892e+02,9.972462471741468448e+01,-5.773315794140091839e+01,9.972462471741468448e+01,-1.741362346935639493e+02,1.125897443843174628e+01,-7.609205631789346391e+00,1.511541405426965845e+01,-7.609205631789346391e+00,4.594138808184062839e+01,-9.950308066247227856e+00,1.511541405426965845e+01,-9.950308066247227856e+00,3.411381803501828358e+01
3.400000000000000244e-01,3.340062811927150821e-01,3.887103743321025928e-01,3.319430165966254509e-01,2.613195309251630647e+02,4.020239111185080816e+00,-5.783425720899577982e+01,4.020239111185080816e+00,1.469360058366257533e+02,9.996032433146179130e+01,-5.783425720899577982e+01,9.996032433146179130e+01,-1.749424969325147003e+02,1.125377510965331496e+01,-7.587923116454553529e+00,1.501645829006925936e+01,-7.587923116454553529e+00,4.572475024155128409e+01,-9.881323555617305132e+00,1.501645829006925936e+01,-9.881323555617305132e+00,3.385507579778068532e+01
3.410000000000000253e-01,3.333209999586614347e-01,3.901009889767284577e-01,3.329033746167336938e-01,2.613394493786086628e+02,3.967504058305313386e+00,-5.793521694139280243e+01,3.967504058305313386e+00,1.468514089379640097e+02,1.001931109074314890e+02,-5.793521694139280243e+01,1.001931109074314890e+02,-1.757438587866865873e+02,1.124905437093130089e+01,-7.566002355606376462e+00,1.491677518303709782e+01,-7.566002355606376462e+00,4.550624075280798309e+01,-9.809998388021716309e+00,1.491677518303709782e+01,-9.809998388021716309e+00,3.359261961459783663e+01
3.420000000000000262e-01,3.326413186638538799e-01,3.914792573856352154e-01,3.338682511343585846e-01,2.613587169996740727e+02,3.914750455328202428e+00,-5.803603704127110063e+01,3.914750455328202428e+00,1.467690686236991269e+02,1.004230157202375295e+02,-5.803603704127110063e+01,1.004230157202375295e+02,-1.765403950780972195e+02,1.124479893944416986e+01,-7.543438351298355826e+00,1.481635272634349576e+01,-7.543438351298355826e+00,4.528586108746548433e+01,-9.736369320167639785e+00,1.481635272634349576e+01,-9.736369320167639785e+00,3.332651539643433125e+01
3.430000000000000271e-01,3.319675375777721427e-01,3.928449201455590512e-01,3.348374635760982265e-01,2.613773594448556423e+02,3.861979551840545977e+00,-5.813671761938674365e+01,3.861979551840545977e+00,1.466890267992975225e+02,1.006500715213049801e+02,-5.813671761938674365e+01,1.006500715213049801e+02,-1.773321834448466632e+02,1.124099515059011622e+01,-7.520226094000041606e+00,1.471517909135936719e+01,-7.520226094000041606e+00,4.506361341052365077e+01,-9.660474320633422707e+00,1.471517909135936719e+01,-9.660474320633422707e+00,3.305683208544198948e+01
3.440000000000000280e-01,3.312999573139732701e-01,3.941977262303739682e-01,3.358108192162773120e-01,2.613954031288782858e+02,3.809192642024401110e+00,-5.823725901299941654e+01,3.809192642024401110e+00,1.466113246098612422e+02,1.008743125249929591e+02,-5.823725901299941654e+01,1.008743125249929591e+02,-1.781193042952771179e+02,1.123762895157333830e+01,-7.496360570001932899e+00,1.461324265027028169e+01,-7.496360570001932899e+00,4.483950058844409625e+01,-9.582352557201900822e+00,1.461324265027028169e+01,-9.582352557201900822e+00,3.278364162742562371e+01
3.450000000000000289e-01,3.306388781309842484e-01,3.955374332520028569e-01,3.367881153370977931e-01,2.614128752373992484e+02,3.756391072165921940e+00,-5.833766180455208428e+01,3.756391072165921940e+00,1.465360024170997804e+02,1.010957743937111957e+02,-5.833766180455208428e+01,1.010957743937111957e+02,-1.789018407580040275e+02,1.123468589500719794e+01,-7.471836769162488068e+00,1.451053199917833680e+01,-7.471836769162488068e+00,4.461352619680966569e+01,-9.502044383181953435e+00,1.451053199917833680e+01,-9.502044383181953435e+00,3.250701894072397380e+01
3.460000000000000298e-01,3.299845992226480007e-01,3.968638076941329862e-01,3.377691394083524590e-01,2.614298037396175118e+02,3.703576248377373314e+00,-5.843792684057755338e+01,3.703576248377373314e+00,1.464630997771081979e+02,1.013144942217072071e+02,-5.843792684057755338e+01,1.013144942217072071e+02,-1.796798786277897477e+02,1.123215113254820707e+01,-7.446649692994819603e+00,1.440703598167829114e+01,-7.446649692994819603e+00,4.438569452731171339e+01,-9.419591322699664815e+00,1.440703598167829114e+01,-9.419591322699664815e+00,3.222704188147618254e+01
3.470000000000000306e-01,3.293374180002915375e-01,3.981766251286021907e-01,3.387536692860407261e-01,2.614462174007649651e+02,3.650749644523571202e+00,-5.853805525080381500e+01,3.650749644523571202e+00,1.463926554189770002e+02,1.015305105175031315e+02,-5.853805525080381500e+01,1.015305105175031315e+02,-1.804535063072368075e+02,1.123000940857524554e+01,-7.420794363090435830e+00,1.430274371289421254e+01,-7.420794363090435830e+00,4.415601059405280182e+01,-9.335036054942452921e+00,1.430274371289421254e+01,-9.335036054942452921e+00,3.194379120525075422e+01
3.480000000000000315e-01,3.286976293691369344e-01,3.994756704143946902e-01,3.397414734291430150e-01,2.614621457944516010e+02,3.597912810343164569e+00,-5.863804846742827692e+01,3.597912810343164569e+00,1.463247072242574518e+02,1.017438631849617110e+02,-5.863804846742827692e+01,1.017438631849617110e+02,-1.812228147442821466e+02,1.122824505392915917e+01,-7.394265829876416340e+00,1.419764460396015160e+01,-7.394265829876416340e+00,4.392448013915016958e+01,-9.248422397339167489e+00,1.419764460396015160e+01,-9.248422397339167489e+00,3.165735052501431923e+01
3.490000000000000324e-01,3.280655250014010149e-01,4.007607378792571451e-01,3.407323111337704491e-01,2.614776193148396146e+02,3.545067379754438530e+00,-5.873790824452925108e+01,3.545067379754438530e+00,1.462592922073065154e+02,1.019545935029632204e+02,-5.873790824452925108e+01,1.019545935029632204e+02,-1.819878973654814445e+02,1.122684197972864872e+01,-7.367059181702219739e+00,1.409172838692835050e+01,-7.367059181702219739e+00,4.369110963762906152e+01,-9.159795287661349761e+00,1.409172838692835050e+01,-9.159795287661349761e+00,3.136780626542474337e+01
3.500000000000000333e-01,3.274413926085190663e-01,4.020316314840011174e-01,3.417259327838693683e-01,2.614926691886177537e+02,3.492215079334479277e+00,-5.883763667758125848e+01,3.492215079334479277e+00,1.461964464965336106e+02,1.021627441036760189e+02,-5.883763667758125848e+01,1.021627441036760189e+02,-1.827488500050774860e+02,1.122578367127911747e+01,-7.339169554251457228e+00,1.398498514008581495e+01,-7.339169554251457228e+00,4.345590630159291123e+01,-9.069200765030995370e+00,1.398498514008581495e+01,-9.069200765030995370e+00,3.107524761343451658e+01
3.510000000000000342e-01,3.268255152149330822e-01,4.032881649695993498e-01,3.427220801176448228e-01,2.615073274867469308e+02,3.439357736959729461e+00,-5.893723622303870258e+01,3.439357736959729461e+00,1.461362053165713348e+02,1.023683589494057458e+02,-5.893723622303870258e+01,1.023683589494057458e+02,-1.835057708298542423e+02,1.122505318209159952e+01,-7.310592140273493911e+00,1.387740531365950858e+01,-7.310592140273493911e+00,4.321887808366008699e+01,-8.976685949822087451e+00,1.387740531365950858e+01,-8.976685949822087451e+00,3.077976646519671178e+01
3.519999999999999796e-01,3.262181704358559919e-01,4.045301619872348486e-01,3.437204865088424599e-01,2.615216271359475968e+02,3.386497290595110954e+00,-5.903670971795077804e+01,3.386497290595110954e+00,1.460786029713912058e+02,1.025714833080097748e+02,-5.903670971795077804e+01,1.025714833080097748e+02,-1.842587602597845375e+02,1.122463312803004243e+01,-7.281322199629056691e+00,1.376897975588822121e+01,-7.281322199629056691e+00,4.298003367965627319e+01,-8.882299022443879366e+00,1.376897975588822121e+01,-8.882299022443879366e+00,3.048145736926883842e+01
3.529999999999999805e-01,3.256196297614080137e-01,4.057574562114985017e-01,3.447208772620206085e-01,2.615356019298985188e+02,3.333635797218041930e+00,-5.913606039956850680e+01,3.333635797218041930e+00,1.460236728283840932e+02,1.027721637268660118e+02,-5.913606039956850680e+01,1.027721637268660118e+02,-1.850079208844873904e+02,1.122450568160524220e+01,-7.251355069643361517e+00,1.365969973943805904e+01,-7.251355069643361517e+00,4.273938253055342074e+01,-8.786089200995883530e+00,1.365969973943805904e+01,-8.786089200995883530e+00,3.018041746611626763e+01
3.539999999999999813e-01,3.250301578494782517e-01,4.069698914369662690e-01,3.457229699209471985e-01,2.615492865401141671e+02,3.280775441862864295e+00,-5.923529192490276074e+01,3.280775441862864295e+00,1.459714473034244691e+02,1.029704480053865296e+02,-5.923529192490276074e+01,1.029704480053865296e+02,-1.857533573755175098e+02,1.122465256643526210e+01,-7.220686175759736258e+00,1.354955698813675369e+01,-7.220686175759736258e+00,4.249693482364629915e+01,-8.688106717785499811e+00,1.354955698813675369e+01,-8.688106717785499811e+00,2.987674642392042301e+01
3.549999999999999822e-01,3.244500118296295144e-01,4.081673216584176811e-01,3.467264745892497668e-01,2.615627165264698988e+02,3.227918546770228936e+00,-5.933440839019080926e+01,3.227918546770228936e+00,1.459219578469364649e+02,1.031663851660698725e+02,-5.933440839019080926e+01,1.031663851660698725e+02,-1.864951763945188361e+02,1.122505505189201003e+01,-7.189311042485898362e+00,1.343854370400029552e+01,-7.189311042485898362e+00,4.225270149295887734e+01,-8.588402794701261556e+00,1.343854370400029552e+01,-8.588402794701261556e+00,2.957054637070346814e+01
3.559999999999999831e-01,3.238794406203042153e-01,4.093496111349887445e-01,3.477310942624617374e-01,2.615759283473402661e+02,3.175067580625204222e+00,-5.943341435022612274e+01,3.175067580625204222e+00,1.458752349309780243e+02,1.033600254240874676e+02,-5.943341435022612274e+01,1.033600254240874676e+02,-1.872334864972804098e+02,1.122569394795483255e+01,-7.157225304624453166e+00,1.332665259452380191e+01,-7.157225304624453166e+00,4.200669421887366184e+01,-8.487029617436009588e+00,1.332665259452380191e+01,-8.487029617436009588e+00,2.926192182278546028e+01
3.569999999999999840e-01,3.233186842615254353e-01,4.105166344385581256e-01,3.487365251706212033e-01,2.615889593693173651e+02,3.122225167866940598e+00,-5.953231483750535347e+01,3.122225167866940598e+00,1.458313080373588662e+02,1.035514201554027807e+02,-5.953231483750535347e+01,1.035514201554027807e+02,-1.879683980337432843e+02,1.122654960029250404e+01,-7.124424718778506360e+00,1.321387690020707950e+01,-7.124424718778506360e+00,4.175892542697819465e+01,-8.384040308556475196e+00,1.321387690020707950e+01,-8.384040308556475196e+00,2.895097960959707351e+01
3.579999999999999849e-01,3.227679732652382616e-01,4.116682764867131694e-01,3.497424571305944863e-01,2.616018478764735846e+02,3.069394098051872799e+00,-5.963111538114378618e+01,3.069394098051872799e+00,1.457902056468063563e+02,1.037406218634241526e+02,-5.963111538114378618e+01,1.037406218634241526e+02,-1.887000230440142161e+02,1.122760188559549555e+01,-7.090905175122531823e+00,1.310021042228328447e+01,-7.090905175122531823e+00,4.150940828612368705e+01,-8.279488899417282610e+00,1.310021042228328447e+01,-8.279488899417282610e+00,2.863782879487541422e+01
3.589999999999999858e-01,3.222275279853322738e-01,4.128044325606258225e-01,3.507485739073174513e-01,2.616146330791341938e+02,3.016577335251507286e+00,-5.972982202550908681e+01,3.016577335251507286e+00,1.457519552291919638e+02,1.039276841441953110e+02,-5.972982202550908681e+01,1.039276841441953110e+02,-1.894284751504519875e+02,1.122883020718125913e+01,-7.056662709427996560e+00,1.298564755061784304e+01,-7.056662709427996560e+00,4.125815670569244276e+01,-8.173430300919683589e+00,1.298564755061784304e+01,-8.173430300919683589e+00,2.832258059427764607e+01
3.599999999999999867e-01,3.216975580093249243e-01,4.139250083082046117e-01,3.517545535831735903e-01,2.616273551221230491e+02,2.963778027465012066e+00,-5.982844134852145146e+01,2.963778027465012066e+00,1.457165832348296419e+02,1.041126616501306330e+02,-5.982844134852145146e+01,1.041126616501306330e+02,-1.901538694459008241e+02,1.123021349089548337e+01,-7.021693515332388280e+00,1.287018329174260067e+01,-7.021693515332388280e+00,4.100518533207057459e+01,-8.065920273117091810e+00,1.287018329174260067e+01,-8.065920273117091810e+00,2.800534828945241728e+01
3.609999999999999876e-01,3.211782615735827018e-01,4.150299197328886081e-01,3.527600689347560325e-01,2.616400550924448680e+02,2.910999516025916112e+00,-5.992698047956645269e+01,2.910999516025916112e+00,1.456841150868563375e+02,1.042956100523049940e+02,-5.992698047956645269e+01,1.042956100523049940e+02,-1.908763223781552938e+02,1.123173018133335432e+01,-6.985993956839847030e+00,1.275381329698910982e+01,-6.985993956839847030e+00,4.075050954432570194e+01,-7.957015393671982295e+00,1.275381329698910982e+01,-7.957015393671982295e+00,2.768624713861682807e+01
3.619999999999999885e-01,3.206698250038665932e-01,4.161190931684595751e-01,3.537647878162811232e-01,2.616527750263674079e+02,2.858245344981368063e+00,-6.002544711696510404e+01,2.858245344981368063e+00,1.456545751747027282e+02,1.044765860013114320e+02,-6.002544711696510404e+01,1.044765860013114320e+02,-1.915959516307502781e+02,1.123335823840481673e+01,-6.949560581040524987e+00,1.263653389068258193e+01,-6.949560581040524987e+00,4.049414544908821512e+01,-7.846773025170626248e+00,1.263653389068258193e+01,-7.846773025170626248e+00,2.736539428369171389e+01
3.629999999999999893e-01,3.201724221828820549e-01,4.171924652402518308e-01,3.547683735489629009e-01,2.616655579158652358e+02,2.805519270421534372e+00,-6.012384954494439171e+01,2.805519270421534372e+00,1.456279868486607540e+02,1.046556470867032402e+02,-6.012384954494439171e+01,1.046556470867032402e+02,-1.923128760001798412e+02,1.123507513426888060e+01,-6.912390131035408558e+00,1.251834209835698886e+01,-6.912390131035408558e+00,4.023610987463787581e+01,-7.735251281304671878e+00,1.251834209835698886e+01,-7.735251281304671878e+00,2.704290865405610234e+01
3.639999999999999902e-01,3.196862140464059587e-01,4.182499828131513997e-01,3.557704853156691271e-01,2.616784477143874028e+02,2.752825269735875935e+00,-6.022219665004961797e+01,2.752825269735875935e+00,1.456043724155537404e+02,1.048328517950402272e+02,-6.022219665004961797e+01,1.048328517950402272e+02,-1.930272152696582282e+02,1.123685785066211196e+01,-6.874479559052355526e+00,1.239923567494973078e+01,-6.874479559052355526e+00,3.997642036419774314e+01,-7.622508991930809330e+00,1.239923567494973078e+01,-7.622508991930809330e+00,2.671891086698794737e+01
3.649999999999999911e-01,3.192113481094512872e-01,4.192916029267687028e-01,3.567707785602297066e-01,2.616914893419115060e+02,2.700167550772211378e+00,-6.032049793693875017e+01,2.700167550772211378e+00,1.455837531355118983e+02,1.050082594665624640e+02,-6.032049793693875017e+01,1.050082594665624640e+02,-1.937390900795474238e+02,1.123868287664704368e+01,-6.835826039738553739e+00,1.227921313293274075e+01,-6.835826039738553739e+00,3.971509516843899235e+01,-7.508605667022311358e+00,1.227921313293274075e+01,-7.508605667022311358e+00,2.639352312486525420e+01
3.659999999999999920e-01,3.187479580238140597e-01,4.203172927181843543e-01,3.577689053907779915e-01,2.617047286892445754e+02,2.647550560873651371e+00,-6.041876354349749079e+01,2.647550560873651371e+00,1.455661492198553333e+02,1.051819302505185760e+02,-6.041876354349749079e+01,1.051819302505185760e+02,-1.944486217945842839e+02,1.124052620680672199e+01,-6.796426983613754302e+00,1.215827377033540557e+01,-6.796426983613754302e+00,3.945215323720153577e+01,-7.393601459528619024e+00,1.215827377033540557e+01,-7.393601459528619024e+00,2.606686910920917555e+01
3.669999999999999929e-01,3.182961631682182380e-01,4.213270293326592530e-01,3.587645149865415495e-01,2.617182126215328708e+02,2.594978995767727170e+00,-6.051700425521246984e+01,2.594978995767727170e+00,1.455515798300843073e+02,1.053539250591787635e+02,-6.051700425521246984e+01,1.053539250591787635e+02,-1.951559323680522766e+02,1.124236333991179748e+01,-6.756280050667995418e+00,1.203641769861291877e+01,-6.756280050667995418e+00,3.918761421043715387e+01,-7.277557127161782269e+00,1.203641769861291877e+01,-7.277557127161782269e+00,2.573907387165752780e+01
3.679999999999999938e-01,3.178560682721627284e-01,4.223207998227116455e-01,3.597572540075219538e-01,2.617319889809425604e+02,2.542457808281251008e+00,-6.061523151873912951e+01,2.542457808281251008e+00,1.455400630779750486e+02,1.055243055205670686e+02,-6.061523151873912951e+01,1.055243055205670686e+02,-1.958611442030519640e+02,1.124416927808711186e+01,-6.715383164086819789e+00,1.191364587031232247e+01,-6.715383164086819789e+00,3.892149840838229835e+01,-7.160533993131148023e+00,1.191364587031232247e+01,-7.160533993131148023e+00,2.541026372196477467e+01
3.689999999999999947e-01,3.174277630744332668e-01,4.232986010359580664e-01,3.607467670065246379e-01,2.617461065884717186e+02,2.489992216853714524e+00,-6.071345745459933596e+01,2.489992216853714524e+00,1.455316160267773284e+02,1.056931339299504771e+02,-6.071345745459933596e+01,1.056931339299504771e+02,-1.965643800110354107e+02,1.124591852650480561e+01,-6.673734524086213149e+00,1.178996010648674542e+01,-6.673734524086213149e+00,3.865382682097039435e+01,-7.042593905850233149e+00,1.178996010648674542e+01,-7.042593905850233149e+00,2.508056611313153539e+01
3.699999999999999956e-01,3.170113220171233426e-01,4.242604394921289379e-01,3.617326968430235046e-01,2.617606152448565240e+02,2.437587713821354640e+00,-6.081169486894346221e+01,2.437587713821354640e+00,1.455262546935080081e+02,1.058604732001264921e+02,-6.081169486894346221e+01,1.058604732001264921e+02,-1.972657626677792564e+02,1.124758509363133285e+01,-6.631332621838858188e+00,1.166536312380717710e+01,-6.631332621838858188e+00,3.838462109649388765e+01,-6.923799197642488856e+00,1.166536312380717710e+01,-6.923799197642488856e+00,2.475010952377438045e+01
3.709999999999999964e-01,3.166068039758729302e-01,4.252063312496607850e-01,3.627146850983561932e-01,2.617755657305328327e+02,2.385250073443353713e+00,-6.090995726431045654e+01,2.385250073443353713e+00,1.455239940523334496e+02,1.060263868105547402e+02,-6.090995726431045654e+01,1.060263868105547402e+02,-1.979654150669825583e+02,1.124914249205602168e+01,-6.588176253472664889e+00,1.153985856131951948e+01,-6.588176253472664889e+00,3.811390352952840033e+01,-6.804212642475307327e+00,1.153985856131951948e+01,-6.804212642475307327e+00,2.441902333785382595e+01
3.719999999999999973e-01,3.162142520269018986e-01,4.261363017622837868e-01,3.636923724917628942e-01,2.617910098046164649e+02,2.332985359641005729e+00,-6.100825884931924747e+01,2.332985359641005729e+00,1.455248480390311556e+02,1.061909387553817652e+02,-6.100825884931924747e+01,1.061909387553817652e+02,-1.986634599716850005e+02,1.125056373992874725e+01,-6.544264534121729149e+00,1.141345100679336433e+01,-6.544264534121729149e+00,3.784169704813255208e+01,-6.683897412754265410e+00,1.141345100679336433e+01,-6.683897412754265410e+00,2.408743772188588395e+01
3.729999999999999982e-01,3.158336932512851303e-01,4.270503857260210534e-01,3.646653992967974767e-01,2.618070002028646854e+02,2.280799933420124770e+00,-6.110661454722396968e+01,2.280799933420124770e+00,1.455288295565191561e+02,1.063541934904116317e+02,-6.110661454722396968e+01,1.063541934904116317e+02,-1.993600198637105052e+02,1.125182136303456026e+01,-6.499596912009377725e+00,1.128614602260777922e+01,-6.499596912009377725e+00,3.756802520033875226e+01,-6.562917035212385564e+00,1.128614602260777922e+01,-6.562917035212385564e+00,2.375548349976987339e+01
3.739999999999999991e-01,3.154651385767859306e-01,4.279486269170256207e-01,3.656334057576363095e-01,2.618235906345826152e+02,2.228700459946459045e+00,-6.120504000326567251e+01,2.228700459946459045e+00,1.455359504814402101e+02,1.065162158790796525e+02,-6.120504000326567251e+01,1.065162158790796525e+02,-2.000552167913529047e+02,1.125288739753302814e+01,-6.454173182542223053e+00,1.115795017111807041e+01,-6.454173182542223053e+00,3.729291213995136900e+01,-6.441335345931822332e+00,1.115795017111807041e+01,-6.441335345931822332e+00,2.342329202537231936e+01
3.750000000000000000e-01,3.151085826574302473e-01,4.288310780206890938e-01,3.665960325048248647e-01,2.618408357784391569e+02,2.176693915243391952e+00,-6.130355159075280369e+01,2.176693915243391952e+00,1.455462216717849344e+02,1.066770711374891221e+02,-6.130355159075280369e+01,1.066770711374891221e+02,-2.007491722155280343e+02,1.125373339339004986e+01,-6.407993502393623864e+00,1.102887103944649461e+01,-6.407993502393623864e+00,3.701638261167078525e+01,-6.319216444538175104e+00,1.102887103944649461e+01,-6.319216444538175104e+00,2.309099505301436750e+01
3.760000000000000009e-01,3.147640037908763233e-01,4.296978004524621420e-01,3.675529209699978095e-01,2.618587912771583319e+02,2.124787592480805731e+00,-6.140216641580318679e+01,2.124787592480805731e+00,1.455596529755376878e+02,1.068368247785757603e+02,-6.140216641580318679e+01,1.068368247785757603e+02,-2.014420068546275502e+02,1.125433041852976679e+01,-6.361058403554286755e+00,1.089891726363879165e+01,-6.361058403554286755e+00,3.673846193556276063e+01,-6.196624647610102343e+00,1.089891726363879165e+01,-6.196624647610102343e+00,2.275872460601641478e+01
3.770000000000000018e-01,3.144313638735169447e-01,4.305488641708432040e-01,3.685037137991054035e-01,2.618775137310515788e+02,2.072989107823653310e+00,-6.150090232068018992e+01,2.072989107823653310e+00,1.455762532403248599e+02,1.069955425554673241e+02,-6.150090232068018992e+01,1.069955425554673241e+02,-2.021338405283180464e+02,1.125464906373406748e+01,-6.313368807327259802e+00,1.076809855212761136e+01,-6.313368807327259802e+00,3.645917599089437289e+01,-6.073624441349797287e+00,1.076809855212761136e+01,-6.073624441349797287e+00,2.242661284346147355e+01
3.780000000000000027e-01,3.141106083931083370e-01,4.313843474829901492e-01,3.694480552636758008e-01,2.618970606903595240e+02,2.021306405808481976e+00,-6.159977788565658585e+01,2.021306405808481976e+00,1.455960303240456142e+02,1.071532904041099528e+02,-6.159977788565658585e+01,1.071532904041099528e+02,-2.028247920005378262e+02,1.125465944831687182e+01,-6.264926038243991080e+00,1.063642570844296564e+01,-6.264926038243991080e+00,3.617855119935924790e+01,-5.950280433562249449e+00,1.063642570844296564e+01,-5.950280433562249449e+00,2.209479192534488234e+01
3.790000000000000036e-01,3.138016664586225080e-01,4.322043368434396737e-01,3.703855916696355832e-01,2.619174906463718457e+02,1.969747764215960428e+00,-6.169881242934044963e+01,1.969747764215960428e+00,1.456189911064612943e+02,1.073101343852362533e+02,-6.169881242934044963e+01,1.073101343852362533e+02,-2.035149788219531501e+02,1.125433122660015073e+01,-6.215731837877703114e+00,1.050391065310929939e+01,-6.215731837877703114e+00,3.589661450771613715e+01,-5.826657304993974940e+00,1.050391065310929939e+01,-5.826657304993974940e+00,2.176339387628492972e+01
3.800000000000000044e-01,3.135044508668829444e-01,4.330089266464079989e-01,3.713159717631973056e-01,2.619388630212961289e+02,1.918321798407317758e+00,-6.179802600739818530e+01,1.918321798407317758e+00,1.456451415017195075e+02,1.074661406257532548e+02,-6.179802600739818530e+01,1.074661406257532548e+02,-2.042045171721423173e+02,1.125363359521817586e+01,-6.165788378529741820e+00,1.037056644466800748e+01,-6.165788378529741820e+00,3.561339336986645776e+01,-5.702819760084153700e+00,1.037056644466800748e+01,-5.702819760084153700e+00,2.143255044797491493e+01
3.810000000000000053e-01,3.132188582054440396e-01,4.337982190121831283e-01,3.722388471333091808e-01,2.619612381568472870e+02,1.867037465092538762e+00,-6.189743940961120217e+01,1.867037465092538762e+00,1.456744864717854853e+02,1.076213752596319324e+02,-6.189743940961120217e+01,1.076213752596319324e+02,-2.048935217017840955e+02,1.125253530127604051e+01,-6.115098276764292962e+00,1.023640729976395392e+01,-6.115098276764292962e+00,3.532891572839771044e+01,-5.578832477183772731e+00,1.023640729976395392e+01,-5.578832477183772731e+00,2.110239298056376711e+01
3.820000000000000062e-01,3.129447689910624386e-01,4.345723235681163144e-01,3.731538726101530923e-01,2.619846773015322583e+02,1.815904065498197495e+00,-6.199707415520420994e+01,1.815904065498197495e+00,1.457070300407530397e+02,1.077759043683831521e+02,-6.199707415520420994e+01,1.077759043683831521e+02,-2.055821053751352281e+02,1.125100465138801908e+01,-6.063664606766344001e+00,1.010144861223409407e+01,-6.063664606766344001e+00,3.504320999562099104e+01,-5.454760058300519354e+00,1.010144861223409407e+01,-5.454760058300519354e+00,2.077305226315759157e+01
3.830000000000000071e-01,3.126820478430009653e-01,4.353313572247332619e-01,3.740607066591542518e-01,2.620092425966057590e+02,1.764931247902916223e+00,-6.209695248638497134e+01,1.764931247902916223e+00,1.457427753100044754e+02,1.079297939212076898e+02,-6.209695248638497134e+01,1.079297939212076898e+02,-2.062703793130860959e+02,1.124900952162058232e+01,-6.011490913497500976e+00,9.965706971136169656e+00,-6.011490913497500976e+00,3.475630503413258765e+01,-5.330666978429539071e+00,9.965706971136169656e+00,-5.330666978429539071e+00,2.044465839364049842e+01
3.840000000000000080e-01,3.124305436903194177e-01,4.360754439475112432e-01,3.749590117699510561e-01,2.620349970606745842e+02,1.714129009508633006e+00,-6.219709736003709821e+01,1.714129009508633006e+00,1.457817244741880245e+02,1.080831097149109468e+02,-6.219709736003709821e+01,1.080831097149109468e+02,-2.069584526370908577e+02,1.124651736836427673e+01,-5.958581225623928113e+00,9.829200177655406989e+00,-5.958581225623928113e+00,3.446823013693027349e+01,-5.206617534532287372e+00,9.829200177655406989e+00,-5.206617534532287372e+00,2.011734063801801398e+01
3.850000000000000089e-01,3.121900900122010492e-01,4.368047145248670216e-01,3.758484548397593161e-01,2.620620045729316416e+02,1.663507697616150915e+00,-6.229753243751015646e+01,1.663507697616150915e+00,1.458238788379794926e+02,1.082359173136760546e+02,-6.229753243751015646e+01,1.082359173136760546e+02,-2.076464323142745343e+02,1.124349524015786095e+01,-5.904940068190433600e+00,9.691947260827207700e+00,-5.904940068190433600e+00,3.417901500711660390e+01,-5.082675794227731636e+00,9.691947260827207700e+00,-5.082675794227731636e+00,1.979122728949115739e+01
3.860000000000000098e-01,3.119605051102912752e-01,4.375193063329186338e-01,3.767287075505394434e-01,2.620903298550020395e+02,1.613078010073821567e+00,-6.239828207245343350e+01,1.613078010073821567e+00,1.458692388335928456e+02,1.083882819887905811e+02,-6.239828207245343350e+01,1.083882819887905811e+02,-2.083344230040215166e+02,1.123990979048707928e+01,-5.850572475014477192e+00,9.553968492014057290e+00,-5.850572475014477192e+00,3.388868973722235722e+01,-4.958905544262119491e+00,9.553968492014057290e+00,-4.958905544262119491e+00,1.946644552747385148e+01
3.870000000000000107e-01,3.117415924119352200e-01,4.382193630975960708e-01,3.775994467393654075e-01,2.621200384513867334e+02,1.562850994968730811e+00,-6.249937129664311186e+01,1.562850994968730811e+00,1.459178040390040678e+02,1.085402686584256458e+02,-6.249937129664311186e+01,1.085402686584256458e+02,-2.090225269063571432e+02,1.123572729157974415e+01,-5.795484000773785560e+00,9.415285398075431189e+00,-5.795484000773785560e+00,3.359728478818492903e+01,-4.835370238825352551e+00,9.415285398075431189e+00,-4.835370238825352551e+00,1.914312127677039754e+01
3.880000000000000115e-01,3.115331408031288274e-01,4.389050346546786163e-01,3.784603547613757391e-01,2.621511967084916819e+02,1.512838049530301321e+00,-6.260082580375522099e+01,1.512838049530301321e+00,1.459695731968501775e+02,1.086919418275675042e+02,-6.260082580375522099e+01,1.086919418275675042e+02,-2.097108436124346156e+02,1.123091364921744706e+01,-5.739680732761073934e+00,9.275920773169801237e+00,-5.739680732761073934e+00,3.330483096801670229e+01,-4.712132947783623571e+00,9.275920773169801237e+00,-4.712132947783623571e+00,1.882137906713313313e+01
3.890000000000000124e-01,3.113349249899395321e-01,4.395764767083554792e-01,3.793111198446663113e-01,2.621838717522339266e+02,1.463050918216939555e+00,-6.270267193104052694e+01,1.463050918216939555e+00,1.460245442339646615e+02,1.088433655282033925e+02,-6.270267193104052694e+01,1.088433655282033925e+02,-2.103994699574436140e+02,1.122543441858320001e+01,-5.683169302279299728e+00,9.135898689128804762e+00,-5.683169302279299728e+00,3.301135941019996523e+01,-4.589256304899524963e+00,9.135898689128804762e+00,-4.589256304899524963e+00,1.850134189342374924e+01
3.900000000000000133e-01,3.111467058870814317e-01,4.402338505888980236e-01,3.801514364364816378e-01,2.622181314642186862e+02,1.413501689957154639e+00,-6.280493663886092293e+01,1.413501689957154639e+00,1.460827142815094533e+02,1.089946032598659968e+02,-6.280493663886092293e+01,1.089946032598659968e+02,-2.110884998762577425e+02,1.121925482116314932e+01,-5.625956895650988443e+00,8.995244504344462655e+00,-5.625956895650988443e+00,3.271690155184586501e+01,-4.466802456112296760e+00,8.995244504344462655e+00,-4.466802456112296760e+00,1.818313107660450711e+01
3.910000000000000142e-01,3.109682310322803844e-01,4.408773230100502261e-01,3.809810055400426609e-01,2.622540444564840527e+02,1.364202794517464401e+00,-6.290764748805118955e+01,1.364202794517464401e+00,1.461440796956621284e+02,1.091457179306412542e+02,-6.290764748805118955e+01,1.091457179306412542e+02,-2.117780242621392404e+02,1.121233976271889965e+01,-5.568051264815015777e+00,8.853984871111322263e+00,-5.568051264815015777e+00,3.242148911165513425e+01,-4.344833007951937276e+00,8.853984871111322263e+00,-4.344833007951937276e+00,1.786686612578739997e+01
3.920000000000000151e-01,3.107992350250201041e-01,4.415070658267351567e-01,3.817995350413446176e-01,2.622916800448155641e+02,1.315166997970429685e+00,-6.301083261507399413e+01,1.315166997970429685e+00,1.462086360788168804e+02,1.092967717987460361e+02,-6.301083261507399413e+01,1.092967717987460361e+02,-2.124681308288192838e+02,1.120465385234579969e+01,-5.509460737484504378e+00,8.712147741366807807e+00,-5.509460737484504378e+00,3.212515406771943560e+01,-4.223408976162115636e+00,8.712147741366807807e+00,-4.223408976162115636e+00,1.755266460157141850e+01
3.930000000000000160e-01,3.106394399882138613e-01,4.421232557936768948e-01,3.826067400252541328e-01,2.623311082206332685e+02,1.266407397237291788e+00,-6.311452070494075883e+01,1.266407397237291788e+00,1.462763783012558747e+02,1.094478264147827957e+02,-6.311452070494075883e+01,1.094478264147827957e+02,-2.131589039762712616e+02,1.119616142263088143e+01,-5.450194226839566447e+00,8.569762370774389737e+00,-5.450194226839566447e+00,3.182792863520289117e+01,-4.102590734607647782e+00,8.569762370774389737e+00,-4.102590734607647782e+00,1.724064198089897815e+01
3.940000000000000169e-01,3.104885560513132026e-01,4.427260743255357345e-01,3.834023430802360743e-01,2.623723996214600902e+02,1.217937413680914682e+00,-6.321874096187574565e+01,1.217937413680914682e+00,1.463473005232478670e+02,1.095989425647788522e+02,-6.321874096187574565e+01,1.095989425647788522e+02,-2.138504246604922230e+02,1.118682655092252709e+01,-5.390261240728844605e+00,8.426859321095808042e+00,-5.390261240728844605e+00,3.152984524394359767e+01,-3.982437964542993036e+00,8.426859321095808042e+00,-3.982437964542993036e+00,1.693091152366326924e+01
3.950000000000000178e-01,3.103462818533420653e-01,4.433157072591470405e-01,3.841860745910393171e-01,2.624156254999838325e+02,1.169770785726088391e+00,-6.332352307770606359e+01,1.169770785726088391e+00,1.464213962175305141e+02,1.097501802141185152e+02,-6.332352307770606359e+01,1.097501802141185152e+02,-2.145427702676060449e+02,1.117661308172225532e+01,-5.329671890354097386e+00,8.283470460800412383e+00,-5.329671890354097386e+00,3.123093651601514864e+01,-3.863009604318783374e+00,8.283470460800412383e+00,-3.863009604318783374e+00,1.662358414129811734e+01
3.960000000000000187e-01,3.102123050643116886e-01,4.438923446184354638e-01,3.849576730186839990e-01,2.624608576917266305e+02,1.121921560485721336e+00,-6.342889719796531978e+01,1.121921560485721336e+00,1.464986581921312165e+02,1.099015984524759091e+02,-6.342889719796531978e+01,1.099015984524759091e+02,-2.152360144925968655e+02,1.116548465020708392e+01,-5.268436898412335090e+00,8.139628963861541777e+00,-5.268436898412335090e+00,3.093123524328902363e+01,-3.744363799603685372e+00,8.139628963861541777e+00,-3.744363799603685372e+00,1.631876826758175625e+01
3.970000000000000195e-01,3.100863029234656176e-01,4.444561803825772817e-01,3.857168851671062826e-01,2.625081685813437957e+02,1.074404084373034918e+00,-6.353489388570483953e+01,1.074404084373034918e+00,1.465790786134825510e+02,1.100532554398563434e+02,-6.353489388570483953e+01,1.100532554398563434e+02,-2.159302272229772939e+02,1.115340470688919972e+01,-5.206567606670548187e+00,7.995369306692220235e+00,-5.206567606670548187e+00,3.063077436503857953e+01,-3.626557854199165654e+00,7.995369306692220235e+00,-3.626557854199165654e+00,1.601656973188447353e+01
3.980000000000000204e-01,3.099679427927863884e-01,4.450074122579536495e-01,3.864634664358286842e-01,2.625576310675749596e+02,1.027232992681560209e+00,-6.364154408301196497e+01,1.027232992681560209e+00,1.466626490297873318e+02,1.102052083538533651e+02,-6.364154408301196497e+01,1.102052083538533651e+02,-2.166254744276912163e+02,1.114033654341749191e+01,-5.144075982948330683e+00,7.850727263174527515e+00,-5.144075982948330683e+00,3.032958694562526603e+01,-3.509648181524487764e+00,7.850727263174527515e+00,-3.509648181524487764e+00,1.571709163508850260e+01
3.990000000000000213e-01,3.098568827241914292e-01,4.455462414544215655e-01,3.871971810580533413e-01,2.626093185268750290e+02,9.804231981165446586e-01,-6.374887907024106681e+01,9.804231981165446586e-01,1.467493603945884786e+02,1.103575133382274487e+02,-6.374887907024106681e+01,1.103575133382274487e+02,-2.173218180515423228e+02,1.112624331952342160e+01,-5.080974627484366124e+00,7.705739897739732669e+00,-5.080974627484366124e+00,3.002770615230799933e+01,-3.393690256849236864e+00,7.705739897739732669e+00,-3.393690256849236864e+00,1.542043422840630384e+01
4.000000000000000222e-01,3.097527720388452144e-01,4.460728724664070888e-01,3.879178023236031225e-01,2.626633047757596273e+02,9.339898782633097030e-01,-6.385693042296995259e+01,9.339898782633097030e-01,1.468392030904992680e+02,1.105102254529116550e+02,-6.385693042296995259e+01,1.105102254529116550e+02,-2.180193159154342766e+02,1.111108809111169826e+01,-5.017276778663203096e+00,7.560445556458785354e+00,-5.017276778663203096e+00,2.972516523321628057e+01,-3.278738570349996717e+00,7.560445556458785354e+00,-3.278738570349996717e+00,1.512669479532011430e+01
4.010000000000000231e-01,3.096552519170213680e-01,4.465875128592937671e-01,3.886251127861671817e-01,2.627196640319002654e+02,8.879484619801146783e-01,-6.396572996670002453e+01,8.879484619801146783e-01,1.469321669530498866e+02,1.106633986255472877e+02,-6.396572996670002453e+01,1.106633986255472877e+02,-2.187180216226979326e+02,1.109483383949364210e+01,-4.952996318079466498e+00,7.414883856105805471e+00,-4.952996318079466498e+00,2.942199749552736066e+01,-3.164846581067398468e+00,7.414883856105805471e+00,-3.164846581067398468e+00,1.483596753686267000e+01
4.020000000000000240e-01,3.095639559969498023e-01,4.470903730615477523e-01,3.893189044543517441e-01,2.627784708740120436e+02,8.423146147052312793e-01,-6.407530972932660518e+01,8.423146147052312793e-01,1.470282412946060902e+02,1.108170856046514103e+02,-6.407530972932660518e+01,1.108170856046514103e+02,-2.194179844717735079e+02,1.107744350175899228e+01,-4.888147774917205091e+00,7.269095671160022754e+00,-4.888147774917205091e+00,2.911823628388722796e+01,-3.052066671838645995e+00,7.269095671160022754e+00,-3.052066671838645995e+00,1.454834346045423921e+01
4.030000000000000249e-01,3.094785109811063473e-01,4.475816661629947735e-01,3.899989789660727735e-01,2.628398002005797593e+02,7.971042226701809952e-01,-6.418570189141198057e+01,7.971042226701809952e-01,1.471274149283176484e+02,1.109713379145150185e+02,-6.418570189141198057e+01,1.109713379145150185e+02,-2.201192493755029318e+02,1.105888000227942669e+01,-4.822746329622976447e+00,7.123123118715072088e+00,-4.822746329622976447e+00,2.881391495911503142e+01,-2.940450105279809101e+00,7.123123118715072088e+00,-2.940450105279809101e+00,1.426391027250687671e+01
4.040000000000000258e-01,3.093985372484101548e-01,4.480616077196091229e-01,3.906651477458908950e-01,2.629037271874740895e+02,7.523333760134360837e-01,-6.429693873430140627e+01,7.523333760134360837e-01,1.472296761920529775e+02,1.111262058119292959e+02,-6.429693873430140627e+01,1.111262058119292959e+02,-2.208218567872783069e+02,1.103910628533444083e+01,-4.756807816851937432e+00,6.977009541267720216e+00,-4.756807816851937432e+00,2.850906687722964961e+01,-2.830046980890741803e+00,6.977009541267720216e+00,-2.830046980890741803e+00,1.398275227500120010e+01
4.050000000000000266e-01,3.093236494708203610e-01,4.485304155651522739e-01,3.913172321449302493e-01,2.629703272445128732e+02,7.080183507913266894e-01,-6.440905258613000228e+01,7.080183507913266894e-01,1.473350129722798840e+02,1.112817382448332921e+02,-6.440905258613000228e+01,1.112817382448332921e+02,-2.215258426342784617e+02,1.101808534884769486e+01,-4.690348727667114304e+00,6.830799487361717937e+00,-4.690348727667114304e+00,2.820372536883589731e+01,-2.720906193354128533e+00,6.830799487361717937e+00,-2.720906193354128533e+00,1.370495026623509105e+01
4.060000000000000275e-01,3.092534572328463627e-01,4.489883096299441823e-01,3.919550635630916213e-01,2.630396759710286005e+02,6.641755898854567741e-01,-6.452207576577546888e+01,6.641755898854567741e-01,1.474434127278509266e+02,1.114379828129743970e+02,-6.452207576577546888e+01,1.114379828129743970e+02,-2.222312382580136614e+02,1.099578027921926981e+01,-4.623386210972938670e+00,6.684538690066135658e+00,-4.623386210972938670e+00,2.789792371890814593e+01,-2.613075392098435756e+00,6.684538690066135658e+00,-2.613075392098435756e+00,1.343058144593717707e+01
4.070000000000000284e-01,3.091875656525109317e-01,4.494355117670017497e-01,3.925784835533299710e-01,2.631118491105075350e+02,6.208216828085614258e-01,-6.463604052482003226e+01,6.208216828085614258e-01,1.475548625136548822e+02,1.115949857306684834e+02,-6.463604052482003226e+01,1.115949857306684834e+02,-2.229380703623834279e+02,1.097215428723641750e+01,-4.555938074165061913e+00,6.538274043271366409e+00,-4.555938074165061913e+00,2.759169514700658610e+01,-2.506600942192764858e+00,6.538274043271366409e+00,-2.506600942192764858e+00,1.315971932493103047e+01
4.080000000000000293e-01,3.091255760023345900e-01,4.498722455857392388e-01,3.931873439078394927e-01,2.631869225043699316e+02,5.779733444134724785e-01,-6.475097898759199211e+01,5.779733444134724785e-01,1.476693490040958068e+02,1.117527917917434337e+02,-6.475097898759199211e+01,1.117527917917434337e+02,-2.236463609694373247e+02,1.094717074504283616e+01,-4.488022782979539826e+00,6.392053575790018094e+00,-4.488022782979539826e+00,2.728507278796179492e+01,-2.401527886639517995e+00,6.392053575790018094e+00,-2.401527886639517995e+00,1.289243363952817312e+01
4.090000000000000302e-01,3.090670863289475268e-01,4.502987362933667526e-01,3.937815067260521107e-01,2.632649720449670099e+02,5.356473925126625790e-01,-6.486692308936628137e+01,5.356473925126625790e-01,1.477868585163639921e+02,1.119114443367459870e+02,-6.486692308936628137e+01,1.119114443367459870e+02,-2.243561273830145240e+02,1.092079322414314291e+01,-4.419659460525413586e+00,6.245926423253836290e+00,-4.419659460525413586e+00,2.697808967306036010e+01,-2.297899910128552659e+00,6.245926423253836290e+00,-2.297899910128552659e+00,1.262879027081977412e+01
4.100000000000000311e-01,3.090116920699645942e-01,4.507152105440709322e-01,3.943608444644406963e-01,2.633460736278734089e+02,4.938607244187320222e-01,-6.498390451281012758e+01,4.938607244187320222e-01,1.479073770334632343e+02,1.120709852224863994e+02,-6.498390451281012758e+01,1.120709852224863994e+02,-2.250673821604184184e+02,1.089298553441686401e+01,-4.350867885485971698e+00,6.099942797802291317e+00,-4.350867885485971698e+00,2.667077871176450898e+01,-2.195759304314142124e+00,6.099942797802291317e+00,-2.195759304314142124e+00,1.236885116902845816e+01
4.110000000000000320e-01,3.089589866667969975e-01,4.511218962960121814e-01,3.949252399681883463e-01,2.634303031035604477e+02,4.526302924191659693e-01,-6.510195462276938372e+01,4.526302924191659693e-01,1.480308902269620432e+02,1.122314547939922988e+02,-6.510195462276938372e+01,1.122314547939922988e+02,-2.257801330922684144e+02,1.086371176411283912e+01,-4.281668489475028316e+00,5.954153955562640377e+00,-4.281668489475028316e+00,2.636317267399602926e+01,-2.095146934673444594e+00,5.954153955562640377e+00,-2.095146934673444594e+00,1.211267428307211524e+01
4.120000000000000329e-01,3.089085621721169295e-01,4.515190226761123249e-01,3.954745864848641101e-01,2.635177362285370464e+02,4.119730782016988169e-01,-6.522110439949766203e+01,4.119730782016988169e-01,1.481573834794365894e+02,1.123928918589367640e+02,-6.522110439949766203e+01,1.123928918589367640e+02,-2.264943831906500407e+02,1.083293632079204194e+01,-4.212082353535735457e+00,5.808612161925684525e+00,-4.212082353535735457e+00,2.605530417301369894e+01,-1.996102209002406536e+00,5.808612161925684525e+00,-1.996102209002406536e+00,1.186031349548201952e+01
4.130000000000000338e-01,3.088600098507286451e-01,4.519068198525559299e-01,3.960087876603344270e-01,2.636084486160537494e+02,3.719060662497326586e-01,-6.534138437043972658e+01,3.719060662497326586e-01,1.482868419065768251e+02,1.125553336646017044e+02,-6.534138437043972658e+01,1.125553336646017044e+02,-2.272101306856680480e+02,1.080062397318381961e+01,-4.142131203770791359e+00,5.663370654626270984e+00,-4.142131203770791359e+00,2.574720564891168806e+01,-1.898663047602215492e+00,5.663370654626270984e+00,-1.898663047602215492e+00,1.161181856280754232e+01
4.140000000000000346e-01,3.088129207726452163e-01,4.522855189148710098e-01,3.965277575172040936e-01,2.637025156864657447e+02,3.324462162303730706e-01,-6.546282454068757772e+01,3.324462162303730706e-01,1.484192503789279840e+02,1.127188158774317657e+02,-6.546282454068757772e+01,1.127188158774317657e+02,-2.279273690304870570e+02,1.076673989391739283e+01,-4.071837406094067191e+00,5.518483604641913232e+00,-4.071837406094067191e+00,2.543890935276447962e+01,-1.802865855206250645e+00,5.518483604641913232e+00,-1.802865855206250645e+00,1.136723506162896591e+01
4.150000000000000355e-01,3.087668863972129474e-01,4.526553517613971511e-01,3.970314204161806138e-01,2.638000126173571402e+02,2.936104344008277356e-01,-6.558545432223618832e+01,2.936104344008277356e-01,1.485545935432422198e+02,1.128833725652279867e+02,-6.558545432223618832e+01,1.128833725652279867e+02,-2.286460869149234441e+02,1.073124970308727733e+01,-4.001223960095027898e+00,5.374006074927843102e+00,-4.001223960095027898e+00,2.513044733144188569e+01,-1.708745494694316802e+00,5.374006074927843102e+00,-1.708745494694316802e+00,1.112660434028892276e+01
4.160000000000000364e-01,3.087214991471752823e-01,4.530165509939022561e-01,3.975197110008181212e-01,2.639010142935320005e+02,2.554155440621393991e-01,-6.570930246217331216e+01,2.554155440621393991e-01,1.486928558434172771e+02,1.130490361820257732e+02,-6.570930246217331216e+01,1.130490361820257732e+02,-2.293662682876338863e+02,1.069411951260820182e+01,-3.930314492008673444e+00,5.229993977011531570e+00,-3.930314492008673444e+00,2.482185141311596510e+01,-1.616335262637654147e+00,5.229993977011531570e+00,-1.616335262637654147e+00,1.088996347644174989e+01
4.169999999999999818e-01,3.086763529716114451e-01,4.533693498190491944e-01,3.979925741261875483e-01,2.640055952569825308e+02,2.178782550924678596e-01,-6.583439696994543056e+01,2.178782550924678596e-01,1.488340215410014764e+02,1.132158375556944776e+02,-6.583439696994543056e+01,1.132158375556944776e+02,-2.300878923869232722e+02,1.065531597131196406e+01,-3.859133246785098947e+00,5.086504025474616775e+00,-3.859133246785098947e+00,2.451315319347938626e+01,-1.525666866714691317e+00,5.086504025474616775e+00,-1.525666866714691317e+00,1.065734524050830245e+01
4.179999999999999827e-01,3.086310438967391212e-01,4.537139819563657528e-01,3.984499647720869953e-01,2.641138296569462227e+02,1.810151325953767709e-01,-6.596076504384960515e+01,1.810151325953767709e-01,1.489780747352463663e+02,1.133838058782907581e+02,-6.596076504384960515e+01,1.133838058782907581e+02,-2.308109337801748211e+02,1.061480631073540870e+01,-3.787705079254144458e+00,4.943593690354976644e+00,-3.787705079254144458e+00,2.420438402269250489e+01,-1.436770405033971798e+00,4.943593690354976644e+00,-1.436770405033971798e+00,1.042877806511160621e+01
4.189999999999999836e-01,3.085851705636193931e-01,4.540506815523265294e-01,3.988918479414851892e-01,2.642257912001699083e+02,1.448425647019119522e-01,-6.608843299690789763e+01,1.448425647019119522e-01,1.491249993826909304e+02,1.135529686991908846e+02,-6.608843299690789763e+01,1.135529686991908846e+02,-2.315353624118827156e+02,1.057255839154568022e+01,-3.716055444382040385e+00,4.801321147506698139e+00,-3.716055444382040385e+00,2.389557499307452915e+01,-1.349674347396964569e+00,4.801321147506698139e+00,-1.349674347396964569e+00,1.020428602055666545e+01
4.199999999999999845e-01,3.085383347518548258e-01,4.543796831001016279e-01,3.993181985449526517e-01,2.643415531014991302e+02,1.093767295684499180e-01,-6.621742618228834942e+01,1.093767295684499180e-01,1.492747793162634480e+02,1.137233519210212336e+02,-6.621742618228834942e+01,1.137233519210212336e+02,-2.322611436602471997e+02,1.052854075054554528e+01,-3.644210386618483621e+00,4.659745226960821718e+00,-3.644210386618483621e+00,2.358675692755160469e+01,-1.264405518529896577e+00,4.659745226960821718e+00,-1.264405518529896577e+00,9.983888796405285149e+00
4.209999999999999853e-01,3.084901418884270496e-01,4.547012213644945899e-01,3.997290012719043051e-01,2.644611880349170860e+02,7.463356161563979019e-02,-6.634776891844303748e+01,7.463356161563979019e-02,1.494273982638896996e+02,1.138949797983993335e+02,-6.634776891844303748e+01,1.138949797983993335e+02,-2.329882384022690474e+02,1.048272264819878430e+01,-3.572196528333784649e+00,4.518925359334045488e+00,-3.572196528333784649e+00,2.327796036887189146e+01,-1.180989083309407217e+00,4.518925359334045488e+00,-1.180989083309407217e+00,9.767601689183313951e+00
4.219999999999999862e-01,3.084402015408751474e-01,4.550155313115439304e-01,4.001242504495344798e-01,2.645847680851559289e+02,4.062871705697174152e-02,-6.647948441414025922e+01,4.062871705697174152e-02,1.495828398665982206e+02,1.140678749394910341e+02,-6.647948441414025922e+01,1.140678749394910341e+02,-2.337166030872587896e+02,1.043507411661217610e+01,-3.500041057347666573e+00,4.378921520338701967e+00,-3.500041057347666573e+00,2.296921556959664201e+01,-1.099448534003721223e+00,4.378921520338701967e+00,-1.099448534003721223e+00,9.555435596246368846e+00
4.229999999999999871e-01,3.083881278940734383e-01,4.553228480422409352e-01,4.005039498903739115e-01,2.647123647000104256e+02,7.377538768724477627e-03,-6.661259469357382557e+01,7.377538768724477627e-03,1.497410876961167503e+02,1.142420583103835980e+02,-6.661259469357382557e+01,1.142420583103835980e+02,-2.344461898186546875e+02,1.038556600790793460e+01,-3.427771713552194566e+00,4.239794173450788684e+00,-3.427771713552194566e+00,2.266055248287167245e+01,-1.019805679546057053e+00,4.239794173450788684e+00,-1.019805679546057053e+00,9.347397015814987498e+00
4.239999999999999880e-01,3.083335402099258715e-01,4.556234067297685320e-01,4.008681127294511648e-01,2.648440486434807326e+02,-2.510497944376444829e-02,-6.674712052173845223e+01,-2.510497944376444829e-02,1.499021252719544748e+02,1.144175492422660341e+02,-6.674712052173845223e+01,1.144175492422660341e+02,-2.351769464440203876e+02,1.033417004291692898e+01,-3.355416774633411148e+00,4.101604210799259853e+00,-3.355416774633411148e+00,2.235200075398345732e+01,-9.420806368540372011e-01,4.101604210799259853e+00,-9.420806368540372011e-01,9.143488053179329000e+00
4.249999999999999889e-01,3.082760632693534175e-01,4.559174425596609903e-01,4.012167612520715076e-01,2.649798899498766218e+02,-5.680422912542731906e-02,-6.688308133026512792e+01,-5.680422912542731906e-02,1.500659360779694396e+02,1.145943654414031272e+02,-6.688308133026512792e+01,1.145943654414031272e+02,-2.359088166530729893e+02,1.028085886012088146e+01,-3.283005040897247540e+00,3.964412892343224470e+00,-3.283005040897247540e+00,2.204358971269963874e+01,-8.662918242037744854e-01,3.964412892343224470e+00,-8.662918242037744854e-01,8.943706433058292049e+00
4.259999999999999898e-01,3.082153277960132387e-01,4.562051906722497385e-01,4.015499267132619510e-01,2.651199578790144642e+02,-8.770602393525728235e-02,-6.702049514391534046e+01,-8.770602393525728235e-02,1.502325035784205909e+02,1.147725230018812539e+02,-6.702049514391534046e+01,1.147725230018812539e+02,-2.366417400835690046e+02,1.022560606476783462e+01,-3.210565819207246374e+00,3.828281783409846817e+00,-3.210565819207246374e+00,2.173534836639273848e+01,-7.924559566642598307e-01,3.828281783409846817e+00,-7.924559566642598307e-01,8.748045518086644989e+00
4.269999999999999907e-01,3.081509708612515386e-01,4.564868861067542527e-01,4.018676491499524328e-01,2.652643208726390185e+02,-1.177966368304182443e-01,-6.715937850793767439e+01,-1.177966368304182443e-01,1.504018112335075728e+02,1.149520364210983132e+02,-6.715937850793767439e+01,1.149520364210983132e+02,-2.373756524348560220e+02,1.016838627808334472e+01,-3.138128906042670696e+00,3.693272690669175518e+00,-3.138128906042670696e+00,2.142730539394169043e+01,-7.205880435926308447e-01,3.693272690669175518e+00,-7.205880435926308447e-01,8.556494333388929618e+00
4.279999999999999916e-01,3.080826362698553256e-01,4.567627637463656520e-01,4.021699771869808870e-01,2.654130465122036071e+02,-1.470628376036099694e-01,-6.729974641649344846e+01,-1.470628376036099694e-01,1.505738425144031964e+02,1.151329186179625168e+02,-6.729974641649344846e+01,1.151329186179625168e+02,-2.381104855888759744e+02,1.010917518649646496e+01,-3.065724569687608980e+00,3.559447596628086963e+00,-3.065724569687608980e+00,2.111948914040523917e+01,-6.507013881877614647e-01,3.559447596628086963e+00,-6.507013881877614647e-01,8.369037597187585220e+00
4.289999999999999925e-01,3.080099749262304454e-01,4.570330582636684680e-01,4.024569678380029436e-01,2.655662014781403855e+02,-1.754919307038051990e-01,-6.744161224236219709e+01,-1.754919307038051990e-01,1.507485809177851195e+02,1.153151809537590253e+02,-6.744161224236219709e+01,1.153151809537590253e+02,-2.388461677383861570e+02,1.004794959079738703e+01,-2.993383531562613609e+00,3.426868592728722351e+00,-2.993383531562613609e+00,2.081192761245661416e+01,-5.828075890946707860e-01,3.426868592728722351e+00,-5.828075890946707860e-01,8.185655757377993780e+00
4.299999999999999933e-01,3.079326451807044007e-01,4.572980040657492751e-01,4.027286863024029384e-01,2.657238515107530930e+02,-2.030717932677530424e-01,-6.758498766813973191e+01,-2.030717932677530424e-01,1.509260099798760564e+02,1.154988332556358586e+02,-6.758498766813973191e+01,1.154988332556358586e+02,-2.395826235221435354e+02,9.984687455140809575e+00,-2.921136946712513005e+00,3.295597811142666256e+00,-2.921136946712513005e+00,2.050464847456830242e+01,-5.169165440491321206e-01,3.295597811142666256e+00,-5.169165440491321206e-01,8.006325033992258255e+00
4.309999999999999942e-01,3.078503131557164263e-01,4.575578352383516401e-01,4.029852057592677728e-01,2.658860613728630824e+02,-2.297909132870413207e-01,-6.772988261914424868e+01,-2.297909132870413207e-01,1.511061132900029804e+02,1.156838838426545806e+02,-6.772988261914424868e+01,1.156838838426545806e+02,-2.403197741667792400e+02,9.919367955807071979e+00,-2.849016383464896496e+00,3.165697355354948339e+00,-2.849016383464896496e+00,2.019767904593168595e+01,-4.530364555469719723e-01,3.165697355354948339e+00,-4.530364555469719723e-01,7.831017467459102654e+00
4.319999999999999951e-01,3.077626530517214021e-01,4.578127854884508352e-01,4.032266071594834966e-01,2.660528948143367529e+02,-2.556384278330313120e-01,-6.787630519824691078e+01,-2.556384278330313120e-01,1.512888745036881346e+02,1.158703395543448096e+02,-6.787630519824691078e+01,1.158703395543448096e+02,-2.410575376350713839e+02,9.851971529630414892e+00,-2.777053802275851080e+00,3.037229229637589789e+00,-2.777053802275851080e+00,1.989104629809500935e+01,-3.911738385195400181e-01,3.037229229637589789e+00,-3.911738385195400181e-01,7.659700972556648502e+00
4.329999999999999960e-01,3.076693474327119593e-01,4.580630880846459085e-01,4.034529790169671393e-01,2.662244145386225114e+02,-2.806041612596408830e-01,-6.802426162284456268e+01,-2.806041612596408830e-01,1.514742773552856647e+02,1.160582057816953352e+02,-6.802426162284456268e+01,1.160582057816953352e+02,-2.417958287803061239e+02,9.782479922002101702e+00,-2.705281533780414360e+00,2.910255267515021060e+00,-2.705281533780414360e+00,1.958477685330005968e+01,-3.313335299921045252e-01,2.910255267515021060e+00,-3.313335299921045252e-01,7.492339397941149670e+00
4.339999999999999969e-01,3.075700874913184224e-01,4.583089757947910736e-01,4.036644172000189990e-01,2.664006821714201578e+02,-3.046786633017663504e-01,-6.817375616419201378e+01,-3.046786633017663504e-01,1.516623056701799044e+02,1.162474865005081881e+02,-6.817375616419201378e+01,1.162474865005081881e+02,-2.425345595063998303e+02,9.710876234353699843e+00,-2.633732256067146782e+00,2.784837059328890252e+00,-2.633732256067146782e+00,1.927889698349597225e+01,-2.735187006989651670e-01,2.784837059328890252e+00,-2.735187006989651670e-01,7.328892591124422928e+00
4.349999999999999978e-01,3.074645732935234466e-01,4.585506808203246853e-01,4.038610247237178763e-01,2.665817582316043399e+02,-3.278532469850976017e-01,-6.832479108931097755e+01,-3.278532469850976017e-01,1.518529433765619672e+02,1.164381843070369342e+02,-6.832479108931097755e+01,1.164381843070369342e+02,-2.432736389334398268e+02,9.637144971024577345e+00,-2.562438971197172677e+00,2.661035879012159988e+00,-2.562438971197172677e+00,1.897343261000600023e+01,-2.177308686246050284e-01,2.661035879012159988e+00,-2.177308686246050284e-01,7.169316468759924454e+00
4.359999999999999987e-01,3.073525140030924363e-01,4.587884347267930374e-01,4.040429115442418229e-01,2.667677021045183778e+02,-3.501200262612278458e-01,-6.847736660569124467e+01,-3.501200262612278458e-01,1.520461745168026937e+02,1.166303004558241128e+02,-6.847736660569124467e+01,1.166303004558241128e+02,-2.440129735682846785e+02,9.561272085415481570e+00,-2.491434980989899906e+00,2.538912610187165075e+00,-2.491434980989899906e+00,1.866840930382134189e+01,-1.639699144373889250e-01,2.538912610187165075e+00,-1.639699144373889250e-01,7.013563092087653494e+00
4.369999999999999996e-01,3.072336280858880553e-01,4.590224683701095709e-01,4.042101943559157085e-01,2.669585720177515213e+02,-3.714719532802864821e-01,-6.863148080899776460e+01,-3.714719532802864821e-01,1.522419832584414223e+02,1.168238348996474656e+02,-6.863148080899776460e+01,1.168238348996474656e+02,-2.447524674798516457e+02,9.483245025329178901e+00,-2.420753862098458331e+00,2.418527671704255422e+00,-2.420753862098458331e+00,1.836385228649336199e+01,-1.122340987780367783e-01,2.418527671704255422e+00,-1.122340987780367783e-01,6.861580747376093470e+00
4.380000000000000004e-01,3.071076434943024180e-01,4.592530118181407661e-01,4.043629963917245718e-01,2.671544250195071299e+02,-3.919028552118346553e-01,-6.878712963399428304e+01,-3.919028552118346553e-01,1.524403539048097684e+02,1.170187863314796743e+02,-6.878712963399428304e+01,1.170187863314796743e+02,-2.454920224787053655e+02,9.403052777397505224e+00,-2.350429440399814496e+00,2.299940942742040750e+00,-2.350429440399814496e+00,1.805978643159432551e+01,-6.252008136251617498e-02,2.299940942742040750e+00,-6.252008136251617498e-02,6.713314031190358300e+00
4.390000000000000013e-01,3.069742978321069460e-01,4.594802942672663315e-01,4.045014472279518936e-01,2.673553169596636963e+02,-4.114074705234850859e-01,-6.894430680889060170e+01,-4.114074705234850859e-01,1.526412709053116430e+02,1.172151522283611769e+02,-6.894430680889060170e+01,1.172151522283611769e+02,-2.462315383005497154e+02,9.320685910493423876e+00,-2.280495764725190888e+00,2.183211687591755990e+00,-2.280495764725190888e+00,1.775623626671389488e+01,-1.482294185499897013e-02,2.183211687591755990e+00,-1.482294185499897013e-02,6.568703940304878586e+00
4.400000000000000022e-01,3.068333385000781566e-01,4.597045439536102673e-01,4.046256825935166113e-01,2.675613024736249486e+02,-4.299814846256360679e-01,-6.910300381331624919e+01,-4.299814846256360679e-01,1.528447188653797753e+02,1.174129288970810450e+02,-6.910300381331624919e+01,1.174129288970810450e+02,-2.469709127932144668e+02,9.236136618025788891e+00,-2.210987079958345536e+00,2.068398480252201299e+00,-2.210987079958345536e+00,1.745322597595812297e+01,3.086379753585621541e-02,2.068398480252201299e+00,3.086379753585621541e-02,6.427687966070712910e+00
4.410000000000000031e-01,3.066845228228246012e-01,4.599259880587236449e-01,4.047358441844866039e-01,2.677724349690484473e+02,-4.476215647898697525e-01,-6.926320984011799453e+01,-4.476215647898697525e-01,1.530506825561303117e+02,1.176121115215566277e+02,-6.926320984011799453e+01,1.176121115215566277e+02,-2.477100421067177365e+02,9.149398759013877225e+00,-2.141937799529816999e+00,1.955559128962672144e+00,-2.141937799529816999e+00,1.715077940291418912e+01,7.454814778770504913e-02,1.955559128962672144e+00,7.454814778770504913e-02,6.290200193037657428e+00
4.420000000000000040e-01,3.065276181572900160e-01,4.601448526095324176e-01,4.048320794841663850e-01,2.679887666155342458e+02,-4.643253942479390051e-01,-6.942491176117239604e+01,-4.643253942479390051e-01,1.532591469237361252e+02,1.178126942117985720e+02,-6.942491176117239604e+01,1.178126942117985720e+02,-2.484488208859771134e+02,9.060467897838497819e+00,-2.073382477337079255e+00,1.844750600804749618e+00,-2.073382477337079255e+00,1.684892005404468307e+01,1.162396271749592952e-01,1.844750600804749618e+00,1.162396271749592952e-01,6.156171401624357387e+00
4.430000000000000049e-01,3.063624019834700896e-01,4.603613623724681636e-01,4.049145415890503807e-01,2.682103483373488757e+02,-4.800917053778945842e-01,-6.958809409739832574e+01,-4.800917053778945842e-01,1.534700970985400943e+02,1.180146700543440090e+02,-6.958809409739832574e+01,1.180146700543440090e+02,-2.491871424657359739e+02,8.969341342566494291e+00,-2.005355779121140269e+00,1.736028946504321935e+00,-2.005355779121140269e+00,1.654767110247198048e+01,1.559492338147252799e-01,1.736028946504321935e+00,1.559492338147252799e-01,6.025529174620782413e+00
4.440000000000000058e-01,3.061886619779258800e-01,4.605757407417416238e-01,4.049833890408298664e-01,2.684372298092501410e+02,-4.949203118837777748e-01,-6.975273899314601067e+01,-4.949203118837777748e-01,1.536835184039291278e+02,1.182180311640380523e+02,-6.975273899314601067e+01,1.182180311640380523e+02,-2.499248990672647608e+02,8.876018181745275015e+00,-1.937892453331708342e+00,1.629449225567957571e+00,-1.937892453331708342e+00,1.624705539211296212e+01,1.936894167059936278e-01,1.629449225567957571e+00,1.936894167059936278e-01,5.898198007301345136e+00
4.450000000000000067e-01,3.060061960707251005e-01,4.607882096218067769e-01,4.050387856645588092e-01,2.686694594554705304e+02,-5.088121398754198443e-01,-6.991882619513134500e+01,-5.088121398754198443e-01,1.538993963649880357e+02,1.184227687370395046e+02,-6.991882619513134500e+01,1.184227687370395046e+02,-2.506619819963923419e+02,8.780499319564874838e+00,-1.871027301513668917e+00,1.525065431887824063e+00,-1.871027301513668917e+00,1.594709544212295604e+01,2.294740453227628874e-01,1.525065431887824063e+00,2.294740453227628874e-01,5.774099420919698744e+00
4.460000000000000075e-01,3.058148124864905615e-01,4.609989893041289144e-01,4.050809004129629631e-01,2.689070844519065417e+02,-5.217692577552829336e-01,-7.008633303607452092e+01,-5.217692577552829336e-01,1.541177167169531970e+02,1.186288731049252050e+02,-7.008633303607452092e+01,1.186288731049252050e+02,-2.513982818424209427e+02,8.682787509285367022e+00,-1.804795148249119130e+00,1.422930419951456305e+00,-1.804795148249119130e+00,1.564781345160685788e+01,2.633183778233582073e-01,1.422930419951456305e+00,2.633183778233582073e-01,5.653152079351116299e+00
4.470000000000000084e-01,3.056143297702637041e-01,4.612082983384461765e-01,4.051099072167916315e-01,2.691501507315527419e+02,-5.337949048199281954e-01,-7.025523442319210687e+01,-5.337949048199281954e-01,1.543384654134838740e+02,1.188363337897645096e+02,-7.025523442319210687e+01,1.188363337897645096e+02,-2.521336886774744244e+02,8.582887384828694621e+00,-1.739230810689654128e+00,1.323095831792132415e+00,-1.739230810689654128e+00,1.534923130455400475e+01,2.952390279407798301e-01,1.323095831792132415e+00,2.952390279407798301e-01,5.535271908642410921e+00
4.480000000000000093e-01,3.054045767989340687e-01,4.614163533987865051e-01,4.051259848410103115e-01,2.693987029932087580e+02,-5.448935184846280810e-01,-7.042550283168128544e+01,-5.448935184846280810e-01,1.545616286347680273e+02,1.190451395600338600e+02,-7.042550283168128544e+01,1.190451395600338600e+02,-2.528680922558311295e+02,8.480805490434967453e+00,-1.674369067715082204e+00,1.225612024817142265e+00,-1.674369067715082204e+00,1.505137057495383779e+01,3.252539306201616687e-01,1.225612024817142265e+00,3.252539306201616687e-01,5.420372219225590982e+00
4.490000000000000102e-01,3.051853927790104670e-01,4.616233691445695841e-01,4.051293167465378486e-01,2.696527847134757394e+02,-5.550707600408401055e-01,-7.059710830332262788e+01,-5.550707600408401055e-01,1.547871927954784326e+02,1.192552784872394085e+02,-7.059710830332262788e+01,1.192552784872394085e+02,-2.536013822127929416e+02,8.376550308285104052e+00,-1.610244628755071350e+00,1.130528000650066645e+00,-1.610244628755071350e+00,1.475425253204736542e+01,3.533823064715990725e-01,1.130528000650066645e+00,3.533823064715990725e-01,5.308363830546777073e+00
4.500000000000000111e-01,3.049566272315237248e-01,4.618295580771966113e-01,4.051200909571429087e-01,2.699124381620488293e+02,-5.643335388577509493e-01,-7.077001845031641381e+01,-5.643335388577509493e-01,1.550151445525927159e+02,1.194667380031151112e+02,-7.077001845031641381e+01,1.194667380031151112e+02,-2.543334482626439410e+02,8.270132283993255840e+00,-1.546892102311608674e+00,1.037891335124019765e+00,-1.546892102311608674e+00,1.445789814567065967e+01,3.796446251075314415e-01,1.037891335124019765e+00,3.796446251075314415e-01,5.199155197859385957e+00
4.510000000000000120e-01,3.047181399648828393e-01,4.620351303925933073e-01,4.050984999310347501e-01,2.701777044203013247e+02,-5.726900349408743374e-01,-7.094419846445376265e+01,-5.726900349408743374e-01,1.552454708130904351e+02,1.196795049572627079e+02,-7.094419846445376265e+01,1.196795049572627079e+02,-2.550641803952580631e+02,8.161563849874831078e+00,-1.484345964220388892e+00,9.477481095610801320e-01,-1.484345964220388892e+00,1.416232809164498896e+01,4.040625674356327912e-01,9.477481095610801320e-01,4.040625674356327912e-01,5.092652540927409710e+00
4.520000000000000129e-01,3.044698010365033958e-01,4.622402938302434539e-01,4.050647404365991244e-01,2.704486234031424488e+02,-5.801497197627446534e-01,-7.111961113171091142e+01,-5.801497197627446534e-01,1.554781587415363333e+02,1.198935656750993672e+02,-7.111961113171091142e+01,1.198935656750993672e+02,-2.557934690709176380e+02,8.050859445898087330e+00,-1.422640525690497038e+00,8.601428434732175665e-01,-1.422640525690497038e+00,1.386756275716936671e+01,4.266589869787614231e-01,8.601428434732175665e-01,4.266589869787614231e-01,4.988759974383306428e+00
4.530000000000000138e-01,3.042114907040320282e-01,4.624452535192917213e-01,4.050190134316689061e-01,2.707252338841204278e+02,-5.867233752830991467e-01,-7.129621685234006634e+01,-5.867233752830991467e-01,1.557131957675596823e+02,1.201089060159795281e+02,-7.129621685234006634e+01,1.201089060159795281e+02,-2.565212054129144690e+02,7.938035538230244548e+00,-1.361809901161900260e+00,7.751184288177197512e-01,-1.361809901161900260e+00,1.357362224617052426e+01,4.474578702948841524e-01,7.751184288177197512e-01,4.474578702948841524e-01,4.887379639483298455e+00
4.540000000000000147e-01,3.039430993669998138e-01,4.626502118223735915e-01,4.049615239456482163e-01,2.710075735237300023e+02,-5.924231110785815879e-01,-7.147397366651600237e+01,-5.924231110785815879e-01,1.559505695932343485e+02,1.203255114313569294e+02,-7.147397366651600237e+01,1.203255114313569294e+02,-2.572472813975101644e+02,7.823110635291988579e+00,-1.301887976021412596e+00,6.927160659394878683e-01,-1.301887976021412596e+00,1.328052638456651025e+01,4.664842965701412325e-01,6.927160659394878683e-01,4.664842965701412325e-01,4.788411837002859883e+00
4.550000000000000155e-01,3.036645274997101240e-01,4.628553681778561635e-01,4.048924809637691191e-01,2.712956789008701435e+02,-5.972623795049286644e-01,-7.165283728558172527e+01,-5.972623795049286644e-01,1.561902682003648692e+02,1.205433670228548806e+02,-7.165283728558172527e+01,1.205433670228548806e+02,-2.579715900408448874e+02,7.706105301237502481e+00,-1.242908374217782663e+00,6.129752013295910462e-01,-1.242908374217782663e+00,1.298829472539958019e+01,4.837643964592044377e-01,6.129752013295910462e-01,4.837643964592044377e-01,4.691755161014837583e+00
4.560000000000000164e-01,3.033756855761675086e-01,4.630609189412363547e-01,4.048120973127055100e-01,2.715895855473863776e+02,-6.012559888178150569e-01,-7.183276112892099263e+01,-6.012559888178150569e-01,1.564322798576792195e+02,1.207624576001125405e+02,-7.183276112892099263e+01,1.207624576001125405e+02,-2.586940255823907933e+02,7.587042166780944008e+00,-1.184904425817638440e+00,5.359334673282154515e-01,-1.184904425817638440e+00,1.269694655379608328e+01,4.993253102469807914e-01,5.359334673282154515e-01,4.993253102469807914e-01,4.597306633293969824e+00
4.570000000000000173e-01,3.030764939878203279e-01,4.632670572264649400e-01,4.047205895467453352e-01,2.718893279856186496e+02,-6.044201141820330081e-01,-7.201369636646887784e+01,-6.044201141820330081e-01,1.566765931279272763e+02,1.209827677382781985e+02,-7.201369636646887784e+01,1.209827677382781985e+02,-2.594144836645619989e+02,7.465945937294127255e+00,-1.127909134543877201e+00,4.616266238964524260e-01,-1.127909134543877201e+00,1.240650089171025883e+01,5.131951454062975149e-01,4.616266238964524260e-01,5.131951454062975149e-01,4.504961838092586213e+00
4.580000000000000182e-01,3.027668829548683105e-01,4.634739727480090554e-01,4.046181778337034629e-01,2.721949397688630938e+02,-6.067723065024633877e-01,-7.219559196685510472e+01,-6.067723065024633877e-01,1.569231968748822510e+02,1.212042818350209785e+02,-7.219559196685510472e+01,1.212042818350209785e+02,-2.601328615081034172e+02,7.342843398104440311e+00,-1.071955145339036131e+00,3.900885025794415539e-01,-1.071955145339036131e+00,1.211697650241166357e+01,5.254029336258191352e-01,3.900885025794415539e-01,5.254029336258191352e-01,4.414615057034881218e+00
4.590000000000000191e-01,3.024467924318472445e-01,4.636818516644806154e-01,4.045050858397392091e-01,2.725064535246440300e+02,-6.083314990143491308e-01,-7.237839475115747234e+01,-6.083314990143491308e-01,1.571720802702378137e+02,1.214269841669357959e+02,-7.237839475115747234e+01,1.214269841669357959e+02,-2.608490580828962493e+02,7.217763416926501030e+00,-1.017074711995932690e+00,3.213509527790989750e-01,-1.017074711995932690e+00,1.182839189467540031e+01,5.359785873826030667e-01,3.213509527790989750e-01,5.359785873826030667e-01,4.326159403879511700e+00
4.600000000000000200e-01,3.021161720081668722e-01,4.638908764246768013e-01,4.043815406122597822e-01,2.728239010006785179e+02,-6.091180115747075741e-01,-7.256204945222576441e+01,-6.091180115747075741e-01,1.574232328003929524e+02,1.216508589452186158e+02,-7.256204945222576441e+01,1.216508589452186158e+02,-2.615629742738325376e+02,7.090736943365969047e+00,-9.632996648986714705e-01,2.554437904519706870e-01,-9.632996648986714705e-01,1.154076532663719235e+01,5.449528561330269083e-01,2.554437904519706870e-01,5.449528561330269083e-01,4.239486958904112868e+00
4.610000000000000209e-01,3.017749808042256565e-01,4.641012256168895456e-01,4.042477724600948008e-01,2.731473131134052892e+02,-6.091535526013064361e-01,-7.274649877951854648e+01,-6.091535526013064361e-01,1.576766442731127142e+02,1.218758903704919021e+02,-7.274649877951854648e+01,1.218758903704919021e+02,-2.622745130414289179e+02,6.961797005438938868e+00,-9.106613789167672390e-01,1.923947493429450095e-01,-9.106613789167672390e-01,1.125411480927559715e+01,5.523572821956135304e-01,1.923947493429450095e-01,5.523572821956135304e-01,4.154488902669010386e+00
4.620000000000000218e-01,3.014231873636847303e-01,4.643130738223403831e-01,4.041040148301605628e-01,2.734767199989359483e+02,-6.084612186104688680e-01,-7.293168348937811629e+01,-6.084612186104688680e-01,1.579323048240508172e+02,1.221020626866642402e+02,-7.293168348937811629e+01,1.221020626866642402e+02,-2.629835795768653952e+02,6.830978703055703427e+00,-8.591907414957596911e-01,1.322294348621140536e-01,-8.591907414957596911e-01,1.096845810948638089e+01,5.582241563982888177e-01,1.322294348621140536e-01,5.582241563982888177e-01,4.071055648922337511e+00
4.630000000000000226e-01,3.010607695426408825e-01,4.645265914737747859e-01,4.039505041798222562e-01,2.738121510662747937e+02,-6.070654913100531624e-01,-7.311754246065019913e+01,-6.070654913100531624e-01,1.581902049231171361e+02,1.223293602337106449e+02,-7.311754246065019913e+01,1.223293602337106449e+02,-2.636900814511539579e+02,6.698319198423416054e+00,-8.089181209872966516e-01,7.497128070674180522e-02,-8.089181209872966516e-01,1.068381275271490516e+01,5.625864735620742518e-01,7.497128070674180522e-02,5.625864735620742518e-01,3.989076976413842957e+00
4.640000000000000235e-01,3.006877143951477427e-01,4.647419447192071562e-01,4.037874798444826552e-01,2.741536350526433239e+02,-6.049922322092758931e-01,-7.330401277553841055e+01,-6.049922322092758931e-01,1.584503353806711061e+02,1.225577674992653101e+02,-7.330401277553841055e+01,1.225577674992653101e+02,-2.643939287581623603e+02,6.563857703327883542e+00,-7.598733352620926640e-01,2.064150832620265455e-02,-7.598733352620926640e-01,1.040019602511534735e+01,5.654778878919285434e-01,2.064150832620265455e-02,5.654778878919285434e-01,3.908442159390527415e+00
4.650000000000000244e-01,3.003040180572028039e-01,4.649592952930574064e-01,4.036151838993944918e-01,2.745012000807315076e+02,-6.022686747125809426e-01,-7.349102980556457965e+01,-6.022686747125809426e-01,1.587126873535185325e+02,1.227872691689215827e+02,-7.349102980556457965e+01,1.227872691689215827e+02,-2.650950342512346083e+02,6.427635463261055726e+00,-7.120856206486698703e-01,-3.074091067817431161e-02,-7.120856206486698703e-01,1.011762497520665960e+01,5.669326683446069826e-01,-3.074091067817431161e-02,5.669326683446069826e-01,3.829040096553604666e+00
4.660000000000000253e-01,2.999096856282154056e-01,4.651788003943675420e-01,4.034338610154249438e-01,2.748548737176899976e+02,-5.989234136705058331e-01,-7.367852730248925752e+01,-5.989234136705058331e-01,1.589772523506881328e+02,1.230178501751395999e+02,-7.367852730248925752e+01,1.230178501751395999e+02,-2.657933134731751466e+02,6.289695738366889444e+00,-6.655836012410651925e-01,-7.915928913105894915e-02,-6.655836012410651925e-01,9.836116414998178570e+00,5.669856540418555246e-01,-7.915928913105894915e-02,5.669856540418555246e-01,3.750759438263127077e+00
4.670000000000000262e-01,2.995047310505973837e-01,4.654006125731478538e-01,4.032437583082202903e-01,2.752146830356655869e+02,-5.949863923664308052e-01,-7.386643749402895764e+01,-5.949863923664308052e-01,1.592440222389607527e+02,1.232494957446659924e+02,-7.386643749402895764e+01,1.232494957446659924e+02,-2.664886848793797753e+02,6.150083781185095688e+00,-6.203952586180903062e-01,-1.245992557580379440e-01,-6.203952586180903062e-01,9.555686920559729458e+00,5.656722097961058848e-01,-1.245992557580379440e-01,5.656722097961058848e-01,3.673488711783999161e+00
4.680000000000000271e-01,2.990891769876651285e-01,4.656248796255545996e-01,4.030451251803922608e-01,2.755806546736721998e+02,-5.904888869242176375e-01,-7.405469118418979235e+01,-5.904888869242176375e-01,1.595129892481221816e+02,1.234821914443753741e+02,-7.405469118418979235e+01,1.234821914443753741e+02,-2.671810699539218490e+02,6.008846811178791825e+00,-5.765479020168304825e-01,-1.670487834818682737e-01,-5.765479020168304825e-01,9.276352832013719407e+00,5.630281818140604466e-01,-1.670487834818682737e-01,5.630281818140604466e-01,3.597116444374939270e+00
4.690000000000000280e-01,2.986630546999675673e-01,4.658517444985263989e-01,4.028382131564468560e-01,2.759528149005827231e+02,-5.854634881280196268e-01,-7.424321785802031570e+01,-5.854634881280196268e-01,1.597841459759094391e+02,1.237159232254487478e+02,-7.424321785802031570e+01,1.237159232254487478e+02,-2.678703933184227139e+02,5.866033986039181691e+00,-5.340681390023438446e-01,-2.064982144713640166e-01,-5.340681390023438446e-01,8.998130252929010808e+00,5.590898536421308185e-01,-2.064982144713640166e-01,5.590898536421308185e-01,3.521531284030215314e+00
4.700000000000000289e-01,2.982264039200838157e-01,4.660813452044673122e-01,4.026232757102928828e-01,2.763311896790157220e+02,-5.799440806519630121e-01,-7.443194579057006877e+01,-5.799440806519630121e-01,1.600574853926167691e+02,1.239506774658092780e+02,-7.443194579057006877e+01,1.239506774658092780e+02,-2.685565828335570018e+02,5.721696369767456325e+00,-4.929818466755141460e-01,-2.429402818798917507e-01,-4.929818466755141460e-01,8.721035049099420178e+00,5.538939024156877000e-01,-2.429402818798917507e-01,5.538939024156877000e-01,3.446622117692714760e+00
4.710000000000000298e-01,2.977792727258625760e-01,4.663138147464772620e-01,4.024005680852774658e-01,2.767158047298862016e+02,-5.739658197039470000e-01,-7.462080215982477682e+01,-5.739658197039470000e-01,1.603330008453276037e+02,1.241864410107410635e+02,-7.462080215982477682e+01,1.241864410107410635e+02,-2.692395696930672102e+02,5.575886897541343146e+00,-4.533141434601225539e-01,-2.763701282177969398e-01,-4.533141434601225539e-01,8.445082846692070433e+00,5.474773554724395863e-01,-2.763701282177969398e-01,5.474773554724395863e-01,3.372278186765981900e+00
4.720000000000000306e-01,2.973217174119955897e-01,4.665492810545742164e-01,4.021703471068195368e-01,2.771066855973810448e+02,-5.675651050944590104e-01,-7.480971316337374333e+01,-5.675651050944590104e-01,1.606106860617361747e+02,1.244232012116233221e+02,-7.480971316337374333e+01,1.244232012116233221e+02,-2.699192885101842876e+02,5.428660337381042922e+00,-4.150893615100323397e-01,-3.067853203092364978e-01,-4.150893615100323397e-01,8.170289029753753596e+00,5.398775473880458309e-01,-3.067853203092364978e-01,5.398775473880458309e-01,3.298389199762282953e+00
4.730000000000000315e-01,2.968538023597603326e-01,4.667878669332596320e-01,4.019328709878383643e-01,2.775038577141150995e+02,-5.607795527480319286e-01,-7.499860413855031993e+01,-5.607795527480319286e-01,1.608905351535216255e+02,1.246609459627171361e+02,-7.499860413855031993e+01,1.246609459627171361e+02,-2.705956773963735600e+02,5.280073248636972139e+00,-3.783310197764315208e-01,-3.341858607914978685e-01,-3.783310197764315208e-01,7.896668737066456778e+00,5.311320774902134056e-01,-3.341858607914978685e-01,5.311320774902134056e-01,3.224845441933595680e+00
4.740000000000000324e-01,2.963755999046960299e-01,4.670296900207159263e-01,4.016883991273006993e-01,2.779073464662179731e+02,-5.536479636817699390e-01,-7.518739968577334309e+01,-5.536479636817699390e-01,1.611725426192366228e+02,1.248996637359490478e+02,-7.518739968577334309e+01,1.248996637359490478e+02,-2.712686780323479070e+02,5.130183937329029220e+00,-3.430617977746842073e-01,-3.585741961214901630e-01,-3.430617977746842073e-01,7.624236858345959433e+00,5.212787679051815726e-01,-3.585741961214901630e-01,5.212787679051815726e-01,3.151537881742433989e+00
4.750000000000000333e-01,2.958871902019016842e-01,4.672748627598117266e-01,4.014371919023435598e-01,2.783171772580978995e+02,-5.462102904822014882e-01,-7.537602379480320280e+01,-5.462102904822014882e-01,1.614567033466710200e+02,1.251393436136408468e+02,-7.537602379480320280e+01,1.251393436136408468e+02,-2.719382357313126022e+02,4.979052408374906591e+00,-3.093035100893064548e-01,-3.799552210619134285e-01,-3.093035100893064548e-01,7.353008029780400356e+00,5.103556221884235633e-01,-3.799552210619134285e-01,5.103556221884235633e-01,3.078358274039799891e+00
4.760000000000000342e-01,2.953886610886075625e-01,4.675234923810339116e-01,4.011795104545513579e-01,2.787333755766265426e+02,-5.385076013185745580e-01,-7.556439997361520966e+01,-5.385076013185745580e-01,1.617430126146516045e+02,1.253799753191419342e+02,-7.556439997361520966e+01,1.253799753191419342e+02,-2.726042994944295970e+02,4.826740314752528072e+00,-2.770770816550461868e-01,-3.983362796265098038e-01,-2.770770816550461868e-01,7.082996628908885484e+00,4.984007845889470989e-01,-3.983362796265098038e-01,4.984007845889470989e-01,3.005199259828079228e+00
4.770000000000000351e-01,2.948801079435958150e-01,4.677756808973408398e-01,4.009156164711103476e-01,2.791559670544860410e+02,-5.305820415375565036e-01,-7.575245137958110320e+01,-5.305820415375565036e-01,1.620314660942377998e+02,1.256215492453266194e+02,-7.575245137958110320e+01,1.256215492453266194e+02,-2.732668220585089784e+02,4.673310903649420922e+00,-2.464025238508525117e-01,-4.137271624718473761e-01,-2.464025238508525117e-01,6.814216768842960015e+00,4.854524999943438113e-01,-4.137271624718473761e-01,4.854524999943438113e-01,2.931954462497524894e+00
4.780000000000000360e-01,2.943616335430053743e-01,4.680315251108679298e-01,4.006457719616687285e-01,2.795849775324186908e+02,-5.224767928911158155e-01,-7.594010095263980986e+01,-5.224767928911158155e-01,1.623220598492740123e+02,1.258640564809244324e+02,-7.594010095263980986e+01,1.258640564809244324e+02,-2.739257599359591495e+02,4.518828959659372480e+00,-2.172989114428746371e-01,-4.261401007301529043e-01,-2.172989114428746371e-01,6.546682291837008449e+00,4.715490746011714585e-01,-4.261401007301529043e-01,4.715490746011714585e-01,2.858518580435819079e+00
4.790000000000000369e-01,2.938333479120158742e-01,4.682911166313025730e-01,4.003702390318707449e-01,2.800204331201206287e+02,-5.142360304561304218e-01,-7.612727155012883884e+01,-5.142360304561304218e-01,1.626147903362594036e+02,1.261074888346589518e+02,-7.612727155012883884e+01,1.261074888346589518e+02,-2.745810734470468901e+02,4.363360745094421844e+00,-1.897843604112960936e-01,-4.355897562858628280e-01,-1.897843604112960936e-01,6.280406762216480310e+00,4.567288373529183598e-01,-4.355897562858628280e-01,4.567288373529183598e-01,2.784787475921356226e+00
4.799999999999999822e-01,2.932953681718568628e-01,4.685545419056633687e-01,4.000892796546429708e-01,2.804623602555213893e+02,-5.059048773109475761e-01,-7.631388608294031428e+01,-5.059048773109475761e-01,1.629096544034958924e+02,1.263518388571754372e+02,-7.631388608294031428e+01,1.263518388571754372e+02,-2.752327267445386383e+02,4.206973937487759940e+00,-1.638760066950259164e-01,-4.420932085057830419e-01,-1.638760066950259164e-01,6.015403458676106041e+00,4.410301021851615877e-01,-4.420932085057830419e-01,4.410301021851615877e-01,2.710658260221947558e+00
4.809999999999999831e-01,2.927478183815684920e-01,4.688218822591270207e-01,3.998031554404152810e-01,2.809107857621941662e+02,-4.975293570407026134e-01,-7.649986765265853705e+01,-4.975293570407026134e-01,1.632066492894782073e+02,1.265970998607454021e+02,-7.649986765265853705e+01,1.265970998607454021e+02,-2.758806878308172941e+02,4.049737564370442300e+00,-1.395899858868215049e-01,-4.456699374408681358e-01,-1.395899858868215049e-01,5.751685365962722507e+00,4.244911311150780797e-01,-4.456699374408681358e-01,4.244911311150780797e-01,2.636029374831901695e+00
4.819999999999999840e-01,2.921908293739132190e-01,4.690932139464495387e-01,3.995121274075748574e-01,2.813657369046444501e+02,-4.891563441496606379e-01,-7.668513968932970215e+01,-4.891563441496606379e-01,1.635057726204876474e+02,1.268432659367404511e+02,-7.668513968932970215e+01,1.268432659367404511e+02,-2.765249285675820374e+02,3.891721935412383537e+00,-1.169414139104808931e-01,-4.463418035249390181e-01,-1.169414139104808931e-01,5.489265165961025872e+00,4.071500982098341104e-01,-4.463418035249390181e-01,4.071500982098341104e-01,2.560800668791714862e+00
4.829999999999999849e-01,2.916245385848209026e-01,4.693686082134614912e-01,3.992164557545289094e-01,2.818272414412314788e+02,-4.808335124651337833e-01,-7.686962608951131415e+01,-4.808335124651337833e-01,1.638070224073570387e+02,1.270903319708759085e+02,-7.686962608951131415e+01,1.270903319708759085e+02,-2.771654246782644577e+02,3.732998572024950779e+00,-9.594436871023741265e-02,-4.441330238035960387e-01,-9.594436871023741265e-02,5.228155228202522764e+00,3.890450544658062837e-01,-4.441330238035960387e-01,3.890450544658062837e-01,2.484873472045695308e+00
4.839999999999999858e-01,2.910490898757302491e-01,4.696481313679901626e-01,3.989163996348521479e-01,2.822953276744795517e+02,-4.726092816236596716e-01,-7.705325135424391192e+01,-4.726092816236596716e-01,1.641103970413724085e+02,1.273382936562288847e+02,-7.705325135424391192e+01,1.273382936562288847e+02,-2.778021557433048656e+02,3.573640134529780799e+00,-7.661187298130837930e-02,-4.390701447339931951e-01,-7.661187298130837930e-02,4.968367599821533531e+00,3.702138936279833481e-01,-4.390701447339931951e-01,3.702138936279833481e-01,2.408150664804167285e+00
4.849999999999999867e-01,2.904646333482158171e-01,4.699318448595466435e-01,3.986122169370555079e-01,2.827700244985474569e+02,-4.645327617360394679e-01,-7.723594072658733012e+01,-4.645327617360394679e-01,1.644158952892816217e+02,1.275871475040422922e+02,-7.723594072658733012e+01,1.275871475040422922e+02,-2.784351051884536901e+02,3.413720347005091860e+00,-5.895587796909501632e-02,-4.311820116037310413e-01,-5.895587796909501632e-02,4.709913994984370689e+00,3.506943189762834479e-01,-4.311820116037310413e-01,3.506943189762834479e-01,2.330536742887926671e+00
4.859999999999999876e-01,2.898713251502820221e-01,4.702198053669980338e-01,3.983041640705723974e-01,2.832513614436276157e+02,-4.566536963335298682e-01,-7.741762032836214757e+01,-4.566536963335298682e-01,1.647235162873818410e+02,1.278368908523318055e+02,-7.741762032836214757e+01,1.278368908523318055e+02,-2.790642602662767331e+02,3.253313919927351527e+00,-4.298724836309311681e-02,-4.204997346244931933e-01,-4.298724836309311681e-02,4.452805783820572572e+00,3.305238111029036863e-01,-4.204997346244931933e-01,3.305238111029036863e-01,2.251937879043573787e+00
4.869999999999999885e-01,2.892693272737228427e-01,4.705120648933919236e-01,3.979924957596208124e-01,2.837393687170608132e+02,-4.490224037029298398e-01,-7.759821729573801008e+01,-4.490224037029298398e-01,1.650332595346602034e+02,1.280875218723179785e+02,-7.759821729573801008e+01,1.280875218723179785e+02,-2.796896120310574929e+02,3.092496470732592595e+00,-2.871574831009435225e-02,-4.070566517633393833e-01,-2.871574831009435225e-02,4.197053980887666569e+00,3.097395967022358865e-01,-4.070566517633393833e-01,3.097395967022358865e-01,2.172261980229285072e+00
4.879999999999999893e-01,2.886588073419706912e-01,4.708086708670494724e-01,3.976774648466177009e-01,2.842340772409582996e+02,-4.416897167234750676e-01,-7.777765991331266093e+01,-4.416897167234750676e-01,1.653451248849658839e+02,1.283390395727114424e+02,-7.777765991331266093e+01,1.283390395727114424e+02,-2.803111553073032383e+02,2.931344442427576080e+00,-1.615002856969385836e-02,-3.908882883816693909e-01,-1.615002856969385836e-02,3.942669233203236701e+00,2.883786183922765201e-01,-3.908882883816693909e-01,2.883786183922765201e-01,2.091418740881134219e+00
4.889999999999999902e-01,2.880399383878917696e-01,4.711096662479716257e-01,3.973593221068609238e-01,2.847355186861377092e+02,-4.347069213233370477e-01,-7.795587774632863898e+01,-4.347069213233370477e-01,1.656591125381939662e+02,1.285914438018842247e+02,-7.795587774632863898e+01,1.285914438018842247e+02,-2.809288886520752726e+02,2.769935020386936841e+00,-5.297614833536982461e-03,-3.720323137588408824e-01,-5.297614833536982461e-03,3.689661807880479483e+00,2.664775055839086471e-01,-3.720323137588408824e-01,2.664775055839086471e-01,2.009319692180608907e+00
4.899999999999999911e-01,2.874128986210288117e-01,4.714150896385851941e-01,3.970383160761902785e-01,2.852437255021891929e+02,-4.281256936780910016e-01,-7.813280177067932186e+01,-4.281256936780910016e-01,1.659752230304669069e+02,1.288447352479647350e+02,-7.813280177067932186e+01,1.288447352479647350e+02,-2.815428143113719557e+02,2.608346047477720919e+00,3.835102771898450495e-03,-3.505284945841389277e-01,3.835102771898450495e-03,3.438041579405520132e+00,2.440725464118864707e-01,-3.505284945841389277e-01,2.440725464118864707e-01,1.925878247354112727e+00
4.909999999999999920e-01,2.867778711838371297e-01,4.717249753977981186e-01,3.967146928933371619e-01,2.857587309435031102e+02,-4.219980362777523974e-01,-7.830836450036213137e+01,-4.219980362777523974e-01,1.662934572233006350e+02,1.290989154368994321e+02,-7.830836450036213137e+01,1.290989154368994321e+02,-2.821529381708070332e+02,2.446655937657974178e+00,1.124287898087723316e-02,-3.264186455073594950e-01,1.124287898087723316e-02,3.187818016596846604e+00,2.211996607388530267e-01,-3.264186455073594950e-01,2.211996607388530267e-01,1.841009743045217473e+00
4.919999999999999929e-01,2.861350438965169496e-01,4.720393537573237541e-01,3.963886961586622348e-01,2.862805690911035867e+02,-4.163762129928655908e-01,-7.848250011204365251e+01,-4.163762129928655908e-01,1.666138162917491172e+02,1.293539867285278149e+02,-7.848250011204365251e+01,1.293539867285278149e+02,-2.827592697008301457e+02,2.284943588200663456e+00,1.692162146593365751e-02,-2.997465768445233825e-01,1.692162146593365751e-02,2.939000169289079700e+00,1.978943742412573870e-01,-2.997465768445233825e-01,1.978943742412573870e-01,1.754631476810039725e+00
4.929999999999999938e-01,2.854846089901068029e-01,4.723582509392051931e-01,3.960605668109317690e-01,2.868092748701484425e+02,-4.113126832736468397e-01,-7.865514456641032837e+01,-4.113126832736468397e-01,1.669363017115228160e+02,1.296099523107225195e+02,-7.865514456641032837e+01,1.296099523107225195e+02,-2.833618218967486087e+02,2.123288290698603475e+00,2.086839768271122816e-02,-2.705580395412888750e-01,2.086839768271122816e-02,2.691596654785000986e+00,1.741917935836109765e-01,-2.705580395412888750e-01,1.741917935836109765e-01,1.666662740795429087e+00
4.939999999999999947e-01,2.848267628275769070e-01,4.726816892734723163e-01,3.957305430237554322e-01,2.873448840629699816e+02,-4.068600356193123879e-01,-7.882623572598760120e+01,-4.068600356193123879e-01,1.672609152450832255e+02,1.298668161916493773e+02,-7.882623572598760120e+01,1.298668161916493773e+02,-2.839606112138125695e+02,1.961769641010064902e+00,2.308144046924802406e-02,-2.389006675023717385e-01,2.308144046924802406e-02,2.445615644121391874e+00,1.501265826851616580e-01,-2.389006675023717385e-01,1.501265826851616580e-01,1.577024851668598515e+00
4.949999999999999956e-01,2.841617056127264673e-01,4.730096873148624814e-01,3.953988601232346634e-01,2.878874333175501192e+02,-4.030709204574599025e-01,-7.899571346912178171e+01,-4.030709204574599025e-01,1.675876589267178360e+02,1.301245831902065788e+02,-7.899571346912178171e+01,1.301245831902065788e+02,-2.845556574976315574e+02,1.800467448308170182e+00,2.356015238865850903e-02,-2.048239174007296381e-01,2.356015238865850903e-02,2.201064848195539270e+00,1.257329400807388198e-01,-2.048239174007296381e-01,1.257329400807388198e-01,1.485641176875394764e+00
4.959999999999999964e-01,2.834896410867795424e-01,4.733422599575451417e-01,3.950657505283162174e-01,2.884369601513370185e+02,-3.999979825756938001e-01,-7.916351979983079445e+01,-3.999979825756938001e-01,1.679165350466070663e+02,1.303832589247057001e+02,-7.916351979983079445e+01,1.303832589247057001e+02,-2.851469839101962975e+02,1.639461643400367485e+00,2.230510880599513926e-02,-1.683790060854105930e-01,2.230510880599513926e-02,1.957951503800563042e+00,1.010445773752756127e-01,-1.683790060854105930e-01,1.010445773752756127e-01,1.392437157312570895e+00
4.969999999999999973e-01,2.828107762126512714e-01,4.736794185468224394e-01,3.947314437152450450e-01,2.889935029503317878e+02,-3.976937932495867578e-01,-7.932959895324250965e+01,-3.976937932495867578e-01,1.682475461338963783e+02,1.306428497998593059e+02,-7.932959895324250965e+01,1.306428497998593059e+02,-2.857346168517794922e+02,1.478832186486883637e+00,1.931805969192902303e-02,-1.296188457117662396e-01,1.931805969192902303e-02,1.716282359618711784e+00,7.609469878931827969e-02,-1.296188457117662396e-01,7.609469878931827969e-02,1.297340326507157915e+00
4.979999999999999982e-01,2.821253208469501894e-01,4.740211709867945267e-01,3.943961662074370600e-01,2.895571009633882227e+02,-3.962107822125434109e-01,-7.949389749635474800e+01,-3.962107822125434109e-01,1.685806949387950340e+02,1.309033629921446220e+02,-7.949389749635474800e+01,1.309033629921446220e+02,-2.863185858789937015e+02,1.318658974529261396e+00,1.460193014776384017e-02,-8.859797672219207887e-02,1.460193014776384017e-02,1.476063662222641959e+00,5.091598179071440966e-02,-8.859797672219207887e-02,5.091598179071440966e-02,1.200280326403313280e+00
4.989999999999999991e-01,2.814334873998687869e-01,4.743675218430306595e-01,3.940601415919780526e-01,2.901277942916900656e+02,-3.956011696141631395e-01,-7.965636442386482940e+01,-3.956011696141631395e-01,1.689159844137244022e+02,1.311648064336134496e+02,-7.965636442386482940e+01,1.311648064336134496e+02,-2.868989236192827548e+02,1.159021748401804164e+00,8.160819648179488961e-03,-4.537249880965516652e-02,8.160819648179488961e-03,1.237301142135363463e+00,2.554055880562053002e-02,-4.537249880965516652e-02,2.554055880562053002e-02,1.101188919863852256e+00
5.000000000000000000e-01,2.807354904832161657e-01,4.747184724393351263e-01,3.937235905638478140e-01,2.907056238733865143e+02,-3.959168981142912047e-01,-7.981695124883326287e+01,-3.959168981142912047e-01,1.692534176935463108e+02,1.314271887942219053e+02,-7.981695124883326287e+01,1.314271887942219053e+02,-2.874756656821242586e+02,1.000000000000000000e+00,0.000000000000000000e+00,0.000000000000000000e+00,0.000000000000000000e+00,1.000000000000000000e+00,0.000000000000000000e+00,0.000000000000000000e+00,0.000000000000000000e+00,1.000000000000000000e+00
5.010000000000000009e-01,2.800315465469331300e-01,4.750740209477432030e-01,3.933867309988518524e-01,2.912906314633870011e+02,-3.972095652600903803e-01,-7.997561208796294352e+01,-3.972095652600903803e-01,1.695929980749047843e+02,1.316905194627551339e+02,-7.997561208796294352e+01,1.316905194627551339e+02,-2.880488505672178121e+02,8.416728794807515346e-01,-9.874087982821758147e-03,4.746051600763177836e-02,-9.874087982821758147e-03,7.641648929108105781e-01,-2.567470287911008744e-02,4.746051600763177836e-02,-2.567470287911008744e-02,8.966495964487418702e-01
5.020000000000000018e-01,2.793218735045377432e-01,4.754341624709689240e-01,3.930497780561192367e-01,2.918828596083353091e+02,-3.995303562931578067e-01,-8.013230374129256006e+01,-3.995303562931578067e-01,1.699347289947206718e+02,1.319548085264240456e+02,-8.013230374129256006e+01,1.319548085264240456e+02,-2.886185195699316068e+02,6.841191028095187088e-01,-2.145383908590909813e-02,9.694870409997867478e-02,-2.145383908590909813e-02,5.297999209569834722e-01,-5.145315161509218110e-02,9.694870409997867478e-02,-5.145315161509218110e-02,7.910758787224687616e-01
5.030000000000000027e-01,2.786066903480328705e-01,4.757988891165751966e-01,3.927129443108948736e-01,2.924823516168008837e+02,-4.029299775329585609e-01,-8.028698576612134730e+01,-4.029299775329585609e-01,1.702786140078821120e+02,1.322200667492122648e+02,-8.028698576612134730e+01,1.322200667492122648e+02,-2.891847166842758838e+02,5.274168597892510135e-01,-3.473048957886407800e-02,1.484029534635883385e-01,-3.473048957886407800e-02,2.969086140306299582e-01,-7.730555560025127726e-02,1.484029534635883385e-01,-7.730555560025127726e-02,6.832191567604182225e-01
5.040000000000000036e-01,2.778862167529174698e-01,4.761681900622401487e-01,3.923764399182168017e-01,2.930891515247452048e+02,-4.074585904816460658e-01,-8.043962054500080683e+01,-4.074585904816460658e-01,1.706246567641797753e+02,1.324863055490526165e+02,-8.043962054500080683e+01,1.324863055490526165e+02,-2.897474885036679666e+02,3.716437227452877856e-01,-4.969412437148459927e-02,2.017604646065032092e-01,-4.969412437148459927e-02,6.549391895009615272e-02,-1.032027448972087785e-01,2.017604646065032092e-01,-1.032027448972087785e-01,5.730218788156752341e-01
5.050000000000000044e-01,2.771606726740248883e-01,4.765420516115604355e-01,3.920404728079456280e-01,2.937033040563400164e+02,-4.131657467936952766e-01,-8.059017334764887153e+01,-4.131657467936952766e-01,1.709728609845387268e+02,1.327535369739136399e+02,-8.059017334764887153e+01,1.327535369739136399e+02,-2.903068841197469396e+02,2.168765560391870961e-01,-6.633368543403186934e-02,2.569573275389707145e-01,-6.633368543403186934e-02,-1.644418130507894205e-01,-1.291161823006093112e-01,2.569573275389707145e-01,-1.291161823006093112e-01,4.604286268152161243e-01
5.060000000000000053e-01,2.764302779330118920e-01,4.769204572399388664e-01,3.917052489114639102e-01,2.943248545802309764e+02,-4.201003242516928582e-01,-8.073861238666113138e+01,-4.201003242516928582e-01,1.713232304366042911e+02,1.330217736768764212e+02,-8.073861238666113138e+01,1.330217736768764212e+02,-2.908629550194905278e+02,6.319142658277898672e-02,-8.463698147191907328e-02,3.139286009631139795e-01,-8.463698147191907328e-02,-3.928968384175663964e-01,-1.550179744180068264e-01,3.139286009631139795e-01,-1.550179744180068264e-01,3.453861093336632049e-01
5.070000000000000062e-01,2.756952517984063711e-01,4.773033876301837619e-01,3.913709724202380502e-01,2.949538490613604154e+02,-4.283104638871215175e-01,-8.088490886691405990e+01,-4.283104638871215175e-01,1.716757689097425725e+02,1.332910288902831439e+02,-8.088490886691405990e+01,1.332910288902831439e+02,-2.914157549808797398e+02,-8.933648447846231910e-02,-1.045906988433425028e-01,3.726083923205943393e-01,-1.045906988433425028e-01,-6.198700329050439439e-01,-1.808808817901502164e-01,3.726083923205943393e-01,-1.808808817901502164e-01,2.278431523240246337e-01
5.080000000000000071e-01,2.749558125592056479e-01,4.776908206975627458e-01,3.910378460762897190e-01,2.955903340084794877e+02,-4.378435083820427232e-01,-8.102903702857550172e+01,-4.378435083820427232e-01,1.720304801895210005e+02,1.335613163990382475e+02,-8.102903702857550172e+01,1.335613163990382475e+02,-2.919653399673492231e+02,-2.406329687462360756e-01,-1.261804137065527520e-01,4.329299385467895167e-01,-1.261804137065527520e-01,-8.453609026941883986e-01,-2.066783280721387062e-01,4.329299385467895167e-01,-2.066783280721387062e-01,1.077506877507875549e-01
5.090000000000000080e-01,2.742121770931000846e-01,4.780827316041394437e-01,3.907060714945045921e-01,2.962343564174968265e+02,-4.487459418842481007e-01,-8.117097418365776207e+01,-4.487459418842481007e-01,1.723873680317366279e+02,1.338326505131425961e+02,-8.117097418365776207e+01,1.338326505131425961e+02,-2.925117680212517257e+02,-3.906248760510775409e-01,-1.493906053816608515e-01,4.948256873799283806e-01,-1.493906053816608515e-01,-1.069369594949238778e+00,-2.323844082980766057e-01,4.948256873799283806e-01,-2.323844082980766057e-01,-1.493825972777207411e-02
5.100000000000000089e-01,2.734645604304688504e-01,4.784790927623372436e-01,3.903758495165697284e-01,2.968859637108284346e+02,-4.610633313647131137e-01,-8.131070074606955700e+01,-4.610633313647131137e-01,1.727464361360645171e+02,1.341050460395411505e+02,-8.131070074606955700e+01,1.341050460395411505e+02,-2.930550991565580716e+02,-5.392401982750580913e-01,-1.742046709101060520e-01,5.582273790739453734e-01,-1.742046709101060520e-01,-1.291896907769623404e+00,-2.579738962529108393e-01,5.582273790739453734e-01,-2.579738962529108393e-01,-1.402685878802178987e-01
5.110000000000000098e-01,2.727131753153636540e-01,4.788798738277690870e-01,3.900473805962110241e-01,2.975452036729276415e+02,-4.748402696420777058e-01,-8.144820025514290762e+01,-4.748402696420777058e-01,1.731076881194012458e+02,1.343785182533636373e+02,-8.144820025514290762e+01,1.343785182533636373e+02,-2.935953952510039358e+02,-6.864081513597224404e-01,-2.006049407931708994e-01,6.230661283645384518e-01,-2.006049407931708994e-01,-1.512944299492888334e+00,-2.834222509760982445e-01,6.230661283645384518e-01,-2.834222509760982445e-01,-2.682831336772557584e-01
5.120000000000000107e-01,2.719582317647570857e-01,4.792850416814793957e-01,3.897208652152904240e-01,2.982121243821907797e+02,-4.901203201943954979e-01,-8.158345939263197977e+01,-4.901203201943954979e-01,1.734711274889809260e+02,1.346530828686361474e+02,-8.158345939263197977e+01,1.346530828686361474e+02,-2.941327199378838486e+02,-8.320592553478896036e-01,-2.285726958892252692e-01,6.892725065390303829e-01,-2.285726958892252692e-01,-1.732513897306503736e+00,-3.087056224225940282e-01,6.892725065390303829e-01,-3.087056224225940282e-01,-3.990226915735621827e-01
5.130000000000000115e-01,2.711999366273861733e-01,4.796945604018434395e-01,3.893965043302091145e-01,2.988867741394471409e+02,-5.069459638735719365e-01,-8.171646799320031107e+01,-5.069459638735719365e-01,1.738367576153438279e+02,1.349287560085413133e+02,-8.171646799320031107e+01,1.349287560085413133e+02,-2.946671384976851868e+02,-9.761254123127900417e-01,-2.580881854477236614e-01,7.567766234621514654e-01,-2.580881854477236614e-01,-1.950608505128377690e+00,-3.338008563074318369e-01,7.567766234621514654e-01,-3.338008563074318369e-01,-5.325260331486427745e-01
5.140000000000000124e-01,2.704384931435723782e-01,4.801083912264721421e-01,3.890744998479653827e-01,2.995692013932555255e+02,-5.253585476327575776e-01,-8.184721904843314633e+01,-5.253585476327575776e-01,1.742045817052405710e+02,1.352055541753030354e+02,-8.184721904843314633e+01,1.352055541753030354e+02,-2.951987177497426273e+02,-1.118539982033229130e+00,-2.891306462563467683e-01,8.255082094117346392e-01,-2.891306462563467683e-01,-2.167231610717901269e+00,-3.586854981608070259e-01,8.255082094117346392e-01,-3.586854981608070259e-01,-6.688299279603948655e-01
5.150000000000000133e-01,2.696741005074314579e-01,4.805264925045582003e-01,3.887550551311300673e-01,3.002594546622419784e+02,-5.453982353714984521e-01,-8.197570870443054503e+01,-5.453982353714984521e-01,1.745746027745549043e+02,1.354834942197692556e+02,-8.197570870443054503e+01,1.354834942197692556e+02,-2.957275259440835384e+02,-1.259237855279079277e+00,-3.216783228761116442e-01,8.953966965805770784e-01,-3.216783228761116442e-01,-2.382387391981475311e+00,-3.833377966211420906e-01,8.953966965805770784e-01,-3.833377966211420906e-01,-8.079691654666991685e-01
5.160000000000000142e-01,2.689069534329218136e-01,4.809488196402013638e-01,3.884383755309167019e-01,3.009575824547237062e+02,-5.671039609977027718e-01,-8.210193625305608123e+01,-5.671039609977027718e-01,1.749468236213314754e+02,1.357625933107660501e+02,-8.210193625305608123e+01,1.357625933107660501e+02,-2.962536326536248339e+02,-1.398155524577335385e+00,-3.557084889377353232e-01,9.663713001033152894e-01,-3.557084889377353232e-01,-2.596080722438857347e+00,-4.077367059940831262e-01,9.663713001033152894e-01,-4.077367059940831262e-01,-9.499765778725846044e-01
5.170000000000000151e-01,2.681372417251989271e-01,4.813753250273228868e-01,3.881246689474541212e-01,3.016636331858765629e+02,-5.905133837994652746e-01,-8.222590411693431633e+01,-5.905133837994652746e-01,1.753212467989940819e+02,1.360428689042927886e+02,-8.222590411693431633e+01,1.360428689042927886e+02,-2.967771086668711860e+02,-1.535231152335293281e+00,-3.911974694710584899e-01,1.038361098470126587e+00,-3.911974694710584899e-01,-2.808317175819006639e+00,-4.318618881057337267e-01,1.038361098470126587e+00,-4.318618881057337267e-01,-1.094883063763106179e+00
5.180000000000000160e-01,2.673651498587579223e-01,4.818059579768730893e-01,3.878141464163191721e-01,3.023776550927097446e+02,-6.156628462135400603e-01,-8.234761782830805998e+01,-6.156628462135400603e-01,1.756978745898425700e+02,1.363243387126276218e+02,-8.234761782830805998e+01,1.363243387126276218e+02,-2.972980258812521015e+02,-1.670404636203952187e+00,-4.281206642379137284e-01,1.111295113192328543e+00,-4.281206642379137284e-01,-3.019103029756664114e+00,-4.556937134787125143e-01,1.111295113192328543e+00,-4.556937134787125143e-01,-1.242717612385228154e+00
5.190000000000000169e-01,2.665908565638457906e-01,4.822406646370952510e-01,3.875070227203342155e-01,3.030996961471211648e+02,-6.425873340707766168e-01,-8.246708600188291882e+01,-6.425873340707766168e-01,1.760767089789145530e+02,1.366070206734086412e+02,-8.246708600188291882e+01,1.366070206734086412e+02,-2.978164571972279759e+02,-1.803617671571668968e+00,-4.664525720374300133e-01,1.185102387588542472e+00,-4.664525720374300133e-01,-3.228445268563517878e+00,-4.792132618597998994e-01,1.185102387588542472e+00,-4.792132618597998994e-01,-1.393507328445537929e+00
5.200000000000000178e-01,2.658145344226227613e-01,4.826793879076805571e-01,3.872035170256042935e-01,3.038298039673132394e+02,-6.713204393921734514e-01,-8.258432030180409811e+01,-6.713204393921734514e-01,1.764577516282999454e+02,1.368909329187551407e+02,-8.258432030180409811e+01,1.368909329187551407e+02,-2.983324764132819382e+02,-1.934813811085161817e+00,-5.061668159514675081e-01,1.259712064563948575e+00,-5.061668159514675081e-01,-3.436351585050535284e+00,-5.024023221280272677e-01,1.259712064563948575e+00,-5.024023221280272677e-01,-1.547277457294575331e+00
5.210000000000000187e-01,2.650363494765365369e-01,4.831220673487059414e-01,3.869038535407446355e-01,3.045680257278542626e+02,-7.018943258023661036e-01,-8.269933540292498719e+01,-7.018943258023661036e-01,1.768410038519945999e+02,1.371760937444903732e+02,-8.269933540292498719e+01,1.371760937444903732e+02,-2.988461581219060577e+02,-2.063938521102402834e+00,-5.472361694965940382e-01,1.335053463259343598e+00,-5.472361694965940382e-01,-3.642830381380812277e+00,-5.252433916120669011e-01,1.335053463259343598e+00,-5.252433916120669011e-01,-1.704051410372991349e+00
5.220000000000000195e-01,2.642564608463437992e-01,4.835686390852858563e-01,3.866082621982499523e-01,3.053144080686740267e+02,-7.343396966203898923e-01,-8.281214894654192449e+01,-7.343396966203898923e-01,1.772264665913784256e+02,1.374625215795242923e+02,-8.281214894654192449e+01,1.374625215795242923e+02,-2.993575776066792287e+02,-2.190939234989452533e+00,-5.896325836478318871e-01,1.411056154451086453e+00,-5.896325836478318871e-01,-3.847890768935188888e+00,-5.477196748456962805e-01,1.411056154451086453e+00,-5.477196748456962805e-01,-1.863850790799429280e+00
5.230000000000000204e-01,2.634750203661880841e-01,4.840190357089149131e-01,3.863169793569497523e-01,3.060689970032877909e+02,-7.686857656804658712e-01,-8.292278149078414629e+01,-7.686857656804658712e-01,1.776141403914030548e+02,1.377502349554531804e+02,-8.292278149078414629e+01,1.377502349554531804e+02,-2.998668107405266596e+02,-2.315765403181040405e+00,-6.333272146982380502e-01,1.487650034587684189e+00,-6.333272146982380502e-01,-4.051542567175714815e+00,-5.698150817899400034e-01,1.487650034587684189e+00,-5.698150817899400034e-01,-2.026695418985183572e+00
5.240000000000000213e-01,2.626921722330943787e-01,4.844731861765013137e-01,3.860302485245207249e-01,3.068318378265416868e+02,-8.049602309283681034e-01,-8.303125645585944881e+01,-8.049602309283681034e-01,1.780040253775707413e+02,1.380392524764294251e+02,-8.303125645585944881e+01,1.380392524764294251e+02,-3.003739338852378182e+02,-2.438368539932698198e+00,-6.782904529173253705e-01,1.564765398353658021e+00,-6.782904529173253705e-01,-4.253796301495152754e+00,-5.915142255502573443e-01,1.564765398353658021e+00,-5.915142255502573443e-01,-2.192603358166106187e+00
5.250000000000000222e-01,2.619080526731918379e-01,4.849310157081037076e-01,3.857483210990562683e-01,3.076029750221753147e+02,-8.431892508316821688e-01,-8.313760006436943684e+01,-8.431892508316821688e-01,1.783961212337862321e+02,1.383295927893522901e+02,-8.313760006436943684e+01,1.383295927893522901e+02,-3.008790237923166160e+02,-2.558702266700100481e+00,-7.244919519702974764e-01,1.642333009656335108e+00,-7.244919519702974764e-01,-4.454663200043564864e+00,-6.128024196168017079e-01,1.642333009656335108e+00,-6.128024196168017079e-01,-2.361590939747949314e+00
5.260000000000000231e-01,2.611227896259155079e-01,4.853924456843987101e-01,3.854714571287310432e-01,3.083824521704955828e+02,-8.833974236349634301e-01,-8.324184127691785307e+01,-8.833974236349634301e-01,1.787904271811580941e+02,1.386212745544281688e+02,-8.324184127691785307e+01,1.386212745544281688e+02,-3.013821575052219828e+02,-2.676722352089627943e+00,-7.719006590591162009e-01,1.720284170936525747e+00,-7.719006590591162009e-01,-4.654155189526126613e+00,-6.336656746554106823e-01,1.720284170936525747e+00,-6.336656746554106823e-01,-2.533672788367364426e+00
5.270000000000000240e-01,2.603365024473759393e-01,4.858573935448926573e-01,3.851999260886606602e-01,3.091703118564548731e+02,-9.256077694835047609e-01,-8.334401172324633933e+01,-9.256077694835047609e-01,1.791869419578265195e+02,1.389143164161455672e+02,-8.334401172324633933e+01,1.389143164161455672e+02,-3.018834122630569254e+02,-2.792386748332168711e+00,-8.204848457455480304e-01,1.798550790709392722e+00,-8.204848457455480304e-01,-4.852284889969313397e+00,-6.540906948764872997e-01,1.798550790709392722e+00,-6.540906948764872997e-01,-2.708861846577026888e+00
5.280000000000000249e-01,2.595493016339988634e-01,4.863257726878801313e-01,3.849340076741166183e-01,3.099665955784231528e+02,-9.698417154321110623e-01,-8.344414562914025169e+01,-9.698417154321110623e-01,1.795856637998885788e+02,1.392087369747075627e+02,-8.344414562914025169e+01,1.392087369747075627e+02,-3.023828654057501808e+02,-2.905655624240535584e+00,-8.702121394154853640e-01,1.877065449247372175e+00,-8.702121394154853640e-01,-5.049065608455701515e+00,-6.740648740084366208e-01,1.877065449247372175e+00,-6.740648740084366208e-01,-2.887169399069813291e+00
5.290000000000000258e-01,2.587612885674721586e-01,4.867974923731248627e-01,3.846739926093424300e-01,3.107713436579393260e+02,-1.016119083348017149e+00,-8.354227973935505247e+01,-1.016119083348017149e+00,1.799865904234898153e+02,1.395045547579612162e+02,-8.354227973935505247e+01,1.395045547579612162e+02,-3.028805942807715041e+02,-3.016491394619131405e+00,-9.210495553431022886e-01,1.955761462322672228e+00,-9.210495553431022886e-01,-5.244511331830548961e+00,-6.935762909017002542e-01,1.955761462322672228e+00,-6.935762909017002542e-01,-3.068605096363651974e+00
5.300000000000000266e-01,2.579725552819286949e-01,4.872724576281947106e-01,3.844201834712986376e-01,3.115845951507228051e+02,-1.064458080709874688e+00,-8.363845323682076582e+01,-1.064458080709874688e+00,1.803897190081478925e+02,1.398017881938619098e+02,-8.363845323682076582e+01,1.398017881938619098e+02,-3.033766761514145855e+02,-3.124858746102688656e+00,-9.729635293127003592e-01,2.034572942932577178e+00,-9.729635293127003592e-01,-5.438636718386405278e+00,-7.126137047888005949e-01,2.034572942932577178e+00,-7.126137047888005949e-01,-3.253176977875441800e+00
5.310000000000000275e-01,2.571831842542177671e-01,4.877505691593429504e-01,3.841728955277685653e-01,3.124063877592192284e+02,-1.114875294297600128e+00,-8.373270765838715590e+01,-1.114875294297600128e+00,1.807950461813678658e+02,1.401004555835060330e+02,-8.373270765838715590e+01,1.401004555835060330e+02,-3.038711881066744809e+02,-3.230724659409225374e+00,-1.025919950755472820e+00,2.113434860936661330e+00,-1.025919950755472820e+00,-5.631457088534985722e+00,-7.311665502251027959e-01,2.113434860936661330e+00,-7.311665502251027959e-01,-3.440891494319463284e+00
5.320000000000000284e-01,2.563932482184977935e-01,4.882317232682299446e-01,3.839324575893529046e-01,3.132367577469468074e+02,-1.167385686760847641e+00,-8.382508680737738871e+01,-1.167385686760847641e+00,1.812025680046072296e+02,1.404005750747644754e+02,-8.382508680737738871e+01,1.404005750747644754e+02,-3.043642069727437729e+02,-3.334058428000424179e+00,-1.079884196357857595e+00,2.192283100540827867e+00,-1.079884196357857595e+00,-5.822988414478414754e+00,-7.492249317342398740e-01,2.192283100540827867e+00,-7.492249317342398740e-01,-3.631753529372676148e+00
5.330000000000000293e-01,2.556028100036669137e-01,4.887158117732405271e-01,3.836992128750736919e-01,3.140757398549026789e+02,-1.222002596046972922e+00,-8.391563666322106485e+01,-1.222002596046972922e+00,1.816122799606412457e+02,1.407021646365454615e+02,-8.391563666322106485e+01,1.407021646365454615e+02,-3.048558092261436059e+02,-3.434831673150812392e+00,-1.134821164097658208e+00,2.271054515569038479e+00,-1.134821164097658208e+00,-6.013247308894842824e+00,-7.667796181813535394e-01,2.271054515569038479e+00,-7.667796181813535394e-01,-3.825766420556489855e+00
5.340000000000000302e-01,2.548119223976124115e-01,4.892027219393362270e-01,3.834735198912743170e-01,3.149233672202777257e+02,-1.278737737662580587e+00,-8.400440528844032428e+01,-1.278737737662580587e+00,1.820241769423772951e+02,1.410052420337137278e+02,-8.400440528844032428e+01,1.410052420337137278e+02,-3.053460709085061353e+02,-3.533018355434995428e+00,-1.190695307663674818e+00,2.349686982469484597e+00,-1.190695307663674818e+00,-6.202251012656370577e+00,-7.838220368964839979e-01,2.349686982469484597e+00,-7.838220368964839979e-01,-4.022931979291719529e+00
5.350000000000000311e-01,2.540206280361732571e-01,4.896923364146578139e-01,3.832557533238121206e-01,3.157796712977201992e+02,-1.337601209736167585e+00,-8.409144273326394625e+01,-1.337601209736167585e+00,1.824382532431593518e+02,1.413098248026896897e+02,-8.409144273326394625e+01,1.413098248026896897e+02,-3.058350675430165211e+02,-3.628594782650115924e+00,-1.247470671214226279e+00,2.428119451007877405e+00,-1.247470671214226279e+00,-6.390017381599760071e+00,-8.003442675695328079e-01,2.428119451007877405e+00,-8.003442675695328079e-01,-4.223250510090671206e+00
5.360000000000000320e-01,2.532289593178232989e-01,4.901845331750517842e-01,3.830463049435971490e-01,3.166446817833756313e+02,-1.398601500842944212e+00,-8.417680093814506392e+01,-1.398601500842944212e+00,1.828545025486007489e+02,1.416159302277497432e+02,-8.417680093814506392e+01,1.416159302277497432e+02,-3.063228740525242983e+02,-3.721539614198361434e+00,-1.305110924429670360e+00,2.506291992606426877e+00,-1.305110924429670360e+00,-6.576564872373340975e+00,-8.163390359373621230e-01,2.506291992606426877e+00,-8.163390359373621230e-01,-4.426720828857396484e+00
5.370000000000000329e-01,2.524369383442469639e-01,4.906791854769020911e-01,3.828455845256850121e-01,3.175184265419206895e+02,-1.461745500546714593e+00,-8.426053363445743116e+01,-1.461745500546714593e+00,1.832729179299768987e+02,1.419235753180479094e+02,-8.426053363445743116e+01,1.419235753180479094e+02,-3.068095646793279343e+02,-3.811833861961821945e+00,-1.363579397813755367e+00,2.584145846292899673e+00,-1.363579397813755367e+00,-6.761912527385874228e+00,-8.317997072826219807e-01,2.584145846292899673e+00,-8.317997072826219807e-01,-4.633340280274389045e+00
5.380000000000000338e-01,2.516445768868795230e-01,4.911761618185714329e-01,3.826540207823090345e-01,3.184009315367945874e+02,-1.527038512607688414e+00,-8.434269624364404194e+01,-1.527038512607688414e+00,1.836934918392039719e+02,1.422327767853743694e+02,-8.434269624364404194e+01,1.422327767853743694e+02,-3.072952129066370048e+02,-3.899460887709373935e+00,-1.422839118198512720e+00,2.661623462229938397e+00,-1.422839118198512720e+00,-6.946079958885776229e+00,-8.467202797629750366e-01,2.661623462229938397e+00,-8.467202797629750366e-01,-4.843104754260889599e+00
5.390000000000000346e-01,2.508518763793415873e-01,4.916753259106115270e-01,3.824720623103842199e-01,3.192922207638213763e+02,-1.594484270799336301e+00,-8.442334577508911764e+01,-1.594484270799336301e+00,1.841162161054259911e+02,1.425435510226663780e+02,-8.442334577508911764e+01,1.425435510226663780e+02,-3.077798913817140942e+02,-3.984406397082333129e+00,-1.482852844407278381e+00,2.738668542800565930e+00,-1.482852844407278381e+00,-7.129087332201509142e+00,-8.610953775884012673e-01,2.738668542800565930e+00,-8.610953775884012673e-01,-5.056008701495112945e+00
5.400000000000000355e-01,2.500588279355980270e-01,4.921765366548076504e-01,3.823001785541934039e-01,3.201923161883994453e+02,-1.664084957271872778e+00,-8.450254072298191943e+01,-1.664084957271872778e+00,1.845410819332244046e+02,1.428559140832837215e+02,-8.450254072298191943e+01,1.428559140832837215e+02,-3.082636718406969862e+02,-4.066658430212489073e+00,-1.543583103030397030e+00,2.815226081231346100e+00,-1.543583103030397030e+00,-7.310955348176056745e+00,-8.749202440632787292e-01,2.815226081231346100e+00,-8.749202440632787292e-01,-5.272045147999375736e+00
5.410000000000000364e-01,2.492654123935320598e-01,4.926796481319796750e-01,3.821388607841327278e-01,3.211012376864239286e+02,-1.735841223394693378e+00,-8.458034096243615352e+01,-1.735841223394693378e+00,1.849680799024612838e+02,1.431698816610590370e+02,-8.458034096243615352e+01,1.431698816610590370e+02,-3.087466250351036479e+02,-4.146207349032784428e+00,-1.604992224268211531e+00,2.891242397740273251e+00,-1.604992224268211531e+00,-7.491705224830832677e+00,-8.881907345089486983e-01,2.891242397740273251e+00,-8.881907345089486983e-01,-5.491205708793885698e+00
5.420000000000000373e-01,2.484716003835200637e-01,4.931845095983457550e-01,3.819886230925809700e-01,3.220190029890919163e+02,-1.809752213005085153e+00,-8.465680764512443091e+01,-1.809752213005085153e+00,1.853971999697601802e+02,1.434854690711319165e+02,-8.465680764512443091e+01,1.434854690711319165e+02,-3.092288206600195508e+02,-4.223045821347223949e+00,-1.667042377795980634e+00,2.966665173201743055e+00,-1.667042377795980634e+00,-7.671358678296105182e+00,-9.009033090814738687e-01,2.966665173201743055e+00,-9.009033090814738687e-01,-5.713480600631407391e+00
5.430000000000000382e-01,2.476773524214662681e-01,4.936909654901194267e-01,3.818500034081229733e-01,3.229456276317253014e+02,-1.885815587985826935e+00,-8.473200309468155922e+01,-1.885815587985826935e+00,1.858284314716232757e+02,1.438026912315731636e+02,-8.473200309468155922e+01,1.438026912315731636e+02,-3.097103272839696615e+02,-4.297168801732735410e+00,-1.729695608605605006e+00,3.041443480326330384e+00,-1.729695608605605006e+00,-7.849937903047313981e+00,-9.130550254982972014e-01,3.041443480326330384e+00,-9.130550254982972014e-01,-5.938858653831361245e+00
5.440000000000000391e-01,2.468826190256423470e-01,4.941988554358848207e-01,3.817235645295634638e-01,3.238811249067329072e+02,-1.964027556089860349e+00,-8.480599070212420543e+01,-1.964027556089860349e+00,1.862617631291787745e+02,1.441215626458041470e+02,-8.480599070212420543e+01,1.441215626458041470e+02,-3.101912122804779983e+02,-4.368573509351462825e+00,-1.792913872779181794e+00,3.115527812358132032e+00,-1.792913872779181794e+00,-8.027465551488010220e+00,-9.246435316864983767e-01,3.115527812358132032e+00,-9.246435316864983767e-01,-6.167327323238033010e+00
5.450000000000000400e-01,2.460873408565665554e-01,4.947080142761566823e-01,3.816098951813384765e-01,3.248255058208161472e+02,-2.044382900926076996e+00,-8.487883482152733450e+01,-2.044382900926076996e+00,1.866971830545458317e+02,1.444420973858147192e+02,-8.487883482152733450e+01,1.444420973858147192e+02,-3.106715417613166892e+02,-4.437259402757455007e+00,-1.856659073149728112e+00,3.188870109297392563e+00,-1.856659073149728112e+00,-8.203964712922148905e+00,-9.356670583643816874e-01,3.188870109297392563e+00,-9.356670583643816874e-01,-6.398872698333254228e+00
5.460000000000000409e-01,2.452914488790473579e-01,4.952182720894103829e-01,3.815096110921341044e-01,3.257787790565102455e+02,-2.126875014016450738e+00,-8.495060066619123518e+01,-2.126875014016450738e+00,1.871346787587999074e+02,1.447643090761815756e+02,-8.495060066619123518e+01,1.447643090761815756e+02,-3.111513805114515776e+02,-4.503228151787002531e+00,-1.920893094804774215e+00,3.261423781661011656e+00,-1.920893094804774215e+00,-8.379458891959856714e+00,-9.461244115671305632e-01,3.261423781661011656e+00,-9.461244115671305632e-01,-6.633479512539824263e+00
5.470000000000000417e-01,2.444948645454049219e-01,4.957294542237299373e-01,3.814233560987128624e-01,3.267409509381343469e+02,-2.211495928831210822e+00,-8.502135420552373546e+01,-2.211495928831210822e+00,1.875742371615154980e+02,1.450882108788868265e+02,-8.502135420552373546e+01,1.450882108788868265e+02,-3.116307919256894365e+02,-4.566483606626563940e+00,-1.985577840388867754e+00,3.333143731797999276e+00,-1.985577840388867754e+00,-8.553971986402030936e+00,-9.560149651263011306e-01,3.333143731797999276e+00,-9.560149651263011306e-01,-6.871131151756890709e+00
5.480000000000000426e-01,2.436974999987908674e-01,4.962413813330964207e-01,3.813518032771473498e-01,3.277120254022120776e+02,-2.298236356705547490e+00,-8.509116206285479223e+01,-2.298236356705547490e+00,1.880158446018588450e+02,1.454138154789363568e+02,-8.509116206285479223e+01,1.454138154789363568e+02,-3.121098379470361124e+02,-4.627031764156979143e+00,-2.050675265161589156e+00,3.403986372781538705e+00,-2.050675265161589156e+00,-8.727528264650530332e+00,-9.653386531119761971e-01,3.403986372781538705e+00,-9.653386531119761971e-01,-7.111809662173852686e+00
5.490000000000000435e-01,2.428992582954235258e-01,4.967538694172243807e-01,3.812956561038616243e-01,3.286920039724062690e+02,-2.387085724538452247e+00,-8.516009141439110408e+01,-2.387085724538452247e+00,1.884594868511972834e+02,1.457411350707755560e+02,-8.516009141439110408e+01,1.457411350707755560e+02,-3.125885790067773655e+02,-4.684880731676675403e+00,-2.116147411768095843e+00,3.473909644903437233e+00,-2.116147411768095843e+00,-8.900152342691743712e+00,-9.740959622455193090e-01,3.473909644903437233e+00,-9.740959622455193090e-01,-7.355495757413766711e+00
5.500000000000000444e-01,2.421000336444688594e-01,4.972667298637182820e-01,3.812556496490795421e-01,3.296808857389984837e+02,-2.478032214171710379e+00,-8.522820988950941512e+01,-2.478032214171710379e+00,1.889051491271877978e+02,1.460701813454986393e+02,-8.522820988950941512e+01,1.460701813454986393e+02,-3.130670739662936626e+02,-4.740040688110615186e+00,-2.181956444679909346e+00,3.542873029800893470e+00,-2.181956444679909346e+00,-9.071869160702037860e+00,-9.822879242898697738e-01,3.542873029800893470e+00,-9.822879242898697738e-01,-7.602168825061921709e+00
5.510000000000000453e-01,2.412997116642056072e-01,4.977797694912237669e-01,3.812325518054952567e-01,3.306786673429279517e+02,-2.571062803344811964e+00,-8.529558547257725820e+01,-2.571062803344811964e+00,1.893528161093027222e+02,1.464009654788476382e+02,-8.529558547257725820e+01,1.464009654788476382e+02,-3.135453800606259165e+02,-4.792523842815121782e+00,-2.248064684264207358e+00,3.610837562249268107e+00,-2.248064684264207358e+00,-9.242703959324714447e+00,-9.899161084235716945e-01,3.610837562249268107e+00,-9.899161084235716945e-01,-7.851806932638998759e+00
5.520000000000000462e-01,2.404981696512191180e-01,4.982927905903422050e-01,3.812271645551227328e-01,3.316853429643902018e+02,-2.666163308119605446e+00,-8.536228640648015187e+01,-2.666163308119605446e+00,1.898024719557452613e+02,1.467334981199946355e+02,-8.536228640648015187e+01,1.467334981199946355e+02,-3.140235528438093979e+02,-4.842344392092035044e+00,-2.314434640440656832e+00,3.677765839658298841e+00,-2.314434640440656832e+00,-9.412682255668293863e+00,-9.969826136037821529e-01,3.677765839658298841e+00,-9.969826136037821529e-01,-8.104386833082172004e+00
5.530000000000000471e-01,2.396952768690497892e-01,4.988055909685336631e-01,3.812403252777782359e-01,3.327009043159833368e+02,-2.763318426666892424e+00,-8.542838109802434587e+01,-2.763318426666892424e+00,1.902541003217054367e+02,1.470677893811022727e+02,-8.542838109802434587e+01,1.470677893811022727e+02,-3.145016461359969071e+02,-4.889518473528402964e+00,-2.381029045885539652e+00,3.743622029312533073e+00,-2.381029045885539652e+00,-9.581829819076830290e+00,-1.003490060922761939e+00,3.743622029312533073e+00,-1.003490060922761939e+00,-8.359883969800735670e+00
5.540000000000000480e-01,2.388908948416111067e-01,4.993179639845627404e-01,3.812729081042769419e-01,3.337253406403717690e+02,-2.862511784305850959e+00,-8.549393802537314002e+01,-2.862511784305850959e+00,1.907076843788996712e+02,1.474038488276536327e+02,-8.549393802537314002e+01,1.474038488276536327e+02,-3.149797119723926357e+02,-4.934064118280436340e+00,-2.447810888743771951e+00,3.808371873400075547e+00,-2.447810888743771951e+00,-9.750172646722841563e+00,-1.009441585961523336e+00,3.808371873400075547e+00,-1.009441585961523336e+00,-8.618272481375841565e+00
5.550000000000000488e-01,2.380848776594585714e-01,4.998296985802461734e-01,3.813258253182679192e-01,3.347586387124296721e+02,-2.963725979686184786e+00,-8.555902564766518026e+01,-2.963725979686184786e+00,1.911632068363379346e+02,1.477416854695448762e+02,-8.555902564766518026e+01,1.477416854695448762e+02,-3.154578005540240611e+02,-4.976001201422667108e+00,-2.514743444810270567e+00,3.871982691876716398e+00,-2.514743444810270567e+00,-9.917736939073860114e+00,-1.014840831143612787e+00,3.871982691876716398e+00,-1.014840831143612787e+00,-8.879525205976479540e+00
5.560000000000000497e-01,2.372770722944546606e-01,5.003405793049979788e-01,3.814000288105142689e-01,3.358007828458075323e+02,-3.066942632002190638e+00,-8.562371231695193785e+01,-3.066942632002190638e+00,1.916206499622547028e+02,1.480813077529313091e+02,-8.562371231695193785e+01,1.480813077529313091e+02,-3.159359602003776217e+02,-5.015351390484944716e+00,-2.581790309143068729e+00,3.934423383215321035e+00,-2.581790309143068729e+00,-1.008454907528364330e+01,-1.019691938091302541e+00,3.934423383215321035e+00,-1.019691938091302541e+00,-9.143613685566295501e+00
5.570000000000000506e-01,2.364673189236541351e-01,5.008503863338377160e-01,3.814965115898326098e-01,3.368517549038568859e+02,-3.172142429127557062e+00,-8.568806619258127455e+01,-3.172142429127557062e+00,1.920799956071400061e+02,1.484227235528177005e+02,-8.568806619258127455e+01,1.484227235528177005e+02,-3.164142373039294398e+02,-5.052138092301508010e+00,-2.648915427071545370e+00,3.995664423092983863e+00,-2.648915427071545370e+00,-1.025063558855856805e+01,-1.023999539985761542e+00,3.995664423092983863e+00,-1.023999539985761542e+00,-9.410508169977344295e+00
5.580000000000000515e-01,2.356554512493746478e-01,5.013588954657967056e-01,3.816163093545730800e-01,3.379115343148350803e+02,-3.279305176559613066e+00,-8.575215515814321066e+01,-3.279305176559613066e+00,1.925412252278021583e+02,1.487659401663829897e+02,-8.575215515814321066e+01,1.487659401663829897e+02,-3.168926762866017270e+02,-5.086386398297431555e+00,-2.716083124564197870e+00,4.055677861070818402e+00,-2.716083124564197870e+00,-1.041602314154999576e+01,-1.027768753932238655e+00,4.055677861070818402e+00,-1.027768753932238655e+00,-9.680177620928633431e+00
5.590000000000000524e-01,2.348412968322172167e-01,5.018658781190522555e-01,3.817605021299614876e-01,3.389800980912999080e+02,-3.388409847061944369e+00,-8.581604674108361053e+01,-3.388409847061944369e+00,1.930043199123927593e+02,1.491109643070295192e+02,-8.581604674108361053e+01,1.491109643070295192e+02,-3.173713195581803461e+02,-5.118123028338576574e+00,-2.783258137921471587e+00,4.114437315323463018e+00,-2.783258137921471587e+00,-1.058073850182233677e+01,-1.031005173330620250e+00,4.114437315323463018e+00,-1.031005173330620250e+00,-9.952589716068365178e+00
5.600000000000000533e-01,2.340246774213610437e-01,5.023711013071247011e-01,3.819302159755670334e-01,3.400574208535929301e+02,-3.499434630894755482e+00,-8.587980803508055772e+01,-3.499434630894755482e+00,1.934692604063199894e+02,1.494578020991451979e+02,-8.587980803508055772e+01,1.494578020991451979e+02,-3.178502074767271779e+02,-5.147376273271646596e+00,-2.850405642760280855e+00,4.171917965477311974e+00,-2.850405642760280855e+00,-1.074480851744655041e+01,-1.033714860251292889e+00,4.171917965477311974e+00,-1.033714860251292889e+00,-1.022771085311933525e+01
5.610000000000000542e-01,2.332054092841672199e-01,5.028743275978876381e-01,3.821266247681049388e-01,3.411434748573030902e+02,-3.612356986523152624e+00,-8.594350562526834381e+01,-3.612356986523152624e+00,1.939360271389772947e+02,1.498064590735684760e+02,-8.594350562526834381e+01,1.498064590735684760e+02,-3.183293783110265167e+02,-5.174175936281151245e+00,-2.917491282258076968e+00,4.228096543618298675e+00,-2.917491282258076968e+00,-1.090826009276748643e+01,-1.035904337815680032e+00,4.228096543618298675e+00,-1.035904337815680032e+00,-1.050550615420744904e+01
5.620000000000000551e-01,2.323833035331855923e-01,5.033753150532471743e-01,3.823509520648961102e-01,3.422382300245874944e+02,-3.727153691694490512e+00,-8.600720551638326583e+01,-3.727153691694490512e+00,1.944046002512101552e+02,1.501569401637435419e+02,-8.600720551638326583e+01,1.501569401637435419e+02,-3.188088682051014757e+02,-5.198553273189889801e+00,-2.984481194625562939e+00,4.282951323531622556e+00,-2.984481194625562939e+00,-1.107112016439326752e+01,-1.037580582580421407e+00,4.282951323531622556e+00,-1.037580582580421407e+00,-1.078593947045331269e+01
5.630000000000000560e-01,2.315581664455647060e-01,5.038738171442511682e-01,3.826044730533874616e-01,3.433416539792229969e+02,-3.843800894777258392e+00,-8.607097306389539426e+01,-3.843800894777258392e+00,1.948749596234440560e+02,1.505092497025549676e+02,-8.607097306389539426e+01,1.505092497025549676e+02,-3.192887111448418977e+02,-5.220540931829180664e+00,-3.051342039778408566e+00,4.336462108237166824e+00,-3.051342039778408566e+00,-1.123341567745330316e+01,-1.038751016923772807e+00,4.336462108237166824e+00,-1.038751016923772807e+00,-1.106897338690626142e+01
5.640000000000000568e-01,2.307297997863849703e-01,5.043695826528926673e-01,3.828885165933184620e-01,3.444537120852498333e+02,-3.962274166255462138e+00,-8.613487290818079600e+01,-3.962274166255462138e+00,1.953470849043953592e+02,1.508633914198289006e+02,-8.613487290818079600e+01,1.508633914198289006e+02,-3.197689389267821980e+02,-5.240172890604239520e+00,-3.118041025179714154e+00,4.388610215885561772e+00,-3.118041025179714154e+00,-1.139517356217091226e+01,-1.039423501432424901e+00,4.388610215885561772e+00,-1.039423501432424901e+00,-1.135456922789969525e+01
5.650000000000000577e-01,2.298980011116907585e-01,5.048623555361492210e-01,3.832044673564396486e-01,3.455743674890630928e+02,-4.082548550274259114e+00,-8.619896891177886289e+01,-4.082548550274259114e+00,1.958209555402850128e+02,1.512193684404891769e+02,-8.619896891177886289e+01,1.512193684404891769e+02,-3.202495811290705205e+02,-5.257484396379183522e+00,-3.184545930826280458e+00,4.439378464080853348e+00,-3.184545930826280458e+00,-1.155642071079483735e+01,-1.039606327286659804e+00,4.439378464080853348e+00,-1.039606327286659804e+00,-1.164268706290518907e+01
5.660000000000000586e-01,2.290625640659002538e-01,5.053518747666219113e-01,3.835537680711119668e-01,3.467035811648002550e+02,-4.204598616134572531e+00,-8.626332409976969018e+01,-4.204598616134572531e+00,1.962965508044767660e+02,1.515771832833552821e+02,-8.626332409976969018e+01,1.515771832833552821e+02,-3.207306650846687717e+02,-5.272511901804736389e+00,-3.250825133353237639e+00,4.488751152696532465e+00,-3.250825133353237639e+00,-1.171718395493313558e+01,-1.039308208641533726e+00,4.488751152696532465e+00,-1.039308208641533726e+00,-1.193328571296180662e+01
5.670000000000000595e-01,2.282232786669173563e-01,5.058378741428507519e-01,3.839379218782449921e-01,3.478413119628672803e+02,-4.328398509636640412e+00,-8.632800060329795144e+01,-4.328398509636640412e+00,1.967738498274588608e+02,1.519368378605695966e+02,-8.632800060329795144e+01,1.519368378605695966e+02,-3.212122158568251393e+02,-5.285293002210278424e+00,-3.316847629233011130e+00,4.536714045252375982e+00,-3.316847629233011130e+00,-1.187749004333090141e+01,-1.038538275001478883e+00,4.536714045252375982e+00,-1.038538275001478883e+00,-1.222632275775481148e+01
5.680000000000000604e-01,2.273799315810733912e-01,5.063200820712192574e-01,3.843584948058818562e-01,3.489875166614405657e+02,-4.453922004174849292e+00,-8.639305960626019498e+01,-4.453922004174849292e+00,1.972528316270905862e+02,1.522983334776415063e+02,-8.639305960626019498e+01,1.522983334776415063e+02,-3.216942562168572408e+02,-5.295866372179861337e+00,-3.382583057046071318e+00,4.583254348919918897e+00,-3.382583057046071318e+00,-1.203736562013204470e+01,-1.037306063585641036e+00,4.583254348919918897e+00,-1.037306063585641036e+00,-1.252175454341624672e+01
5.690000000000000613e-01,2.265323063682424254e-01,5.067982212992837576e-01,3.848171183686309726e-01,3.501421500207762278e+02,-4.581142551488834869e+00,-8.645856129516431565e+01,-4.581142551488834869e+00,1.977334751390342547e+02,1.526616708340945081e+02,-8.645856129516431565e+01,1.526616708340945081e+02,-3.221768066242862005e+02,-5.304271701930039384e+00,-3.448001718802547355e+00,4.628360693224851552e+00,-3.448001718802547355e+00,-1.219683720366370849e+01,-1.035621511681106277e+00,4.628360693224851552e+00,-1.035621511681106277e+00,-1.281953619111727960e+01
5.700000000000000622e-01,2.256801837246082965e-01,5.072720086280618768e-01,3.853154923015829070e-01,3.513051648401552143e+02,-4.710033331978606519e+00,-8.652456481216171369e+01,-4.710033331978606519e+00,1.982157592472941019e+02,1.530268500247037196e+02,-8.652456481216171369e+01,1.530268500247037196e+02,-3.226598852093585492e+02,-5.310549633604796149e+00,-3.513074600295267746e+00,4.672023107514655216e+00,-3.513074600295267746e+00,-1.235593116577990358e+01,-1.033494948981033223e+00,4.672023107514655216e+00,-1.033494948981033223e+00,-1.311962160651963138e+01
5.710000000000000631e-01,2.248233416992791445e-01,5.077411545789954905e-01,3.858553874353479740e-01,3.524765120172895081e+02,-4.840567304494419965e+00,-8.659112821124456616e+01,-4.840567304494419965e+00,1.986996628147849435e+02,1.533938705413106049e+02,-8.659112821124456616e+01,1.533938705413106049e+02,-3.231435077579920403e+02,-5.314741697600498860e+00,-3.577773390466418402e+00,4.714232997259828473e+00,-3.577773390466418402e+00,-1.251467371179944088e+01,-1.030937089904790271e+00,4.714232997259828473e+00,-1.030937089904790271e+00,-1.342196349015040013e+01
5.720000000000000639e-01,2.239615558890873936e-01,5.082053630196962102e-01,3.864386487210828003e-01,3.536561406100112777e+02,-4.972717255515263446e+00,-8.665830841759336067e+01,-4.972717255515263446e+00,1.991851647138544763e+02,1.537627312752009914e+02,-8.665830841759336067e+01,1.537627312752009914e+02,-3.236276876991804556e+02,-5.316890249031102300e+00,-3.642070499771674186e+00,4.754983119256962709e+00,-3.642070499771674186e+00,-1.267309086107087879e+01,-1.027959025897029477e+00,4.754983119256962709e+00,-1.027959025897029477e+00,-1.372651334876125340e+01
5.730000000000000648e-01,2.230945996051905411e-01,5.086643307416660598e-01,3.870671984140223731e-01,3.548439979000644939e+02,-5.106455847633040612e+00,-8.672616119005255086e+01,-5.106455847633040612e+00,1.996722438566846449e+02,1.541334305200332437e+02,-8.672616119005255086e+01,1.541334305200332437e+02,-3.241124360948882668e+02,-5.317038404440818766e+00,-3.705939077527277803e+00,4.794267555801604352e+00,-3.705939077527277803e+00,-1.283120842819577057e+01,-1.024572217702823806e+00,4.794267555801604352e+00,-1.024572217702823806e+00,-1.403322150772996046e+01
5.740000000000000657e-01,2.222222440292706269e-01,5.091177470080573420e-01,3.877430394262533775e-01,3.560400294588196175e+02,-5.241755667262995466e+00,-8.679474108670537191e+01,-5.241755667262995466e+00,2.001608792254989453e+02,1.545059659753028143e+02,-8.679474108670537191e+01,1.545059659753028143e+02,-3.245977616324660744e+02,-5.315229978868489802e+00,-3.769353028227227842e+00,4.832081687898448052e+00,-3.769353028227227842e+00,-1.298905200493885559e+01,-1.020788487615913898e+00,4.832081687898448052e+00,-1.020788487615913898e+00,-1.434203712455785684e+01
5.750000000000000666e-01,2.213442583247625106e-01,5.095652930357813526e-01,3.884682588560391947e-01,3.572441792147268984e+02,-5.378589271504405467e+00,-8.686410143351250213e+01,-5.378589271504405467e+00,2.006510499025053775e+02,1.548803347503296379e+02,-8.686410143351250213e+01,1.548803347503296379e+02,-3.250836706196132013e+02,-5.311509423364579874e+00,-3.832287026819453324e+00,4.868422167575880088e+00,-3.832287026819453324e+00,-1.314664694285223234e+01,-1.016620011697359827e+00,4.868422167575880088e+00,-1.016620011697359827e+00,-1.465290820351376944e+01
5.760000000000000675e-01,2.204604097256394613e-01,5.100066414347399490e-01,3.892450317056989073e-01,3.584563895223290615e+02,-5.516929234079204214e+00,-8.693429429597325964e+01,-5.516929234079204214e+00,2.011427350995057850e+02,1.552565333687541340e+02,-8.693429429597325964e+01,1.552565333687541340e+02,-3.255701669819102904e+02,-5.305921763058332630e+00,-3.894716532931575603e+00,4.903286889371245572e+00,-3.894716532931575603e+00,-1.330401833663800204e+01,-1.012079311961847194e+00,4.903286889371245572e+00,-1.012079311961847194e+00,-1.496578161147004415e+01
5.769999999999999574e-01,2.195704635938791338e-01,5.104414555948512122e-01,3.900756247982385960e-01,3.596766012326494319e+02,-5.656748190279929922e+00,-8.700537045376211154e+01,-5.656748190279929922e+00,2.016359141871056977e+02,1.556345577735285133e+02,-8.700537045376211154e+01,1.556345577735285133e+02,-3.260572522629444165e+02,-5.298512535869030593e+00,-3.956617804038519814e+00,4.936674961052431421e+00,-3.956617804038519814e+00,-1.346119100827186976e+01,-1.007179248529282756e+00,4.936674961052431421e+00,-1.007179248529282756e+00,-1.528060309497286084e+01
5.779999999999999583e-01,2.186741834494729808e-01,5.108693890246437386e-01,3.909624009044203596e-01,3.609047537647774107e+02,-5.798018880862291446e+00,-8.707737937828855479e+01,-5.798018880862291446e+00,2.021305667234611008e+02,1.560144033323890937e+02,-8.707737937828855479e+01,1.560144033323890937e+02,-3.265449256270421756e+02,-5.289327731951703804e+00,-4.017967907566108998e+00,4.968586673640565721e+00,-4.017967907566108998e+00,-1.361818949190796069e+01,-1.001933011739261525e+00,4.968586673640565721e+00,-1.001933011739261525e+00,-1.559731729858408755e+01
5.789999999999999591e-01,2.177713309458580437e-01,5.112900846128161092e-01,3.919078230900637227e-01,3.621407851784689456e+02,-5.940714194821183014e+00,-8.715036921312241702e+01,-5.940714194821183014e+00,2.026266724825000551e+02,1.563960648437946759e+02,-8.715036921312241702e+01,1.563960648437946759e+02,-3.270331838646226856e+02,-5.278413733963765786e+00,-4.078744731926339462e+00,4.999023470797579805e+00,-4.078744731926339462e+00,-1.377503801958260254e+01,-9.963541142264245032e-01,4.999023470797579805e+00,-9.963541142264245032e-01,-1.591586778452743900e+01
5.799999999999999600e-01,2.168616658306239953e-01,5.117031738539106200e-01,3.929144592993453755e-01,3.633846322475894226e+02,-6.084807210993541382e+00,-8.722438675722376900e+01,-6.084807210993541382e+00,2.031242114815629236e+02,1.567795365433185850e+02,-8.722438675722376900e+01,1.567795365433185850e+02,-3.275220214001826662e+02,-5.265817258235164999e+00,-4.138926996481982812e+00,5.027987917641413063e+00,-4.138926996481982812e+00,-1.393176050773284125e+01,-9.904563829547895493e-01,5.027987917641413063e+00,-9.904563829547895493e-01,-1.623619705366775534e+01
5.809999999999999609e-01,2.159449458522679222e-01,5.121082759968414999e-01,3.939849871841335505e-01,3.646362305342216814e+02,-6.230271238434765380e+00,-8.729947745091064348e+01,-6.230271238434765380e+00,2.036231640084045580e+02,1.571648121104783229e+02,-8.729947745091064348e+01,1.571648121104783229e+02,-3.280114303029154144e+02,-5.251585296920696422e+00,-4.198494260439736614e+00,5.055483669050510720e+00,-4.198494260439736614e+00,-1.408838054454287914e+01,-9.842539512095126453e-01,5.055483669050510720e+00,-9.842539512095126453e-01,-1.655824656784646365e+01
5.819999999999999618e-01,2.150209266464522262e-01,5.125049971509537672e-01,3.951221991960058855e-01,3.658955144632690235e+02,-6.377079855519874663e+00,-8.737568536449538215e+01,-6.377079855519874663e+00,2.041235106475075440e+02,1.575518846759893847e+02,-8.737568536449538215e+01,1.575518846759893847e+02,-3.285014002999645868e+02,-5.235765061209002091e+00,-4.257426930672996157e+00,5.081515437517984957e+00,-4.257426930672996157e+00,-1.424492137812949011e+01,-9.777612505447508262e-01,5.081515437517984957e+00,-9.777612505447508262e-01,-1.688195677359253111e+01
5.829999999999999627e-01,2.140893615621306534e-01,5.128929293074432350e-01,3.963290079522995835e-01,3.671624173973860934e+02,-6.525206947724448092e+00,-8.745305318951635343e+01,-6.525206947724448092e+00,2.046252323056574198e+02,1.579407468294284058e+02,-8.745305318951635343e+01,1.579407468294284058e+02,-3.289919187923100594e+02,-5.218403925658718023e+00,-4.315706268476982466e+00,5.106088960614616923e+00,-4.315706268476982466e+00,-1.440140590557494704e+01,-9.709930026866125941e-01,5.106088960614616923e+00,-9.709930026866125941e-01,-1.720726712722251506e+01
5.839999999999999636e-01,2.131500014224975148e-01,5.132716492696406396e-01,3.976084518911938703e-01,3.684368717120730139e+02,-6.674626744044484639e+00,-8.753162223248871499e+01,-6.674626744044484639e+00,2.051283102367349613e+02,1.583313906272910003e+02,-8.753162223248871499e+01,1.583313906272910003e+02,-3.294829708732741551e+02,-5.199549373727935908e+00,-4.373314395260731402e+00,5.129210968118485425e+00,-4.373314395260731402e+00,-1.455785666281390256e+01,-9.639642113904768328e-01,5.129210968118485425e+00,-9.639642113904768328e-01,-1.753411612133931641e+01
5.849999999999999645e-01,2.122025942869986137e-01,5.136407175619633891e-01,3.989637012376303637e-01,3.697188088707741827e+02,-6.825313852018380700e+00,-8.761143241109523672e+01,-6.825313852018380700e+00,2.056327260656836415e+02,1.587238076014296553e+02,-8.761143241109523672e+01,1.587238076014296553e+02,-3.299745393496362453e+02,-5.179248944559096124e+00,-4.430234297182121139e+00,5.150889148867642042e+00,-4.430234297182121139e+00,-1.471429581537816667e+01,-9.566901542522984192e-01,5.150889148867642042e+00,-9.566901542522984192e-01,-1.786244131273361191e+01
5.859999999999999654e-01,2.112468851341797738e-01,5.139996772315639229e-01,4.003980642904537701e-01,3.710081594998263768e+02,-6.977243291318269591e+00,-8.769252225273606882e+01,-6.977243291318269591e+00,2.061384618116142349e+02,1.591179887678567582e+02,-8.769252225273606882e+01,1.591179887678567582e+02,-3.304666047653367968e+02,-5.157550181077013463e+00,-4.486449828733812595e+00,5.171132117390747851e+00,-4.486449828733812595e+00,-1.487074515000111674e+01,-9.491863744737835118e-01,5.171132117390747851e+00,-9.491863744737835118e-01,-1.819217935168764200e+01
5.869999999999999662e-01,2.102826154775173650e-01,5.143480525538430825e-01,4.019149940499333606e-01,3.723048534631068378e+02,-7.130390525881949770e+00,-8.777492889535378140e+01,-7.130390525881949770e+00,2.066454999100116083e+02,1.595139246358980643e+02,-8.777492889535378140e+01,1.595139246358980643e+02,-3.309591454277457387e+02,-5.134500579453601610e+00,-4.541945715289615215e+00,5.189949380369181853e+00,-4.541945715289615215e+00,-1.502722606708125497e+01,-9.414686725817403845e-01,5.189949380369181853e+00,-9.414686725817403845e-01,-1.852326601267604289e+01
5.879999999999999671e-01,2.093095229472785868e-01,5.146853476759604140e-01,4.035180952075589911e-01,3.736088199362363866e+02,-7.284731494560687359e+00,-8.785868809044868044e+01,-7.284731494560687359e+00,2.071538232340129753e+02,1.599116052176811991e+02,-8.785868809044868044e+01,1.599116052176811991e+02,-3.314521374364672397e+02,-5.110147539988468601e+00,-4.596707554622418535e+00,5.207351302982411667e+00,-4.596707554622418535e+00,-1.518375957400204967e+01,-9.335530981021443742e-01,5.207351302982411667e+00,-9.335530981021443742e-01,-1.885563622645333126e+01
5.889999999999999680e-01,2.083273408289188500e-01,5.150110451870496542e-01,4.052111315174355410e-01,3.749199874801989836e+02,-7.440242640262049179e+00,-8.794383420819752928e+01,-7.440242640262049179e+00,2.076634151147302703e+02,1.603110200379443597e+02,-8.794383420819752928e+01,1.603110200379443597e+02,-3.319455547146473577e+02,-5.084538319450486732e+00,-4.650721817406480163e+00,5.223349075187103452e+00,-4.650721817406480163e+00,-1.534036627930322894e+01,-9.254559411898576338e-01,5.223349075187103452e+00,-9.254559411898576338e-01,-1.918922411351375601e+01
5.899999999999999689e-01,2.073357975192508806e-01,5.153246045710957457e-01,4.069980335673561433e-01,3.762382841142439815e+02,-7.596900937570877588e+00,-8.803040024458816504e+01,-7.596900937570877588e+00,2.081742593605923446e+02,1.607121581441499245e+02,-8.803040024458816504e+01,1.607121581441499245e+02,-3.324393690427440902e+02,-5.057719984920970191e+00,-4.703975846718330800e+00,5.237954677978533979e+00,-4.703975846718330800e+00,-1.549706638769627887e+01,-9.171937242152442549e-01,5.237954677978533979e+00,-9.171937242152442549e-01,-1.952396301890354025e+01
5.909999999999999698e-01,2.063346159022669823e-01,5.156254605414193337e-01,4.088829069723632914e-01,3.775636373879447092e+02,-7.754683918835302947e+00,-8.811841783048126331e+01,-7.754683918835302947e+00,2.086863402756877406e+02,1.611150081168877932e+02,-8.811841783048126331e+01,1.611150081168877932e+02,-3.329335500947175888e+02,-5.029739369175051600e+00,-4.756457856552136043e+00,5.251180849681474250e+00,-4.756457856552136043e+00,-1.565387969591509076e+01,-9.087831933092560543e-01,5.251180849681474250e+00,-9.087831933092560543e-01,-1.985978554836199805e+01
5.919999999999999707e-01,2.053235126813308109e-01,5.159130212940760130e-01,4.108700410176359119e-01,3.788959744522902611e+02,-7.913569698708476707e+00,-8.820791724250989319e+01,-7.913569698708476707e+00,2.091996426770908784e+02,1.615195580805528266e+02,-8.820791724250989319e+01,1.615195580805528266e+02,-3.334280654765901772e+02,-5.000643027633604909e+00,-4.808156929366806054e+00,5.263041052315880819e+00,-4.808156929366806054e+00,-1.581082558939022675e+01,-9.002413098688705206e-01,5.263041052315880819e+00,-9.002413098688705206e-01,-2.019662360576279170e+01
5.929999999999999716e-01,2.043021976563984543e-01,5.161866666649767010e-01,4.129639177748261614e-01,3.802352221296984567e+02,-8.073536997140370985e+00,-8.829892741572732007e+01,-8.073536997140370985e+00,2.097141519111590071e+02,1.619257957142813211e+02,-8.829892741572732007e+01,1.619257957142813211e+02,-3.339228807673234769e+02,-4.970477196913969387e+00,-4.859063012683602523e+00,5.273549438081186480e+00,-4.859063012683602523e+00,-1.596792303973391469e+01,-8.915852420251375587e-01,5.273549438081186480e+00,-8.915852420251375587e-01,-2.053440843182311681e+01
5.939999999999999725e-01,2.032703728928864084e-01,5.164457461273753713e-01,4.151692217142234353e-01,3.815813069828387825e+02,-8.234565160817609808e+00,-8.839147595791348522e+01,-8.234565160817609808e+00,2.102298538687905136e+02,1.623337082631307737e+02,-8.839147595791348522e+01,1.623337082631307737e+02,-3.344179595619531256e+02,-4.939287755003622493e+00,-4.909166914754332645e+00,5.282720816001170938e+00,-4.909166914754332645e+00,-1.612519060302032869e+01,-8.828323560762865174e-01,5.282720816001170938e+00,-8.828323560762865174e-01,-2.087307064404374657e+01
5.949999999999999734e-01,2.022277318342848851e-01,5.166895766823155212e-01,4.174908498450408678e-01,3.829341553821644766e+02,-8.396634183052738010e+00,-8.848558916545037789e+01,-8.396634183052738010e+00,2.107467349996387895e+02,1.627432825494874749e+02,-8.848558916545037789e+01,1.627432825494874749e+02,-3.349132635169185619e+02,-4.907120183076965070e+00,-4.958460299321546749e+00,5.290570618769741884e+00,-4.958460299321546749e+00,-1.628264641884421593e+01,-8.740002078887498804e-01,5.290570618769741884e+00,-8.740002078887498804e-01,-2.121254027783928109e+01
5.959999999999999742e-01,2.011739582980093255e-01,5.169174405684410223e-01,4.199339224088947664e-01,3.842936935720592260e+02,-8.559724722127809216e+00,-8.858129204067736850e+01,-8.559724722127809216e+00,2.112647823252794410e+02,1.631545049846867244e+02,-8.858129204067736850e+01,1.631545049846867244e+02,-3.354087523975202885e+02,-4.874019528971516912e+00,-5.006935679493466296e+00,5.297114869836256901e+00,-5.006935679493466296e+00,-1.644030821013910426e+01,-8.651065342691595106e-01,5.297114869836256901e+00,-8.651065342691595106e-01,-2.155274682881411863e+01
5.969999999999999751e-01,2.001087254103372515e-01,5.171285828466670731e-01,4.225037941621119231e-01,3.856598477355074692e+02,-8.723818118100338026e+00,-8.867860831063750027e+01,-8.723818118100338026e+00,2.117839834513311246e+02,1.635673615808294130e+02,-8.867860831063750027e+01,1.635673615808294130e+02,-3.359043841274315128e+02,-4.840030372335790254e+00,-5.054586410757479165e+00,5.302370150767225176e+00,-5.054586410757479165e+00,-1.659819328373440328e+01,-8.561692443106726502e-01,5.302370150767225176e+00,-8.561692443106726502e-01,-2.189361929613586000e+01
5.979999999999999760e-01,1.990316944658791498e-01,5.173222088360684978e-01,4.252060662785759892e-01,3.870325440572080424e+02,-8.888896408083011735e+00,-8.877756044712732830e+01,-8.888896408083011735e+00,2.123043265785348694e+02,1.639818379627804177e+02,-8.877756044712732830e+01,1.639818379627804177e+02,-3.364001148401898149e+02,-4.805196791457723826e+00,-5.101406683157357236e+00,5.306353568919667474e+00,-5.101406683157357236e+00,-1.675631853162958862e+01,-8.472064107172208036e-01,5.306353568919667474e+00,-8.472064107172208036e-01,-2.223508622695477044e+01
5.989999999999999769e-01,1.979425136592059820e-01,5.174974813316194355e-01,4.280465989042289698e-01,3.884117087850544294e+02,-9.054942340011372437e+00,-8.887816968796285266e+01,-9.054942340011372437e+00,2.128258005127985939e+02,1.643979193803322403e+02,-8.887816968796285266e+01,1.643979193803322403e+02,-3.368958989325864195e+02,-4.769562331778436359e+00,-5.147391512660204782e+00,5.309082725459483676e+00,-5.147391512660204782e+00,-1.691470043296142833e+01,-8.382362611095147686e-01,5.309082725459483676e+00,-8.382362611095147686e-01,-2.257707576181416798e+01
5.999999999999999778e-01,1.968408166896206124e-01,5.176535175922923893e-01,4.310315244003396495e-01,3.897972682899127221e+02,-9.221939384916799654e+00,-8.898045605937625169e+01,-9.221939384916799654e+00,2.133483946742178148e+02,1.648155907205192534e+02,-8.898045605937625169e+01,1.648155907205192534e+02,-3.373916891198711596e+02,-4.733169976092866271e+00,-5.192536731740331035e+00,5.310575683756661114e+00,-5.192536731740331035e+00,-1.707335505663942499e+01,-8.292771693168177194e-01,5.310575683756661114e+00,-8.292771693168177194e-01,-2.291951568099416647e+01
6.009999999999999787e-01,1.957262212841460181e-01,5.177893861381288598e-01,4.341672613170530770e-01,3.911891491236360139e+02,-9.389871747724836126e+00,-8.908443839945853426e+01,-9.389871747724836126e+00,2.138720991050857094e+02,1.652348365200669207e+02,-8.908443839945853426e+01,1.652348365200669207e+02,-3.378874364926851968e+02,-4.696062116435355094e+00,-5.236838979208148004e+00,5.310850938187395620e+00,-5.236838979208148004e+00,-1.723229806462266822e+01,-8.203476466586864246e-01,5.310850938187395620e+00,-8.203476466586864246e-01,-2.326233345172792255e+01
6.019999999999999796e-01,1.945983276209004298e-01,5.179041033213177547e-01,4.374605291360980086e-01,3.925872780752566200e+02,-9.558724376601487549e+00,-8.919013438256502013e+01,-9.558724376601487549e+00,2.143969044769080199e+02,1.656556409779601324e+02,-8.919013438256502013e+01,1.656556409779601324e+02,-3.383830905756297511e+02,-4.658280527644716784e+00,-5.280295689312954011e+00,5.309927383371437770e+00,-5.280295689312954011e+00,-1.739154471581067796e+01,-8.114663332211446978e-01,5.309927383371437770e+00,-8.114663332211446978e-01,-2.360545627622716935e+01
6.029999999999999805e-01,1.934567165940810907e-01,5.179966295843007051e-01,4.409183638215301571e-01,3.939915822253091733e+02,-9.728482970872768476e+00,-8.929756054460219161e+01,-9.728482970872768476e+00,2.149228020964425525e+02,1.660779879681164175e+02,-8.929756054460219161e+01,1.660779879681164175e+02,-3.388785993873785856e+02,-4.619866342600452924e+00,-5.322905080149474166e+00,5.307824283871485527e+00,-5.322905080149474166e+00,-1.755110987051902782e+01,-8.026519891317193123e-01,5.307824283871485527e+00,-8.026519891317193123e-01,-2.394881114045157133e+01
6.039999999999999813e-01,1.923009479091178642e-01,5.180658653684748760e-01,4.445481342228659316e-01,3.954019889982398013e+02,-9.899133987545067015e+00,-8.940673230911616542e+01,-9.899133987545067015e+00,2.154497839107844754e+02,1.665018610521482572e+02,-8.940673230911616542e+01,1.665018610521482572e+02,-3.393739095022377796e+02,-4.580860029118388077e+00,-5.364666141398500621e+00,5.304561244379604190e+00,-5.364666141398500621e+00,-1.771100799550985627e+01,-7.939234858380673776e-01,5.304561244379604190e+00,-7.939234858380673776e-01,-2.429232486355397924e+01
6.049999999999999822e-01,1.911305581303749945e-01,5.181106467955637340e-01,4.483575593828259542e-01,3.968184262128642104e+02,-1.007066464645608761e+01,-8.951766401410422702e+01,-1.007066464645608761e+01,2.159778425115207767e+02,1.669272434921995796e+02,-8.951766401410422702e+01,1.669272434921995796e+02,-3.398689661130520676e+02,-4.541301368491234669e+00,-5.405578621432828079e+00,5.300158180414129561e+00,-5.405578621432828079e+00,-1.787125316954611165e+01,-7.852997973948698807e-01,5.300158180414129561e+00,-7.852997973948698807e-01,-2.463592414793208007e+01
6.059999999999999831e-01,1.899450584703487599e-01,5.181297408414379246e-01,4.523547267874870048e-01,3.982408221308439238e+02,-1.024306293408833213e+01,-8.963036893947388251e+01,-1.024306293408833213e+01,2.165069711379807131e+02,1.673541182638421105e+02,-8.963036893947388251e+01,1.673541182638421105e+02,-3.403637130953592305e+02,-4.501229435656791011e+00,-5.445643013820157030e+00,5.294635289548933699e+00,-5.445643013820157030e+00,-1.803185908943784099e+01,-7.767999917638834795e-01,5.294635289548933699e+00,-7.767999917638834795e-01,-2.497953562981518161e+01
6.069999999999999840e-01,1.887439324687436581e-01,5.181218401465413903e-01,4.565481116164580300e-01,3.996691055031551514e+02,-1.041631760607887713e+01,-8.974485933507465063e+01,-1.041631760607887713e+01,2.170371636796098187e+02,1.677824680690166304e+02,-8.974485933507465063e+01,1.677824680690166304e+02,-3.408580930726875522e+02,-4.460682580973654332e+00,-5.484860543255098975e+00,5.288013023195193618e+00,-5.484860543255098975e+00,-1.819283907654743615e+01,-7.684432221319539291e-01,5.288013023195193618e+00,-7.684432221319539291e-01,-2.532308593031314814e+01
6.079999999999999849e-01,1.875266335194210876e-01,5.180855573768634592e-01,4.609465970425977721e-01,4.011032056145303386e+02,-1.059041818846110594e+01,-8.986114644923075900e+01,-1.059041818846110594e+01,2.175684146774983390e+02,1.682122753490048694e+02,-8.986114644923075900e+01,1.682122753490048694e+02,-3.413520474828922602e+02,-4.419698413581981455e+00,-5.523233150952981063e+00,5.280312058954496734e+00,-5.523233150952981063e+00,-1.835420608372107765e+01,-7.602487182519352960e-01,5.280312058954496734e+00,-7.602487182519352960e-01,-2.566650170685434063e+01
6.089999999999999858e-01,1.862925821657070991e-01,5.180194189943438943e-01,4.655594956328713563e-01,4.025430523258591506e+02,-1.076535497767561367e+01,-8.997924055770485552e+01,-1.076535497767561367e+01,2.181007193250957812e+02,1.686435222974185137e+02,-8.997924055770485552e+01,1.686435222974185137e+02,-3.418455166454255618e+02,-4.378313786324223855e+00,-5.560763479538255005e+00,5.271553273560268593e+00,-5.560763479538255005e+00,-1.851597270261150996e+01,-7.522357778113302196e-01,5.271553273560268593e+00,-7.522357778113302196e-01,-2.600970970493669654e+01
6.099999999999999867e-01,1.850411632315464017e-01,5.179218584700638894e-01,4.703965719090560382e-01,4.039885761145391712e+02,-1.094111903938899566e+01,-9.009915099302449448e+01,-1.094111903938899566e+01,2.186340734681456581e+02,1.690761908731902849e+02,-9.009915099302449448e+01,1.690761908731902849e+02,-3.423384398294321613e+02,-4.336564782198738754e+00,-5.597454857460814281e+00,5.261757716423307585e+00,-5.597454857460814281e+00,-1.867815117135843650e+01,-7.444237578336108108e-01,5.261757716423307585e+00,-7.444237578336108108e-01,-2.635263681011748105e+01
6.109999999999999876e-01,1.837717227025301159e-01,5.177912087760062620e-01,4.754680661248772422e-01,4.054397081127732463e+02,-1.111770220616062410e+01,-9.022088617410639699e+01,-1.111770220616062410e+01,2.191684736038755261e+02,1.695102628135552436e+02,-9.022088617410639699e+01,1.695102628135552436e+02,-3.428307553225633342e+02,-4.294486702316841154e+00,-5.633311282973541445e+00,5.250946583795528255e+00,-5.633311282973541445e+00,-1.884075338259112797e+01,-7.368320661169200925e-01,5.250946583795528255e+00,-7.368320661169200925e-01,-2.669521010016481455e+01
6.119999999999999885e-01,1.824835644392180378e-01,5.176256941943073731e-01,4.807847193226352234e-01,4.068963801438150654e+02,-1.129509707399861718e+01,-9.034445363611483515e+01,-1.129509707399861718e+01,2.197039168794790385e+02,1.699457196470075928e+02,-9.034445363611483515e+01,1.699457196470075928e+02,-3.433224005004008177e+02,-4.252114055332093301e+00,-5.668337407704630238e+00,5.239141193564712751e+00,-5.668337407704630238e+00,-1.900379089171833513e+01,-7.294801527149867848e-01,5.239141193564712751e+00,-7.294801527149867848e-01,-2.703735689729545300e+01
6.129999999999999893e-01,1.811759466422522002e-01,5.174234212681970702e-01,4.863577997322385826e-01,4.083585247561681513e+02,-1.147329699784732249e+01,-9.046986006049336027e+01,-1.147329699784732249e+01,2.202404010899281275e+02,1.703825427062212725e+02,-9.046986006049336027e+01,1.703825427062212725e+02,-3.438133118963825154e+02,-4.209480548308606629e+00,-5.702538519858102894e+00,5.226362960691540493e+00,-5.702538519858102894e+00,-1.916727492546958800e+01,-7.223875014647962445e-01,5.226362960691540493e+00,-7.223875014647962445e-01,-2.737900482042189410e+01
6.139999999999999902e-01,1.798480780688080372e-01,5.171823688066758962e-01,4.921991305818976259e-01,4.098260752557504816e+02,-1.165229608604948552e+01,-9.059711130511155375e+01,-1.165229608604948552e+01,2.207779246751541677e+02,1.708207131409212423e+02,-9.059711130511155375e+01,1.708207131409212423e+02,-3.443034252721209327e+02,-4.166619078993648806e+00,-5.735920527076139308e+00,5.212633373298909412e+00,-5.735920527076139308e+00,-1.933121639065312181e+01,-7.155736215656157695e-01,5.212633373298909412e+00,-7.155736215656157695e-01,-2.772008183733323960e+01
6.149999999999999911e-01,1.784991140437429125e-01,5.169003769005157123e-01,4.983211193944627748e-01,4.112989657360374167e+02,-1.183208919382705737e+01,-9.072621243447008510e+01,-1.183208919382705737e+01,2.213164867166377121e+02,1.712602119306937993e+02,-9.072621243447008510e+01,1.712602119306937993e+02,-3.447926756880075914e+02,-4.123561729458161018e+00,-5.768489938996473221e+00,5.197973969422153395e+00,-5.768489938996473221e+00,-1.949562588309391842e+01,-7.090580392136844878e-01,5.197973969422153395e+00,-7.090580392136844878e-01,-2.806051631673392066e+01
6.159999999999999920e-01,1.771281521759648092e-01,5.165751347153543227e-01,5.047367888511198331e-01,4.127771311062045356e+02,-1.201267191582516070e+01,-9.085716774991084321e+01,-1.201267191582516070e+01,2.218560869334482675e+02,1.717010198977239952e+02,-9.085716774991084321e+01,1.717010198977239952e+02,-3.452809975739948527e+02,-4.080339761067455662e+00,-5.800253849538070661e+00,5.182406314427473681e+00,-5.800253849538070661e+00,-1.966051369671694360e+01,-7.028602892967720228e-01,5.182406314427473681e+00,-7.028602892967720228e-01,-2.840023708006486913e+01
6.169999999999999929e-01,1.757342278447766026e-01,5.162041670090570245e-01,5.114598093138414958e-01,4.142605071172906150e+02,-1.219404057776429617e+01,-9.098998081978047026e+01,-1.219404057776429617e+01,2.223967256777744979e+02,1.721431177194491511e+02,-9.098998081978047026e+01,1.721431177194491511e+02,-3.457683248004498751e+02,-4.036983610743127393e+00,-5.831219918948050918e+00,5.165951979104654868e+00,-5.831219918948050918e+00,-1.982588983273994998e+01,-6.969999071526389312e-01,5.165951979104654868e+00,-6.969999071526389312e-01,-2.873917345303358672e+01
6.179999999999999938e-01,1.743163094545336911e-01,5.157848192083578365e-01,5.185045331110821332e-01,4.157490303864098564e+02,-1.237619222724611134e+01,-9.112465450949841284e+01,-1.237619222724611134e+01,2.229384039299872882e+02,1.725864859411177576e+02,-9.112465450949841284e+01,1.725864859411177576e+02,-3.462545907489754882e+02,-3.993522888476045196e+00,-5.861396355642384925e+00,5.148632518438898131e+00,-5.861396355642384925e+00,-1.999176400894066319e+01,-6.914964203952045363e-01,5.148632518438898131e+00,-6.914964203952045363e-01,-2.907725531677897735e+01
6.189999999999999947e-01,1.728732934284342715e-01,5.153142408054623980e-01,5.258860307107154908e-01,4.172426384190409863e+02,-1.255912462375834693e+01,-9.126119101148275092e+01,-1.255912462375834693e+01,2.234811232932774203e+02,1.730311049882432997e+02,-9.126119101148275092e+01,1.730311049882432997e+02,-3.467397283830930519e+02,-3.949986376049374748e+00,-5.890791897872648342e+00,5.130469451065413189e+00,-5.890791897872648342e+00,-2.015814566896345994e+01,-6.863693408119584394e-01,5.130469451065413189e+00,-6.863693408119584394e-01,-2.941441315859942662e+01
6.199999999999999956e-01,1.714039990480608622e-01,5.147893669775280845e-01,5.336201289252804347e-01,4.187412696294272791e+02,-1.274283622792460235e+01,-9.139959187488973669e+01,-1.274283622792460235e+01,2.240248859879100678e+02,1.734769551789432853e+02,-9.139959187488973669e+01,1.734769551789432853e+02,-3.472236703186867999e+02,-3.906402026929685967e+00,-5.919415795250551504e+00,5.111484239409287866e+00,-5.919415795250551504e+00,-2.032504399163120823e+01,-6.816381563360491835e-01,5.111484239409287866e+00,-6.816381563360491835e-01,-2.975057812217312048e+01
6.209999999999999964e-01,1.699071631272712490e-01,5.142068981097451807e-01,5.417234513295038356e-01,4.202448633591238831e+02,-1.292732619004459238e+01,-9.153985803512512121e+01,-1.292732619004459238e+01,2.245696948451387129e+02,1.739240167361546980e+02,-9.153985803512512121e+01,1.739240167361546980e+02,-3.477063488941092260e+02,-3.862796967283462557e+00,-5.947277790161496824e+00,5.091698270511975544e+00,-5.947277790161496824e+00,-2.049246790022780473e+01,-6.773223230959599661e-01,5.091698270511975544e+00,-6.773223230959599661e-01,-3.008568205720107969e+01
6.219999999999999973e-01,1.683814346099559989e-01,5.135632769602218595e-01,5.502134611096404226e-01,4.217533598937305328e+02,-1.311259433797034291e+01,-9.168198984308784816e+01,-1.311259433797034291e+01,2.251155533008207499e+02,1.743722697997164062e+02,-9.168198984308784816e+01,1.743722697997164062e+02,-3.481876962398485489e+02,-3.819197498075889818e+00,-5.974388099097879490e+00,5.071132837544795713e+00,-5.974388099097879490e+00,-2.066042607171848999e+01,-6.734412575457621175e-01,5.071132837544795713e+00,-6.734412575457621175e-01,-3.041965756840576773e+01
6.229999999999999982e-01,1.668253691978070496e-01,5.128546631182281379e-01,5.591085066169608764e-01,4.232667004778504065e+02,-1.329864116436355204e+01,-9.182598709410851257e+01,-1.329864116436355204e+01,2.256624653887762122e+02,1.748216944383109137e+02,-9.182598709410851257e+01,1.748216944383109137e+02,-3.486676443476635541e+02,-3.775629098208129086e+00,-6.000757393942155460e+00,5.049809122008667828e+00,-6.000757393942155460e+00,-2.082892694587454940e+01,-6.700143286783344365e-01,5.049809122008667828e+00,-6.700143286783344365e-01,-3.075243806381889300e+01
6.239999999999999991e-01,1.652374241603818961e-01,5.120769043201903736e-01,5.684278699630269660e-01,4.247848273283193521e+02,-1.348546781337895872e+01,-9.197184905654816589e+01,-1.348546781337895872e+01,2.262104357339322291e+02,1.752722706612574370e+02,-9.197184905654816589e+01,1.752722706612574370e+02,-3.491461251390921348e+02,-3.732116428649100648e+00,-6.026396783229050591e+00,5.027748176618428211e+00,-6.026396783229050591e+00,-2.099797873427011297e+01,-6.670608503237501763e-01,5.027748176618428211e+00,-6.670608503237501763e-01,-3.108395780229471939e+01
6.250000000000000000e-01,1.636152804340728628e-01,5.112205374927910606e-01,5.781746615436552661e-01,4.263076836457513537e+02,-1.367307606681811727e+01,-9.211957450002441306e+01,-1.367307606681811727e+01,2.267594695452938538e+02,1.757239784301500265e+02,-9.211957450002441306e+01,1.757239784301500265e+02,-3.496230705332433786e+02,-3.688683337517544736e+00,-6.051317793415652346e+00,5.004970908869081470e+00,-6.051317793415652346e+00,-2.116758942912030506e+01,-6.646000735348472910e-01,5.004970908869081470e+00,-6.646000735348472910e-01,-3.141415194018722445e+01
6.260000000000000009e-01,1.619567889486198675e-01,5.102754834324249034e-01,5.883491303553973761e-01,4.278352136244456005e+02,-1.386146832979730981e+01,-9.226916172323440435e+01,-1.386146832979730981e+01,2.273095726087821049e+02,1.761767976703329452e+02,-9.226916172323440435e+01,1.761767976703329452e+02,-3.500984125137852629e+02,-3.645352866069917930e+00,-6.075532350187099695e+00,4.981498065280388410e+00,-6.075532350187099695e+00,-2.133776681192857083e+01,-6.626511790613993647e-01,4.981498065280388410e+00,-6.626511790613993647e-01,-3.174295657713075514e+01
6.270000000000000018e-01,1.602601637748200525e-01,5.092320308358191383e-01,5.989516592487817981e-01,4.293673624607061470e+02,-1.405064761597278533e+01,-9.242060858134638579e+01,-1.405064761597278533e+01,2.278607512799795813e+02,1.766307082822088148e+02,-9.242060858134638579e+01,1.766307082822088148e+02,-3.505720831950430920e+02,-3.602147255549883909e+00,-6.099052759825159598e+00,4.957350216315459690e+00,-6.099052759825159598e+00,-2.150851846191478955e+01,-6.612332699142607906e-01,4.957350216315459690e+00,-6.612332699142607906e-01,-3.207030880086715996e+01
6.280000000000000027e-01,1.585240242498503482e-01,5.080809187159703866e-01,6.099829377487123727e-01,4.309040763596232182e+02,-1.424061753236567718e+01,-9.257391251293346102e+01,-1.424061753236567718e+01,2.284130124768222174e+02,1.770856901523732176e+02,-9.257391251293346102e+01,1.770856901523732176e+02,-3.510440148871276165e+02,-3.559087954855045588e+00,-6.121891690665727914e+00,4.932547741968035027e+00,-6.121891690665727914e+00,-2.167985176419413307e+01,-6.603653640203609454e-01,4.932547741968035027e+00,-6.603653640203609454e-01,-3.239614673106421350e+01
6.290000000000000036e-01,1.567474349811075474e-01,5.068134116893781016e-01,6.214441808596777861e-01,4.324453025403682318e+02,-1.443138226382817990e+01,-9.272907056642559098e+01,-1.443138226382817990e+01,2.289663636722767421e+02,1.775417231645715788e+02,-9.272907056642559098e+01,1.775417231645715788e+02,-3.515141401600142785e+02,-3.516195628976887200e+00,-6.144062154670705489e+00,4.907110818012441200e+00,-6.144062154670705489e+00,-2.185177391767890853e+01,-6.600663869690406305e-01,4.907110818012441200e+00,-6.600663869690406305e-01,-3.272040956207230522e+01
6.300000000000000044e-01,1.549299410062636440e-01,5.054213625045028691e-01,6.333374003567785460e-01,4.339909892400545459e+02,-1.462294655719156822e+01,-9.288607942605739254e+01,-1.462294655719156822e+01,2.295208128870398809e+02,1.779987872104739495e+02,-9.288607942605739254e+01,1.779987872104739495e+02,-3.519823919064986057e+02,-3.473490168170219050e+00,-6.165577489138597045e+00,4.881059402909484923e+00,-6.165577489138597045e+00,-2.202429194267631019e+01,-6.603551648501156945e-01,4.881059402909484923e+00,-6.603551648501156945e-01,-3.304303760456927819e+01
6.310000000000000053e-01,1.530715865230661277e-01,5.038973867881432200e-01,6.456657564540367877e-01,4.355410857162185039e+02,-1.481531570513580931e+01,-9.304493543729198279e+01,-1.481531570513580931e+01,2.300763686822972431e+02,1.784568622002645384e+02,-9.304493543729198279e+01,1.784568622002645384e+02,-3.524487034039564719e+02,-3.430990697808669054e+00,-6.186451338577321657e+00,4.854413225360744377e+00,-6.186451338577321657e+00,-2.219741268815588242e+01,-6.612504171833646360e-01,4.854413225360744377e+00,-6.612504171833646360e-01,-3.336397232604554830e+01
6.320000000000000062e-01,1.511728929166567537e-01,5.022354439129597115e-01,6.584340727132613758e-01,4.370955422479726167e+02,-1.500849552981931900e+01,-9.320563463170188356e+01,-1.500849552981931900e+01,2.306330401525758873e+02,1.789159280730422381e+02,-9.320563463170188356e+01,1.789159280730422381e+02,-3.529130083748406719e+02,-3.388715588883418839e+00,-6.206697636761751014e+00,4.827191772503185874e+00,-6.206697636761751014e+00,-2.237114283866185005e+01,-6.627707499391581880e-01,4.827191772503185874e+00,-6.627707499391581880e-01,-3.368315639008462625e+01
6.330000000000000071e-01,1.492349558038842949e-01,5.004293060266360449e-01,6.716490477835312944e-01,4.386543101358876129e+02,-1.520249236630647438e+01,-9.336817275129121185e+01,-1.520249236630647438e+01,2.311908369187257222e+02,1.793759648070311243e+02,-9.336817275129121185e+01,1.793759648070311243e+02,-3.533752410458502027e+02,-3.346682469102784552e+00,-6.226330588997392113e+00,4.799414278735268269e+00,-6.226330588997392113e+00,-2.254548892084591927e+01,-6.649346486492312414e-01,4.799414278735268269e+00,-6.649346486492312414e-01,-3.400053369439579143e+01
6.340000000000000080e-01,1.472594236737066187e-01,4.984723759316336267e-01,6.853197067435050638e-01,4.402173417006571867e+02,-1.539731304582919336e+01,-9.353254527224407866e+01,-1.539731304582919336e+01,2.317497691210619450e+02,1.798369524295976305e+02,-9.353254527224407866e+01,1.798369524295976305e+02,-3.538353362057112008e+02,-3.304908234550940627e+00,-6.245364654610781940e+00,4.771099715165218136e+00,-6.245364654610781940e+00,-2.272045730959835552e+01,-6.677604716066433133e-01,4.771099715165218136e+00,-6.677604716066433133e-01,-3.431604940755981659e+01
6.350000000000000089e-01,1.452483055646693055e-01,4.963592841449501192e-01,6.994584305889515186e-01,4.417845902805995593e+02,-1.559296487891781879e+01,-9.369874742808634949e+01,-1.559296487891781879e+01,2.323098474127006057e+02,1.802988710270746822e+02,-9.369874742808634949e+01,1.802988710270746822e+02,-3.542932292615117831e+02,-3.263409061864778415e+00,-6.263814529685943100e+00,4.742266779671549415e+00,-6.263814529685943100e+00,-2.289605423375509119e+01,-6.712664431532960885e-01,4.742266779671549415e+00,-6.712664431532960885e-01,-3.462965000444967956e+01
6.360000000000000098e-01,1.432039249488769594e-01,4.940848846525897065e-01,7.140815372997606492e-01,4.433560102280531510e+02,-1.578945563843527999e+01,-9.386677423224963945e+01,-1.578945563843527999e+01,2.328710829531170816e+02,1.807617007543913132e+02,-9.386677423224963945e+01,1.807617007543913132e+02,-3.547488562935391769e+02,-3.222200420888695405e+00,-6.281695130065394039e+00,4.712933887565440294e+00,-6.281695130065394039e+00,-2.307228578136059838e+01,-6.754706470532197971e-01,4.712933887565440294e+00,-6.754706470532197971e-01,-3.494128330029187879e+01
6.370000000000000107e-01,1.411287625215635888e-01,4.916438550606685443e-01,7.292101123513959893e-01,4.449315569047180361e+02,-1.598679354254712237e+01,-9.403662050002752437e+01,-1.598679354254712237e+01,2.334334874019567110e+02,1.812254218445076788e+02,-9.403662050002752437e+01,1.812254218445076788e+02,-3.552021541085669014e+02,-3.181297087767806175e+00,-6.299021574632972076e+00,4.683119162844026739e+00,-6.299021574632972076e+00,-2.324915790446721786e+01,-6.803910199495735167e-01,4.683119162844026739e+00,-6.803910199495735167e-01,-3.525089848333656306e+01
6.380000000000000115e-01,1.390252232891298068e-01,4.890302144192907874e-01,7.448709741259018635e-01,4.465111866760004773e+02,-1.618498723765890901e+01,-9.420828086991627970e+01,-1.618498723765890901e+01,2.339970729131241853e+02,1.816900146176567432e+02,-9.420828086991627970e+01,1.816900146176567432e+02,-3.556530602915482291e+02,-3.140713158441108099e+00,-6.315809168894796599e+00,4.652840430023321261e+00,-6.315809168894796599e+00,-2.342667642345264767e+01,-6.860453449027705819e-01,4.652840430023321261e+00,-6.860453449027705819e-01,-3.555844614610643362e+01
6.390000000000000124e-01,1.368953145685769535e-01,4.862366592314569802e-01,7.610977803942737818e-01,4.480948569044132910e+02,-1.638404578135094880e+01,-9.438174982433314142e+01,-1.638404578135094880e+01,2.345618521291785896e+02,1.821554594903926727e+02,-9.438174982433314142e+01,1.821554594903926727e+02,-3.561015132556729554e+02,-3.100462062496967874e+00,-6.332073388873611819e+00,4.622115206539033849e+00,-6.332073388873611819e+00,-2.360484703083889357e+01,-6.924512450070948733e-01,4.622115206539033849e+00,-6.924512450070948733e-01,-3.586387831519841285e+01
6.400000000000000133e-01,1.347402131677500337e-01,4.832536570211101168e-01,7.779323071950356994e-01,4.496825259420858174e+02,-1.658397862533911038e+01,-9.455702170970724296e+01,-1.658397862533911038e+01,2.351278381760572813e+02,1.826217369844485177e+02,-9.455702170970724296e+01,1.826217369844485177e+02,-3.565474522907484811e+02,-3.060556577354291541e+00,-6.347829865330612442e+00,4.590960695703156347e+00,-6.347829865330612442e+00,-2.378367529459674046e+01,-6.996261770826511794e-01,4.590960695703156347e+00,-6.996261770826511794e-01,-3.616714847961294765e+01
6.410000000000000142e-01,1.325596965570075836e-01,4.800682023626816064e-01,7.954259512424568523e-01,4.512741531224368714e+02,-1.678479559848906177e+01,-9.473409075593887962e+01,-1.678479559848906177e+01,2.356950446581522556e+02,1.830888277354045783e+02,-9.473409075593887962e+01,1.830888277354045783e+02,-3.569908176098706463e+02,-3.021008842733787780e+00,-6.363094368327919526e+00,4.559393780203945035e+00,-6.363094368327919526e+00,-2.396316666092158698e+01,-7.075874254394314278e-01,4.559393780203945035e+00,-7.075874254394314278e-01,-3.646821161759033458e+01
6.420000000000000151e-01,1.303514112009426795e-01,4.766620762309641823e-01,8.136415413123421203e-01,4.528696987510620033e+02,-1.698650688990985813e+01,-9.491295109522502571e+01,-1.698650688990985813e+01,2.362634856537592327e+02,1.835567125011698408e+02,-9.491295109522502571e+01,1.835567125011698408e+02,-3.574315503943522572e+02,-2.981830375384732612e+00,-6.377882792143688917e+00,4.527431016136527653e+00,-6.377882792143688917e+00,-2.414332645646721431e+01,-7.163520957097768704e-01,4.527431016136527653e+00,-7.163520957097768704e-01,-3.676702422193373820e+01
6.430000000000000160e-01,1.281099564285525794e-01,4.730093268068506496e-01,8.326556036066703470e-01,4.544691240958881053e+02,-1.718912303215155646e+01,-9.509359678024955542e+01,-1.718912303215155646e+01,2.368331757109200169e+02,1.840253721702806047e+02,-9.509359678024955542e+01,1.840253721702806047e+02,-3.578695928368834984e+02,-2.943032084033772922e+00,-6.392211140550873694e+00,4.495088627551142579e+00,-6.392211140550873694e+00,-2.432415989002546297e+01,-7.259371087454938865e-01,4.495088627551142579e+00,-7.259371087454938865e-01,-3.706354432380299357e+01
6.440000000000000169e-01,1.258200653256335566e-01,4.690645153346205132e-01,8.525537455211479321e-01,4.560723913766441910e+02,-1.739265488453000685e+01,-9.527602180173805380e+01,-1.739265488453000685e+01,2.374041298436751788e+02,1.844947877700185188e+02,-9.527602180173805380e+01,1.844947877700185188e+02,-3.583048881828965477e+02,-2.904624284523465327e+00,-6.406095512469659248e+00,4.462382501505882004e+00,-6.406095512469659248e+00,-2.450567205364154688e+01,-7.363591945754942580e-01,4.462382501505882004e+00,-7.363591945754942580e-01,-3.735773151496459832e+01
6.450000000000000178e-01,1.234165109331594457e-01,4.647076464282973718e-01,8.733554405037740054e-01,4.576794637536985988e+02,-1.759711361660065521e+01,-9.546022010537805613e+01,-1.759711361660065521e+01,2.379763635287435193e+02,1.849649404743525736e+02,-9.546022010537805613e+01,1.849649404743525736e+02,-3.587373807701166015e+02,-2.866616715109222113e+00,-6.419552088002395074e+00,4.429328183610363290e+00,-6.419552088002395074e+00,-2.468786792315488299e+01,-7.476348864196739052e-01,4.429328183610363290e+00,-7.476348864196739052e-01,-3.764954696848570848e+01
6.460000000000000187e-01,1.208480649302912102e-01,4.598270162734209854e-01,8.949912689098831198e-01,4.592903053163109348e+02,-1.780251069180188495e+01,-9.564618560810713177e+01,-1.780251069180188495e+01,2.385498927026434046e+02,1.854358116117092550e+02,-9.564618560810713177e+01,1.854358116117092550e+02,-3.591670160662797002e+02,-2.829018551884696642e+00,-6.432597114859072818e+00,4.395940874046865510e+00,-6.432597114859072818e+00,-2.487075235815775898e+01,-7.597805147545526605e-01,4.395940874046865510e+00,-7.597805147545526605e-01,-3.793895345786262396e+01
6.470000000000000195e-01,1.180667750656226589e-01,4.542978847731283243e-01,9.173450286098471240e-01,4.609048810703463346e+02,-1.800885785128692973e+01,-9.583391221377137015e+01,-1.800885785128692973e+01,2.391247337592681674e+02,1.859073826725756362e+02,-9.583391221377137015e+01,1.859073826725756362e+02,-3.595937407050036541e+02,-2.791838424306680277e+00,-6.445246895180240188e+00,4.362235424055146638e+00,-6.445246895180240188e+00,-2.505433010136451344e+01,-7.728122014259700689e-01,4.362235424055146638e+00,-7.728122014259700689e-01,-3.822591537457623190e+01
6.480000000000000204e-01,1.150363091841123675e-01,4.479629239227141957e-01,9.402090008185973735e-01,4.625231569254973465e+02,-1.821616709796220235e+01,-9.602339382815858926e+01,-1.821616709796220235e+01,2.397009035479277941e+02,1.863796353169402948e+02,-9.602339382815858926e+01,1.863796353169402948e+02,-3.600175025198008711e+02,-2.755084430791768124e+00,-6.457517772763321062e+00,4.328226332867073367e+00,-6.457517772763321062e+00,-2.523860577738556543e+01,-7.867458538040835725e-01,4.328226332867073367e+00,-7.867458538040835725e-01,-3.851039874406867369e+01
6.490000000000000213e-01,1.117265926262719922e-01,4.406864224824088572e-01,9.633137082034611831e-01,4.641450996820594241e+02,-1.842445068074838588e+01,-9.621462437341092766e+01,-1.842445068074838588e+01,2.402784193718657093e+02,1.868525513815773138e+02,-9.621462437341092766e+01,1.868525513815773138e+02,-3.604382505762246183e+02,-2.718764154358319196e+00,-6.469426120697401750e+00,4.293927745077159130e+00,-6.469426120697401750e+00,-2.542358389090177440e+01,-8.015971589755918059e-01,4.293927745077159130e+00,-8.015971589755918059e-01,-3.879237124013840088e+01
6.500000000000000222e-01,1.082103388199854022e-01,4.322734101495933623e-01,9.862703033892723514e-01,4.657706770173016935e+02,-1.863372107907950692e+01,-9.640759780182264649e+01,-1.863372107907950692e+01,2.408572989872594121e+02,1.873261128871794483e+02,-9.640759780182264649e+01,1.873261128871794483e+02,-3.608559352021435416e+02,-2.682884678288380176e+00,-6.480988329410585003e+00,4.259353448435016176e+00,-6.480988329410585003e+00,-2.560926882423569140e+01,-8.173815779682798155e-01,4.259353448435016176e+00,-8.173815779682798155e-01,-3.907180219775194274e+01
6.510000000000000231e-01,1.045605346214271147e-01,4.225221740816179627e-01,1.008690806974548382e+00,4.673998574714774463e+02,-1.884399098765376124e+01,-9.660230810902938003e+01,-1.884399098765376124e+01,2.414375606027109882e+02,1.878003020453457736e+02,-9.660230810902938003e+01,1.878003020453457736e+02,-3.612705080161418323e+02,-2.647452601785351689e+00,-6.492220795133050615e+00,4.224516872045634308e+00,-6.492220795133050615e+00,-2.579566483431757717e+01,-8.341143400024966237e-01,4.224516872045634308e+00,-8.341143400024966237e-01,-3.934866262427266292e+01
6.520000000000000240e-01,1.008533791424293669e-01,4.112208866384240435e-01,1.030176159587552931e+00,4.690326104335129003e+02,-1.905527330144875009e+01,-9.679874934659635244e+01,-1.905527330144875009e+01,2.420192228792322737e+02,1.882751012654307203e+02,-9.679874934659635244e+01,1.882751012654307203e+02,-3.616819219540460040e+02,-2.612474055604588230e+00,-6.503139908778251765e+00,4.189431084963542773e+00,-6.503139908778251765e+00,-2.598277604904526683e+01,-8.518104367645789043e-01,4.189431084963542773e+00,-8.518104367645789043e-01,-3.962292520910962423e+01
6.530000000000000249e-01,9.736183581275106858e-02,3.982092680473245938e-01,1.050189622928474398e+00,4.706689061264160046e+02,-1.926758110101247112e+01,-9.699691563401322014e+01,-1.926758110101247112e+01,2.426023049307287351e+02,1.887504931612603798e+02,-9.699691563401322014e+01,1.887504931612603798e+02,-3.620901312935807823e+02,-2.577954717635074555e+00,-6.513762045243671750e+00,4.154108795166738588e+00,-6.513762045243671750e+00,-2.617060646303806237e+01,-8.704846166967316057e-01,4.154108795166738588e+00,-8.704846166967316057e-01,-3.989456433178984440e+01
6.540000000000000258e-01,9.442911285797761511e-02,3.834636879013412214e-01,1.068074052791147865e+00,4.723087155924402509e+02,-1.948092763804015348e+01,-9.719680117010371134e+01,-1.948092763804015348e+01,2.431868263249820927e+02,1.892264605577225325e+02,-9.719680117010371134e+01,1.892264605577225325e+02,-3.624950916771588822e+02,-2.543899828411591901e+00,-6.524103553131769928e+00,4.118562348896407599e+00,-6.524103553131769928e+00,-2.635915993278590364e+01,-8.901513792982238549e-01,4.118562348896407599e+00,-8.901513792982238549e-01,-4.016355606846003212e+01
6.550000000000000266e-01,9.240371225137863909e-02,3.671525672257373030e-01,1.083095573013834301e+00,4.739520106780429956e+02,-1.969532632124611382e+01,-9.739840024385998163e+01,-1.969532632124611382e+01,2.437728070851336497e+02,1.897029864972377311e+02,-9.739840024385998163e+01,1.897029864972377311e+02,-3.628967601328141654e+02,-2.510314206538037940e+00,-6.534180744891100012e+00,4.082803730348569360e+00,-6.534180744891100012e+00,-2.654844017119642530e+01,-9.108249694325041279e-01,4.082803730348569360e+00,-9.108249694325041279e-01,-4.042987819682541328e+01
6.560000000000000275e-01,9.166936696609856439e-02,3.486745028387318035e-01,1.095305917924300543e+00,4.755987640186712042e+02,-1.991079070253831773e+01,-9.760170724471014125e+01,-1.991079070253831773e+01,2.443602676916654559e+02,1.901800542461178054e+02,-9.760170724471014125e+01,1.901800542461178054e+02,-3.632950950932868182e+02,-2.477202264003533383e+00,-6.544009887376595280e+00,4.046844561703659693e+00,-6.544009887376595280e+00,-2.673845074154352019e+01,-9.325193716350813622e-01,4.046844561703659693e+00,-9.325193716350813622e-01,-4.069351019953379733e+01
6.570000000000000284e-01,9.169479214955500446e-02,3.288479328434993909e-01,1.104431955960802902e+00,4.772489490234098071e+02,-2.012733446350260635e+01,-9.780671667223009536e+01,-2.012733446350260635e+01,2.449492290848774019e+02,1.906576473008190078e+02,-9.780671667223009536e+01,1.906576473008190078e+02,-3.636900564132739646e+02,-2.444568021374260436e+00,-6.553607192827506367e+00,4.010696103480419161e+00,-6.553607192827506367e+00,-2.692919505082194220e+01,-9.552483044168569304e-01,4.010696103480419161e+00,-9.552483044168569304e-01,-4.095443326601593981e+01
6.580000000000000293e-01,9.225119733399084199e-02,3.081249671625395092e-01,1.111053369704465332e+00,4.789025398595226761e+02,-2.034497140220216949e+01,-9.801342314530931787e+01,-2.034497140220216949e+01,2.455397126678548432e+02,1.911357493940963934e+02,-9.801342314530931787e+01,1.911357493940963934e+02,-3.640816053848588467e+02,-2.412415122844963289e+00,-6.562988810260614869e+00,3.974369255200312701e+00,-6.562988810260614869e+00,-2.712067634251392079e+01,-9.790252145579143583e-01,3.974369255200312701e+00,-9.790252145579143583e-01,-4.121263029279293733e+01
6.590000000000000302e-01,9.316153565301230066e-02,2.867704669987898303e-01,1.115746865615855343e+00,4.805595114369194789e+02,-2.056371542029712174e+01,-9.822182141078199891e+01,-2.056371542029712174e+01,2.461317403099216961e+02,1.916143445010669382e+02,-9.822182141078199891e+01,1.916143445010669382e+02,-3.644697047511365326e+02,-2.380746851135236763e+00,-6.572170817275832633e+00,3.937874556349070687e+00,-6.572170817275832633e+00,-2.731289768877468305e+01,-1.003863271386636002e+00,3.937874556349070687e+00,-1.003863271386636002e+00,-4.146808588226431169e+01
6.600000000000000311e-01,9.430937716279658156e-02,2.649067141612370668e-01,1.119024444171925925e+00,4.822198393925752953e+02,-2.078358051048782329e+01,-9.843190635153467838e+01,-2.078358051048782329e+01,2.467253343505716998e+02,1.920934168451884148e+02,-9.843190635153467838e+01,1.920934168451884148e+02,-3.648543187180530936e+02,-2.349566142216713782e+00,-6.581169212270477686e+00,3.901222187621870230e+00,-6.581169212270477686e+00,-2.750586198204441502e+01,-1.029775361039377168e+00,3.901222187621870230e+00,-1.029775361039377168e+00,-4.172078633999003472e+01
6.610000000000000320e-01,9.563041816792772210e-02,2.425600852660442786e-01,1.121302690098157306e+00,4.838835000749321580e+02,-2.100458074428484068e+01,-9.864367299410176315e+01,-2.100458074428484068e+01,2.473205176038682964e+02,1.925729509041604217e+02,-9.864367299410176315e+01,1.925729509041604217e+02,-3.652354129644780301e+02,-2.318875599858401859e+00,-6.589999907058162520e+00,3.864421972439035624e+00,-6.589999907058162520e+00,-2.769957192609620833e+01,-1.056774080695916274e+00,3.864421972439035624e+00,-1.056774080695916274e+00,-4.197071967048245256e+01
6.620000000000000329e-01,9.709465857557172952e-02,2.197203132872989628e-01,1.122878550312491841e+00,4.855504705283077556e+02,-2.122673026010741992e+01,-9.885711651576109205e+01,-2.122673026010741992e+01,2.479173133633042312e+02,1.930529314157554097e+02,-9.885711651576109205e+01,1.930529314157554097e+02,-3.656129546505330268e+02,-2.288677509978374491e+00,-6.598678719887431932e+00,3.827483378719160889e+00,-6.598678719887431932e+00,-2.789403002652945673e+01,-1.084871732786176102e+00,3.827483378719160889e+00,-1.084871732786176102e+00,-4.221787557152361359e+01
6.630000000000000338e-01,9.868483505058417427e-02,1.963600228003106740e-01,1.123948553175598164e+00,4.872207284773376728e+02,-2.145004325171159465e+01,-9.907223225114132958e+01,-2.145004325171159465e+01,2.485157454071089660e+02,1.935333433835858727e+02,-9.907223225114132958e+01,1.935333433835858727e+02,-3.659869124241980671e+02,-2.258973854791043401e+00,-6.607221368854870214e+00,3.790415520896798451e+00,-6.607221368854870214e+00,-2.808923858071957369e+01,-1.114080319163918587e+00,3.790415520896798451e+00,-1.114080319163918587e+00,-4.246224542702540816e+01
6.640000000000000346e-01,1.003724584273894271e-01,1.724533723950330832e-01,1.124629471462394115e+00,4.888942523114722007e+02,-2.167453395694815299e+01,-9.928901569835363716e+01,-2.167453395694815299e+01,2.491158380039907740e+02,1.940141720828143548e+02,-9.928901569835363716e+01,1.940141720828143548e+02,-3.663572564262204310e+02,-2.229766326740250992e+00,-6.615643465706980919e+00,3.753227162172142251e+00,-6.615643465706980919e+00,-2.828519966723666101e+01,-1.144411535243299083e+00,3.753227162172142251e+00,-1.144411535243299083e+00,-4.270382229845102273e+01
6.650000000000000355e-01,1.021337653063628947e-01,1.479752650600633657e-01,1.124974904851617330e+00,4.905710210695522733e+02,-2.190021664685003699e+01,-9.950746252466016983e+01,-2.190021664685003699e+01,2.497176159193008118e+02,1.944954030658136048e+02,-9.950746252466016983e+01,1.944954030658136048e+02,-3.667239582933526094e+02,-2.201056342209264827e+00,-6.623960510024405224e+00,3.715926716980139766e+00,-6.623960510024405224e+00,-2.848191513474481340e+01,-1.175876764094451188e+00,3.715926716980139766e+00,-1.175876764094451188e+00,-4.294260091481582009e+01
6.660000000000000364e-01,1.039460809062138363e-01,1.228872534974544545e-01,1.124994613083417860e+00,4.922510144244841968e+02,-2.212710561504793816e+01,-9.972756857169190425e+01,-2.212710561504793816e+01,2.503211044216029961e+02,1.949770221677823940e+02,-9.972756857169190425e+01,1.949770221677823940e+02,-3.670869911599452280e+02,-2.172845054999800407e+00,-6.632187883781972992e+00,3.678522253666940411e+00,-6.632187883781972992e+00,-2.867938659039705129e+01,-1.208487070494675297e+00,3.678522253666940411e+00,-1.208487070494675297e+00,-4.317857766128833674e+01
6.670000000000000373e-01,1.057700571501291043e-01,9.714182467507348484e-02,1.124663090123243503e+00,4.939342126680310230e+02,-2.235521516751220616e+01,-9.994932986022858756e+01,-2.235521516751220616e+01,2.509263292896336282e+02,1.954590155123235036e+02,-9.994932986022858756e+01,1.954590155123235036e+02,-3.674463296579238545e+02,-2.145133369572981064e+00,-6.640340846277372755e+00,3.641021497361619286e+00,-6.640340846277372755e+00,-2.887761538773967374e+01,-1.242253194931850935e+00,3.641021497361619286e+00,-1.242253194931850935e+00,-4.341175056641134944e+01
6.680000000000000382e-01,1.075355389378353094e-01,7.068882261318588933e-02,1.123925529499032239e+00,4.956205966957414830e+02,-2.258455961261855549e+01,-1.001727425945536254e+02,-2.258455961261855549e+01,2.515333168196337397e+02,1.959413695169896812e+02,-1.001727425945536254e+02,1.959413695169896812e+02,-3.678019499151779996e+02,-2.117921954046023902e+00,-6.648434529421023420e+00,3.603431833031467857e+00,-6.648434529421023420e+00,-2.907660261414216762e+01,-1.277185547557331935e+00,3.603431833031467857e+00,-1.277185547557331935e+00,-4.364211928796430584e+01
6.690000000000000391e-01,1.091321262044736701e-01,4.348571537565108086e-02,1.122702506890214780e+00,4.973101479920312613e+02,-2.281515325153448970e+01,-1.003978031663969261e+02,-2.281515325153448970e+01,2.521420938330350054e+02,1.964240708988036772e+02,-1.003978031663969261e+02,1.964240708988036772e+02,-3.681538295523940860e+02,-2.091211252939259690e+00,-6.656483933379305107e+00,3.565760308709292836e+00,-6.656483933379305107e+00,-2.927634907776867124e+01,-1.313294202085695250e+00,3.565760308709292836e+00,-1.313294202085695250e+00,-4.386968509748917455e+01
6.700000000000000400e-01,1.104068015201411790e-01,1.551232539011685937e-02,1.120894455543757662e+00,4.990028486154316738e+02,-2.304701036892276633e+01,-1.006245081584783776e+02,-2.304701036892276633e+01,2.527526876844801507e+02,1.969071066797565948e+02,-1.006245081584783776e+02,1.969071066797565948e+02,-3.685019476783611481e+02,-2.065001499668927654e+00,-6.664503922563092431e+00,3.528013638881578373e+00,-6.664503922563092431e+00,-2.947685529410876981e+01,-1.350588889639259049e+00,3.528013638881578373e+00,-1.350588889639259049e+00,-4.409445086350212506e+01
6.710000000000000409e-01,1.111708445034991499e-01,-1.321118983841419389e-02,1.118386794126297268e+00,5.006986811840226324e+02,-2.328014522395774577e+01,-1.008528543476652999e+02,-2.328014522395774577e+01,2.533651262701565656e+02,1.973904641922907786e+02,-1.008528543476652999e+02,1.973904641922907786e+02,-3.688462848837831984e+02,-2.039292728781867847e+00,-6.672509221953172975e+00,3.490198208026413784e+00,-6.672509221953172975e+00,-2.967812147208553242e+01,-1.389078992535629720e+00,3.490198208026413784e+00,-1.389078992535629720e+00,-4.431642103341436467e+01
6.720000000000000417e-01,1.110836905301262056e-01,-4.089827540166372788e-02,1.115587098069926508e+00,5.023976288610589904e+02,-2.351457204164998416e+01,-1.010828387077563661e+02,-2.351457204164998416e+01,2.539794380364219535e+02,1.978741310847707950e+02,-1.010828387077563661e+02,1.978741310847707950e+02,-3.691868232336292976e+02,-2.014084787929003806e+00,-6.680514413753863678e+00,3.452320074290548213e+00,-6.680514413753863678e+00,-2.988014749975951645e+01,-1.428773538016887557e+00,3.452320074290548213e+00,-1.428773538016887557e+00,-4.453560161418528907e+01
6.730000000000000426e-01,1.099986221447965817e-01,-6.749403245370196036e-02,1.112618988308071266e+00,5.040996753408071527e+02,-2.375030500447405402e+01,-1.013144584119055196e+02,-2.375030500447405402e+01,2.545956519886993590e+02,1.983580953269478471e+02,-1.013144584119055196e+02,1.983580953269478471e+02,-3.695235462580560011e+02,-1.989377349575210285e+00,-6.688533934366046374e+00,3.414384973295064185e+00,-6.688533934366046374e+00,-3.008293292964894761e+01,-1.469681191919594010e+00,3.414384973295064185e+00,-1.469681191919594010e+00,-4.475200015173287937e+01
6.740000000000000435e-01,1.078282408079827975e-01,-9.286086835072193679e-02,1.109595543154192621e+00,5.058048048345971210e+02,-2.398735824429406804e+01,-1.015477108346980089e+02,-2.398735824429406804e+01,2.552137977006178744e+02,1.988423452154200959e+02,-1.015477108346980089e+02,1.988423452154200959e+02,-3.698564389419348686e+02,-1.965169922443782191e+00,-6.696582071670500902e+00,3.376398322059511958e+00,-6.696582071670500902e+00,-3.028647696368623343e+01,-1.511810252285206824e+00,3.376398322059511958e+00,-1.511810252285206824e+00,-4.496562570912544032e+01
6.750000000000000444e-01,1.045512204221168973e-01,-1.168076658976699156e-01,1.106627662287072988e+00,5.075130020571044724e+02,-2.422574583458111519e+01,-1.017825935538920135e+02,-2.422574583458111519e+01,2.558339053233743243e+02,1.993268693790935231e+02,-1.017825935538920135e+02,1.993268693790935231e+02,-3.701854877130202794e+02,-1.941461862694380702e+00,-6.704672962612292508e+00,3.338365223034597040e+00,-6.704672962612292508e+00,-3.049077843783208763e+01,-1.555168642910935262e+00,3.338365223034597040e+00,-1.555168642910935262e+00,-4.517648884358032291e+01
6.760000000000000453e-01,1.002110210881271557e-01,-1.391266936648266339e-01,1.103824938462245386e+00,5.092242522128691462e+02,-2.446548178291664044e+01,-1.020191043518384788e+02,-2.446548178291664044e+01,2.564560055952919697e+02,1.998116567846458622e+02,-1.020191043518384788e+02,1.998116567846458622e+02,-3.705106804287931936e+02,-1.918252384833941004e+00,-6.712820591076934740e+00,3.300290468233775254e+00,-6.712820591076934740e+00,-3.069583580636951226e+01,-1.599763906841594086e+00,3.300290468233775254e+00,-1.599763906841594086e+00,-4.538460158229501218e+01
6.770000000000000462e-01,9.496199740060648486e-02,-1.595721476653052529e-01,1.101293610203467832e+00,5.109385409830567255e+02,-2.470658002377505724e+01,-1.022572412165913676e+02,-2.470658002377505724e+01,2.570801298515480084e+02,2.002966967419951914e+02,-1.022572412165913676e+02,2.002966967419951914e+02,-3.708320063620141696e+02,-1.895540572360552733e+00,-6.721038786048751490e+00,3.262178543454428592e+00,-6.721038786048751490e+00,-3.090164712590013352e+01,-1.645603199803584049e+00,3.262178543454428592e+00,-1.645603199803584049e+00,-4.558997739713721131e+01
6.780000000000000471e-01,8.909031461228848758e-02,-1.778974582825413042e-01,1.099128511638226335e+00,5.126558545124736384e+02,-2.494905441157928649e+01,-1.024970023427215580e+02,-2.494905441157928649e+01,2.577063100340457140e+02,2.007819789097770808e+02,-1.024970023427215580e+02,2.007819789097770808e+02,-3.711494561850251444e+02,-1.873325388140856695e+00,-6.729341220041836102e+00,3.224033632579501596e+00,-6.729341220041836102e+00,-3.110821003906607274e+01,-1.692693283582556774e+00,3.224033632579501596e+00,-1.692693283582556774e+00,-4.579263117821989937e+01
6.790000000000000480e-01,8.304365777880880206e-02,-1.939143736575905941e-01,1.097392266813059791e+00,5.143761793968361644e+02,-2.519291871402208471e+01,-1.027383861318461840e+02,-2.519291871402208471e+01,2.583345787014014263e+02,2.012674933008296989e+02,-1.027383861318461840e+02,2.012674933008296989e+02,-3.714630219528330031e+02,-1.851605684522112494e+00,-6.737741407794103132e+00,3.185859621950875464e+00,-6.737741407794103132e+00,-3.131552175802203664e+01,-1.741040519346892301e+00,3.185859621950875464e+00,-1.741040519346892301e+00,-4.599257920638936525e+01
6.800000000000000488e-01,7.738896521689325736e-02,-2.075883112699752620e-01,1.096086337754410112e+00,5.160995026703042186e+02,-2.543818660564629397e+01,-1.029813911928861927e+02,-2.543818660564629397e+01,2.589649690390197065e+02,2.017532302876889787e+02,-1.029813911928861927e+02,2.017532302876889787e+02,-3.717726970850142720e+02,-1.830380213180394566e+00,-6.746252705214535794e+00,3.147660104805903636e+00,-6.746252705214535794e+00,-3.152357904768157226e+01,-1.790650860919756004e+00,3.147660104805903636e+00,-1.790650860919756004e+00,-4.618983912465282771e+01
6.810000000000000497e-01,7.276456413575360660e-02,-2.191080901732673225e-01,1.095115006066966101e+00,5.178258117932776941e+02,-2.568487166167673053e+01,-1.032260163420639714e+02,-2.568487166167673053e+01,2.595975148692274956e+02,2.022391806080941024e+02,-1.032260163420639714e+02,2.022391806080941024e+02,-3.720784763464770890e+02,-1.809647634706944785e+00,-6.754888308574003908e+00,3.109438385768887869e+00,-6.754888308574003908e+00,-3.173237820876328641e+01,-1.841529848002939618e+00,3.109438385768887869e+00,-1.841529848002939618e+00,-4.638442990857455328e+01
6.820000000000000506e-01,6.978852538342511513e-02,-2.289396642799937376e-01,1.094246526115648432e+00,5.195550946404644037e+02,-2.593298735209634032e+01,-1.034722606026530940e+02,-2.593298735209634032e+01,2.602322506614370354e+02,2.027253353705025347e+02,-1.034722606026530940e+02,2.027253353705025347e+02,-3.723803558271177394e+02,-1.789406527935139657e+00,-6.763661253929942774e+00,3.071197485389590920e+00,-6.763661253929942774e+00,-3.194191506066306374e+01,-1.893682599356343088e+00,3.071197485389590920e+00,-1.893682599356343088e+00,-4.657637183566843930e+01
6.830000000000000515e-01,6.863047806501579307e-02,-2.383313930911405421e-01,1.092784126353298468e+00,5.212873394892171746e+02,-2.618254703595936306e+01,-1.037201232044921966e+02,-2.618254703595936306e+01,2.608692115423096993e+02,2.032116860596145500e+02,-1.037201232044921966e+02,2.032116860596145500e+02,-3.726783329204110373e+02,-1.769655399010781061e+00,-6.772584416775015548e+00,3.032940144721008480e+00,-6.772584416775015548e+00,-3.215218492417798757e+01,-1.947113805937513931e+00,3.032940144721008480e+00,-1.947113805937513931e+00,-4.676568645381646405e+01
6.840000000000000524e-01,6.878293367180077222e-02,-2.481530552037506110e-01,1.090550377253234116e+00,5.230225350081456099e+02,-2.643356395593384178e+01,-1.039696035832744343e+02,-2.643356395593384178e+01,2.615084333058883885e+02,2.036982245419054038e+02,-1.039696035832744343e+02,2.036982245419054038e+02,-3.729724063009716701e+02,-1.750392690208959490e+00,-6.781670511900216525e+00,2.994668829929084453e+00,-6.781670511900216525e+00,-3.236318260411010783e+01,-2.001827724006251863e+00,2.994668829929084453e+00,-2.001827724006251863e+00,-4.695239654874207957e+01
6.850000000000000533e-01,6.960263750413328565e-02,-2.588342230227329566e-01,1.087660915572863596e+00,5.247606702460000179e+02,-2.668605123306602778e+01,-1.042207013796240460e+02,-2.668605123306602778e+01,2.621499524236681964e+02,2.041849430711633602e+02,-1.042207013796240460e+02,2.041849430711633602e+02,-3.732625759011252171e+02,-1.731616788500936366e+00,-6.790932093462611618e+00,2.956385736927183316e+00,-6.790932093462611618e+00,-3.257490237177674430e+01,-2.057828168199878682e+00,2.956385736927183316e+00,-2.057828168199878682e+00,-4.713652611056922836e+01
6.860000000000000542e-01,7.063010828908322658e-02,-2.705761973046005853e-01,1.084246794113928880e+00,5.265017346208304616e+02,-2.694002186175909941e+01,-1.044734164379715651e+02,-2.694002186175909941e+01,2.627938060545753842e+02,2.046718342940308446e+02,-1.044734164379715651e+02,2.046718342940308446e+02,-3.735488428865287460e+02,-1.713326033874897902e+00,-6.800381555248216969e+00,2.918092796028470381e+00,-6.800381555248216969e+00,-3.278733794745583197e+01,-2.115118504585376424e+00,2.918092796028470381e+00,-2.115118504585376424e+00,-4.731810029949703278e+01
6.870000000000000551e-01,7.148277986566328734e-02,-2.834509903594727431e-01,1.080409509062015605e+00,5.282457179094189996e+02,-2.719548870495865955e+01,-1.047277488052383490e+02,-2.719548870495865955e+01,2.634400320548208470e+02,2.051588912555459103e+02,-1.047277488052383490e+02,2.051588912555459103e+02,-3.738312096308786749e+02,-1.695518727414607518e+00,-6.810031131120369174e+00,2.879791676609573692e+00,-6.810031131120369174e+00,-3.300048248279473029e+01,-2.173701643695121977e+00,2.879791676609573692e+00,-2.173701643695121977e+00,-4.749714541062130735e+01
6.880000000000000560e-01,7.182462850597795545e-02,-2.974062036341969528e-01,1.076247354875096152e+00,5.299926102369848877e+02,-2.745246448953743013e+01,-1.049836987293418531e+02,-2.745246448953743013e+01,2.640886689875984530e+02,2.056461074046797535e+02,-1.049836987293418531e+02,2.056461074046797535e+02,-3.741096796897472245e+02,-1.678193139140414125e+00,-6.819892895644275477e+00,2.841483791779249479e+00,-6.819892895644275477e+00,-3.321432854321153627e+01,-2.233580033553716593e+00,2.841483791779249479e+00,-2.233580033553716593e+00,-4.767368883793526635e+01
6.890000000000000568e-01,7.146281171542150090e-02,-3.122268790746897116e-01,1.071824498264406289e+00,5.317424020671604694e+02,-2.771096180187166880e+01,-1.052412666575320515e+02,-2.771096180187166880e+01,2.647397561325944366e+02,2.061334765998662135e+02,-1.052412666575320515e+02,2.061334765998662135e+02,-3.743842577735858299e+02,-1.661347515617102921e+00,-6.829978764878227082e+00,2.803170303045884548e+00,-6.829978764878227082e+00,-3.342886809031824669e+01,-2.294755652703749593e+00,2.803170303045884548e+00,-2.294755652703749593e+00,-4.784775903754061943e+01
6.900000000000000577e-01,7.038402112502070707e-02,-3.277288408283215437e-01,1.067195859455071894e+00,5.334950841922353675e+02,-2.797099308360185077e+01,-1.055004532345695480e+02,-2.797099308360185077e+01,2.653933334952768632e+02,2.066209931145178302e+02,-1.055004532345695480e+02,2.066209931145178302e+02,-3.746549497199364964e+02,-1.644980087333474117e+00,-6.840300497322377105e+00,2.764852124978072201e+00,-6.840300497322377105e+00,-3.364409246439542045e+01,-2.357230003239199512e+00,2.764852124978072201e+00,-2.357230003239199512e+00,-4.801938549010298374e+01
6.910000000000000586e-01,6.867990180260444277e-02,-3.437923009262371377e-01,1.062446459903947815e+00,5.352506477236684077e+02,-2.823257062757024727e+01,-1.057612593007558672e+02,-2.823257062757024727e+01,2.660494418159311749e+02,2.071086516425233413e+02,-1.057612593007558672e+02,2.071086516425233413e+02,-3.749217624648913443e+02,-1.629089075858625613e+00,-6.850869695015893157e+00,2.726529929852666623e+00,-6.850869695015893157e+00,-3.385999236694893710e+01,-2.421004103855498801e+00,2.726529929852666623e+00,-2.421004103855498801e+00,-4.818859866258462432e+01
6.920000000000000595e-01,6.644043824025529232e-02,-3.601010841973563137e-01,1.057759363880942605e+00,5.370090840828613636e+02,-2.849570657392812478e+01,-1.060236858898259129e+02,-2.849570657392812478e+01,2.667081225784108938e+02,2.075964473037198275e+02,-1.060236858898259129e+02,2.075964473037198275e+02,-3.751847040138413263e+02,-1.613672700780104385e+00,-6.861697804773482012e+00,2.688204152284970228e+00,-6.861697804773482012e+00,-3.407655784337877947e+01,-2.486078482926048050e+00,2.688204152284970228e+00,-2.486078482926048050e+00,-4.835542996928876391e+01
6.930000000000000604e-01,6.382995494211811394e-02,-3.764205884159269599e-01,1.053323019391935844e+00,5.387703849921924757e+02,-2.876041290640538506e+01,-1.062877342267125300e+02,-2.876041290640538506e+01,2.673694180185700588e+02,2.080843756493328840e+02,-1.062877342267125300e+02,2.080843756493328840e+02,-3.754437834115554438e+02,-1.598729186429279192e+00,-6.872796119552463168e+00,2.649874993835980685e+00,-6.872796119552463168e+00,-3.429377826579090538e+01,-2.552453171615468364e+00,2.649874993835980685e+00,-2.552453171615468364e+00,-4.851991173225042786e+01
6.940000000000000613e-01,6.105660052555179906e-02,-3.926188613336707434e-01,1.049300896008980910e+00,5.405345424663057656e+02,-2.902670144873551550e+01,-1.065534057251928033e+02,-2.902670144873551550e+01,2.680333711323438024e+02,2.085724326673772282e+02,-1.065534057251928033e+02,2.085724326673772282e+02,-3.756990107116310469e+02,-1.584256768399387560e+00,-6.884175779941703155e+00,2.611542427591840188e+00,-6.884175779941703155e+00,-3.451164231598320953e+01,-2.620127697040389503e+00,2.611542427591840188e+00,-2.620127697040389503e+00,-4.868207714100944372e+01
6.950000000000000622e-01,5.824665051163861740e-02,-4.086931364068536188e-01,1.045602655599177311e+00,5.423015488036505758e+02,-2.929458386122898972e+01,-1.068207019854256146e+02,-2.929458386122898972e+01,2.687000256834463698e+02,2.090606147880095307e+02,-1.068207019854256146e+02,2.090606147880095307e+02,-3.759503969453580794e+02,-1.570253699861823726e+00,-6.895847775763757959e+00,2.573206202710835999e+00,-6.895847775763757959e+00,-3.473013796863656211e+01,-2.689101075489185533e+00,2.573206202710835999e+00,-2.689101075489185533e+00,-4.884196021180162717e+01
6.960000000000000631e-01,5.552320836701872542e-02,-4.246071037547131111e-01,1.041947420333509955e+00,5.440713965782689456e+02,-2.956407163748827926e+01,-1.070896247913898662e+02,-2.956407163748827926e+01,2.693694262106531028e+02,2.095489188888253977e+02,-1.070896247913898662e+02,2.095489188888253977e+02,-3.761979540900391044e+02,-1.556718257686370510e+00,-6.907822947781959932e+00,2.534865848933614441e+00,-6.907822947781959932e+00,-3.494925247474266428e+01,-2.759371805712502734e+00,2.534865848933614441e+00,-2.759371805712502734e+00,-4.899959574620534397e+01
6.970000000000000639e-01,5.293704929391458702e-02,-4.403316668029836345e-01,1.038038634150573625e+00,5.458440786318225264e+02,-2.983517610125776898e+01,-1.073601761082320962e+02,-2.983517610125776898e+01,2.700416180346335864e+02,2.100373423000901312e+02,-1.073601761082320962e+02,2.100373423000901312e+02,-3.764416950368073458e+02,-1.543648748371114987e+00,-6.920111989504103889e+00,2.496520681052375679e+00,-6.920111989504103889e+00,-3.516897234529992033e+01,-2.830937862297055130e+00,2.496520681052375679e+00,-2.830937862297055130e+00,-4.915501928928131292e+01
6.980000000000000648e-01,5.045858615815213000e-02,-4.558252705884038858e-01,1.033609345655826406e+00,5.476195880658561919e+02,-3.010790840340209584e+01,-1.076323580795326080e+02,-3.010790840340209584e+01,2.707166472643049815e+02,2.105258828098947390e+02,-1.076323580795326080e+02,2.105258828098947390e+02,-3.766816335579860038e+02,-1.531043513787879284e+00,-6.932725449074729873e+00,2.458169803335107595e+00,-6.932725449074729873e+00,-3.538928333530914472e+01,-2.903796689135475617e+00,2.458169803335107595e+00,-2.903796689135475617e+00,-4.930826708724374896e+01
6.990000000000000657e-01,4.817203232646040389e-02,-4.711288967738596623e-01,1.028426125283298687e+00,5.493979182342914100e+02,-3.038227951900655910e+01,-1.079061730244986279e+02,-3.038227951900655910e+01,2.713945608026730270e+02,2.110145386692258853e+02,-1.079061730244986279e+02,2.110145386692258853e+02,-3.769177842740317033e+02,-1.518900936749050690e+00,-6.945673731248106719e+00,2.419812113901140371e+00,-6.945673731248106719e+00,-3.561017042810085798e+01,-2.977945193005600899e+00,2.419812113901140371e+00,-2.977945193005600899e+00,-4.945937604470240956e+01
7.000000000000000666e-01,4.631605743021698085e-02,-4.862306499625702050e-01,1.022277816856323573e+00,5.511790627361440329e+02,-3.065830024459334879e+01,-1.081816234350928454e+02,-3.065830024459334879e+01,2.720754063521295620e+02,2.115033085969394904e+02,-1.081816234350928454e+02,2.115033085969394904e+02,-3.771501626201056752e+02,-1.507219446401713903e+00,-6.958967099434142156e+00,2.381446309044431331e+00,-6.958967099434142156e+00,-3.583161782002545692e+01,-3.053379737273025807e+00,2.381446309044431331e+00,-3.053379737273025807e+00,-4.960838368151549105e+01
7.010000000000000675e-01,4.513669308324835816e-02,-5.011519166204057019e-01,1.014883410120502205e+00,5.529630154084592277e+02,-3.093598119544763847e+01,-1.084587119731054941e+02,-3.093598119544763847e+01,2.727592324191748503e+02,2.119921917846262716e+02,-1.084587119731054941e+02,2.119921917846262716e+02,-3.773787848123170647e+02,-1.495997523455031342e+00,-6.972615677809780976e+00,2.343070887501284894e+00,-6.972615677809780976e+00,-3.605360890553866682e+01,-3.130096135730984663e+00,2.343070887501284894e+00,-3.130096135730984663e+00,-4.975532808929423112e+01
7.020000000000000684e-01,4.482743305066167611e-02,-5.159882774361981284e-01,1.005839333550573533e+00,5.547497703194588894e+02,-3.121533280304760183e+01,-1.087374414671782290e+02,-3.121533280304760183e+01,2.734460883185352600e+02,2.124811879013577993e+02,-1.087374414671782290e+02,2.124811879013577993e+02,-3.776036678136815681e+02,-1.485233705246820080e+00,-6.986629453488409247e+00,2.304684154659339068e+00,-6.986629453488409247e+00,-3.627612626271285734e+01,-3.208089646592231503e+00,2.304684154659339068e+00,-3.208089646592231503e+00,-4.990024788760054264e+01
7.030000000000000693e-01,4.543128209659157146e-02,-5.308545985156457592e-01,9.946717446655047867e-01,5.565393217618931203e+02,-3.149636531259270456e+01,-1.090178149097871199e+02,-3.149636531259270456e+01,2.741360241766453214e+02,2.129702970983004491e+02,-1.090178149097871199e+02,2.129702970983004491e+02,-3.778248292998412694e+02,-1.474926590655272207e+00,-7.001018278740193779e+00,2.266284226704873284e+00,-7.001018278740193779e+00,-3.649915163920670125e+01,-3.287354966647823229e+00,2.266284226704873284e+00,-3.287354966647823229e+00,-5.004318217988050321e+01
7.039999999999999591e-01,4.680064769160854898e-02,-5.458449121901487455e-01,9.808742344024290460e-01,5.583316642465894120e+02,-3.177908878062470066e+01,-1.092998354541924613e+02,-3.177908878062470066e+01,2.748290909344642046e+02,2.134595200131845729e+02,-1.092998354541924613e+02,2.134595200131845729e+02,-3.780422876245892780e+02,-1.465074844861752545e+00,-7.015791873256270073e+00,2.227869034705676654e+00,-7.015791873256270073e+00,-3.672266593872351592e+01,-3.367886225607932715e+00,2.227869034705676654e+00,-3.367886225607932715e+00,-5.018417050917611988e+01
7.049999999999999600e-01,4.857979022568129079e-02,-5.609868076919355406e-01,9.639641957365816527e-01,5.601267924961953213e+02,-3.206351307273617834e+01,-1.095835064113631887e+02,-3.206351307273617834e+01,2.755253403495997304e+02,2.139488577746163571e+02,-1.095835064113631887e+02,2.139488577746163571e+02,-3.782560617852454925e+02,-1.455677203970585865e+00,-7.030959826450002836e+00,2.189436328626864547e+00,-7.030959826450002836e+00,-3.694664920799008456e+01,-3.449676980640441926e+00,2.189436328626864547e+00,-3.449676980640441926e+00,-5.032325281365977077e+01
7.059999999999999609e-01,5.052524850769152948e-02,-5.762178226786881519e-01,9.439209535687592689e-01,5.619247014391012272e+02,-3.234964786136100656e+01,-1.098688312468819674e+02,-3.234964786136100656e+01,2.762248249977088790e+02,2.144383120062180126e+02,-1.098688312468819674e+02,2.144383120062180126e+02,-3.784661713879276022e+02,-1.446732479491737333e+00,-7.046531599788664835e+00,2.150983681277313764e+00,-7.046531599788664835e+00,-3.717108062428605564e+01,-3.532720211122800436e+00,2.150983681277313764e+00,-3.532720211122800436e+00,-5.046046938203591026e+01
7.069999999999999618e-01,5.218755979892603786e-02,-5.911633080147804531e-01,9.210618670115782169e-01,5.637253862035435077e+02,-3.263750262364229116e+01,-1.101558135778389271e+02,-3.263750262364229116e+01,2.769275982731494423e+02,2.149278848305834515e+02,-1.101558135778389271e+02,2.149278848305834515e+02,-3.786726366127646202e+02,-1.438239562692187778e+00,-7.062516529149083233e+00,2.112508492184369313e+00,-7.062516529149083233e+00,-3.739593848355490735e+01,-3.617008313623363502e+00,2.112508492184369313e+00,-3.617008313623363502e+00,-5.059586080885460291e+01
7.079999999999999627e-01,5.277141790453881293e-02,-6.056156727483973379e-01,8.962438557513608961e-01,5.655288421118752922e+02,-3.292708663937259672e+01,-1.104444571697201383e+02,-3.292708663937259672e+01,2.776337143888561627e+02,2.154175788730348984e+02,-1.104444571697201383e+02,2.154175788730348984e+02,-3.788754781790975699e+02,-1.430197428821813332e+00,-7.078923827190907403e+00,2.074007991394842154e+00,-7.078923827190907403e+00,-3.762120018912593622e+01,-3.702533097128279937e+00,2.074007991394842154e+00,-3.702533097128279937e+00,-5.072946794978387430e+01
7.089999999999999636e-01,5.220251250248057751e-02,-6.194720032877194527e-01,8.699465039915189601e-01,5.673350646750006945e+02,-3.321840898900179440e+01,-1.107347659332973961e+02,-3.321840898900179440e+01,2.783432283754139576e+02,2.159073972651664235e+02,-1.107347659332973961e+02,2.159073972651664235e+02,-3.790747173107145045e+02,-1.422605141219510649e+00,-7.095762585741483441e+00,2.035479243200362554e+00,-7.095762585741483441e+00,-3.784684224107741812e+01,-3.789285778530172344e+00,2.035479243200362554e+00,-3.789285778530172344e+00,-5.086133187688678703e+01
7.099999999999999645e-01,5.060001577650927174e-02,-6.326331970810608052e-01,8.422719517061920680e-01,5.691440495869627512e+02,-3.351147855170825807e+01,-1.110267439215256928e+02,-3.351147855170825807e+01,2.790561960793051526e+02,2.163973436481595911e+02,-1.110267439215256928e+02,2.163973436481595911e+02,-3.792703757011651078e+02,-1.415461855305205408e+00,-7.113041778186298458e+00,1.996919149785332470e+00,-7.113041778186298458e+00,-3.807284022626956244e+01,-3.877256978395132947e+00,1.996919149785332470e+00,-3.877256978395132947e+00,-5.099149383395065627e+01
7.109999999999999654e-01,4.798523943017489468e-02,-6.448680946245013423e-01,8.136751286161894026e-01,5.709557927196792662e+02,-3.380630400352871590e+01,-1.113203953264540615e+02,-3.380630400352871590e+01,2.797726741603062806e+02,2.168874221758567558e+02,-1.113203953264540615e+02,2.168874221758567558e+02,-3.794624754792022259e+02,-1.408766822463362711e+00,-7.130770261859297854e+00,1.958324454795917990e+00,-7.130770261859297854e+00,-3.829916880907593679e+01,-3.966436717024285130e+00,1.958324454795917990e+00,-3.966436717024285130e+00,-5.111999519191635244e+01
7.119999999999999662e-01,4.460425158846313687e-02,-6.560374806672366610e-01,7.844777281326170693e-01,5.727702901178191723e+02,-3.410289381554292731e+01,-1.116157244761563589e+02,-3.410289381554292731e+01,2.804927200880116516e+02,2.173776375175775115e+02,-1.116157244761563589e+02,2.173776375175775115e+02,-3.796510391743968853e+02,-1.402519393823488780e+00,-7.148956780427406343e+00,1.919691746828604328e+00,-7.148956780427406343e+00,-3.852580172284127258e+01,-4.056814410826487638e+00,1.919691746828604328e+00,-4.056814410826487638e+00,-5.124687740445583017e+01
7.129999999999999671e-01,4.051595272767585798e-02,-6.661338528446939522e-01,7.548191119691101125e-01,5.745875379938099741e+02,-3.440125625210884408e+01,-1.119127358316866889e+02,-3.440125625210884408e+01,2.812163921374618667e+02,2.178679948606627761e+02,-1.119127358316866889e+02,2.178679948606627761e+02,-3.798360896829725561e+02,-1.396719023943056914e+00,-7.167609966263862376e+00,1.881017462837039300e+00,-7.167609966263862376e+00,-3.875271176209297863e+01,-4.148378869018543469e+00,1.881017462837039300e+00,-4.148378869018543469e+00,-5.137218196374686840e+01
7.139999999999999680e-01,3.577152869284007386e-02,-6.751599711730523756e-01,7.247719519036861513e-01,5.764075327229707000e+02,-3.470139936914451795e+01,-1.122114339840656072e+02,-3.470139936914451795e+01,2.819437493838575506e+02,2.183584999127320145e+02,-1.122114339840656072e+02,2.183584999127320145e+02,-3.800176502339060676e+02,-1.391365274398204566e+00,-7.186738342805062629e+00,1.842297891456023740e+00,-7.186738342805062629e+00,-3.897987077553264612e+01,-4.241118290669150248e+00,1.842297891456023740e+00,-4.241118290669150248e+00,-5.149595035649426222e+01
7.149999999999999689e-01,3.041900196302901177e-02,-6.831104525422595497e-01,6.943805306545098865e-01,5.782302708387629764e+02,-3.500333101245290379e+01,-1.125118236513019383e+02,-3.500333101245290379e+01,2.826748516963384645e+02,2.188491589036386529e+02,-1.125118236513019383e+02,2.188491589036386529e+02,-3.801957443553413896e+02,-1.386457817287414240e+00,-7.206350326885767821e+00,1.803529176241600362e+00,-7.206350326885767821e+00,-3.920724965983317389e+01,-4.335020262102828426e+00,1.803529176241600362e+00,-4.335020262102828426e+00,-5.161822402024674261e+01
7.159999999999999698e-01,2.458288341126924764e-02,-6.899444265272958177e-01,6.636911899368584944e-01,5.800557490281511264e+02,-3.530705881608606944e+01,-1.128139096754554345e+02,-3.530705881608606944e+01,2.834097597308105492e+02,2.193399785871089023e+02,-1.128139096754554345e+02,2.193399785871089023e+02,-3.803703958413628925e+02,-1.381996438653346093e+00,-7.226454231047744869e+00,1.764707318826417293e+00,-7.226454231047744869e+00,-3.943481835426695170e+01,-4.430071754679833163e+00,1.764707318826417293e+00,-4.430071754679833163e+00,-5.173904430006007971e+01
7.169999999999999707e-01,1.837916522133552916e-02,-6.956202270767259943e-01,6.327392389807300344e-01,5.818839641270650418e+02,-3.561259020074507475e+01,-1.131176970197446821e+02,-3.561259020074507475e+01,2.841485349218033321e+02,2.198309662420487314e+02,-1.131176970197446821e+02,2.198309662420487314e+02,-3.805416287191739002e+02,-1.377981041827826658e+00,-7.247058265816987976e+00,1.725828181989576438e+00,-7.247058265816987976e+00,-3.966254583618840002e+01,-4.526259122967704052e+00,1.725828181989576438e+00,-4.526259122967704052e+00,-5.185845240555605073e+01
7.179999999999999716e-01,1.188491052551566077e-02,-7.000801384391632798e-01,6.015487038061771985e-01,5.837149131159588933e+02,-3.591993237221237933e+01,-1.134231907657053853e+02,-3.591993237221237933e+01,2.848912394733447400e+02,2.203221296735050885e+02,-1.134231907657053853e+02,2.203221296735050885e+02,-3.807094672167265799e+02,-1.374411650704932875e+00,-7.268170541944806828e+00,1.686887492640373187e+00,-7.268170541944806828e+00,-3.989040011739416514e+01,-4.623568103320053524e+00,1.686887492640373187e+00,-4.623568103320053524e+00,-5.197648936842757195e+01
7.189999999999999725e-01,5.150440552731259253e-03,-7.032621528262555932e-01,5.701421877118511006e-01,5.855485931154571517e+02,-3.622909231981329725e+01,-1.137303961104028218e+02,-3.622909231981329725e+01,2.856379363488365470e+02,2.208134772132663670e+02,-1.137303961104028218e+02,2.208134772132663670e+02,-3.808739357308494959e+02,-1.371288412946974233e+00,-7.289799072608299291e+00,1.647880844715449378e+00,-7.289799072608299291e+00,-4.011834824138281874e+01,-4.721983812877588171e+00,1.647880844715449378e+00,-4.721983812877588171e+00,-5.209319600044046439e+01
7.199999999999999734e-01,-1.789572809227986394e-03,-7.051231460571666387e-01,5.385482257067811807e-01,5.873850013820812137e+02,-3.654007681490350024e+01,-1.140393183637031171e+02,-3.654007681490350024e+01,2.863886892599214775e+02,2.213050177200882445e+02,-1.140393183637031171e+02,2.213050177200882445e+02,-3.810350587959172799e+02,-1.368611603128060406e+00,-7.311951775565749045e+00,1.608803701988970714e+00,-7.311951775565749045e+00,-4.034635628153539244e+01,-4.821490749006311916e+00,1.608803701988970714e+00,-4.821490749006311916e+00,-5.220861285198233759e+01
7.209999999999999742e-01,-8.917826801969605532e-03,-7.056343923741683621e-01,5.068032235564102761e-01,5.892241353040508329e+02,-3.685289240937937194e+01,-1.143499629456068902e+02,-3.685289240937937194e+01,2.871435626543282638e+02,2.217967605795307122e+02,-1.143499629456068902e+02,2.217967605795307122e+02,-3.811928610531072081e+02,-1.366381625819838241e+00,-7.334636475262683142e+00,1.569651400795611274e+00,-7.334636475262683142e+00,-4.057438934023583954e+01,-4.922072789187060593e+00,1.569651400795611274e+00,-4.922072789187060593e+00,-5.232278017120807334e+01
7.219999999999999751e-01,-1.621715319244944331e-02,-7.047734070710507392e-01,4.749532254031360590e-01,5.910659923971503531e+02,-3.716754543420834267e+01,-1.146623353836493351e+02,-3.716754543420834267e+01,2.879026217026884638e+02,2.222887157033932510e+02,-1.146623353836493351e+02,2.222887157033932510e+02,-3.813473672202878220e+02,-1.364599018623841697e+00,-7.357860904884418574e+00,1.530419152666205207e+00,-7.357860904884418574e+00,-4.080241154895052347e+01,-5.023713191370323017e+00,1.530419152666205207e+00,-5.023713191370323017e+00,-5.243573786383272051e+01
7.229999999999999760e-01,-2.360978587070856893e-02,-7.025147623815140019e-01,4.430514441852339558e-01,5.929105703006564454e+02,-3.748404199797614211e+01,-1.149764413103700491e+02,-3.748404199797614211e+01,2.886659322843149766e+02,2.227808935287342536e+02,-1.149764413103700491e+02,2.227808935287342536e+02,-3.814986020625821084e+02,-1.363264455154772126e+00,-7.381632708351111738e+00,1.491102046876064069e+00,-7.381632708351111738e+00,-4.103038606928415533e+01,-5.126394594809692506e+00,1.491102046876064069e+00,-5.126394594809692506e+00,-5.254752545362137539e+01
7.239999999999999769e-01,-3.101984469948641798e-02,-6.988366968440801186e-01,4.111563661911312728e-01,5.947578667733180282e+02,-3.780238798544840506e+01,-1.152922864608559763e+02,-3.780238798544840506e+01,2.894335609719386184e+02,2.232733050164625581e+02,-1.152922864608559763e+02,2.232733050164625581e+02,-3.816465903636484995e+02,-1.362378747978909121e+00,-7.405959442251299762e+00,1.451695052906059935e+00,-7.405959442251299762e+00,-4.125827509502792623e+01,-5.230099021386675595e+00,1.451695052906059935e+00,-5.230099021386675595e+00,-5.265818204362447830e+01
7.249999999999999778e-01,-3.837287184073705226e-02,-6.937166394831274507e-01,3.793327198930710464e-01,5.966078796893818890e+02,-3.812258905614358895e+01,-1.156098766703607339e+02,-3.812258905614358895e+01,2.902055750153974145e+02,2.237659616494887018e+02,-1.156098766703607339e+02,2.237659616494887018e+02,-3.817913568977223235e+02,-1.361942851511743768e+00,-7.430848577710240654e+00,1.412193022816710108e+00,-7.430848577710240654e+00,-4.148603985521478421e+01,-5.334807877438952239e+00,1.412193022816710108e+00,-5.334807877438952239e+00,-5.276774627820874741e+01
7.259999999999999787e-01,-4.559126892689575189e-02,-6.871261659578363767e-01,3.476475043948342170e-01,5.984606070346587785e+02,-3.844465064291477319e+01,-1.159292178720028801e+02,-3.844465064291477319e+01,2.909820423242764491e+02,2.242588754304238421e+02,-1.159292178720028801e+02,2.242588754304238421e+02,-3.819329264024575536e+02,-1.361957864878708069e+00,-7.456307502189225112e+00,1.372590693535558515e+00,-7.456307502189225112e+00,-4.171364061819546265e+01,-5.440501956103658721e+00,1.372590693535558515e+00,-5.440501956103658721e+00,-5.287625630593056059e+01
7.269999999999999796e-01,-5.258961594437102510e-02,-6.790395009127828674e-01,3.161649779170477292e-01,6.003160469026225883e+02,-3.876857795053751232e+01,-1.162503160945463208e+02,-3.876857795053751232e+01,2.917630314494985555e+02,2.247520588788156317e+02,-1.162503160945463208e+02,2.247520588788156317e+02,-3.820713235526106928e+02,-1.362425034742879681e+00,-7.482343521212402315e+00,1.332882689058326520e+00,-7.482343521212402315e+00,-4.194103669674695567e+01,-5.547161440186395787e+00,1.332882689058326520e+00,-5.547161440186395787e+00,-5.298374974330058507e+01
7.279999999999999805e-01,-5.932201137438523897e-02,-6.694405058506410766e-01,2.849579876734373851e-01,6.021741974905374946e+02,-3.909437595430129164e+01,-1.165731774602648159e+02,-3.909437595430129164e+01,2.925486115638656770e+02,2.252455250279103041e+02,-1.165731774602648159e+02,2.252455250279103041e+02,-3.822065729346043099e+02,-1.363345758103236882e+00,-7.508963860017447978e+00,1.293063522564344092e+00,-7.508963860017447978e+00,-4.216818645422402057e+01,-5.654765905565947826e+00,1.293063522564344092e+00,-5.654765905565947826e+00,-5.309026363948498073e+01
7.289999999999999813e-01,-6.583246444905542505e-02,-6.583184209238029938e-01,2.541282865963162552e-01,6.040350570956039746e+02,-3.942204939860192781e+01,-1.168978081828931721e+02,-3.942204939860192781e+01,2.933388524415555025e+02,2.257392874209310776e+02,-1.168978081828931721e+02,2.257392874209310776e+02,-3.823386990220090524e+02,-1.364721585067085297e+00,-7.536175665126854994e+00,1.253127598446931223e+00,-7.536175665126854994e+00,-4.239504731176277375e+01,-5.763294325143975882e+00,1.253127598446931223e+00,-5.763294325143975882e+00,-5.319583444199008682e+01
7.299999999999999822e-01,-7.215411637732239980e-02,-6.456682065379307778e-01,2.237837617351756681e-01,6.058986241111230129e+02,-3.975160279553254128e+01,-1.172242145656672250e+02,-3.975160279553254128e+01,2.941338244365767878e+02,2.262333601068639553e+02,-1.172242145656672250e+02,2.262333601068639553e+02,-3.824677261519810827e+02,-1.366554221599969754e+00,-7.563986005836406790e+00,1.213069214259469675e+00,-7.563986005836406790e+00,-4.262157575654438801e+01,-5.872725073348036062e+00,1.213069214259469675e+00,-5.872725073348036062e+00,-5.330049796337483770e+01
7.309999999999999831e-01,-7.830870919364488203e-02,-6.314945963983528143e-01,1.940341484877741718e-01,6.077648970226671281e+02,-4.008304042347049290e+01,-1.175524029994540598e+02,-4.008304042347049290e+01,2.949335984601910923e+02,2.267277576357419946e+02,-1.175524029994540598e+02,2.267277576357419946e+02,-3.825936785026885332e+02,-1.368845532256343311e+00,-7.592401875617615481e+00,1.172882562578012156e+00,-7.592401875617615481e+00,-4.284772735112375841e+01,-5.983035931195434642e+00,1.172882562578012156e+00,-5.983035931195434642e+00,-5.340428934903409441e+01
7.319999999999999840e-01,-8.430662822343404361e-02,-6.158153390028819896e-01,1.649861550873703564e-01,6.096338744042567441e+02,-4.041636632565786869e+01,-1.178823799609747738e+02,-4.041636632565786869e+01,2.957382459573089477e+02,2.272224950534211700e+02,-1.178823799609747738e+02,2.272224950534211700e+02,-3.827165800717631328e+02,-1.371597542894106958e+00,-7.621430193431040223e+00,1.132561732781392383e+00,-7.621430193431040223e+00,-4.307345674382854384e+01,-6.094204091924480871e+00,1.132561732781392383e+00,-6.094204091924480871e+00,-5.350724304609605753e+01
7.329999999999999849e-01,-9.014761539785486055e-02,-5.986633152747614650e-01,1.367384819361509019e-01,6.115055549145351961e+02,-4.075158430877318239e+01,-1.182141520111205466e+02,-4.075158430877318239e+01,2.965478388818713142e+02,2.277175878958406088e+02,-1.182141520111205466e+02,2.277175878958406088e+02,-3.828364546558076995e+02,-1.374812443375968307e+00,-7.651077804947355787e+00,1.092100712749883185e+00,-7.651077804947355787e+00,-4.329871768023100742e+01,-6.206206167198833334e+00,1.092100712749883185e+00,-6.206206167198833334e+00,-5.360939277347378606e+01
7.339999999999999858e-01,-9.581074762053509719e-02,-5.800998891666042656e-01,1.093407382305129072e-01,6.133799372929356650e+02,-4.108869794149163113e+01,-1.185477257933635684e+02,-4.108869794149163113e+01,2.973624496712275800e+02,2.282130521827606628e+02,-1.185477257933635684e+02,2.282130521827606628e+02,-3.829533258309899679e+02,-1.378492590260432582e+00,-7.681351483673219960e+00,1.051493390483543955e+00,-7.681351483673219960e+00,-4.352346301569358644e+01,-6.319018193889635704e+00,1.051493390483543955e+00,-6.319018193889635704e+00,-5.371077149311119570e+01
7.349999999999999867e-01,-1.012528651088946408e-01,-5.602165363136245579e-01,8.277510919378694432e-02,6.152570203558394724e+02,-4.142771055303179395e+01,-1.188831080322640048e+02,-4.142771055303179395e+01,2.981821512195256787e+02,2.287089044109754923e+02,-1.188831080322640048e+02,2.287089044109754923e+02,-3.830672169347536169e+02,-1.382640509485113967e+00,-7.712257931979022985e+00,1.010733555641530224e+00,-7.712257931979022985e+00,-4.374764472898785073e+01,-6.432615641439000775e+00,1.010733555641530224e+00,-6.432615641439000775e+00,-5.381141138246047007e+01
7.359999999999999876e-01,-1.081136729884883407e-01,-5.418439556544344393e-01,6.195781205252862828e-02,6.171368029927142516e+02,-4.176862523168604469e+01,-1.192203055320732830e+02,-4.176862523168604469e+01,2.990070168501289913e+02,2.292051615469937929e+02,-1.192203055320732830e+02,2.292051615469937929e+02,-3.831781510486707703e+02,-1.387258899044856886e+00,-7.743803782025636018e+00,9.698149010036736239e-01,-7.743803782025636018e+00,-4.397121393698496661e+01,-6.546973419807613048e+00,9.698149010036736239e-01,-6.546973419807613048e+00,-5.391134380822798278e+01
7.369999999999999885e-01,-1.156744791569900149e-01,-5.254011941490116522e-01,4.633007150850156075e-02,6.190192841622349533e+02,-4.211144482333259731e+01,-1.195593251754348074e+02,-4.211144482333259731e+01,2.998371202870781644e+02,2.297018410191866735e+02,-1.195593251754348074e+02,2.297018410191866735e+02,-3.832861509824642212e+02,-1.392350631667065741e+00,-7.775995596587430114e+00,9.287310238557989761e-01,-7.775995596587430114e+00,-4.419412091041318291e+01,-6.662065888008002368e+00,9.287310238557989761e-01,-6.662065888008002368e+00,-5.401059930142253762e+01
7.379999999999999893e-01,-1.235798114441869072e-01,-5.110511699489544979e-01,3.517340244118162540e-02,6.209044628883775658e+02,-4.245617192992637001e+01,-1.199001739221822191e+02,-4.245617192992637001e+01,3.006725356256178543e+02,2.301989607093985057e+02,-1.199001739221822191e+02,2.301989607093985057e+02,-3.833912392592196738e+02,-1.397918757486442676e+00,-7.808839869768796405e+00,8.874754273002913862e-01,-7.808839869768796405e+00,-4.441631509067741490e+01,-6.777866863223998450e+00,8.874754273002913862e-01,-6.777866863223998450e+00,-5.410920753373866177e+01
7.389999999999999902e-01,-1.315579078072597330e-01,-4.988330543277921247e-01,2.787945767704752553e-02,6.227923382564841859e+02,-4.280280890796672821e+01,-1.202428588082353969e+02,-4.280280890796672821e+01,3.015133373018083489e+02,2.306965389440213130e+02,-1.202428588082353969e+02,2.306965389440213130e+02,-3.834934381018118756e+02,-1.403966506721228580e+00,-7.842343027611624606e+00,8.460415214935605999e-01,-7.842343027611624606e+00,-4.463774510773365023e+01,-6.894349630515778315e+00,8.460415214935605999e-01,-6.894349630515778315e+00,-5.420719729530560471e+01
7.399999999999999911e-01,-1.393369808576191693e-01,-4.887183506691734070e-01,2.389472423961105929e-02,6.246829094092958030e+02,-4.315135786693918618e+01,-1.205873869445941864e+02,-4.315135786693918618e+01,3.023596000612471926e+02,2.311945944845310521e+02,-1.205873869445941864e+02,2.311945944845310521e+02,-3.835927694205619787e+02,-1.410497292352828502e+00,-7.876511428591013164e+00,8.044226248120948108e-01,-7.876511428591013164e+00,-4.485835879900897538e+01,-7.011486953108927445e+00,8.044226248120948108e-01,-7.011486953108927445e+00,-5.430459647383035815e+01
7.409999999999999920e-01,-1.466962067870456743e-01,-4.806181933721080934e-01,2.272440858411013676e-02,6.265761755429467712e+02,-4.350182066772900669e+01,-1.209337655164295597e+02,-4.350182066772900669e+01,3.032113989269232661e+02,2.316931465174874916e+02,-1.209337655164295597e+02,2.316931465174874916e+02,-3.836892548021439779e+02,-1.417514712810597377e+00,-7.911351363996788955e+00,7.626119649489290220e-01,-7.911351363996788955e+00,-4.507810322935714709e+01,-7.129251083264615652e+00,7.626119649489290220e-01,-7.129251083264615652e+00,-5.440143203516102943e+01
7.419999999999999929e-01,-1.534528057710890514e-01,-4.743976328957305033e-01,2.393186243129483137e-02,6.284721359029208543e+02,-4.385419892100399153e+01,-1.212820017822719763e+02,-4.385419892100399153e+01,3.040688091662314037e+02,2.321922146439995629e+02,-1.212820017822719763e+02,2.321922146439995629e+02,-3.837829154997540968e+02,-1.425022554663398999e+00,-7.946869058198363867e+00,7.206026799424291029e-01,-7.946869058198363867e+00,-4.529692471203737369e+01,-7.247613773727079156e+00,7.206026799424291029e-01,-7.247613773727079156e+00,-5.449773000529478395e+01
7.429999999999999938e-01,-1.594605322466590425e-01,-4.698758586719927188e-01,2.713465167141902723e-02,6.303707897799638431e+02,-4.420849398556416787e+01,-1.216321030732958803e+02,-4.420849398556416787e+01,3.049319062571749441e+02,2.326918188686584585e+02,-1.216321030732958803e+02,2.326918188686584585e+02,-3.838737724245571030e+02,-1.433024795319344680e+00,-7.983070668790461788e+00,6.783878191393684087e-01,-7.983070668790461788e+00,-4.551476883070249357e+01,-7.366546289743351572e+00,6.783878191393684087e-01,-7.366546289743351572e+00,-5.459351545385199955e+01
7.439999999999999947e-01,-1.647105864373522854e-01,-4.667542036063750399e-01,3.210790446650929608e-02,6.322721365059489926e+02,-4.456470696665576980e+01,-1.219840767926998382e+02,-4.456470696665576980e+01,3.058007658537856059e+02,2.331919795879431092e+02,-1.219840767926998382e+02,2.331919795879431092e+02,-3.839618461384170018e+02,-1.441525605735050952e+00,-8.019962286617490221e+00,6.359603440943901731e-01,-8.019962286617490221e+00,-4.573158046238143726e+01,-7.486019421649110051e+00,6.359603440943901731e-01,-7.486019421649110051e+00,-5.468881247903627241e+01
7.449999999999999956e-01,-1.692334506533764160e-01,-4.647119343520783596e-01,3.870176496570963687e-02,6.341761754496943695e+02,-4.492283871424706376e+01,-1.223379304151810771e+02,-4.492283871424706376e+01,3.066754637507917778e+02,2.336927175781029575e+02,-1.223379304151810771e+02,2.336927175781029575e+02,-3.840471568479228495e+02,-1.450529353135455946e+00,-8.057549935674078512e+00,5.933131294080072893e-01,-8.057549935674078512e+00,-4.594730380143836612e+01,-7.606003498013309105e+00,5.933131294080072893e-01,-7.606003498013309105e+00,-5.478364419409637520e+01
7.459999999999999964e-01,-1.730508500335009858e-01,-4.634448435904418018e-01,4.678214074592172700e-02,6.360829060127302910e+02,-4.528288982126355933e+01,-1.226936714865032059e+02,-4.528288982126355933e+01,3.075560758475688772e+02,2.341940539825239114e+02,-1.226936714865032059e+02,2.341940539825239114e+02,-3.841297243997123587e+02,-1.460040603745243359e+00,-8.095839572879828694e+00,5.504389635054087737e-01,-8.095839572879828694e+00,-4.616188238449118586e+01,-7.726468399333356274e+00,5.504389635054087737e-01,-7.726468399333356274e+00,-5.487803271530620464e+01
7.469999999999999973e-01,-1.761901606932632092e-01,-4.626818597273393285e-01,5.623235944800812625e-02,6.379923276250112849e+02,-4.564486062177998349e+01,-1.230513076231556369e+02,-4.564486062177998349e+01,3.084426781114039500e+02,2.346960102985851222e+02,-1.230513076231556369e+02,2.346960102985851222e+02,-3.842095682770976168e+02,-1.470064125532568600e+00,-8.134837087725802718e+00,5.073305493583909476e-01,-8.134837087725802718e+00,-4.637525911626775610e+01,-7.847383572271173335e+00,5.073305493583909476e-01,-7.847383572271173335e+00,-5.497199915147269422e+01
7.479999999999999982e-01,-1.786807630556002113e-01,-4.621873605695981935e-01,6.696069215759906101e-02,6.399044397405747304e+02,-4.600875118916653150e+01,-1.234108465121028928e+02,-4.600875118916653150e+01,3.093353465401112317e+02,2.351986083640140919e+02,-1.234108465121028928e+02,2.351986083640140919e+02,-3.842867075979922902e+02,-1.480604890965777187e+00,-8.174548301790915517e+00,4.639805051528603230e-01,-8.174548301790915517e+00,-4.658737629637999333e+01,-7.968718044419708768e+00,4.639805051528603230e-01,-7.968718044419708768e+00,-5.506556359498236475e+01
7.489999999999999991e-01,-1.805425228074965527e-01,-4.617547123018657107e-01,7.885449501797918426e-02,6.418192418331428826e+02,-4.637456133418695003e+01,-1.237722959106223755e+02,-4.637456133418695003e+01,3.102341571240343683e+02,2.357018703427502544e+02,-1.237722959106223755e+02,2.357018703427502544e+02,-3.843611611141390654e+02,-1.491668079783537326e+00,-8.214978968126029457e+00,4.203813649044036427e-01,-8.214978968126029457e+00,-4.679817564699187216e+01,-8.090440439588260091e+00,4.203813649044036427e-01,-8.090440439588260091e+00,-5.515874511439286465e+01
7.500000000000000000e-01,-1.818871413626792499e-01,-4.611787028417626555e-01,9.180093707542660852e-02,6.437367333916646430e+02,-4.674229060304575256e+01,-1.241356636462279397e+02,-4.674229060304575256e+01,3.111391858074736660e+02,2.362058187103266391e+02,-1.241356636462279397e+02,2.362058187103266391e+02,-3.844329472116315287e+02,-1.503259081778633544e+00,-8.256134770503811282e+00,3.765255790245117806e-01,-8.256134770503811282e+00,-4.700759834135731552e+01,-8.212518993593731054e+00,3.765255790245117806e-01,-8.212518993593731054e+00,-5.525156174857262670e+01
7.510000000000000009e-01,-1.827903278178463764e-01,-4.602763233806819732e-01,1.056930058100830072e-01,6.456569139158016242e+02,-4.711193827538212275e+01,-1.245009576166775105e+02,-4.711193827538212275e+01,3.120505084495765686e+02,2.367104762387812968e+02,-1.245009576166775105e+02,2.367104762387812968e+02,-3.845020839127236627e+02,-1.515383499595581718e+00,-8.298021322532486366e+00,3.324055148401481308e-01,-8.298021322532486366e+00,-4.721558503320248690e+01,-8.334921570544372216e+00,3.324055148401481308e-01,-8.334921570544372216e+00,-5.534403050239124866e+01
7.520000000000000018e-01,-1.833055771531164058e-01,-4.589812654451276286e-01,1.204751526256566951e-01,6.475797829113515718e+02,-4.748350336220796919e+01,-1.248681857900621139e+02,-4.748350336220796919e+01,3.129682007847318346e+02,2.372158659811107384e+02,-1.248681857900621139e+02,2.372158659811107384e+02,-3.845685888789182059e+02,-1.528047151541907400e+00,-8.340644166631522083e+00,2.880134570693986262e-01,-8.340644166631522083e+00,-4.742207588692528475e+01,-8.457615679601028447e+00,2.880134570693986262e-01,-8.457615679601028447e+00,-5.543616734395821055e+01
7.530000000000000027e-01,-1.836401453608695333e-01,-4.572101369385521696e-01,1.360294148886881938e-01,6.495053398856131253e+02,-4.785698460378758057e+01,-1.252373562049736506e+02,-4.785698460378758057e+01,3.138923383825074325e+02,2.377220112552784315e+02,-1.252373562049736506e+02,2.377220112552784315e+02,-3.846324794153194944e+02,-1.541256074412907573e+00,-8.384008772867682424e+00,2.433416082560454774e-01,-8.384008772867682424e+00,-4.762701060858449154e+01,-8.580568492200438158e+00,2.433416082560454774e-01,-8.580568492200438158e+00,-5.552798720340619809e+01
7.540000000000000036e-01,-1.837890604047456300e-01,-4.549739092653246053e-01,1.523506099669379443e-01,6.514335843426893007e+02,-4.823238046745634477e+01,-1.256084769707486970e+02,-4.823238046745634477e+01,3.148229966071746162e+02,2.382289356277929357e+02,-1.256084769707486970e+02,2.382289356277929357e+02,-3.846937724762381663e+02,-1.555016526329370485e+00,-8.428120537649522959e+00,1.983820891659781038e-01,-8.428120537649522959e+00,-4.783032847764855688e+01,-8.703746859723734630e+00,1.983820891659781038e-01,-8.703746859723734630e+00,-5.561950397321208328e+01
7.550000000000000044e-01,-1.837506569850017590e-01,-4.522782827605478784e-01,1.694395733023275064e-01,6.533645157787306061e+02,-4.860968914537608754e+01,-1.259815562677853364e+02,-4.860968914537608754e+01,3.157602505768600167e+02,2.387366628968705129e+02,-1.259815562677853364e+02,2.387366628968705129e+02,-3.847524846720291407e+02,-1.569334989587675810e+00,-8.472984782278864202e+00,1.531269391484260944e-01,-8.472984782278864202e+00,-4.803196837947432840e+01,-8.827117331592829075e+00,1.531269391484260944e-01,-8.827117331592829075e+00,-5.571073051004645293e+01
7.560000000000000053e-01,-1.835254654298709709e-01,-4.491299281489706252e-01,1.873110924601145699e-01,6.552981336771183578e+02,-4.898890855222448693e+01,-1.263566023479299218e+02,-4.898890855222448693e+01,3.167041751223692927e+02,2.392452170751983829e+02,-1.263566023479299218e+02,2.392452170751983829e+02,-3.848086322771439995e+02,-1.584218173521419359e+00,-8.518606751357646445e+00,1.075681164650769822e-01,-8.518606751357646445e+00,-4.823186883848383388e+01,-8.950646173776108938e+00,1.075681164650769822e-01,-8.950646173776108938e+00,-5.580167863813855433e+01
7.570000000000000062e-01,-1.831144906974890296e-01,-4.455338338157765476e-01,2.059956064528111197e-01,6.572344375035883104e+02,-4.937003632281622600e+01,-1.267336235349302598e+02,-4.937003632281622600e+01,3.176548447457252564e+02,2.397546223723152821e+02,-1.267336235349302598e+02,2.397546223723152821e+02,-3.848622312393753759e+02,-1.599673017373547168e+00,-8.564991611048693443e+00,6.169749859023308108e-02,-8.564991611048693443e+00,-4.842996805200703392e+01,-9.074299387684405360e+00,6.169749859023308108e-02,-9.074299387684405360e+00,-5.589235915414290901e+01
7.580000000000000071e-01,-1.824989414440220392e-01,-4.414765673524675971e-01,2.255368315419877534e-01,6.591734267012953978e+02,-4.975306980965336834e+01,-1.271126282249518908e+02,-4.975306980965336834e+01,3.186123335784657797e+02,2.402649031766272856e+02,-1.271126282249518908e+02,2.402649031766272856e+02,-3.849132971902689633e+02,-1.615706693177810127e+00,-8.612144447189127305e+00,1.550688248519746168e-02,-8.612144447189127305e+00,-4.862620392475763254e+01,-9.198042729437222675e+00,1.550688248519746168e-02,-9.198042729437222675e+00,-5.598278183348971737e+01
7.590000000000000080e-01,-1.815888646560657183e-01,-4.368416388955651541e-01,2.456179750545852969e-01,6.611151006858223127e+02,-5.013800608040269680e+01,-1.274936248871537856e+02,-5.013800608040269680e+01,3.195767153397443963e+02,2.407760840370769699e+02,-1.274936248871537856e+02,2.407760840370769699e+02,-3.849618454566771675e+02,-1.632326608648068778e+00,-8.660070263255008172e+00,-3.101201514981091062e-02,-8.660070263255008172e+00,-4.882051410390720747e+01,-9.321841729478403948e+00,-3.101201514981091062e-02,-9.321841729478403948e+00,-5.607295543819858352e+01
7.600000000000000089e-01,-1.804261350553130472e-01,-4.316057518022923256e-01,2.662864715754049705e-01,6.630594588401307874e+02,-5.052484191529769930e+01,-1.278766220643195624e+02,-5.052484191529769930e+01,3.205480632942803823e+02,2.412881896444851293e+02,-1.278766220643195624e+02,2.412881896444851293e+02,-3.850078910734249007e+02,-1.649540410073884189e+00,-8.708773978176177266e+00,-7.786755764286804049e-02,-8.708773978176177266e+00,-4.901283601472351137e+01,-9.445661712520069031e+00,-7.786755764286804049e-02,-9.445661712520069031e+00,-5.616288772613396674e+01
7.610000000000000098e-01,-1.790399995457614413e-01,-4.257154926328308719e-01,2.875899921889020217e-01,6.650065005094602384e+02,-5.091357380446287806e+01,-1.282616283735402476e+02,-5.091357380446287806e+01,3.215264502102015172e+02,2.418012448125851961e+02,-1.282616283735402476e+02,2.418012448125851961e+02,-3.850514487970559685e+02,-1.667355985220516423e+00,-8.758260424000154032e+00,-1.250681881332552925e-01,-8.758260424000154032e+00,-4.920310689673750204e+01,-9.569467817792691733e+00,-1.250681881332552925e-01,-9.569467817792691733e+00,-5.625258546167630413e+01
7.620000000000000107e-01,-1.774472413195471721e-01,-4.190850918318731466e-01,3.095700951870022921e-01,6.669562249961740008e+02,-5.130419794515841403e+01,-1.286486525069446998e+02,-5.130419794515841403e+01,3.225119483168259080e+02,2.423152744587704888e+02,-1.286486525069446998e+02,2.423152744587704888e+02,-3.850925331206290707e+02,-1.685781466231344172e+00,-8.808534343404190281e+00,-1.726224293665918619e-01,-8.808534343404190281e+00,-4.939126384040277884e+01,-9.693225019578743940e+00,-1.726224293665918619e-01,-9.693225019578743940e+00,-5.634205442778247175e+01
7.630000000000000115e-01,-1.756522086270484451e-01,-4.115936681576183309e-01,3.322535281985090627e-01,6.689086315545564503e+02,-5.169671023894289874e+01,-1.290377032324728077e+02,-5.169671023894289874e+01,3.235046292624273292e+02,2.428303035845751481e+02,-1.290377032324728077e+02,2.428303035845751481e+02,-3.851311582895257288e+02,-1.704825232530386092e+00,-8.859600387054594961e+00,-2.205388834986295454e-01,-8.859600387054594961e+00,-4.957724382421136511e+01,-9.816898148006917069e+00,-2.205388834986295454e-01,-9.816898148006917069e+00,-5.643129943940488147e+01
7.640000000000000124e-01,-1.736274823870042616e-01,-4.030864131022917629e-01,3.556295685783927296e-01,6.708637193855633996e+02,-5.209110628875233573e+01,-1.294287893946880104e+02,-5.209110628875233573e+01,3.245045640720296660e+02,2.433463572559109309e+02,-1.294287893946880104e+02,2.433463572559109309e+02,-3.851673383182352381e+02,-1.724495913722520424e+00,-8.911463110812682942e+00,-2.688262319040976567e-01,-8.911463110812682942e+00,-4.976098375222873216e+01,-9.940451910083240250e+00,-2.688262319040976567e-01,-9.940451910083240250e+00,-5.652032435823779366e+01
7.650000000000000133e-01,-1.713265168782533987e-01,-3.933856367998664894e-01,3.796383807341146555e-01,6.728214876315283846e+02,-5.248738139589337237e+01,-1.298219199156235675e+02,-5.248738139589337237e+01,3.255118231052742317e+02,2.438634605830813769e+02,-1.298219199156235675e+02,2.438634605830813769e+02,-3.852010870080763993e+02,-1.744802392488638887e+00,-8.964126972786715442e+00,-3.174932349869362680e-01,-8.964126972786715442e+00,-4.994242049201096734e+01,-1.006385091093528317e+01,-3.174932349869362680e-01,-1.006385091093528317e+01,-5.660913210875681045e+01
7.660000000000000142e-01,-1.686969337685392811e-01,-3.824479959313564770e-01,4.041658973626761076e-01,6.747819353708299559e+02,-5.288553055694917759e+01,-1.302171037956586588e+02,-5.288553055694917759e+01,3.265264760144065690e+02,2.443816387005960280e+02,-1.302171037956586588e+02,2.443816387005960280e+02,-3.852324179658162393e+02,-1.765753807472868253e+00,-9.017596330229416424e+00,-3.665487319881655659e-01,-9.017596330229416424e+00,-5.012149091286671876e+01,-1.018705967524500799e+01,-3.665487319881655659e-01,-1.018705967524500799e+01,-5.669772469551459437e+01
7.670000000000000151e-01,-1.656889302371331862e-01,-3.702519140766767913e-01,4.290425269356745730e-01,6.767450616125212264e+02,-5.328554846059611094e+01,-1.306143501144190679e+02,-5.328554846059611094e+01,3.275485917024242895e+02,2.449009167468074679e+02,-1.306143501144190679e+02,2.449009167468074679e+02,-3.852613446231438843e+02,-1.787359556158671037e+00,-9.071875436280764760e+00,-4.160016407876246380e-01,-9.071875436280764760e+00,-5.029813192442608027e+01,-1.031004266884581710e+01,-4.160016407876246380e-01,-1.031004266884581710e+01,-5.678610322165550173e+01
7.680000000000000160e-01,-1.622698778886708659e-01,-3.568089754566545757e-01,4.540192386488514087e-01,6.787108652909275861e+02,-5.368742948432993956e+01,-1.310136680316979039e+02,-5.368742948432993956e+01,3.285782382814321068e+02,2.454213198433948264e+02,-1.310136680316979039e+02,2.454213198433948264e+02,-3.852878802569547929e+02,-1.809629297730455555e+00,-9.126968436555923603e+00,-4.658609576957231657e-01,-9.126968436555923603e+00,-5.047228051547877925e+01,-1.043276432045878721e+01,-4.658609576957231657e-01,-1.043276432045878721e+01,-5.687426790860838111e+01
7.690000000000000169e-01,-1.584323825588085100e-01,-3.421562183171935057e-01,4.787653621241551027e-01,6.806793452602154275e+02,-5.409116769109996170e+01,-1.314150667883906749e+02,-5.409116769109996170e+01,3.296154830312456738e+02,2.459428730747161183e+02,-1.314150667883906749e+02,2.459428730747161183e+02,-3.853120380104006131e+02,-1.832572955917057822e+00,-9.182879365578260789e+00,-5.161357572313233222e-01,-9.182879365578260789e+00,-5.064387379304416470e+01,-1.055518904354335241e+01,-5.161357572313233222e-01,-1.055518904354335241e+01,-5.696221811691576420e+01
7.700000000000000178e-01,-1.542169751385419063e-01,-3.261841869380220915e-01,5.028414652975911059e-01,6.826505002889381331e+02,-5.449675682585015579e+01,-1.318185557074405949e+02,-5.449675682585015579e+01,3.306603923582878792e+02,2.464656014670545687e+02,-1.318185557074405949e+02,2.464656014670545687e+02,-3.853338309146596998e+02,-1.856200721813244137e+00,-9.239612143057744476e+00,-5.668351918818012036e-01,-9.239612143057744476e+00,-5.081284902163486805e+01,-1.067728125823707508e+01,-5.668351918818012036e-01,-1.067728125823707508e+01,-5.704995236815610582e+01
7.710000000000000187e-01,-1.496212990211110705e-01,-3.089775552965038363e-01,5.257513730639372662e-01,6.846243290545618265e+02,-5.490419031196601907e+01,-1.322241441947876126e+02,-5.490419031196601907e+01,3.317130317548182461e+02,2.469895299677813796e+02,-1.322241441947876126e+02,2.469895299677813796e+02,-3.853532719113780445e+02,-1.880523056675100779e+00,-9.297170570014944957e+00,-6.179684918413058670e-01,-9.297170570014944957e+00,-5.097914366267718123e+01,-1.079900541335955211e+01,-6.179684918413058670e-01,-1.079900541335955211e+01,-5.713746836791391104e+01
7.720000000000000195e-01,-1.446254583208397282e-01,-2.908382857356512918e-01,5.470810433699963005e-01,6.866008301379788463e+02,-5.531346124762659144e+01,-1.326318417403169860e+02,-5.531346124762659144e+01,3.327734657585381797e+02,2.475146834244598324e+02,-1.326318417403169860e+02,2.475146834244598324e+02,-3.853703738757344013e+02,-1.905550694684971180e+00,-9.355558324751301669e+00,-6.695449647231758172e-01,-9.355558324751301669e+00,-5.114269541405030139e+01,-1.092032600845514878e+01,-6.695449647231758172e-01,-1.092032600845514878e+01,-5.722476302975073992e+01
7.730000000000000204e-01,-1.391979669008181764e-01,-2.722474373986965013e-01,5.666296306302772701e-01,6.885800020180129195e+02,-5.572456240206065559e+01,-1.330416579188010928e+02,-5.572456240206065559e+01,3.338417579126106034e+02,2.480410865639138933e+02,-1.330416579188010928e+02,2.480410865639138933e+02,-3.853851496400781116e+02,-1.931294645681313149e+00,-9.414778958666241593e+00,-7.215739952424469195e-01,-9.414778958666241593e+00,-5.130344224970750844e+01,-1.104120761584959709e+01,-7.215739952424469195e-01,-1.104120761584959709e+01,-5.731183250012976060e+01
7.740000000000000213e-01,-1.332931165247027705e-01,-2.537316759849733705e-01,5.845167126756287690e-01,6.905618430659213800e+02,-5.613748621170709896e+01,-1.334536023908295306e+02,-5.613748621170709896e+01,3.349179707261343424e+02,2.485687639712863302e+02,-1.334536023908295306e+02,2.485687639712863302e+02,-3.853976120180911948e+02,-1.957766197848592959e+00,-9.474835891922207765e+00,-7.740650448643310311e-01,-9.474835891922207765e+00,-5.146132245934295213e+01,-1.116161490269537815e+01,-7.740650448643310311e-01,-1.116161490269537815e+01,-5.739867218424452489e+01
7.750000000000000222e-01,-1.269322033051060727e-01,-2.355780555321998759e-01,6.010628510085640475e-01,6.925463515399019343e+02,-5.655222477627883393e+01,-1.338676849037214538e+02,-5.655222477627883393e+01,3.360021656351110551e+02,2.490977400691092498e+02,-1.338676849037214538e+02,2.490977400691092498e+02,-3.854077738294208189e+02,-1.984976920362128361e+00,-9.535732408958656592e+00,-8.270276514145139535e-01,-9.535732408958656592e+00,-5.161627468806724295e+01,-1.128151265298119377e+01,-8.270276514145139535e-01,-1.128151265298119377e+01,-5.748527677270155323e+01
7.760000000000000231e-01,-1.201678749005979652e-01,-2.177084601562137012e-01,6.165721081230335354e-01,6.945335255796103411e+02,-5.696876985473061694e+01,-1.342839152924147754e+02,-5.696876985473061694e+01,3.370944029639423434e+02,2.496280390964113280e+02,-1.342839152924147754e+02,2.496280390964113280e+02,-3.854156479247331504e+02,-2.012938665982415998e+00,-9.597471653856334939e+00,-8.804714286470981532e-01,-9.597471653856334939e+00,-5.176823797605619859e+01,-1.140086578948082874e+01,-8.804714286470981532e-01,-1.140086578948082874e+01,-5.757164026900589704e+01
7.770000000000000240e-01,-1.129687786421717244e-01,-1.999816097814704485e-01,6.313623572650762794e-01,6.965233632006941207e+02,-5.738711286113086629e+01,-1.347023034803264352e+02,-5.738711286113086629e+01,3.381947418874927394e+02,2.501596850878855207e+02,-1.347023034803264352e+02,2.501596850878855207e+02,-3.854212472111344709e+02,-2.041663573593371250e+00,-9.660056625553554710e+00,-9.344060657659658542e-01,-9.660056625553554710e+00,-5.191715179813785852e+01,-1.151963939561733419e+01,-9.344060657659658542e-01,-1.151963939561733419e+01,-5.765775601779761672e+01
7.780000000000000249e-01,-1.052355667972039166e-01,-1.822255484332823694e-01,6.457183214028072715e-01,6.985158622893522988e+02,-5.780724486043808241e+01,-1.351228594801776808e+02,-5.780724486043808241e+01,3.393032403937539243e+02,2.506927018531406759e+02,-1.351228594801776808e+02,2.506927018531406759e+02,-3.854245846779076032e+02,-2.071164070678455982e+00,-9.723490172916052998e+00,-9.888413268953242241e-01,-9.723490172916052998e+00,-5.206295610328204049e+01,-1.163779873721820834e+01,-9.888413268953242241e-01,-1.163779873721820834e+01,-5.774361673378591320e+01
7.790000000000000258e-01,-9.681806547448809641e-02,-1.642664165610985827e-01,6.598664291896785272e-01,7.005110205969249364e+02,-5.822915656418262387e+01,-1.355455933947788196e+02,-5.822915656418262387e+01,3.404199552471433776e+02,2.512271129560596137e+02,-1.355455933947788196e+02,2.512271129560596137e+02,-3.854256734225106698e+02,-2.101452875728583081e+00,-9.787774989662720415e+00,-1.043787050495175395e+00,-9.787774989662720415e+00,-5.220559135395954087e+01,-1.175530928413842169e+01,-1.043787050495175395e+00,-1.175530928413842169e+01,-5.782921453132858858e+01
7.800000000000000266e-01,-8.752930310103192169e-02,-1.459489158625340566e-01,6.739670479064739927e-01,7.025088357345247232e+02,-5.865283832605511094e+01,-1.359705154177673876e+02,-5.865283832605511094e+01,3.415449419524707082e+02,2.517629416942878890e+02,-1.359705154177673876e+02,2.517629416942878890e+02,-3.854245266767858880e+02,-2.132543000575262582e+00,-9.852913609149315022e+00,-1.099253148717408868e+00,-9.852913609149315022e+00,-5.234499856533692252e+01,-1.187213673172783679e+01,-1.099253148717408868e+00,-1.187213673172783679e+01,-5.791454095460236573e+01
7.810000000000000275e-01,-7.715616881864305332e-02,-1.271486069792075457e-01,6.881156039930731438e-01,7.045093051677131371e+02,-5.907828013740251549e+01,-1.363976358342937374e+02,-5.907828013740251549e+01,3.426782547196017958e+02,2.523002110788742129e+02,-1.363976358342937374e+02,2.523002110788742129e+02,-3.854211578333240595e+02,-2.164447752642268519e+00,-9.918908399012812183e+00,-1.155249606698219189e+00,-9.918908399012812183e+00,-5.248111934427424075e+01,-1.198824702212044357e+01,-1.155249606698219189e+00,-1.198824702212044357e+01,-5.799958700830990921e+01
7.820000000000000284e-01,-6.546861004071655166e-02,-1.077788609276089382e-01,7.023456886770034213e-01,7.065124262112358338e+02,-5.950547162263406165e+01,-1.368269650216479931e+02,-5.950547162263406165e+01,3.438199464288519493e+02,2.528389438140861216e+02,-1.368269650216479931e+02,2.528389438140861216e+02,-3.854155804719333105e+02,-2.197180737108778370e+00,-9.985761555679170343e+00,-1.211786481782529457e+00,-9.985761555679170343e+00,-5.261389592809396731e+01,-1.210360636532322687e+01,-1.211786481782529457e+00,-1.210360636532322687e+01,-5.808434318886934733e+01
7.830000000000000293e-01,-5.222976241520176782e-02,-8.779584811209091566e-02,7.166306587997676170e-01,7.085181960238204510e+02,-5.993440203453861415e+01,-1.372585134498226296e+02,-5.993440203453861415e+01,3.449700685971352527e+02,2.533791622774217558e+02,-1.372585134498226296e+02,2.533791622774217558e+02,-3.854078083861587629e+02,-2.230755858976725126e+00,-1.005347509873768175e+01,-1.268873902676089571e+00,-1.005347509873768175e+01,-5.274327122308996252e+01,-1.221818126008306749e+01,-1.268873902676089571e+00,-1.221818126008306749e+01,-5.816879951603245047e+01
7.840000000000000302e-01,-3.832319807038263998e-02,-6.807323649799165710e-02,7.306675426140911700e-01,7.105266116030485364e+02,-6.036506024951609817e+01,-1.376922916820043099e+02,-6.036506024951609817e+01,3.461286713448980663e+02,2.539208884998394069e+02,-1.376922916820043099e+02,2.539208884998394069e+02,-3.853978556098008426e+02,-2.265187325034718313e+00,-1.012205086518522990e+01,-1.326522068520903153e+00,-1.012205086518522990e+01,-5.286918884274648889e+01,-1.233193851451069101e+01,-1.326522068520903153e+00,-1.233193851451069101e+01,-5.825294556487549613e+01
7.850000000000000311e-01,-2.358610942660250079e-02,-4.836696217948800725e-02,7.443592163445320598e-01,7.125376697803113757e+02,-6.079743476272560088e+01,-1.381283103749890699e+02,-6.079743476272560088e+01,3.472958033638621487e+02,2.544641441462252658e+02,-1.381283103749890699e+02,2.544641441462252658e+02,-3.853857364433808357e+02,-2.300489645710719344e+00,-1.019149050354414499e+01,-1.384741247889651250e+00,-1.019149050354414499e+01,-5.299159314563699041e+01,-1.244484526644108691e+01,-1.384741247889651250e+00,-1.244484526644108691e+01,-5.833677049811053195e+01
7.860000000000000320e-01,-7.912090519821345785e-03,-2.856090563962088158e-02,7.575234032317051946e-01,7.145513672158576810e+02,-6.123151368315330956e+01,-1.385665802795148522e+02,-6.123151368315330956e+01,3.484715118856019558e+02,2.550089504961204909e+02,-1.385665802795148522e+02,2.550089504961204909e+02,-3.853714654805021382e+02,-2.336677636805286618e+00,-1.026179546785768260e+01,-1.443541777694758110e+00,-1.026179546785768260e+01,-5.311042927297553007e+01,-1.255686900351095225e+01,-1.443541777694758110e+00,-1.255686900351095225e+01,-5.842026309866065503e+01
7.870000000000000329e-01,8.632749897038348441e-03,-8.746786008037521487e-03,7.699433318752785249e-01,7.165677003939431415e+02,-6.166728472860347665e+01,-1.390071122405050232e+02,-6.166728472860347665e+01,3.496558426509781157e+02,2.555553284247261558e+02,-1.390071122405050232e+02,2.555553284247261558e+02,-3.853550576340558678e+02,-2.373766421097026402e+00,-1.033296701156740127e+01,-1.502934062007771798e+00,-1.033296701156740127e+01,-5.322564318579181730e+01,-1.266797758293377640e+01,-1.502934062007771798e+00,-1.266797758293377640e+01,-5.850341180244784312e+01
7.880000000000000338e-01,2.587656306395380232e-02,1.091063465588289205e-02,7.814840115574190893e-01,7.185866656180942300e+02,-6.210473522061660390e+01,-1.394499171972172178e+02,-6.210473522061660390e+01,3.508488398804504413e+02,2.561032983842060844e+02,-1.394499171972172178e+02,2.561032983842060844e+02,-3.853365281622228053e+02,-2.411771429811475631e+00,-1.040500618127701848e+01,-1.562928570784717364e+00,-1.040500618127701848e+01,-5.333718170170405415e+01,-1.277813925095444780e+01,-1.562928570784717364e+00,-1.277813925095444780e+01,-5.858620473133834849e+01
7.890000000000000346e-01,4.357214175378518184e-02,3.020525486160738349e-02,7.921234587235104208e-01,7.206082590064934266e+02,-6.254385207931865409e+01,-1.398950061832910876e+02,-6.254385207931865409e+01,3.520505462452881034e+02,2.566528803853054228e+02,-1.398950061832910876e+02,2.566528803853054228e+02,-3.853158926942202243e+02,-2.450708403944504621e+00,-1.047791381040773473e+01,-1.623535838493111783e+00,-1.047791381040773473e+01,-5.344499253126345906e+01,-1.288732266196568688e+01,-1.623535838493111783e+00,-1.288732266196568688e+01,-5.866862972619349392e+01
7.900000000000000355e-01,6.144637280014388081e-02,4.893007462517055817e-02,8.019425026201481010e-01,7.226324764875001847e+02,-6.298462181820617900e+01,-1.403423903266890989e+02,-6.298462181820617900e+01,3.532610028396986195e+02,2.572040939793037069e+02,-1.403423903266890989e+02,2.572040939793037069e+02,-3.852931672557472211e+02,-2.490593395430954260e+00,-1.055169051275024827e+01,-1.684766462636329898e+00,-1.055169051275024827e+01,-5.354902431384562078e+01,-1.299549689726940116e+01,-1.684766462636329898e+00,-1.299549689726940116e+01,-5.875067437997395814e+01
7.910000000000000364e-01,7.922136663316471650e-02,6.691095206804398288e-02,8.111104059782857645e-01,7.246593137953148016e+02,-6.342703053887221643e+01,-1.407920808495242682e+02,-6.342703053887221643e+01,3.544802491538895879e+02,2.577569582403183404e+02,-1.407920808495242682e+02,2.577569582403183404e+02,-3.852683682940806875e+02,-2.531442768149001488e+00,-1.062633667591909159e+01,-1.746631102171051664e+00,-1.062633667591909159e+01,-5.364922665306480098e+01,-1.310263148346694884e+01,-1.746631102171051664e+00,-1.310263148346694884e+01,-5.883232607084601540e+01
7.920000000000000373e-01,9.663888684038345056e-02,8.402808078825529936e-02,8.198634556207096136e-01,7.266887664658008816e+02,-6.387106392567846314e+01,-1.412440890677690390e+02,-6.387106392567846314e+01,3.557083230480826614e+02,2.583114917479763335e+02,-1.412440890677690390e+02,2.583114917479763335e+02,-3.852415127027759354e+02,-2.573273198750468449e+00,-1.070185245471528290e+01,-1.809140475813517890e+00,-1.070185245471528290e+01,-5.374555015168811423e+01,-1.320869641046289722e+01,-1.809140475813517890e+00,-1.320869641046289722e+01,-5.891357199523864807e+01
7.930000000000000382e-01,1.134782576708046747e-01,1.002240360076417092e-01,8.284766589682261984e-01,7.287208298324738962e+02,-6.431670724037945774e+01,-1.416984263908388755e+02,-6.431670724037945774e+01,3.569452607274911884e+02,2.588677125704693935e+02,-1.416984263908388755e+02,2.588677125704693935e+02,-3.852126178459265589e+02,-2.616101677307027362e+00,-1.077823776440351011e+01,-1.872305360230393401e+00,-1.077823776440351011e+01,-5.383794644602748747e+01,-1.331366214906790901e+01,-1.872305360230393401e+00,-1.331366214906790901e+01,-5.899439920080280331e+01
7.940000000000000391e-01,1.295104557312771743e-01,1.155357491006266391e-01,8.371275242215294732e-01,7.307554990226701648e+02,-6.476394531670524657e+01,-1.421551043210454850e+02,-6.476394531670524657e+01,3.581910967182776062e+02,2.594256382480077150e+02,-1.421551043210454850e+02,2.594256382480077150e+02,-3.851817015819406151e+02,-2.659945507761973804e+00,-1.085549227391055460e+01,-1.936136588110016099e+00,-1.085549227391055460e+01,-5.392636823978808991e+01,-1.341749966818686168e+01,-1.936136588110016099e+00,-1.341749966818686168e+01,-5.907479461922343944e+01
7.950000000000000400e-01,1.445645321465653388e-01,1.300516212791242854e-01,8.459593619662676423e-01,7.327927689539083076e+02,-6.521276255490896290e+01,-1.426141344529127934e+02,-6.521276255490896290e+01,3.594458638445002521e+02,2.599852857766866805e+02,-1.426141344529127934e+02,2.599852857766866805e+02,-3.851487822867898672e+02,-2.704822308177053269e+00,-1.093361539895200529e+01,-2.000645046109907899e+00,-1.093361539895200529e+01,-5.401076933735317454e+01,-1.352018045157939774e+01,-2.000645046109907899e+00,-1.352018045157939774e+01,-5.915474509883638632e+01
7.960000000000000409e-01,1.585500724528537964e-01,1.438861419071946202e-01,8.550930012671414948e-01,7.348326343304538568e+02,-6.566314291628680166e+01,-1.430755284723507827e+02,-6.566314291628680166e+01,3.607095932060620953e+02,2.605466715927811379e+02,-1.430755284723507827e+02,2.605466715927811379e+02,-3.851138788766913308e+02,-2.750750010763516773e+00,-1.101260629509464017e+01,-2.065841672676444585e+00,-1.101260629509464017e+01,-5.409110467648557119e+01,-1.362167651418084802e+01,-2.065841672676444585e+00,-1.362167651418084802e+01,-5.923423743700470112e+01
7.970000000000000417e-01,1.714544980949377906e-01,1.571623423932241581e-01,8.646173521240949622e-01,7.368750896401014643e+02,-6.611506991767774366e+01,-1.435392981556809673e+02,-6.611506991767774366e+01,3.619823141576700323e+02,2.611098115574788494e+02,-1.435392981556809673e+02,2.611098115574788494e+02,-3.850770108301812229e+02,-2.797746861686376540e+00,-1.109246385076217756e+01,-2.131737455732618525e+00,-1.109246385076217756e+01,-5.416733036042743521e+01,-1.372196041797210597e+01,-2.131737455732618525e+00,-1.372196041797210597e+01,-5.931325841220785122e+01
7.980000000000000426e-01,1.833321214633294727e-01,1.699962620646952582e-01,8.745848621853704596e-01,7.389201291511874388e+02,-6.656852662595120762e+01,-1.440054553685080521e+02,-6.656852662595120762e+01,3.632640542888137247e+02,2.616747209420666422e+02,-1.440054553685080521e+02,2.616747209420666422e+02,-3.850381982095430544e+02,-2.845831420630612563e+00,-1.117318668019265360e+01,-2.198343430229914297e+00,-1.117318668019265360e+01,-5.423940368938025358e+01,-1.382100528738806844e+01,-2.198343430229914297e+00,-1.382100528738806844e+01,-5.939179481579997599e+01
7.990000000000000435e-01,1.942840003877766009e-01,1.824848343307240439e-01,8.850126449531020567e-01,7.409677469098423899e+02,-6.702349565249109276e+01,-1.444740120644319461e+02,-6.702349565249109276e+01,3.645548394047708030e+02,2.622414144135802303e+02,-1.444740120644319461e+02,2.622414144135802303e+02,-3.849974616815519539e+02,-2.895022560117844090e+00,-1.125477311635578914e+01,-2.265670675560365499e+00,-1.125477311635578914e+01,-5.430728319134826165e+01,-1.391878482425494745e+01,-2.265670675560365499e+00,-1.391878482425494745e+01,-5.946983348339484365e+01
8.000000000000000444e-01,2.044073366843552619e-01,1.946973648491714948e-01,8.958946096412374605e-01,7.430179367375034190e+02,-6.747995914768532089e+01,-1.449449802835953278e+02,-6.747995914768532089e+01,3.658546935086449707e+02,2.628099060209290769e+02,-1.449449802835953278e+02,2.628099060209290769e+02,-3.849548225375017978e+02,-2.945339464561794518e+00,-1.133722120383938226e+01,-2.333730312824933595e+00,-1.133722120383938226e+01,-5.437092865232887817e+01,-1.401527332224749856e+01,-2.333730312824933595e+00,-1.401527332224749856e+01,-5.954736132583530406e+01
8.010000000000000453e-01,2.138142047537633927e-01,2.066771748547315823e-01,9.071982947031143052e-01,7.450706922286923373e+02,-6.793789879543001575e+01,-1.454183721510602254e+02,-6.793789879543001575e+01,3.671636387844422416e+02,2.633802091815056201e+02,-1.454183721510602254e+02,2.633802091815056201e+02,-3.849103027124788809e+02,-2.996801629050686255e+00,-1.142052869171389418e+01,-2.402533501954434492e+00,-1.142052869171389418e+01,-5.443030114583471857e+01,-1.411044568085812934e+01,-2.402533501954434492e+00,-1.411044568085812934e+01,-5.962436535970707752e+01
8.020000000000000462e-01,2.226131341985833068e-01,2.184419101806932551e-01,9.188721328178319769e-01,7.471260067490790107e+02,-6.839729580765857975e+01,-1.458941998750098037e+02,-6.839729580765857975e+01,3.684816955811893422e+02,2.639523366682892629e+02,-1.458941998750098037e+02,2.639523366682892629e+02,-3.848639248038515461e+02,-3.049428857844510787e+00,-1.150469302638494362e+01,-2.472091438679308251e+00,-1.150469302638494362e+01,-5.448536306173235744e+01,-1.420427741887049322e+01,-2.472091438679308251e+00,-1.420427741887049322e+01,-5.970083273735863827e+01
8.030000000000000471e-01,2.308911506464792485e-01,2.299870591122478436e-01,9.308532919270186001e-01,7.491838734338405175e+02,-6.885813091890574356e+01,-1.463724757447688773e+02,-6.885813091890574356e+01,3.698088823980980351e+02,2.645263005974536554e+02,-1.463724757447688773e+02,2.645263005974536554e+02,-3.848157120889442808e+02,-3.103241262574950809e+00,-1.158971134444366413e+01,-2.542415351344629038e+00,-1.158971134444366413e+01,-5.453607813438319596e+01,-1.429674468733094628e+01,-2.542415351344629038e+00,-1.429674468733094628e+01,-5.977675077638905776e+01
8.040000000000000480e-01,2.386977373634573130e-01,2.412918334751293914e-01,9.430743870244240323e-01,7.512442851863303304e+02,-6.932038438091747423e+01,-1.468532121286390009e+02,-6.932038438091747423e+01,3.711452158707771787e+02,2.651021124164849425e+02,-1.468532121286390009e+02,2.651021124164849425e+02,-3.847656885418661545e+02,-3.158259260135624302e+00,-1.167558046552546003e+01,-2.613516497566844787e+00,-1.167558046552546003e+01,-5.458241147007366578e+01,-1.438782428201210628e+01,-2.613516497566844787e+00,-1.438782428201210628e+01,-5.985210698856837297e+01
8.050000000000000488e-01,2.460321163522548316e-01,2.523264025981604708e-01,9.554674059579714163e-01,7.533072346770734384e+02,-6.978403595731808196e+01,-1.473364214715428488e+02,-6.978403595731808196e+01,3.724907107584951405e+02,2.656797828928191052e+02,-1.473364214715428488e+02,2.656797828928191052e+02,-3.847138788494677328e+02,-3.214503570250131226e+00,-1.176229688518779604e+01,-2.685406160728854630e+00,-1.176229688518779604e+01,-5.462432957372072906e+01,-1.447749365536322230e+01,-2.685406160728854630e+00,-1.447749365536322230e+01,-5.992688910815562053e+01
8.060000000000000497e-01,2.528348657316758508e-01,2.630595832687185331e-01,9.679637438159889307e-01,7.553727143430990054e+02,-7.024906491834623523e+01,-1.478221162924733108e+02,-7.024906491834623523e+01,3.738453799324930742e+02,2.662593221030047630e+02,-1.478221162924733108e+02,2.662593221030047630e+02,-3.846603084263992400e+02,-3.271995212705326672e+00,-1.184985676781831110e+01,-2.758095646310137372e+00,-1.184985676781831110e+01,-5.466180037484079435e+01,-1.456573092794305957e+01,-2.758095646310137372e+00,-1.456573092794305957e+01,-6.000108511958198676e+01
8.070000000000000506e-01,2.589840954865312850e-01,2.734665896089706338e-01,9.804903176258327191e-01,7.574407163876254572e+02,-7.071545003567180743e+01,-1.483103091817424684e+02,-7.071545003567180743e+01,3.752092343653486068e+02,2.668407394223975757e+02,-1.483103091817424684e+02,2.668407394223975757e+02,-3.846050034292453574e+02,-3.330755504237091991e+00,-1.193825593958466236e+01,-2.831596278048728266e+00,-1.193825593958466236e+01,-5.469479325276982706e+01,-1.465251489933136142e+01,-2.831596278048728266e+00,-1.465251489933136142e+01,-6.007468328446701378e+01
8.080000000000000515e-01,2.642952027579843488e-01,2.835372901037853666e-01,9.929630133620443999e-01,7.595112327801141419e+02,-7.118316957730644390e+01,-1.488010127980265338e+02,-7.118316957730644390e+01,3.765822831213914696e+02,2.674240435153923272e+02,-1.488010127980265338e+02,2.674240435153923272e+02,-3.845479907697144881e+02,-3.390806055055914925e+00,-1.202748988143815367e+01,-2.905919393932097083e+00,-1.202748988143815367e+01,-5.472327906112285234e+01,-1.473782505851592184e+01,-2.905919393932097083e+00,-1.473782505851592184e+01,-6.014767216793833171e+01
8.090000000000000524e-01,2.685218392435363977e-01,2.932863235375384181e-01,1.005279500342957100e+00,7.615842552567036137e+02,-7.165220130262081000e+01,-1.492942398652017744e+02,-7.165220130262081000e+01,3.779645333481682883e+02,2.680092423261970112e+02,-1.492942398652017744e+02,2.680092423261970112e+02,-3.844892981268610015e+02,-3.452168764999336226e+00,-1.211755372218313198e+01,-2.981076342013899261e+00,-1.211755372218313198e+01,-5.474723015148158112e+01,-1.482164159375254719e+01,-2.981076342013899261e+00,-1.482164159375254719e+01,-6.022004066422584145e+01
8.100000000000000533e-01,2.713546355396890819e-01,3.027669760182318814e-01,1.017313086311847359e+00,7.636597753210387509e+02,-7.212252245748175028e+01,-1.497900031689679849e+02,-7.212252245748175028e+01,3.793559902689561341e+02,2.685963430701538073e+02,-1.497900031689679849e+02,2.685963430701538073e+02,-3.844289539583202213e+02,-3.514865819298615079e+00,-1.220844223162511533e+01,-3.057078476054028382e+00,-1.220844223162511533e+01,-5.476662039629962209e+01,-1.490394540189629602e+01,-3.057078476054028382e+00,-1.490394540189629602e+01,-6.029177802150408638e+01
8.110000000000000542e-01,2.724290991295355013e-01,3.121027781015505709e-01,1.028853732165083024e+00,7.657377842455110795e+02,-7.259410976952354133e+01,-1.502883155532551314e+02,-7.259410976952354133e+01,3.807566571763232446e+02,2.691853522256104725e+02,-1.502883155532551314e+02,2.691853522256104725e+02,-3.843669875105388201e+02,-3.578919683946577557e+00,-1.230014981381020434e+01,-3.133937150979188235e+00,-1.230014981381020434e+01,-5.478142521101392504e+01,-1.498471809720227910e+01,-3.133937150979188235e+00,-1.498471809720227910e+01,-6.036287386595631688e+01
8.120000000000000551e-01,2.719665421687966766e-01,3.211556968535469458e-01,1.039638405403606081e+00,7.678182730729223522e+02,-7.306693944356722170e+01,-1.507891899164102085e+02,-7.306693944356722170e+01,3.821665354267341286e+02,2.697762755263458985e+02,-1.507891899164102085e+02,2.697762755263458985e+02,-3.843034288279840780e+02,-3.644353100654012856e+00,-1.239267050036932005e+01,-3.211663718161731573e+00,-1.239267050036932005e+01,-5.479162157535288458e+01,-1.506394201959559709e+01,-3.211663718161731573e+00,-1.506394201959559709e+01,-6.043331822503706263e+01
8.130000000000000560e-01,2.699457922384476127e-01,3.297082631778518458e-01,1.049357719759937968e+00,7.699012326185874144e+02,-7.354098715720269297e+01,-1.512926392071596240e+02,-7.354098715720269297e+01,3.835856244361965537e+02,2.703691179545518253e+02,-1.512926392071596240e+02,2.703691179545518253e+02,-3.842383087613156363e+02,-3.711189081381763621e+00,-1.248599794398068674e+01,-3.290269520514419899e+00,-1.248599794398068674e+01,-5.479718805382979951e+01,-1.514160024240979929e+01,-3.290269520514419899e+00,-1.514160024240979929e+01,-6.050310154990999223e+01
8.140000000000000568e-01,2.659719388950871899e-01,3.376452722678945917e-01,1.057505521363081069e+00,7.719866534728887473e+02,-7.401622805654872650e+01,-1.517986764203452026e+02,-7.401622805654872650e+01,3.850139216769486552e+02,2.709638837343743489e+02,-1.517986764203452026e+02,2.709638837343743489e+02,-3.841716589745083184e+02,-3.779450902435916859e+00,-1.258012541196461243e+01,-3.369765887399084558e+00,-1.258012541196461243e+01,-5.479810481541321820e+01,-1.521767657959432007e+01,-3.369765887399084558e+00,-1.521767657959432007e+01,-6.057221473704018422e+01
8.150000000000000577e-01,2.596903329504592350e-01,3.448437145149482186e-01,1.063353807532828155e+00,7.740745260042967857e+02,-7.449263675220602465e+01,-1.523073145924299467e+02,-7.449263675220602465e+01,3.864514226751812203e+02,2.715605763260153935e+02,-1.523073145924299467e+02,2.715605763260153935e+02,-3.841035119509123774e+02,-3.849162098113506403e+00,-1.267504578002450977e+01,-3.450164129347339070e+00,-1.267504578002450977e+01,-5.479435365236238908e+01,-1.529215559239137434e+01,-3.450164129347339070e+00,-1.529215559239137434e+01,-6.064064914892126268e+01
8.160000000000000586e-01,2.508897802262146093e-01,3.511916081321393990e-01,1.066054898538295159e+00,7.761648403628727237e+02,-7.497018731541918157e+01,-1.528185667967710231e+02,-7.497018731541918157e+01,3.878981210097948065e+02,2.721591984203975016e+02,-1.528185667967710231e+02,2.721591984203975016e+02,-3.840339009982416769e+02,-3.920346453886408788e+00,-1.277075152614891707e+01,-3.531475532591682676e+00,-1.277075152614891707e+01,-5.478591799821948172e+01,-1.536502259548350935e+01,-3.531475532591682676e+00,-1.536502259548350935e+01,-6.070839663391873131e+01
8.170000000000000595e-01,2.399951987527763342e-01,3.567981434992483214e-01,1.064846431562400220e+00,7.782575864842622195e+02,-7.544885327446337442e+01,-1.533324461386576445e+02,-7.544885327446337442e+01,3.893540083121853854e+02,2.727597519343909198e+02,-1.533324461386576445e+02,2.727597519343909198e+02,-3.839628602524797998e+02,-3.993027999111131265e+00,-1.286723472468891316e+01,-3.613711353405556714e+00,-1.286723472468891316e+01,-5.477278294494794153e+01,-1.543626366261316640e+01,-3.613711353405556714e+00,-1.543626366261316640e+01,-6.077544954521279408e+01
8.180000000000000604e-01,2.277483760372716604e-01,3.619636036236326682e-01,1.059687676198368012e+00,7.803527540941986445e+02,-7.592860761127226965e+01,-1.538489657501111765e+02,-7.592860761127226965e+01,3.908190742670573172e+02,2.733622380066055371e+02,-1.538489657501111765e+02,2.733622380066055371e+02,-3.838904246806979472e+02,-4.067230999252653412e+00,-1.296448704062623136e+01,-3.696882812251198303e+00,-1.296448704062623136e+01,-5.475493525920746407e+01,-1.550586563167626686e+01,-3.696882812251198303e+00,-1.550586563167626686e+01,-6.084180075882545680e+01
8.190000000000000613e-01,2.146791135043635557e-01,3.667823460219257758e-01,1.050980319201360702e+00,7.824503327135246309e+02,-7.640942275832341579e+01,-1.543681387844460176e+02,-7.640942275832341579e+01,3.922933066142595635e+02,2.739666569937463123e+02,-1.543681387844460176e+02,2.739666569937463123e+02,-3.838166300827762711e+02,-4.142979947610434976e+00,-1.306249972404686055e+01,-3.781001087734272126e+00,-1.306249972404686055e+01,-5.473236339775543513e+01,-1.557381610929180482e+01,-3.781001087734272126e+00,-1.557381610929180482e+01,-6.090744369071707354e+01
8.200000000000000622e-01,2.018097607256951198e-01,3.718405590730600174e-01,1.039337754121261170e+00,7.845503116637480616e+02,-7.689127059579820411e+01,-1.548899784105894639e+02,-7.689127059579820411e+01,3.937766911516418418e+02,2.745730084675330431e+02,-1.548899784105894639e+02,2.745730084675330431e+02,-3.837415130920261390e+02,-4.220299556535334062e+00,-1.316126360483589330e+01,-3.866077310364653741e+00,-1.316126360483589330e+01,-5.470505752196548599e+01,-1.564010347485016617e+01,-3.866077310364653741e+00,-1.564010347485016617e+01,-6.097237231294008808e+01
8.210000000000000631e-01,1.892233254050916247e-01,3.772235113596196787e-01,1.025419237176312226e+00,7.866526800731427329e+02,-7.737412244903316605e+01,-1.554144978071586820e+02,-7.737412244903316605e+01,3.952692117389269697e+02,2.751812912121841350e+02,-1.554144978071586820e+02,2.751812912121841350e+02,-3.836651111747081586e+02,-4.299214748126247265e+00,-1.326076908760890305e+01,-3.952122556122857233e+00,-1.326076908760890305e+01,-5.467300951145251275e+01,-1.570471688404273536e+01,-3.952122556122857233e+00,-1.570471688404273536e+01,-6.103658116883832463e+01
8.220000000000000639e-01,1.768824443297278004e-01,3.829668398370802418e-01,1.009725747634574677e+00,7.887574268834071063e+02,-7.785794908627993038e+01,-1.559417101562947607e+02,-7.785794908627993038e+01,3.967708503025971822e+02,2.757915032224626088e+02,-1.559417101562947607e+02,2.757915032224626088e+02,-3.835874626284443139e+02,-4.379750644395819847e+00,-1.336100614689568822e+01,-4.039147839832020637e+00,-1.336100614689568822e+01,-5.463621297679455324e+01,-1.576764627187603196e+01,-4.039147839832020637e+00,-1.576764627187603196e+01,-6.110006538728120518e+01
8.230000000000000648e-01,1.650067030241718080e-01,3.889049015066060599e-01,9.926893995390395631e-01,7.908645408568909261e+02,-7.834272071679102112e+01,-1.564716286372519676e+02,-7.834272071679102112e+01,3.982815868417902720e+02,2.764036417022844034e+02,-1.564716286372519676e+02,2.764036417022844034e+02,-3.835086065795234731e+02,-4.461932556894939061e+00,-1.346196432259224096e+01,-4.127164108335530379e+00,-1.346196432259224096e+01,-5.459466327134117591e+01,-1.582888235517354936e+01,-4.127164108335530379e+00,-1.582888235517354936e+01,-6.116282069592421777e+01
8.240000000000000657e-01,1.537611298852759323e-01,3.949397112903672569e-01,9.746822948404803011e-01,7.929740105844043683e+02,-7.882840698924921696e+01,-1.570042664197430327e+02,-7.882840698924921696e+01,3.998013994352031091e+02,2.770177030638872679e+02,-1.570042664197430327e+02,2.770177030638872679e+02,-3.834285829791010656e+02,-4.545785975786163391e+00,-1.356363271569669671e+01,-4.216182233480723518e+00,-1.356363271569669671e+01,-5.454835750209772272e+01,-1.588841663456875075e+01,-4.216182233480723518e+00,-1.588841663456875075e+01,-6.122484343348789082e+01
8.250000000000000666e-01,1.432134905751479559e-01,4.010404351110004040e-01,9.559970795465194682e-01,7.950858244936164283e+02,-7.931497699055772443e+01,-1.575396366570394378e+02,-7.931497699055772443e+01,4.013302642489996401e+02,2.776336829275588229e+02,-1.575396366570394378e+02,2.776336829275588229e+02,-3.833474325982929258e+02,-4.631336558356878186e+00,-1.366599998434553953e+01,-4.306213004909468012e+00,-1.366599998434553953e+01,-5.449729453967501769e+01,-1.594624139599293144e+01,-4.306213004909468012e+00,-1.594624139599293144e+01,-6.128613056104798318e+01
8.260000000000000675e-01,1.333691152825379200e-01,4.072080149511393965e-01,9.368485322032904516e-01,7.971999708580538027e+02,-7.980239924500888549e+01,-1.580777524788275912e+02,-7.980239924500888549e+01,4.028681555457201284e+02,2.782515761219215165e+02,-1.580777524788275912e+02,2.782515761219215165e+02,-3.832651970221678539e+02,-4.718610116963292356e+00,-1.376905434016585694e+01,-4.397267122656606908e+00,-1.376905434016585694e+01,-5.444147502729428822e+01,-1.600234971166184650e+01,-4.397267122656606908e+00,-1.600234971166184650e+01,-6.134667967233247765e+01
8.270000000000000684e-01,1.242072499820258136e-01,4.134477601508574907e-01,9.173824923973300516e-01,7.993164378067128837e+02,-8.029064171384922588e+01,-1.586186269838218550e+02,-8.029064171384922588e+01,4.044150456941906100e+02,2.788713766847731677e+02,-1.586186269838218550e+02,2.788713766847731677e+02,-3.831819186426429837e+02,-4.807632606397328701e+00,-1.387278354495993327e+01,-4.489355189557802106e+00,-1.387278354495993327e+01,-5.438090138883560343e+01,-1.605673544056497803e+01,-4.489355189557802106e+00,-1.605673544056497803e+01,-6.140648900302012692e+01
8.280000000000000693e-01,1.157173351825252772e-01,4.197968236988822155e-01,8.976509215541800257e-01,8.014352133342882780e+02,-8.077967179525809627e+01,-1.591622732321347939e+02,-8.077967179525809627e+01,4.059709051804280193e+02,2.794930778644809379e+02,-1.591622732321347939e+02,2.794930778644809379e+02,-3.830976406502846885e+02,-4.898430110668692272e+00,-1.397717490773791305e+01,-4.582487703468381746e+00,-1.397717490773791305e+01,-5.431557783591905775e+01,-1.610939322846146027e+01,-4.582487703468381746e+00,-1.610939322846146027e+01,-6.146555743903732605e+01
8.290000000000000702e-01,1.078919611007216062e-01,4.263135245757752045e-01,8.776294534686983617e-01,8.035562853120304680e+02,-8.126945632475765535e+01,-1.597087042374070620e+02,-8.126945632475765535e+01,4.075357026195405297e+02,2.801166721219250917e+02,-1.597087042374070620e+02,2.801166721219250917e+02,-3.830124070250244586e+02,-4.991028829195561123e+00,-1.408221528211486984e+01,-4.676675049295497821e+00,-1.408221528211486984e+01,-5.424551037400804177e+01,-1.616031850738714226e+01,-4.676675049295497821e+00,-1.616031850738714226e+01,-6.152388452385228845e+01
8.300000000000000711e-01,1.007049706405107742e-01,4.330250773503742101e-01,8.572764116751798724e-01,8.056796414992381870e+02,-8.175996157607163184e+01,-1.602579329586982055e+02,-8.175996157607163184e+01,4.091094047686208341e+02,2.807421511329922623e+02,-1.602579329586982055e+02,2.807421511329922623e+02,-3.829262625257953232e+02,-5.085455062397674197e+00,-1.418789106408782708e+01,-4.771927490845945030e+00,-1.418789106408782708e+01,-5.417070680752225798e+01,-1.620950749467676744e+01,-4.771927490845945030e+00,-1.620950749467676744e+01,-6.158147046476389619e+01
8.310000000000000719e-01,9.412008086617941471e-02,4.399339944563130933e-01,8.365380264784607611e-01,8.078052695553907370e+02,-8.225115326245006031e+01,-1.608099722921413957e+02,-8.225115326245006031e+01,4.106919765406304919e+02,2.813695057916130509e+02,-1.608099722921413957e+02,2.813695057916130509e+02,-3.828392526790976262e+02,-5.181735196686724443e+00,-1.429418819020867737e+01,-4.868255162492607369e+00,-1.429418819020867737e+01,-5.409117674394946107e+01,-1.625695719150575158e+01,-4.868255162492607369e+00,-1.625695719150575158e+01,-6.163831613818602051e+01
8.320000000000000728e-01,8.809638812866586732e-02,4.470238444384839749e-01,8.153525636425006384e-01,8.099331570529298006e+02,-8.274299653847705827e+01,-1.613648350623641647e+02,-8.274299653847705827e+01,4.122833810192727810e+02,2.819987262133426498e+02,-1.613648350623641647e+02,2.819987262133426498e+02,-3.827514237665031942e+02,-5.279895688849551405e+00,-1.440109213616847228e+01,-4.965668060662814298e+00,-1.440109213616847228e+01,-5.400693159694425560e+01,-1.630266538095604645e+01,-4.965668060662814298e+00,-1.630266538095604645e+01,-6.169442309392815105e+01
8.329999999999999627e-01,8.259265681914891577e-02,4.542629948466270218e-01,7.936538606960013009e-01,8.120632914906910855e+02,-8.323545600237868314e+01,-1.619225340136792681e+02,-8.323545600237868314e+01,4.138835794748542298e+02,2.826298017394812518e+02,-1.619225340136792681e+02,2.826298017394812518e+02,-3.826628228111103454e+02,-5.379963049820764454e+00,-1.450858791580851204e+01,-5.064176035152245348e+00,-1.450858791580851204e+01,-5.391798458840193575e+01,-1.634663062561041968e+01,-5.064176035152245348e+00,-1.634663062561041968e+01,-6.174979355847405316e+01
8.339999999999999636e-01,7.756218274073947705e-02,4.615936037976685613e-01,7.713926914740361074e-01,8.141956603079931938e+02,-8.372849569884735388e+01,-1.624830818010489963e+02,-8.372849569884735388e+01,4.154925313811330057e+02,2.832627209417304925e+02,-1.624830818010489963e+02,2.832627209417304925e+02,-3.825734975629584369e+02,-5.481963827842162296e+00,-1.461666008057319566e+01,-5.163788780268612655e+00,-1.461666008057319566e+01,-5.382435074949532350e+01,-1.638885226467971279e+01,-5.163788780268612655e+00,-1.638885226467971279e+01,-6.180443043726152297e+01
8.349999999999999645e-01,7.295434200783217082e-02,4.689388095940748014e-01,7.485381527148574632e-01,8.163302508993838273e+02,-8.422207912239873906e+01,-1.630464909808268885e+02,-8.422207912239873906e+01,4.171101944331509230e+02,2.838974716273830268e+02,-1.630464909808268885e+02,2.838974716273830268e+02,-3.824834964834175253e+02,-5.585924591007484175e+00,-1.472529271941971274e+01,-5.264515825809484184e+00,-1.472529271941971274e+01,-5.372604692066335019e+01,-1.642933041066766719e+01,-5.264515825809484184e+00,-1.642933041066766719e+01,-6.185833731596695628e+01
8.359999999999999654e-01,6.872274052710181103e-02,4.762192344720100334e-01,7.250615842625653951e-01,8.184670506300478792e+02,-8.471616922127755345e+01,-1.636127740012822471e+02,-8.471616922127755345e+01,4.187365245660512869e+02,2.845340408450416589e+02,-1.636127740012822471e+02,2.845340408450416589e+02,-3.823928687285646788e+02,-5.691871909191944745e+00,-1.483446945919864746e+01,-5.366366527879427473e+00,-1.483446945919864746e+01,-5.362309175053837151e+01,-1.646806594557777359e+01,-5.366366527879427473e+00,-1.646806594557777359e+01,-6.191151846079942089e+01
8.369999999999999662e-01,6.482514382624153526e-02,4.833535414867766722e-01,7.009383499417276564e-01,8.206060468518754760e+02,-8.521072840192732656e+01,-1.641819431929122857e+02,-8.521072840192732656e+01,4.203714759748789334e+02,2.851724148908645020e+02,-1.641819431929122857e+02,2.851724148908645020e+02,-3.823016641315619495e+02,-5.799832335367317349e+00,-1.494417346552003423e+01,-5.469350059551794097e+00,-1.494417346552003423e+01,-5.351550569380107447e+01,-1.650506051666674878e+01,-5.469350059551794097e+00,-1.650506051666674878e+01,-6.196397881781003747e+01
8.379999999999999671e-01,6.122742408664173797e-02,4.902575532986558349e-01,6.761492048648655162e-01,8.227472269201915651e+02,-8.570571853403916407e+01,-1.647540107585475369e+02,-8.570571853403916407e+01,4.220150011353618993e+02,2.858125793153324139e+02,-1.647540107585475369e+02,2.858125793153324139e+02,-3.822099331840524883e+02,-5.909832386304084473e+00,-1.505438744411809004e+01,-5.573475401381014827e+00,-1.505438744411809004e+01,-5.340331100795053487e+01,-1.654031653174929772e+01,-5.573475401381014827e+00,-1.654031653174929772e+01,-6.201572401122318468e+01
8.389999999999999680e-01,5.791815829776396363e-02,4.968406969928982897e-01,6.506812337291162374e-01,8.248905782111447706e+02,-8.620110095619382662e+01,-1.653289887632571151e+02,-8.620110095619382662e+01,4.236670508256746643e+02,2.864545189305349027e+02,-1.653289887632571151e+02,2.864545189305349027e+02,-3.821177270165901518e+02,-6.021898522663951425e+00,-1.516509364272820726e+01,-5.678751331771910493e+00,-1.516509364272820726e+01,-5.328653174897815603e+01,-1.657383715405875080e+01,-5.678751331771910493e+00,-1.657383715405875080e+01,-6.206676034079698212e+01
8.399999999999999689e-01,5.491129485611320749e-02,5.030478108154465833e-01,6.245381541840567818e-01,8.270360881397510866e+02,-8.669683648211098159e+01,-1.659068891240601431e+02,-8.669683648211098159e+01,4.253275741491794406e+02,2.870982178179696689e+02,-1.659068891240601431e+02,2.870982178179696689e+02,-3.820250973781204493e+02,-6.136057128486592127e+00,-1.527627385348844768e+01,-5.785186417212623944e+00,-1.527627385348844768e+01,-5.316519376593287660e+01,-1.660562629666805279e+01,-5.785186417212623944e+00,-1.660562629666805279e+01,-6.211709477822116554e+01
8.409999999999999698e-01,5.224677846499091449e-02,5.088625476621121413e-01,5.977420669654809338e-01,8.291837441785912688e+02,-8.719288540751907135e+01,-1.664877235994511864e+02,-8.719288540751907135e+01,4.269965185581467608e+02,2.877436593368533408e+02,-1.664877235994511864e+02,2.877436593368533408e+02,-3.819320966145315310e+02,-6.252334490076472129e+00,-1.538790941587808803e+01,-5.892789002378738594e+00,-1.538790941587808803e+01,-5.303932469436740149e+01,-1.663568861647607022e+01,-5.892789002378738594e+00,-1.663568861647607022e+01,-6.216673496256223075e+01
8.419999999999999707e-01,4.997480349781591169e-02,5.142748914757088174e-01,5.703321230875388892e-01,8.313335338771541956e+02,-8.768920751765772081e+01,-1.670715037787469157e+02,-8.768920751765772081e+01,4.286738298784516132e+02,2.883908261329370362e+02,-1.670715037787469157e+02,2.883908261329370362e+02,-3.818387776462934085e+02,-6.370756774296302716e+00,-1.549998122020427260e+01,-6.001567200116168621e+00,-1.549998122020427260e+01,-5.290895394865317769e+01,-1.666402950776351943e+01,-6.001567200116168621e+00,-1.666402950776351943e+01,-6.221568919476465709e+01
8.429999999999999716e-01,4.813562701112314435e-02,5.192401597709402905e-01,5.423658533649164948e-01,8.334854448818192623e+02,-8.818576209542493416e+01,-1.676582410712631201e+02,-8.818576209542493416e+01,4.303594523352447823e+02,2.890397001478236803e+02,-1.676582410712631201e+02,2.890397001478236803e+02,-3.817451939452075749e+02,-6.491350006275556694e+00,-1.561246971164790054e+01,-6.111528881311248718e+00,-1.561246971164790054e+01,-5.277411271315391872e+01,-1.669065509532352110e+01,-6.111528881311248718e+00,-1.669065509532352110e+01,-6.226396643122060226e+01
8.439999999999999725e-01,4.676189171258002264e-02,5.236970989959938150e-01,5.139260523251105717e-01,8.356394649564700785e+02,-8.868250793017971034e+01,-1.682479466953300289e+02,-8.868250793017971034e+01,4.320533285795960410e+02,2.896902626287815679e+02,-1.682479466953300289e+02,2.896902626287815679e+02,-3.816513995102857280e+02,-6.614140046543613316e+00,-1.572535489487867366e+01,-6.222681664656766642e+00,-1.572535489487867366e+01,-5.263483393224694140e+01,-1.671557222717133939e+01,-6.222681664656766642e+00,-1.671557222717133939e+01,-6.231157627641863428e+01
8.449999999999999734e-01,4.588071803949464456e-02,5.275910744680417652e-01,4.851260309707368101e-01,8.377955820037313970e+02,-8.917940332721038033e+01,-1.688406316671566003e+02,-8.917940332721038033e+01,4.337553997161081156e+02,2.903424941390499612e+02,-1.688406316671566003e+02,2.903424941390499612e+02,-3.815574488427815254e+02,-6.739152567598626575e+00,-1.583861633924878731e+01,-6.335032906323226243e+00,-1.583861633924878731e+01,-5.249115229918222525e+01,-1.673878846683821564e+01,-6.335032906323226243e+00,-1.673878846683821564e+01,-6.235852897468475220e+01
8.459999999999999742e-01,4.548994125362097046e-02,5.308618764135260015e-01,4.561402483714617762e-01,8.399537840868131298e+02,-8.967640611787747673e+01,-1.694363067895523614e+02,-8.967640611787747673e+01,4.354656053314969313e+02,2.909963745686308130e+02,-1.694363067895523614e+02,2.909963745686308130e+02,-3.814633969203972015e+02,-6.866413029924704148e+00,-1.595223318457366268e+01,-6.448589689545081605e+00,-1.595223318457366268e+01,-5.234310424377003557e+01,-1.676031208525400373e+01,-6.448589689545081605e+00,-1.676031208525400373e+01,-6.240483540102883353e+01
8.469999999999999751e-01,4.554817749818804856e-02,5.334658724199439206e-01,4.271936391645488884e-01,8.421140594519546312e+02,-9.017347367043977613e+01,-1.700349826405191038e+02,-9.017347367043977613e+01,4.371838835241364336e+02,2.916518831455620671e+02,-1.700349826405191038e+02,2.916518831455620671e+02,-3.813692991706896009e+02,-6.995946657471655783e+00,-1.606618414750753487e+01,-6.563358814132353558e+00,-1.606618414750753487e+01,-5.219072791888760321e+01,-1.678015205222363804e+01,-6.563358814132353558e+00,-1.678015205222363804e+01,-6.245050705111074052e+01
8.479999999999999760e-01,4.597767238260154488e-02,5.354053193109399311e-01,3.985230252882655533e-01,8.442763965514507163e+02,-9.067056290157040621e+01,-1.706366695617218454e+02,-9.067056290157040621e+01,4.389101709345623021e+02,2.923089984476666245e+02,-1.706366695617218454e+02,2.923089984476666245e+02,-3.812752114436995612e+02,-7.127778412612798320e+00,-1.618044752852066992e+01,-6.679346785918253815e+00,-1.618044752852066992e+01,-5.203406318579752821e+01,-1.679831802750240399e+01,-6.679346785918253815e+00,-1.679831802750240399e+01,-6.249555603034168882e+01
8.489999999999999769e-01,4.665900408646495023e-02,5.367350060416353763e-01,3.703533308205966823e-01,8.464407840672438397e+02,-9.116763028856922801e+01,-1.712413776468519870e+02,-9.116763028856922801e+01,4.406444027769312584e+02,2.929676984147710641e+02,-1.712413776468519870e+02,2.929676984147710641e+02,-3.811811899838309614e+02,-7.261932970598287795e+00,-1.629500121948403901e+01,-6.796559806154246708e+00,-1.629500121948403901e+01,-5.187315159826943756e+01,-1.681482035147502785e+01,-6.796559806154246708e+00,-1.681482035147502785e+01,-6.253999504213606286e+01
8.499999999999999778e-01,4.725083070774410698e-02,5.381707485155600157e-01,3.430781911367675185e-01,8.486072109350677692e+02,-9.166463188227650960e+01,-1.718491167298942912e+02,-9.166463188227650960e+01,4.423865128714303410e+02,2.936279603613886025e+02,-1.718491167298942912e+02,2.936279603613886025e+02,-3.810872914010055297e+02,-7.398434693522764505e+00,-1.640982271186633668e+01,-6.915003760864220084e+00,-1.640982271186633668e+01,-5.170803638549940473e+01,-1.682967003544392526e+01,-6.915003760864220084e+00,-1.682967003544392526e+01,-6.258383737533115010e+01
8.509999999999999787e-01,4.763790239642987090e-02,5.395480945600775735e-01,3.165663978982619642e-01,8.507756663691185395e+02,-9.216152332069182762e+01,-1.724598963733107553e+02,-9.216152332069182762e+01,4.441364336776297250e+02,2.942897609898593032e+02,-1.724598963733107553e+02,2.942897609898593032e+02,-3.809935726411209203e+02,-7.537307603827853697e+00,-1.652488910554718160e+01,-7.034684210170103924e+00,-1.652488910554718160e+01,-5.153876243382016042e+01,-1.684287875153171399e+01,-7.034684210170103924e+00,-1.684287875153171399e+01,-6.262709689079204622e+01
8.519999999999999796e-01,4.787079914184506901e-02,5.407455130049068082e-01,2.907002907536203606e-01,8.529461398872366544e+02,-9.265825984330054155e+01,-1.730737258561542831e+02,-9.265825984330054155e+01,4.458940963287726618e+02,2.949530764039415089e+02,-1.730737258561542831e+02,2.949530764039415089e+02,-3.809000909558400281e+02,-7.678575357361726361e+00,-1.664017711824926593e+01,-7.155606377601638535e+00,-1.664017711824926593e+01,-5.136537626719844951e+01,-1.685445882220371061e+01,-7.155606377601638535e+00,-1.685445882220371061e+01,-6.266978800722019116e+01
8.529999999999999805e-01,4.795086631881017442e-02,5.418113239855485430e-01,2.653154582697467290e-01,8.551186213365751883e+02,-9.315479630610977324e+01,-1.736906141621266784e+02,-9.315479630610977324e+01,4.476594306669945809e+02,2.956178821228472771e+02,-1.736906141621266784e+02,2.956178821228472771e+02,-3.808069038717415538e+02,-7.822261216019526842e+00,-1.675566309559111744e+01,-7.277775139403545701e+00,-1.675566309559111744e+01,-5.118792602651534906e+01,-1.686442320941581485e+01,-7.277775139403545701e+00,-1.686442320941581485e+01,-6.271192568618508290e+01
8.539999999999999813e-01,4.793308772928197431e-02,5.425709088383847689e-01,2.403274022039418034e-01,8.572931009197293406e+02,-9.365108719739329501e+01,-1.743105699675945459e+02,-9.365108719739329501e+01,4.494323652794625445e+02,2.962841530957144300e+02,-1.743105699675945459e+02,2.962841530957144300e+02,-3.807140691588602408e+02,-7.968388019990218396e+00,-1.687132302176100040e+01,-7.401195013853811844e+00,-1.687132302176100040e+01,-5.100646144762727374e+01,-1.687278550339377858e+01,-7.401195013853811844e+00,-1.687278550339377858e+01,-6.275352541639934145e+01
8.549999999999999822e-01,4.787666475515994779e-02,5.427498254132713251e-01,2.157880947535383287e-01,8.594695692213038001e+02,-9.414708665414474353e+01,-1.749336016295786180e+02,-9.414708665414474353e+01,4.512128275354255607e+02,2.969518637165085124e+02,-1.749336016295786180e+02,2.969518637165085124e+02,-3.806216447986500953e+02,-8.116978159636952128e+00,-1.698713253081118069e+01,-7.525870150607135933e+00,-1.698713253081118069e+01,-5.082103383820574294e+01,-1.687955991104956865e+01,-7.525870150607135933e+00,-1.687955991104956865e+01,-6.279460319725735928e+01
8.559999999999999831e-01,4.774105558495599783e-02,5.422420581045713783e-01,1.917078963028990002e-01,8.616480172348860833e+02,-9.464274847923597633e+01,-1.755597171737314852e+02,-9.464274847923597633e+01,4.530007436241639311e+02,2.976209878393448207e+02,-1.755597171737314852e+02,2.976209878393448207e+02,-3.805296889513992937e+02,-8.268053547039897921e+00,-1.710306691857083194e+01,-7.651804320078277932e+00,-1.710306691857083194e+01,-5.063169605335745871e+01,-1.688476124404144585e+01,-7.651804320078277932e+00,-1.688476124404144585e+01,-6.283517552166095044e+01
8.569999999999999840e-01,4.747804879796176103e-02,5.409418775277000657e-01,1.680876360215569076e-01,8.638284363904016345e+02,-9.513802615927696138e+01,-1.761889242823199311e+02,-9.513802615927696138e+01,4.547960385938270065e+02,2.982914987942244807e+02,-1.761889242823199311e+02,2.982914987942244807e+02,-3.804382599231321933e+02,-8.421635587232040976e+00,-1.721910115517430029e+01,-7.779000902880193635e+00,-1.721910115517430029e+01,-5.043850247002432496e+01,-1.688840490648381376e+01,-7.779000902880193635e+00,-1.688840490648381376e+01,-6.287525935815303768e+01
8.579999999999999849e-01,4.705849073394959697e-02,5.387084107203283789e-01,1.449451775507457352e-01,8.660108185818146467e+02,-9.563287288317137325e+01,-1.768212302822276740e+02,-9.563287288317137325e+01,4.565986363911446233e+02,2.989633694031742266e+02,-1.768212302822276740e+02,2.989633694031742266e+02,-3.803474161320299913e+02,-8.577745149160055149e+00,-1.733520989820023672e+01,-7.907462879332379124e+00,-1.733520989820023672e+01,-5.024150896016741541e+01,-1.689050688231364106e+01,-7.907462879332379124e+00,-1.689050688231364106e+01,-6.291487213238357157e+01
8.589999999999999858e-01,4.646427828052972220e-02,5.353682805267259148e-01,1.223318224521187658e-01,8.681951561951455005e+02,-9.612724156136118836e+01,-1.774566421329959383e+02,-9.612724156136118836e+01,4.584084599019982988e+02,2.996365719967812424e+02,-1.774566421329959383e+02,2.996365719967812424e+02,-3.802572160744055623e+02,-8.736402536404128227e+00,-1.745136750641606227e+01,-8.037192819055336557e+00,-1.745136750641606227e+01,-5.004077286273932401e+01,-1.689108372232058386e+01,-8.037192819055336557e+00,-1.689108372232058386e+01,-6.295403170793277070e+01
8.599999999999999867e-01,4.567109340169087095e-02,5.308170948309354209e-01,1.003655937976720841e-01,8.703814421367691239e+02,-9.662108484575166756e+01,-1.780951664149185945e+02,-9.662108484575166756e+01,4.602254309928365501e+02,3.003110784311136285e+02,-1.780951664149185945e+02,3.003110784311136285e+02,-3.801677182902665209e+02,-8.897627457692205866e+00,-1.756754805412048981e+01,-8.168192870667244421e+00,-1.756754805412048981e+01,-4.983635295445024838e+01,-1.689015253084778934e+01,-8.168192870667244421e+00,-1.689015253084778934e+01,-6.299275636651537980e+01
8.609999999999999876e-01,4.398166691142099682e-02,5.259085312764326670e-01,8.237387008499208463e-02,8.725696698619561857e+02,-9.711435515030677834e+01,-1.787368093172095200e+02,-9.711435515030677834e+01,4.620494705529150110e+02,3.009868601050160350e+02,-1.787368093172095200e+02,3.009868601050160350e+02,-3.800789813285031187e+02,-9.061438997245595317e+00,-1.768372534607591007e+01,-8.300464751599410107e+00,-1.768372534607591007e+01,-4.962830941933653150e+01,-1.688773095217113607e+01,-8.300464751599410107e+00,-1.688773095217113607e+01,-6.303106478759353593e+01
8.619999999999999885e-01,4.159090309485161119e-02,5.210103135617958348e-01,6.784521435714024884e-02,8.747598334036240431e+02,-9.760700467230340394e+01,-1.793815766262605678e+02,-9.760700467230340394e+01,4.638804985373456020e+02,3.016638879777705711e+02,-1.793815766262605678e+02,3.016638879777705711e+02,-3.799910637117373540e+02,-9.227855584994481219e+00,-1.779987293302042772e+01,-8.434009738047311799e+00,-1.779987293302042772e+01,-4.941670381713996107e+01,-1.688383715656456374e+01,-8.434009738047311799e+00,-1.688383715656456374e+01,-6.306897602742397169e+01
8.629999999999999893e-01,3.895653661032533188e-02,5.163785235162989817e-01,5.623546407232624805e-02,8.769519274012534424e+02,-9.809898541423144991e+01,-1.800294737140077359e+02,-9.809898541423144991e+01,4.657184340109315031e+02,3.023421325871113936e+02,-1.800294737140077359e+02,3.023421325871113936e+02,-3.799040239008712092e+02,-9.396894966703570162e+00,-1.791596412774897829e+01,-8.568828655074456790e+00,-1.791596412774897829e+01,-4.920159905051026072e+01,-1.687848982605996184e+01,-8.568828655074456790e+00,-1.687848982605996184e+01,-6.310650949756789885e+01
8.639999999999999902e-01,3.599148496029514616e-02,5.123166353414868590e-01,4.720479704869960658e-02,8.791459471299345978e+02,-9.859024920632504063e+01,-1.806805055264252644e+02,-9.859024920632504063e+01,4.675631951927673526e+02,3.030215640675821192e+02,-1.806805055264252644e+02,3.030215640675821192e+02,-3.798179202593715900e+02,-9.568574174049267356e+00,-1.803197202175037361e+01,-8.704921866886380144e+00,-1.803197202175037361e+01,-4.898305933104309418e+01,-1.687170813990982765e+01,-8.704921866886380144e+00,-1.687170813990982765e+01,-6.314368494289170997e+01
8.649999999999999911e-01,3.266291665457614346e-02,5.089899198459517660e-01,4.036418098296308543e-02,8.813418885294958045e+02,-9.908074772970842048e+01,-1.813346765721653640e+02,-9.908074772970842048e+01,4.694146995015802872e+02,3.037021521692237229e+02,-1.813346765721653640e+02,3.037021521692237229e+02,-3.797328110173308460e+02,-9.742909494691454952e+00,-1.814786950238677221e+01,-8.842289267292564148e+00,-1.814786950238677221e+01,-4.876115014416927806e+01,-1.686351175976204431e+01,-8.842289267292564148e+00,-1.686351175976204431e+01,-6.318052241908824840e+01
8.659999999999999920e-01,2.891894815979549963e-02,5.064427423714180643e-01,3.538534536209709397e-02,8.835397482336760504e+02,-9.957043254013895250e+01,-1.819919909113640131e+02,-9.957043254013895250e+01,4.712728636017886288e+02,3.043838662765805338e+02,-1.819919909113640131e+02,3.043838662765805338e+02,-3.796487542353436879e+02,-9.919916442384080213e+00,-1.826362927059980734e+01,-8.980930270374017255e+00,-1.826362927059980734e+01,-4.853593821291140387e+01,-1.685392081455553637e+01,-8.980930270374017255e+00,-1.685392081455553637e+01,-6.321704226974763685e+01
8.669999999999999929e-01,2.483232000499958209e-02,5.046209147143237983e-01,3.197880924107673190e-02,8.857395235992918288e+02,-1.000592550923275610e+02,-1.826524521446314395e+02,-1.000592550923275610e+02,4.731376034502478660e+02,3.050666754280113082e+02,-1.826524521446314395e+02,3.050666754280113082e+02,-3.795658077682387557e+02,-1.009960972717034267e+01,-1.837922385912705892e+01,-9.120843801374677540e+00,-1.837922385912705892e+01,-4.830749146052802701e+01,-1.684295588514701691e+01,-9.120843801374677540e+00,-1.684295588514701691e+01,-6.325326510301024996e+01
8.679999999999999938e-01,2.041552748354610522e-02,5.034341994846052160e-01,2.992023277491740602e-02,8.879412127353571123e+02,-1.005471667648158416e+02,-1.833160634022476358e+02,-1.005471667648158416e+02,4.750088343436594869e+02,3.057505483352926490e+02,-1.833160634022476358e+02,3.057505483352926490e+02,-3.794840292287080388e+02,-1.028200322570903325e+01,-1.849462565121016056e+01,-9.262028287834739970e+00,-1.849462565121016056e+01,-4.807587897206521177e+01,-1.683063798867849314e+01,-9.262028287834739970e+00,-1.683063798867849314e+01,-6.328921176783141789e+01
8.689999999999999947e-01,1.570811621893906246e-02,5.027820589136500207e-01,2.903503548712074722e-02,8.901448145321030552e+02,-1.010341188853869454e+02,-1.839828273335817528e+02,-1.010341188853869454e+02,4.768864709666082717e+02,3.064354534034989115e+02,-1.839828273335817528e+02,3.064354534034989115e+02,-3.794034759508732577e+02,-1.046710995178038317e+01,-1.860980689977579416e+01,-9.404481650984296337e+00,-1.860980689977579416e+01,-4.784117095484027971e+01,-1.681698856269640885e+01,-9.404481650984296337e+00,-1.681698856269640885e+01,-6.332490332989200965e+01
8.699999999999999956e-01,1.070803076852430008e-02,5.025609104056282250e-01,2.918084551043399755e-02,8.923503286898554734e+02,-1.015200627569865333e+02,-1.846527460967567436e+02,-1.015200627569865333e+02,4.787704274402003648e+02,3.071213587511466017e+02,-1.846527460967567436e+02,3.071213587511466017e+02,-3.793242049538338847e+02,-1.065494202702000770e+01,-1.872473974706769440e+01,-9.548201297415545241e+00,-1.872473974706769440e+01,-4.760343869788083282e+01,-1.680202944903291140e+01,-9.548201297415545241e+00,-1.680202944903291140e+01,-6.336036104718584738e+01
8.709999999999999964e-01,5.446873516961185310e-03,5.027006832370775058e-01,3.026673000252366741e-02,8.945577557477140545e+02,-1.020049496841276095e+02,-1.853258213485778185e+02,-1.020049496841276095e+02,4.806606173712643226e+02,3.078082322305855882e+02,-1.853258213485778185e+02,3.078082322305855882e+02,-3.792462729052359123e+02,-1.084551065193133290e+01,-1.883939624470840357e+01,-9.693184111052037366e+00,-1.883939624470840357e+01,-4.736275453034880201e+01,-1.678578287746101338e+01,-9.693184111052037366e+00,-1.678578287746101338e+01,-6.339560634531993344e+01
8.719999999999999973e-01,-4.728365523967541229e-05,5.031248340282441500e-01,3.219596642391688024e-02,8.967670971119882779e+02,-1.024887309997526330e+02,-1.860020542347457990e+02,-1.024887309997526330e+02,4.825569539020830803e+02,3.084960414486238278e+02,-1.860020542347457990e+02,3.084960414486238278e+02,-3.791697360849084930e+02,-1.103882607722710674e+01,-1.895374837416649072e+01,-9.839426445433282709e+00,-1.895374837416649072e+01,-4.711919177897710398e+01,-1.676827144913509571e+01,-9.839426445433282709e+00,-1.676827144913509571e+01,-6.343066079255922318e+01
8.729999999999999982e-01,-5.751615166541896446e-03,5.037614760668087666e-01,3.487912227415512767e-02,8.989783550843347939e+02,-1.029713580925238290e+02,-1.866814453803749814e+02,-1.029713580925238290e+02,4.844593497606182382e+02,3.091847537873674696e+02,-1.866814453803749814e+02,3.091847537873674696e+02,-3.790946503486078996e+02,-1.123489757555180191e+01,-1.906776806760477783e+01,-9.986924116333051771e+00,-1.906776806760477783e+01,-4.687282472455169113e+01,-1.674951811982907302e+01,-9.986924116333051771e+00,-1.674951811982907302e+01,-6.346554607465293429e+01
8.739999999999999991e-01,-1.164739976965262908e-02,5.045439303382459606e-01,3.823204696579678152e-02,9.011915328895472612e+02,-1.034527824345118745e+02,-1.873639948808356337e+02,-1.034527824345118745e+02,4.863677173111875618e+02,3.098743364252613901e+02,-1.873639948808356337e+02,3.098743364252613901e+02,-3.790210710919150756e+02,-1.143373341363715490e+01,-1.918142722908343600e+01,-1.013567239472961568e+01,-1.918142722908343600e+01,-4.662372855747248224e+01,-1.672954618298497209e+01,-1.013567239472961568e+01,-1.672954618298497209e+01,-6.350028396947655551e+01
8.750000000000000000e-01,-1.755458432102367794e-02,5.054618619702231364e-01,4.212823326895270837e-02,9.034066347029415738e+02,-1.039329556092514366e+02,-1.880497022929409638e+02,-1.039329556092514366e+02,4.882819686055561874e+02,3.105647563583117403e+02,-1.880497022929409638e+02,3.105647563583117403e+02,-3.789490532143298083e+02,-1.163534082494365940e+01,-1.929469775609046778e+01,-1.028566600014591614e+01,-1.929469775609046778e+01,-4.637197933242910608e+01,-1.670837925258475209e+01,-1.028566600014591614e+01,-1.670837925258475209e+01,-6.353489632152565036e+01
8.760000000000000009e-01,-2.350686460375276884e-02,5.065001856072773867e-01,4.653268674811329719e-02,9.056236656772902052e+02,-1.044118293401307369e+02,-1.887385666264983968e+02,-1.044118293401307369e+02,4.902020154343996978e+02,3.112559804214733958e+02,-1.887385666264983968e+02,3.112559804214733958e+02,-3.788786510836064281e+02,-1.183972598284139011e+01,-1.940755156137127457e+01,-1.043689909437761720e+01,-1.940755156137127457e+01,-4.611765392222927318e+01,-1.668604124585903037e+01,-1.043689909437761720e+01,-1.668604124585903037e+01,-6.356940501629820517e+01
8.770000000000000018e-01,-2.950043245782789716e-02,5.076382567299675408e-01,5.140098890951373678e-02,9.078426319692429161e+02,-1.048893555190809792e+02,-1.894305863362447155e+02,-1.048893555190809792e+02,4.921277693790941612e+02,3.119479753101842903e+02,-1.894305863362447155e+02,3.119479753101842903e+02,-3.788099185003737261e+02,-1.204689397438373177e+01,-1.951996059502756964e+01,-1.058936527562663343e+01,-1.951996059502756964e+01,-4.586082997082027646e+01,-1.666255636584653033e+01,-1.058936527562663343e+01,-1.666255636584653033e+01,-6.360383195460187267e+01
8.780000000000000027e-01,-3.553396876908591212e-02,5.088589589460771334e-01,5.669318524696909806e-02,9.100635407651885771e+02,-1.053654862355304971e+02,-1.901257593141845916e+02,-1.053654862355304971e+02,4.940591418637891934e+02,3.126407076020273053e+02,-1.901257593141845916e+02,3.126407076020273053e+02,-3.787429086630859842e+02,-1.225684877472774481e+01,-1.963189686685507240e+01,-1.074305757305746845e+01,-1.963189686685507240e+01,-4.560158584554558558e+01,-1.663794908381865412e+01,-1.074305757305746845e+01,-1.663794908381865412e+01,-6.363819902682330110e+01
8.790000000000000036e-01,-4.160714282244035167e-02,5.101481662151761132e-01,6.237298324782901415e-02,9.122864003064983081e+02,-1.058401738055868151e+02,-1.908240828823508650e+02,-1.058401738055868151e+02,4.959960442077167500e+02,3.133341437785014136e+02,-1.908240828823508650e+02,3.133341437785014136e+02,-3.786776741333483187e+02,-1.246959322225514200e+01,-1.974333246888818749e+01,-1.089796844179347879e+01,-1.974333246888818749e+01,-4.534000058868055305e+01,-1.661224412158387054e+01,-1.089796844179347879e+01,-1.661224412158387054e+01,-6.367252808719746326e+01
8.800000000000000044e-01,-4.771561332857178483e-02,5.114963931872644753e-01,6.840664198863613543e-02,9.145112199140985467e+02,-1.063133708014091923e+02,-1.915255537860062134e+02,-1.063133708014091923e+02,4.979383876776882403e+02,3.140282502468822941e+02,-1.915255537860062134e+02,3.140282502468822941e+02,-3.786142668016602784e+02,-1.268512899444747788e+01,-1.985423959811906514e+01,-1.105408975836949992e+01,-1.985423959811906514e+01,-4.507615386829380100e+01,-1.658546643368698525e+01,-1.105408975836949992e+01,-1.658546643368698525e+01,-6.370684092811404753e+01
8.810000000000000053e-01,-5.385680212149194374e-02,5.128745009353163908e-01,7.476637516735672173e-02,9.167380100123185684e+02,-1.067850300807329944e+02,-1.922301681873037751e+02,-1.067850300807329944e+02,4.998860835407294871e+02,3.147229933621515556e+02,-1.922301681873037751e+02,3.147229933621515556e+02,-3.785527378536231708e+02,-1.290345658456917910e+01,-1.996459057935744497e+01,-1.121141281665721046e+01,-1.996459057935744497e+01,-4.481012592848164644e+01,-1.655764118951885067e+01,-1.121141281665721046e+01,-1.655764118951885067e+01,-6.374115925449902420e+01
8.820000000000000062e-01,-6.002314856123815157e-02,5.142469364055325398e-01,8.142580500518004083e-02,9.189667821519609561e+02,-1.072551048165060621e+02,-1.929379216594250011e+02,-1.072551048165060621e+02,5.018390431168034524e+02,3.154183394489759280e+02,-1.929379216594250011e+02,3.154183394489759280e+02,-3.784931377366552852e+02,-1.312457527921164946e+01,-2.007435788819713451e+01,-1.136992832427890043e+01,-2.007435788819713451e+01,-4.454199753902637582e+01,-1.652879375535244932e+01,-1.136992832427890043e+01,-1.652879375535244932e+01,-6.377550465830999826e+01
8.830000000000000071e-01,-6.621415209833966808e-02,5.155880371908868609e-01,8.837457333411934124e-02,9.211975490325378360e+02,-1.077235485265968293e+02,-1.936488091812114760e+02,-1.077235485265968293e+02,5.037971778315693996e+02,3.161142548237143046e+02,-1.936488091812114760e+02,3.161142548237143046e+02,-3.784355161272569603e+02,-1.334848313675091624e+01,-2.018351417405364501e+01,-1.152962639952467505e+01,-2.018351417405364501e+01,-4.427184994452873212e+01,-1.649894967632125642e+01,-1.152962639952467505e+01,-1.649894967632125642e+01,-6.380989859318181345e+01
8.840000000000000080e-01,-7.241044088434175907e-02,5.168844299044562662e-01,9.562627469759843457e-02,9.234303245236258135e+02,-1.081903151035326118e+02,-1.943628251323086431e+02,-1.081903151035326118e+02,5.057603992691238659e+02,3.168107058164314935e+02,-1.943628251323086431e+02,3.168107058164314935e+02,-3.783799218988723396e+02,-1.357517696677102137e+01,-2.029203228323764563e+01,-1.169049656878793542e+01,-2.029203228323764563e+01,-4.399976481306937615e+01,-1.646813465835686330e+01,-1.169049656878793542e+01,-1.646813465835686330e+01,-6.384436234926279496e+01
8.850000000000000089e-01,-7.859000551770260745e-02,5.181260868905740447e-01,1.031943120902457378e-01,9.256651236852818556e+02,-1.086553588442263703e+02,-1.950799632888362112e+02,-1.086553588442263703e+02,5.077286192246709788e+02,3.175076587928987806e+02,-1.950799632888362112e+02,3.175076587928987806e+02,-3.783264030903873163e+02,-1.380465231050435371e+01,-2.039988528202764684e+01,-1.185252776453292967e+01,-2.039988528202764684e+01,-4.372582418445301755e+01,-1.643637455010223292e+01,-1.185252776453292967e+01,-1.643637455010223292e+01,-6.387891702827749896e+01
8.860000000000000098e-01,-8.472844642997862108e-02,5.193072591656050507e-01,1.110916694206637578e-01,9.279019627874730531e+02,-1.091186344796489323e+02,-1.958002168196019284e+02,-1.091186344796489323e+02,5.097017497570659543e+02,3.182050801765577148e+02,-1.958002168196019284e+02,3.182050801765577148e+02,-3.782750068753086339e+02,-1.403690342233896082e+01,-2.050704647970504979e+01,-1.201570832380762965e+01,-2.050704647970504979e+01,-4.345011041809232211e+01,-1.640369532481796355e+01,-1.201570832380762965e+01,-1.640369532481796355e+01,-6.391358351885494926e+01
8.870000000000000107e-01,-9.080956831626368908e-02,5.204286464600829110e-01,1.193305515346262669e-01,9.301408593284675135e+02,-1.095800972044038701e+02,-1.965235782828728190e+02,-1.095800972044038701e+02,5.116797032411769237e+02,3.189029364704264253e+02,-1.965235782828728190e+02,3.189029364704264253e+02,-3.782257795316646138e+02,-1.427192325244226723e+01,-2.061348945151447865e+01,-1.218002598731467856e+01,-2.061348945151447865e+01,-4.317270614058908507e+01,-1.637012306229879854e+01,-1.218002598731467856e+01,-1.637012306229879854e+01,-6.394838247215956528e+01
8.880000000000000115e-01,-9.681446433485030312e-02,5.214865553878548221e-01,1.279243644801770774e-01,9.323818320521396572e+02,-1.100397027061613073e+02,-1.972500396237185782e+02,-1.100397027061613073e+02,5.136623924200073361e+02,3.196011942789261298e+02,-1.972500396237185782e+02,3.196011942789261298e+02,-3.781787664126695176e+02,-1.450970343054888723e+01,-2.071918806151161974e+01,-1.234546789905197173e+01,-2.071918806151161974e+01,-4.289369419307198683e+01,-1.633568393081796799e+01,-1.234546789905197173e+01,-1.633568393081796799e+01,-6.398333427786224092e+01
8.890000000000000124e-01,-1.027232462432774024e-01,5.224450251797028155e-01,1.368823539158340596e-01,9.346249009641401244e+02,-1.104974071949067564e+02,-1.979795921719396290e+02,-1.104974071949067564e+02,5.156497304565233435e+02,3.202998203296052111e+02,-1.979795921719396290e+02,3.202998203296052111e+02,-3.781340119181915043e+02,-1.475023425095911556e+01,-2.082411648526094439e+01,-1.251202060653398895e+01,-2.082411648526094439e+01,-4.261315757835092910e+01,-1.630040416911710821e+01,-1.251202060653398895e+01,-1.630040416911710821e+01,-6.401845904048821012e+01
8.900000000000000133e-01,-1.085150153481001939e-01,5.233167628017372230e-01,1.462169236936888828e-01,9.368700873468859527e+02,-1.109531674319610772e+02,-1.987122266405931725e+02,-1.109531674319610772e+02,5.176416309851280175e+02,3.209987814947388642e+02,-1.987122266405931725e+02,3.209987814947388642e+02,-3.780915594670636324e+02,-1.499350465879304828e+01,-2.092824923234531198e+01,-1.267967006160396259e+01,-2.092824923234531198e+01,-4.233117940794983980e+01,-1.626431006845977478e+01,-1.267967006160396259e+01,-1.626431006845977478e+01,-6.405377655617893140e+01
8.910000000000000142e-01,-1.141634306976117563e-01,5.240866429686210637e-01,1.559456843561473904e-01,9.391174137733233920e+02,-1.114069407587269467e+02,-1.994479331251279177e+02,-1.114069407587269467e+02,5.196380081627229401e+02,3.216980448127810064e+02,-1.994479331251279177e+02,3.216980448127810064e+02,-3.780514514702756514e+02,-1.523950223754341593e+01,-2.103156116864940017e+01,-1.284840162184596046e+01,-2.103156116864940017e+01,-4.204784284907934477e+01,-1.622742795476635180e+01,-1.284840162184596046e+01,-1.622742795476635180e+01,-6.408930628990233913e+01
8.920000000000000151e-01,-1.196533465277083708e-01,5.247477765980539388e-01,1.660843593642048199e-01,9.413669041194260672e+02,-1.118586851251183418e+02,-2.001867011031387165e+02,-1.118586851251183418e+02,5.216387767193024274e+02,3.223975775096474763e+02,-2.001867011031387165e+02,3.223975775096474763e+02,-3.780137293050859739e+02,-1.548821319796867613e+01,-2.113402753837911163e+01,-1.301820005260525193e+01,-2.113402753837911163e+01,-4.176323107161302062e+01,-1.618978417084866095e+01,-1.301820005260525193e+01,-1.618978417084866095e+01,-6.412506735314829598e+01
8.930000000000000160e-01,-1.247482486251347417e-01,5.254147982713219811e-01,1.765327825162522069e-01,9.436185835753796027e+02,-1.123083591176280862e+02,-2.009285194347503420e+02,-1.123083591176280862e+02,5.236438520080183707e+02,3.230973470198057953e+02,-2.009285194347503420e+02,3.230973470198057953e+02,-3.779784332900875938e+02,-1.573962236836577588e+01,-2.123562398577941579e+01,-1.318904952962426336e+01,-2.123562398577941579e+01,-4.147742719513097143e+01,-1.615140505876255261e+01,-1.318904952962426336e+01,-1.615140505876255261e+01,-6.416107848214345211e+01
8.940000000000000169e-01,-1.294515104875320621e-01,5.261254243069389824e-01,1.872984688290997846e-01,9.458724786554216735e+02,-1.127559219869905007e+02,-2.016733763636390790e+02,-1.127559219869905007e+02,5.256531500546609550e+02,3.237973210071508561e+02,-2.016733763636390790e+02,3.237973210071508561e+02,-3.779456026612640471e+02,-1.599371318625962957e+01,-2.133632657651269326e+01,-1.336093364230017855e+01,-2.133632657651269326e+01,-4.119051423609429463e+01,-1.611231694229636702e+01,-1.336093364230017855e+01,-1.611231694229636702e+01,-6.419735801661801133e+01
8.950000000000000178e-01,-1.337683595579919893e-01,5.269092487571639394e-01,1.983904303571526473e-01,9.481286172062949618e+02,-1.132013336753950057e+02,-2.024212595186998556e+02,-1.132013336753950057e+02,5.276665876064946588e+02,3.244974673856429490e+02,-2.024212595186998556e+02,3.244974673856429490e+02,-3.779152755490699178e+02,-1.625046769154457849e+01,-2.143611181866096516e+01,-1.353383539756954690e+01,-2.143611181866096516e+01,-4.090257505521591952e+01,-1.607254610961373942e+01,-1.353383539756954690e+01,-1.607254610961373942e+01,-6.423392387915953350e+01
8.960000000000000187e-01,-1.377047149809048909e-01,5.277886726851011012e-01,2.098193477163595166e-01,9.503870284142816445e+02,-1.136445548432079136e+02,-2.031721559163649999e+02,-1.136445548432079136e+02,5.296840821803946255e+02,3.251977543396868668e+02,-2.031721559163649999e+02,3.251977543396868668e+02,-3.778874889565656758e+02,-1.650986652111034303e+01,-2.153495668331499147e+01,-1.370773722442394416e+01,-2.153495668331499147e+01,-4.061369230509180284e+01,-1.603211879606868351e+01,-1.370773722442394416e+01,-1.603211879606868351e+01,-6.427079355518354475e+01
8.970000000000000195e-01,-1.412670751922956436e-01,5.287828089126337394e-01,2.215971877523259803e-01,9.526477428107853029e+02,-1.140855468951599647e+02,-2.039260519635803064e+02,-1.140855468951599647e+02,5.317055521102229250e+02,3.258981503442280996e+02,-2.039260519635803064e+02,3.258981503442280996e+02,-3.778622787386400432e+02,-1.677188890498244689e+01,-2.163283862471434915e+01,-1.388262097905960069e+01,-2.163283862471434915e+01,-4.032394837815813560e+01,-1.599106116721107007e+01,-1.388262097905960069e+01,-1.599106116721107007e+01,-6.430798407355349866e+01
8.980000000000000204e-01,-1.444604953066883635e-01,5.299020889344128182e-01,2.337383545376596761e-01,9.549107922764329714e+02,-1.145242720059575845e+02,-2.046829334614420475e+02,-1.145242720059575845e+02,5.337309165933919530e+02,3.265986241845470772e+02,-2.046829334614420475e+02,3.265986241845470772e+02,-3.778396795823469461e+02,-1.703651266400497732e+01,-2.172973559990311188e+01,-1.405846795066301169e+01,-2.172973559990311188e+01,-4.003342535503869470e+01,-1.594939930200034262e+01,-1.405846795066301169e+01,-1.594939930200034262e+01,-6.434551198787909243e+01
8.990000000000000213e-01,-1.472886678093114354e-01,5.311522734996949602e-01,2.462590990036699345e-01,9.571762100436676519e+02,-1.149606931452771050e+02,-2.054427856094985145e+02,-1.149606931452771050e+02,5.357600957365565364e+02,3.272991449757267901e+02,-2.054427856094985145e+02,3.272991449757267901e+02,-3.778197249883859286e+02,-1.730371420908980440e+01,-2.182562608786617631e+01,-1.423525886783294681e+01,-2.182562608786617631e+01,-3.974220495334734693e+01,-1.590715917624510389e+01,-1.423525886783294681e+01,-1.590715917624510389e+01,-6.438339335852157319e+01
9.000000000000000222e-01,-1.497535404743606247e-01,5.325351346295493782e-01,2.591775597882377546e-01,9.594440306978104900e+02,-1.153947741021016213e+02,-2.062055930107174220e+02,-1.153947741021016213e+02,5.377930106003817627e+02,3.279996821817754267e+02,-2.062055930107174220e+02,3.279996821817754267e+02,-3.778024472537505289e+02,-1.757346854205466968e+01,-2.192048910811291051e+01,-1.441297390563854819e+01,-2.192048910811291051e+01,-3.945036847700982463e+01,-1.586436664628616455e+01,-1.441297390563854819e+01,-1.586436664628616455e+01,-6.442164373533393018e+01
9.010000000000000231e-01,-1.518549900758615900e-01,5.340490628914118520e-01,2.725138084714626707e-01,9.617142901765672605e+02,-1.158264795083615297e+02,-2.069713396771196869e+02,-1.158264795083615297e+02,5.398295832433312853e+02,3.287002056343802678e+02,-2.069713396771196869e+02,3.287002056343802678e+02,-3.777878774555689461e+02,-1.784574925806875001e+01,-2.201430423867486041e+01,-1.459159269331170172e+01,-2.201430423867486041e+01,-3.915799676616823888e+01,-1.582104743294011584e+01,-1.459159269331170172e+01,-1.582104743294011584e+01,-6.446027814116163768e+01
9.020000000000000240e-01,-1.535905184315300986e-01,5.356896072436506673e-01,2.862899030478216478e-01,9.639870257679658607e+02,-1.162557748618407771e+02,-2.077400090360790443e+02,-1.162557748618407771e+02,5.418697367644252836e+02,3.294006855512753305e+02,-2.077400090360790443e+02,3.294006855512753305e+02,-3.777760454361592224e+02,-1.812052854972188953e+01,-2.210705163348618640e+01,-1.477109432257085331e+01,-2.210705163348618640e+01,-3.886517014773151146e+01,-1.577722710572055220e+01,-1.477109432257085331e+01,-1.577722710572055220e+01,-6.449931105612873239e+01
9.030000000000000249e-01,-1.549549446921346940e-01,5.374499532744351216e-01,3.005299466846012013e-01,9.662622761067043484e+02,-1.166826265483117737e+02,-2.085115839372853372e+02,-1.166826265483117737e+02,5.439133953449157843e+02,3.301010925542000223e+02,-2.085115839372853372e+02,3.301010925542000223e+02,-3.777669797893182135e+02,-1.839777721272969302e+01,-2.219871203911562318e+01,-1.495145735657180985e+01,-2.219871203911562318e+01,-3.857196838663340799e+01,-1.573293106735313707e+01,-1.495145735657180985e+01,-1.573293106735313707e+01,-6.453875640273243164e+01
9.040000000000000258e-01,-1.559400746113109304e-01,5.393213423055076561e-01,3.152601411208366677e-01,9.685400811689017928e+02,-1.171070018628638110e+02,-2.092860466603684415e+02,-1.171070018628638110e+02,5.459604842888295479e+02,3.308013976864314145e+02,-2.092860466603684415e+02,3.308013976864314145e+02,-3.777607078478626477e+02,-1.867746465328476901e+01,-2.228926681082120353e+01,-1.513265983948052273e+01,-2.228926681082120353e+01,-3.827847063785984716e+01,-1.568818453860108697e+01,-1.513265983948052273e+01,-1.568818453860108697e+01,-6.457862753176823389e+01
9.050000000000000266e-01,-1.565343347429768439e-01,5.412934287045977344e-01,3.305088147670249832e-01,9.708204822652401162e+02,-1.175288690303908794e+02,-2.100633789231778792e+02,-1.175288690303908794e+02,5.480109300623322497e+02,3.315015724298703503e+02,-2.100633789231778792e+02,3.315015724298703503e+02,-3.777572556724385322e+02,-1.895955889705989961e+01,-2.237869792789914669e+01,-1.531467930666084776e+01,-2.237869792789914669e+01,-3.798475539930458922e+01,-1.564301254341649816e+01,-1.531467930666084776e+01,-1.564301254341649816e+01,-6.461893720910489947e+01
9.060000000000000275e-01,-1.567223682589419520e-01,5.433545657912447480e-01,3.463063940802075247e-01,9.731035220324927195e+02,-1.179481972252062576e+02,-2.108435618907128628e+02,-1.179481972252062576e+02,5.500646603318649568e+02,3.322015887216627448e+02,-2.108435618907128628e+02,3.322015887216627448e+02,-3.777566480416119248e+02,-1.924402659986645503e+01,-2.246698800830056086e+01,-1.549749279546968417e+01,-2.246698800830056086e+01,-3.769090046551268358e+01,-1.559743989443301970e+01,-1.549749279546968417e+01,-1.559743989443301970e+01,-6.465969760332907867e+01
9.070000000000000284e-01,-1.565360773810730022e-01,5.456212377004717728e-01,3.627007556610857830e-01,9.753892444234372761e+02,-1.183649565897528646e+02,-2.116265761846948692e+02,-1.183649565897528646e+02,5.521216040010114057e+02,3.329014189703398756e+02,-2.116265761846948692e+02,3.329014189703398756e+02,-3.777589084432538584e+02,-1.953083305996739227e+01,-2.255412032249039811e+01,-1.568107685665007622e+01,-2.255412032249039811e+01,-3.739698288236804302e+01,-1.555149117881442500e+01,-1.568107685665007622e+01,-1.555149117881442500e+01,-6.470092027427470782e+01
9.080000000000000293e-01,-1.559613362633451294e-01,5.481003442255303337e-01,3.797153473590949013e-01,9.776776946951529226e+02,-1.187791182523802433e+02,-2.124124018937751259e+02,-1.187791182523802433e+02,5.541816912460498088e+02,3.336010360714583953e+02,-2.124124018937751259e+02,3.336010360714583953e+02,-3.777640590672268672e+02,-1.981994223204152661e+01,-2.264007880652540550e+01,-1.586540756631221782e+01,-2.264007880652540550e+01,-3.710307890278121334e+01,-1.550519074447354484e+01,-1.586540756631221782e+01,-1.550519074447354484e+01,-6.474261616245395601e+01
9.090000000000000302e-01,-1.549842008272854510e-01,5.508005265608321155e-01,3.973723623456096310e-01,9.799689193957068483e+02,-1.191906543441607482e+02,-2.132010185843669205e+02,-1.191906543441607482e+02,5.562448535501539482e+02,3.343004134227268764e+02,-2.132010185843669205e+02,3.343004134227268764e+02,-3.777721207993835151e+02,-2.011131674279164017e+01,-2.272484807432868337e+01,-1.605046053849069310e+01,-2.272484807432868337e+01,-3.680926394343099162e+01,-1.545856268667514399e+01,-1.605046053849069310e+01,-1.545856268667514399e+01,-6.478479557940195832e+01
9.100000000000000311e-01,-1.535921553936757111e-01,5.537318644195795558e-01,4.156934201556660158e-01,9.822629663492382406e+02,-1.195995380147189167e+02,-2.139924053120919325e+02,-1.195995380147189167e+02,5.583110237362009229e+02,3.349995249386006435e+02,-2.139924053120919325e+02,3.349995249386006435e+02,-3.777831132168781210e+02,-2.040491790818577655e+01,-2.280841342914041547e+01,-1.623621093826498907e+01,-2.280841342914041547e+01,-3.651561254261130784e+01,-1.541163083503561104e+01,-1.623621093826498907e+01,-1.541163083503561104e+01,-6.482746819894691725e+01
9.110000000000000320e-01,-1.517756490152835647e-01,5.569054935801242001e-01,4.346993142736499394e-01,9.845598846394497059e+02,-1.200057434470505484e+02,-2.147865406338281389e+02,-1.200057434470505484e+02,5.603801359981512178e+02,3.356983450643319884e+02,-2.147865406338281389e+02,3.356983450643319884e+02,-3.777970545847978201e+02,-2.070070575231821408e+01,-2.289076087412649940e+01,-1.642263349542979611e+01,-2.289076087412649940e+01,-3.622219831923414546e+01,-1.536441874093227256e+01,-1.642263349542979611e+01,-1.536441874093227256e+01,-6.487064304941580417e+01
9.120000000000000329e-01,-1.495299721705710405e-01,5.603329043838446433e-01,4.544098345580473985e-01,9.868597245915216263e+02,-1.204092458713095368e+02,-2.155834026203466181e+02,-1.204092458713095368e+02,5.624521259309694869e+02,3.363968487894619557e+02,-2.155834026203466181e+02,3.363968487894619557e+02,-3.778139618541106302e+02,-2.099863902787206626e+01,-2.297187712212755528e+01,-1.660970251869946424e+01,-2.297187712212755528e+01,-3.592909393303522592e+01,-1.531694966533359725e+01,-1.660970251869946424e+01,-1.531694966533359725e+01,-6.491432850678283728e+01
9.130000000000000338e-01,-1.468574162791893567e-01,5.640248156532682300e-01,4.748437375915683933e-01,9.891625377524663918e+02,-1.208100215775425852e+02,-2.163829688695217328e+02,-1.208100215775425852e+02,5.645269305590514932e+02,3.370950116607397717e+02,-2.163829688695217328e+02,3.370950116607397717e+02,-3.778338506609308070e+02,-2.129867523816338704e+01,-2.305174960453394917e+01,-1.679739191043085356e+01,-2.305174960453394917e+01,-3.563637104602894112e+01,-1.526924656706174410e+01,-1.679739191043085356e+01,-1.526924656706174410e+01,-6.495853228876710261e+01
9.140000000000000346e-01,-1.437696006993979814e-01,5.679895034711386348e-01,4.960189173112466432e-01,9.914683768699441089e+02,-1.212080479273542295e+02,-2.171852165200996581e+02,-1.212080479273542295e+02,5.666044883631325320e+02,3.377928097944591173e+02,-2.171852165200996581e+02,3.377928097944591173e+02,-3.778567353270959188e+02,-2.160077066074215324e+01,-2.313036647927307143e+01,-1.698567518184701086e+01,-2.313036647927307143e+01,-3.534410028525520886e+01,-1.522133209149758137e+01,-1.698567518184701086e+01,-1.522133209149758137e+01,-6.500326144988329702e+01
9.150000000000000355e-01,-1.402897969217581087e-01,5.722304593975788833e-01,5.179527829628693958e-01,9.937772958695644547e+02,-1.216033033644863508e+02,-2.179901222660079725e+02,-1.216033033644863508e+02,5.686847393056486908e+02,3.384902198881996469e+02,-2.179901222660079725e+02,3.384902198881996469e+02,-3.778826288620497849e+02,-2.190488037252276854e+01,-2.320771663789773953e+01,-1.717452546874324781e+01,-2.320771663789773953e+01,-3.505235120685877348e+01,-1.517322855973768370e+01,-1.717452546874324781e+01,-1.517322855973768370e+01,-6.504852237744711374e+01
9.160000000000000364e-01,-1.364550426579707043e-01,5.767432574477375784e-01,5.406627802261195770e-01,9.960893498307023037e+02,-1.219957674242988190e+02,-2.187976623711886930e+02,-1.219957674242988190e+02,5.707676248545310500e+02,3.391872192319640362e+02,-2.187976623711886930e+02,3.391872192319640362e+02,-3.779115429660223526e+02,-2.221095827641361709e+01,-2.328378971176653067e+01,-1.736391554765643974e+01,-2.328378971176653067e+01,-3.476119226153986119e+01,-1.512495795821224576e+01,-1.736391554765643974e+01,-1.512495795821224576e+01,-6.509432078853676273e+01
9.170000000000000373e-01,-1.323165946014618344e-01,5.815092091046663025e-01,5.641659558428153698e-01,9.984045949608577075e+02,-1.223854207421398996e+02,-2.196078126849348848e+02,-1.223854207421398996e+02,5.728530880054086083e+02,3.398837857187010627e+02,-2.196078126849348848e+02,3.398837857187010627e+02,-3.779434880344959993e+02,-2.251895712941137617e+01,-2.335857607730825336e+01,-1.755381785247684334e+01,-2.335857607730825336e+01,-3.447069076141085731e+01,-1.507654192877175703e+01,-1.755381785247684334e+01,-1.507654192877175703e+01,-6.514066172790717246e+01
9.180000000000000382e-01,-1.279031248813401467e-01,5.864253840675129892e-01,5.884502336217996010e-01,1.000723088568594790e+03,-1.227722450605973137e+02,-2.204205486577120041e+02,-1.227722450605973137e+02,5.749410733022066324e+02,3.405798978542069904e+02,-2.204205486577120041e+02,3.405798978542069904e+02,-3.779784731639441020e+02,-2.282882857212322492e+01,-2.343206686036542408e+01,-1.774420449148140477e+01,-2.343206686036542408e+01,-3.418091284829279886e+01,-1.502800175924989112e+01,-1.774420449148140477e+01,-1.502800175924989112e+01,-6.518754956685522473e+01
9.190000000000000391e-01,-1.232492071958177504e-01,5.913705395958207545e-01,6.134979687882712307e-01,1.003044889035094911e+03,-1.231562232356229174e+02,-2.212358453574416330e+02,-1.231562232356229174e+02,5.770315268561223547e+02,3.412755347663980388e+02,-2.212358453574416330e+02,3.412755347663980388e+02,-3.780165061588272692e+02,-2.314052315967702000e+01,-2.350425393961309695e+01,-1.793504726476607303e+01,-2.350425393961309695e+01,-3.389192346348097828e+01,-1.497935837450860674e+01,-1.793504726476607303e+01,-1.497935837450860674e+01,-6.523498800302905920e+01
9.200000000000000400e-01,-1.183908841102885440e-01,5.962009671095035435e-01,6.392840071903835852e-01,1.005370055784367878e+03,-1.235373392415267233e+02,-2.220536774862265474e+02,-1.235373392415267233e+02,5.791243963629697191e+02,3.419706762139485363e+02,-2.220536774862265474e+02,3.419706762139485363e+02,-3.780575935398301226e+02,-2.345399039397583607e+01,-2.357512994905129133e+01,-1.812631768205412186e+01,-2.357512994905129133e+01,-3.360378631900726276e+01,-1.493063232797119078e+01,-1.812631768205412186e+01,-1.493063232797119078e+01,-6.528298006117445595e+01
9.210000000000000409e-01,-1.133603705736945660e-01,6.007463411820419541e-01,6.657720773147425275e-01,1.007698649252161431e+03,-1.239155781748373215e+02,-2.228740193974936403e+02,-1.239155781748373215e+02,5.812196311188819209e+02,3.426653025942885620e+02,-2.228740193974936403e+02,3.426653025942885620e+02,-3.781017405533171427e+02,-2.376917875725168727e+01,-2.364468827957195884e+01,-1.831798698085666288e+01,-2.364468827957195884e+01,-3.331656387042365708e+01,-1.488184379364804677e+01,-1.831798698085666288e+01,-1.488184379364804677e+01,-6.533152809481001100e+01
9.220000000000000417e-01,-1.081801077313225279e-01,6.048058188369345167e-01,6.929094127336705711e-01,1.010030730853612226e+03,-1.242909262570288433e+02,-2.236968451135311682e+02,-1.242909262570288433e+02,5.833171820343654872e+02,3.433593949509585741e+02,-2.236968451135311682e+02,3.433593949509585741e+02,-3.781489511819877976e+02,-2.408603574686933158e+01,-2.371292307960237977e+01,-1.851002614496070109e+01,-2.371292307960237977e+01,-3.303031729112814219e+01,-1.483301255865871582e+01,-1.851002614496070109e+01,-1.483301255865871582e+01,-6.538063378881867038e+01
9.230000000000000426e-01,-1.028563645655985737e-01,6.081446894644669809e-01,7.206196062359391252e-01,1.012366362949694576e+03,-1.246633708361162576e+02,-2.245221283433963322e+02,-1.246633708361162576e+02,5.854170016467073765e+02,3.440529349803175023e+02,-2.245221283433963322e+02,3.440529349803175023e+02,-3.781992281567065675e+02,-2.440450791132915853e+01,-2.377982925482961818e+01,-1.870240592321940554e+01,-2.377982925482961818e+01,-3.274510644825177508e+01,-1.478415801625334147e+01,-1.870240592321940554e+01,-1.478415801625334147e+01,-6.543029816294398415e+01
9.240000000000000435e-01,-9.737256131839931717e-02,6.104919905606788211e-01,7.487938078318787660e-01,1.014705608812507421e+03,-1.250329003871232345e+02,-2.253498425011667905e+02,-1.250329003871232345e+02,5.875190441307279343e+02,3.447459050376019150e+02,-2.253498425011667905e+02,3.447459050376019150e+02,-3.782525729694807524e+02,-2.472454088741515932e+01,-2.384540246701206101e+01,-1.889509684861872074e+01,-2.384540246701206101e+01,-3.246098988012198561e+01,-1.473529915933561618e+01,-1.889509684861872074e+01,-1.473529915933561618e+01,-6.548052157617613034e+01
9.250000000000000444e-01,-9.168186238104379659e-02,6.115402136371743680e-01,7.772796754082264004e-01,1.017048532589462866e+03,-1.253995045114290150e+02,-2.261799607245121422e+02,-1.253995045114290150e+02,5.896232653078901649e+02,3.454382881423371714e+02,-2.261799607245121422e+02,3.454382881423371714e+02,-3.783089858875616756e+02,-2.504607943843253892e+01,-2.390963913188646117e+01,-1.908806925759395412e+01,-2.390963913188646117e+01,-3.217802477531533611e+01,-1.468645457448839942e+01,-1.908806925759395412e+01,-1.468645457448839942e+01,-6.553130373201180703e+01
9.260000000000000453e-01,-8.569095446863078669e-02,6.109538848116747856e-01,8.058565019850292277e-01,1.019395199266422878e+03,-1.257631739350025839e+02,-2.270124558935565062e+02,-1.257631739350025839e+02,5.917296226537655457e+02,3.461300679830991385e+02,-2.270124558935565062e+02,3.461300679830991385e+02,-3.783684659686364853e+02,-2.536906749347593859e+01,-2.397253641618006625e+01,-1.928129330956915055e+01,-2.397253641618006625e+01,-3.189626695330837691e+01,-1.463764243650232366e+01,-1.928129330956915055e+01,-1.463764243650232366e+01,-6.558264368456956106e+01
9.270000000000000462e-01,-7.928661634503864075e-02,6.083498364587626162e-01,8.342718986376197465e-01,1.021745674629849304e+03,-1.261239005055348770e+02,-2.278473006500078384e+02,-1.261239005055348770e+02,5.938380753038672992e+02,3.468212289216290287e+02,-2.278473006500078384e+02,3.468212289216290287e+02,-3.784310110770814504e+02,-2.569344818766872152e+01,-2.403409223374001513e+01,-1.947473900669213975e+01,-2.403409223374001513e+01,-3.161577084673407967e+01,-1.458888050340710762e+01,-1.947473900669213975e+01,-1.458888050340710762e+01,-6.563453984554226395e+01
9.280000000000000471e-01,-7.229827714138117867e-02,6.033370870926242358e-01,8.621811558362898475e-01,1.024100025228019831e+03,-1.264816771884816831e+02,-2.286844674165245408e+02,-1.264816771884816831e+02,5.959485840578633997e+02,3.475117559963032363e+02,-2.286844674165245408e+02,3.475117559963032363e+02,-3.784966179012438943e+02,-2.601916390331060924e+01,-2.409430524079327895e+01,-1.966837621373733924e+01,-2.409430524079327895e+01,-3.133658948524662691e+01,-1.454018611200404720e+01,-1.966837621373733924e+01,-1.454018611200404720e+01,-6.568698999196456612e+01
9.290000000000000480e-01,-6.457150772663464156e-02,5.958521114104289307e-01,8.891904489871158557e-01,1.026458318331377995e+03,-1.268364980620316942e+02,-2.295239284162925912e+02,-1.268364980620316942e+02,5.980611113821806839e+02,3.482016349249618088e+02,-2.295239284162925912e+02,3.482016349249618088e+02,-3.785652819717175817e+02,-2.634615631187018536e+01,-2.415317483035250490e+01,-1.986217467814832816e+01,-2.415317483035250490e+01,-3.105877448099555949e+01,-1.449157617389752239e+01,-1.986217467814832816e+01,-1.449157617389752239e+01,-6.573999127477411264e+01
9.300000000000000488e-01,-5.586863472432115896e-02,5.855665050111135139e-01,9.147386358656459659e-01,1.028820621892073632e+03,-1.271883583110164295e+02,-2.303656556927850829e+02,-1.271883583110164295e+02,6.001756214110199608e+02,3.488908521070997040e+02,-2.303656556927850829e+02,3.488908521070997040e+02,-3.786369976805766555e+02,-2.667436641675643472e+01,-2.421070112578472333e+01,-2.005610405019186260e+01,-2.421070112578472333e+01,-3.078237601570696569e+01,-1.444306717202268509e+01,-2.005610405019186260e+01,-1.444306717202268509e+01,-6.579354022814210623e+01
9.310000000000000497e-01,-4.613982106401327138e-02,5.723223121305394123e-01,9.380807996233802015e-01,1.031187004502763557e+03,-1.275372542197805927e+02,-2.312096211296750425e+02,-1.275372542197805927e+02,6.022920799458000829e+02,3.495793946254266871e+02,-2.312096211296750425e+02,3.495793946254266871e+02,-3.787117583015306650e+02,-2.700373459680298538e+01,-2.426688497356135343e+01,-2.025013390319515594e+01,-2.426688497356135343e+01,-3.050744282936630114e+01,-1.439467515766541439e+01,-2.025013390319515594e+01,-1.439467515766541439e+01,-6.584763277954847638e+01
9.320000000000000506e-01,-3.538786988136420619e-02,5.560757945747474285e-01,9.584467735411581479e-01,1.033557535354733773e+03,-1.278831831640329284e+02,-2.320557964708739291e+02,-1.278831831640329284e+02,6.044104544530526937e+02,3.502672502468020639e+02,-2.320557964708739291e+02,3.502672502468020639e+02,-3.787895560109619737e+02,-2.733420065039642921e+01,-2.432172793520954812e+01,-2.044423375383741259e+01,-2.432172793520954812e+01,-3.023402221049499161e+01,-1.434641574796990149e+01,-2.044423375383741259e+01,-1.434641574796990149e+01,-6.590226426057527931e+01
9.330000000000000515e-01,-2.336060808276371054e-02,5.368986588293671591e-01,9.753669171239001123e-01,1.035932284195413104e+03,-1.282261436016997038e+02,-2.329041533406663689e+02,-1.282261436016997038e+02,6.065307140607931160e+02,3.509544074225510712e+02,-2.329041533406663689e+02,3.509544074225510712e+02,-3.788703819098067811e+02,-2.766570384018020334e+01,-2.437523227848642193e+01,-2.063837308246769098e+01,-2.437523227848642193e+01,-2.996215998800988700e+01,-1.429830412392864680e+01,-2.063837308246769098e+01,-1.429830412392864680e+01,-6.595742941839097284e+01
9.340000000000000524e-01,-1.032775678119095264e-02,5.155018002381497322e-01,9.890315560813596196e-01,1.038311321285345457e+03,-1.285661350628048467e+02,-2.337546632639130451e+02,-1.285661350628048467e+02,6.086528295533948949e+02,3.516408552881727019e+02,-2.337546632639130451e+02,3.516408552881727019e+02,-3.789542260462382615e+02,-2.799818293826381677e+01,-2.442740096779906622e+01,-2.083252135342010902e+01,-2.442740096779906622e+01,-2.969190052465220475e+01,-1.425035502884867533e+01,-2.083252135342010902e+01,-1.425035502884867533e+01,-6.601312242789718709e+01
9.350000000000000533e-01,3.551583834415297791e-03,4.924750824894711942e-01,9.997446619395647938e-01,1.040694717354687100e+03,-1.289031581384014089e+02,-2.346072976862922417e+02,-1.289031581384014089e+02,6.107767733649947104e+02,3.523265836624453868e+02,-2.346072976862922417e+02,3.523265836624453868e+02,-3.790410774391104951e+02,-2.833157627186696814e+01,-2.447823765389443196e+01,-2.102664803529831516e+01,-2.447823765389443196e+01,-2.942328671196953493e+01,-1.420258276728713476e+01,-2.102664803529831516e+01,-1.420258276728713476e+01,-6.606933690450836139e+01
9.360000000000000542e-01,1.825092846420573595e-02,4.682889416196539534e-01,1.007848574407013365e+00,1.043082543559298301e+03,-1.292372144685816409e+02,-2.354620279945521872e+02,-1.292372144685816409e+02,6.129025195714615393e+02,3.530115830459436665e+02,-2.354620279945521872e+02,3.530115830459436665e+02,-3.791309241021209004e+02,-2.866582176932742598e+01,-2.452774666284448912e+01,-2.122072262120082797e+01,-2.452774666284448912e+01,-2.915635996683231213e+01,-1.415500120444872856e+01,-2.122072262120082797e+01,-1.415500120444872856e+01,-6.612606591753382190e+01
9.370000000000000551e-01,3.372957276802101417e-02,4.433725884405191331e-01,1.013644540787494996e+00,1.045474871436503918e+03,-1.295683067295941271e+02,-2.363188255367455781e+02,-1.295683067295941271e+02,6.150300438809633761e+02,3.536958446189744336e+02,-2.363188255367455781e+02,3.536958446189744336e+02,-3.792237530686478522e+02,-2.900085700640146769e+01,-2.457593298435347506e+01,-2.141471464885951193e+01,-2.457593298435347506e+01,-2.889116022946366158e+01,-1.410762376603689106e+01,-2.141471464885951193e+01,-1.410762376603689106e+01,-6.618330200413149100e+01
9.380000000000000560e-01,4.992846760961293373e-02,4.181433919366061014e-01,1.017374533081289112e+00,1.047871772860583860e+03,-1.298964386200967738e+02,-2.371776616424176041e+02,-1.298964386200967738e+02,6.171593236231653918e+02,3.543793602389450257e+02,-2.371776616424176041e+02,3.543793602389450257e+02,-3.793195504172194887e+02,-2.933661925278518723e+01,-2.462280225941437450e+01,-2.160859372066338580e+01,-2.462280225941437450e+01,-2.862772596295864957e+01,-1.406046343854969294e+01,-2.160859372066338580e+01,-1.406046343854969294e+01,-6.624103718380087003e+01
9.390000000000000568e-01,6.674866055154084210e-02,3.930326939412613352e-01,1.019217557177112710e+00,1.050273319998070065e+03,-1.302216148465772392e+02,-2.380385076427199351e+02,-1.302216148465772392e+02,6.192903377370986391e+02,3.550621224371756171e+02,-2.380385076427199351e+02,3.550621224371756171e+02,-3.794183012975694851e+02,-2.967304551878549290e+01,-2.466836076734372796e+01,-2.180232952354056408e+01,-2.466836076734372796e+01,-2.836609415426754310e+01,-1.401353277001116560e+01,-2.180232952354056408e+01,-1.401353277001116560e+01,-6.629926297338315067e+01
9.400000000000000577e-01,8.400664122799066102e-02,3.684974086229947932e-01,1.019307680159932117e+00,1.052679585262916135e+03,-1.305438411079724688e+02,-2.389013348904230156e+02,-1.305438411079724688e+02,6.214230667577376153e+02,3.557441244151688693e+02,-2.389013348904230156e+02,3.557441244151688693e+02,-3.795199899572344862e+02,-3.001007260206956673e+01,-2.471261541222380842e+01,-2.199589184867158664e+01,-2.471261541222380842e+01,-2.810630031661437656e+01,-1.396684387112789061e+01,-2.199589184867158664e+01,-1.396684387112789061e+01,-6.635797040253513046e+01
9.410000000000000586e-01,1.014182643703068765e-01,3.450069367377020524e-01,1.017768720474570676e+00,1.055090641271610366e+03,-1.308631240795201336e+02,-2.397661147797996648e+02,-1.308631240795201336e+02,6.235574928013277258e+02,3.564253600403505402e+02,-2.397661147797996648e+02,3.564253600403505402e+02,-3.796245997686492046e+02,-3.034763713442184141e+01,-2.475557370878271257e+01,-2.218925061100765816e+01,-2.475557370878271257e+01,-2.784837849332127746e+01,-1.392040841686036856e+01,-2.218925061100765816e+01,-1.392040841686036856e+01,-6.641715002964362213e+01
9.420000000000000595e-01,1.186656670119505680e-01,3.229941287626722501e-01,1.014750887967017290e+00,1.057506560798299688e+03,-1.311794713958762202e+02,-2.406328187663524716e+02,-1.311794713958762202e+02,6.256935995495049383e+02,3.571058238412951482e+02,-2.406328187663524716e+02,3.571058238412951482e+02,-3.797321132566920596e+02,-3.068567562843864849e+01,-2.479724376774302996e+01,-2.238237586856821792e+01,-2.479724376774302996e+01,-2.759236126300579528e+01,-1.387423764839792462e+01,-2.238237586856821792e+01,-1.387423764839792462e+01,-6.647679195814609443e+01
9.430000000000000604e-01,1.355507139676749850e-01,3.027425597354834741e-01,1.010452865526435984e+00,1.059927416729992956e+03,-1.314928916335337590e+02,-2.415014183863602284e+02,-1.314928916335337590e+02,6.278313722322516242e+02,3.577855110024523242e+02,-2.415014183863602284e+02,3.577855110024523242e+02,-3.798425121266381552e+02,-3.102412452409089383e+01,-2.483763428067095091e+01,-2.257523784149251966e+01,-2.483763428067095091e+01,-2.733827974611771339e+01,-1.382834237552574841e+01,-2.257523784149251966e+01,-1.382834237552574841e+01,-6.653688585322403526e+01
9.440000000000000613e-01,1.517187664327878105e-01,2.844599313286781395e-01,1.005117120518919549e+00,1.062353282021912491e+03,-1.318033942925774227e+02,-2.423718852762162896e+02,-1.318033942925774227e+02,6.299707976097328128e+02,3.584644173583884026e+02,-2.423718852762162896e+02,3.584644173583884026e+02,-3.799557772924718506e+02,-3.136292023508650573e+01,-2.487675450435770585e+01,-2.276780693082088902e+01,-2.487675450435770585e+01,-2.708616361277930196e+01,-1.378273297937189668e+01,-2.276780693082088902e+01,-1.378273297937189668e+01,-6.659742095883419211e+01
9.450000000000000622e-01,1.666488135803347870e-01,2.682846562350523212e-01,9.990569939727224069e-01,1.064784229653055945e+03,-1.321109897778114828e+02,-2.432441911915353217e+02,-1.321109897778114828e+02,6.321118639530599239e+02,3.591425393875605323e+02,-2.432441911915353217e+02,3.591425393875605323e+02,-3.800718889055155501e+02,-3.170199919496492669e+01,-2.491461424476566577e+01,-2.296005373698171326e+01,-2.491461424476566577e+01,-2.683604109189151643e+01,-1.373741941552185075e+01,-2.296005373698171326e+01,-1.373741941552185075e+01,-6.665838611504347000e+01
9.460000000000000631e-01,1.798027439702275521e-01,2.541943586431891222e-01,9.926628756336931536e-01,1.067220332582039418e+03,-1.324156893792963672e+02,-2.441183080260027225e+02,-1.324156893792963672e+02,6.342545610240284759e+02,3.598198742056377455e+02,-2.441183080260027225e+02,3.598198742056377455e+02,-3.801908263833282717e+02,-3.204129790285788459e+01,-2.495122384057237497e+01,-2.315194907796131218e+01,-2.495122384057237497e+01,-2.658793898146769763e+01,-1.369241121748788714e+01,-2.315194907796131218e+01,-1.369241121748788714e+01,-6.671976977563284095e+01
9.470000000000000639e-01,1.907225004424620562e-01,2.420143250115110722e-01,9.864036357069343453e-01,1.069661663703279146e+03,-1.327175052523324155e+02,-2.449942078299445996e+02,-1.327175052523324155e+02,6.363988800538775195e+02,3.604964195583880269e+02,-2.449942078299445996e+02,3.604964195583880269e+02,-3.803125684388297145e+02,-3.238075296885136112e+01,-2.498659414634501985e+01,-2.334346400713447167e+01,-2.498659414634501985e+01,-2.634188266015397062e+01,-1.364771750052011079e+01,-2.334346400713447167e+01,-1.364771750052011079e+01,-6.678156002593689777e+01
9.480000000000000648e-01,1.990841151246379170e-01,2.313721261839245813e-01,9.807894813020788805e-01,1.072108295803581541e+03,-1.330164503969276097e+02,-2.458718628285950842e+02,-1.330164503969276097e+02,6.385448137211218409e+02,3.611721738141478113e+02,-2.458718628285950842e+02,3.611721738141478113e+02,-3.804370931096062236e+02,-3.272030115888561141e+01,-2.502073651537895316e+01,-2.353456983073402853e+01,-2.502073651537895316e+01,-2.609789609989513437e+01,-1.360334696574554592e+01,-2.353456983073402853e+01,-1.360334696574554592e+01,-6.684374460088321257e+01
9.490000000000000657e-01,2.051602431676955163e-01,2.218626443817100224e-01,9.762254948615251005e-01,1.074560301519195718e+03,-1.333125386367870817e+02,-2.467512454400383319e+02,-1.333125386367870817e+02,6.406923561285016149e+02,3.618471359558905647e+02,-2.467512454400383319e+02,3.618471359558905647e+02,-3.805643777873529530e+02,-3.305987943913164173e+01,-2.505366278223329601e+01,-2.372523812493950146e+01,-2.505366278223329601e+01,-2.585600187970335639e+01,-1.355930790462194402e+01,-2.372523812493950146e+01,-1.355930790462194402e+01,-6.690631090319944008e+01
9.500000000000000666e-01,2.091567879583060008e-01,2.127845146368524953e-01,9.730802435923739946e-01,1.077017753293391252e+03,-1.336057845978626517e+02,-2.476323282928054539e+02,-1.336057845978626517e+02,6.428415027791045304e+02,3.625213055729134339e+02,-2.476323282928054539e+02,3.625213055729134339e+02,-3.806943992474106722e+02,-3.339942501978441669e+01,-2.508538524499702049e+01,-2.391544075256478052e+01,-2.508538524499702049e+01,-2.561622120048586027e+01,-1.351560820369194360e+01,-2.391544075256478052e+01,-1.351560820369194360e+01,-6.696924602175317887e+01
9.510000000000000675e-01,2.114936688608866078e-01,2.035030252018451280e-01,9.715394496706636351e-01,1.079480723334618915e+03,-1.338962036865006269e+02,-2.485150842431054627e+02,-1.338962036865006269e+02,6.449922505517076843e+02,3.631946828521599855e+02,-2.485150842431054627e+02,3.631946828521599855e+02,-3.808271336783541869e+02,-3.373887539821457437e+01,-2.511591664731840723e+01,-2.410514987932658926e+01,-2.511591664731840723e+01,-2.537857390088724685e+01,-1.347225534962388238e+01,-2.410514987932658926e+01,-1.347225534962388238e+01,-6.703253674999244538e+01
9.520000000000000684e-01,2.126666267470353200e-01,1.935544945721633658e-01,9.716115210953787384e-01,1.081949283575307390e+03,-1.341838120672247783e+02,-2.493994863916710472e+02,-1.341838120672247783e+02,6.471445976753901732e+02,3.638672685691965967e+02,-2.493994863916710472e+02,3.638672685691965967e+02,-3.809625567115896274e+02,-3.407816840142324821e+01,-2.514527016023110662e+01,-2.429433798967602343e+01,-2.514527016023110662e+01,-2.514307847410103847e+01,-1.342925643452477047e+01,-2.429433798967602343e+01,-1.342925643452477047e+01,-6.709616960445339373e+01
9.530000000000000693e-01,2.130903110973216830e-01,1.826695425781253712e-01,9.731662431721345152e-01,1.084423505631352782e+03,-1.344686266401939747e+02,-2.502855081002016675e+02,-1.344686266401939747e+02,6.492985437034678853e+02,3.645390640788616565e+02,-2.502855081002016675e+02,3.645390640788616565e+02,-3.811006434509214387e+02,-3.441724222774568176e+01,-2.517345936380912619e+01,-2.448297790217647218e+01,-2.517345936380912619e+01,-2.490975208560460175e+01,-1.338661816151107153e+01,-2.448297790217647218e+01,-1.338661816151107153e+01,-6.716013084330356264e+01
9.540000000000000702e-01,2.129103519351265572e-01,1.709452071576011423e-01,9.759864493662094853e-01,1.086903460762348686e+03,-1.347506650183703982e+02,-2.511731230073853567e+02,-1.347506650183703982e+02,6.514540894867990346e+02,3.652100713056058225e+02,-2.511731230073853567e+02,3.652100713056058225e+02,-3.812413685020467824e+02,-3.475603548775252705e+01,-2.520049822868331191e+01,-2.467104278441256326e+01,-2.520049822868331191e+01,-2.467861059177086958e+01,-1.334434685052292835e+01,-2.467104278441256326e+01,-1.334434685052292835e+01,-6.722440648488908721e+01
9.550000000000000711e-01,2.122976898129090850e-01,1.585457805793969444e-01,9.798044844008957366e-01,1.089389219832609115e+03,-1.350299455044373929e+02,-2.520623050444848445e+02,-1.350299455044373929e+02,6.536112371465146680e+02,3.658802927335417507e+02,-2.520623050444848445e+02,3.658802927335417507e+02,-3.813847060019406285e+02,-3.509448724429919508e+01,-2.522640109745102777e+01,-2.485850616741551633e+01,-2.522640109745102777e+01,-2.444966855931036775e+01,-1.330244844436733764e+01,-2.485850616741551633e+01,-1.330244844436733764e+01,-6.728898232625491005e+01
9.560000000000000719e-01,2.114224300899451570e-01,1.456615617196148071e-01,9.843648696738579451e-01,1.091880853273029288e+03,-1.353064870675023883e+02,-2.529530284504712085e+02,-1.353064870675023883e+02,6.557699900462198457e+02,3.665497313962222847e+02,-2.529530284504712085e+02,3.665497313962222847e+02,-3.815306296480918604e+02,-3.543253705167693823e+01,-2.525118266601067063e+01,-2.504534195959160670e+01,-2.525118266601067063e+01,-2.422293928549615316e+01,-1.326092851497569569e+01,-2.504534195959160670e+01,-1.326092851497569569e+01,-6.735384396160839060e+01
9.570000000000000728e-01,2.105013065901514824e-01,1.324558219059284725e-01,9.895878049648766384e-01,1.094378431043829778e+03,-1.355803093196225859e+02,-2.538452677866917782e+02,-1.355803093196225859e+02,6.579303527637190427e+02,3.672183908661656346e+02,-2.538452677866917782e+02,3.672183908661656346e+02,-3.816791127275538997e+02,-3.577012499382035315e+01,-2.527485796485141023e+01,-2.523152446014114858e+01,-2.527485796485141023e+01,-2.399843481912458998e+01,-1.321979226986129774e+01,-2.523152446014114858e+01,-1.321979226986129774e+01,-6.741897680069641297e+01
9.580000000000000737e-01,2.095749441893782761e-01,1.189954000758105535e-01,9.954881238506936292e-01,1.096882022598225376e+03,-1.358514324921887066e+02,-2.547389979510589058e+02,-1.358514324921887066e+02,6.600923310623138605e+02,3.678862752441459634e+02,-2.547389979510589058e+02,3.678862752441459634e+02,-3.818301281457749496e+02,-3.610719172153041967e+01,-2.529744234032883909e+01,-2.541702837195703424e+01,-2.529744234032883909e+01,-2.377616598216467736e+01,-1.317904455876237790e+01,-2.541702837195703424e+01,-1.317904455876237790e+01,-6.748436608706821005e+01
9.590000000000000746e-01,2.086289330840220835e-01,1.053124788808407764e-01,1.002114602249995601e+00,1.099391696847059620e+03,-1.361198774122025270e+02,-2.556341941917479232e+02,-1.361198774122025270e+02,6.622559318617211375e+02,3.685533891482680815e+02,-2.556341941917479232e+02,3.685533891482680815e+02,-3.819836484551725562e+02,-3.644367848867273096e+01,-2.531895143595561137e+01,-2.560182881399245858e+01,-2.531895143595561137e+01,-2.355614239204863480e+01,-1.313868988045625663e+01,-2.560182881399245858e+01,-1.313868988045625663e+01,-6.754999691619586599e+01
9.599999999999999645e-01,2.077140737594166675e-01,9.146848491359499400e-02,1.009484315103791996e+00,1.101907522124438401e+03,-1.363856654784827640e+02,-2.565308321203930859e+02,-1.363856654784827640e+02,6.644211632086619375e+02,3.692197377028441565e+02,-2.565308321203930859e+02,3.692197377028441565e+02,-3.821396458834193481e+02,-3.677952718731502557e+01,-2.533940117373627032e+01,-2.578590133308898658e+01,-2.533940117373627032e+01,-2.333837248455711588e+01,-1.309873238973058740e+01,-2.578590133308898658e+01,-1.309873238973058740e+01,-6.761585425342671840e+01
9.609999999999999654e-01,2.069136925477382816e-01,7.799147891209122496e-02,1.017510344920907084e+00,1.104429566154405393e+03,-1.366488186378334433e+02,-2.574288877247716982e+02,-1.366488186378334433e+02,6.665880342471673430e+02,3.698853265270916495e+02,-2.574288877247716982e+02,3.698853265270916495e+02,-3.822980923614087487e+02,-3.711468038176953144e+01,-2.535880773557384416e+01,-2.596922191525689172e+01,-2.535880773557384416e+01,-2.312286353725157184e+01,-1.305917590449737276e+01,-2.596922191525689172e+01,-1.305917590449737276e+01,-6.768192295174137030e+01
9.619999999999999662e-01,2.062966227962093890e-01,6.493027041439604352e-02,1.026087545785355548e+00,1.106957896018679094e+03,-1.369093593612076347e+02,-2.583283373809674686e+02,-1.369093593612076347e+02,6.687565551886474395e+02,3.705501617236686229e+02,-2.583283373809674686e+02,3.705501617236686229e+02,-3.824589595508693378e+02,-3.744908134150819734e+01,-2.537718754477553418e+01,-2.615176699640070623e+01,-2.537718754477553418e+01,-2.290962169340827970e+01,-1.302002391303599893e+01,-2.615176699640070623e+01,-1.302002391303599893e+01,-6.774818776929281228e+01
9.629999999999999671e-01,2.059174790817587530e-01,5.225681561810648079e-02,1.035125923455401997e+00,1.109492578125494447e+03,-1.371673106198993537e+02,-2.592291578650064139e+02,-1.371673106198993537e+02,6.709267372817714659e+02,3.712142498670665987e+02,-2.592291578650064139e+02,3.712142498670665987e+02,-3.826222188715995003e+02,-3.778267407292321423e+01,-2.539455724768382083e+01,-2.633351347248474639e+01,-2.539455724768382083e+01,-2.269865198640750137e+01,-1.298127958135158977e+01,-2.633351347248474639e+01,-1.298127958135158977e+01,-6.781463338670424434e+01
9.639999999999999680e-01,2.058264268008754561e-01,3.986928582523158182e-02,1.044532639355724379e+00,1.112033678179563594e+03,-1.374226958617947218e+02,-2.601313263639571574e+02,-1.374226958617947218e+02,6.730985927822018766e+02,3.718775979918763142e+02,-2.601313263639571574e+02,3.718775979918763142e+02,-3.827878415282944502e+02,-3.811540334990566947e+01,-2.541093369545806979e+01,-2.651443870913349343e+01,-2.541093369545806979e+01,-2.248995836453261887e+01,-1.294294576063508728e+01,-2.651443870913349343e+01,-1.294294576063508728e+01,-6.788124442410173742e+01
9.649999999999999689e-01,2.061168370607082134e-01,2.745631685440218933e-02,1.054175089494505890e+00,1.114581261153188734e+03,-1.376755389877130540e+02,-2.610348204864914123e+02,-1.376755389877130540e+02,6.752721349222276785e+02,3.725402135809449078e+02,-2.610348204864914123e+02,3.725402135809449078e+02,-3.829557985369390281e+02,-3.844721474321963228e+01,-2.542633392603133302e+01,-2.669452055066336982e+01,-2.542633392603133302e+01,-2.228354371613492546e+01,-1.290502499481202392e+01,-2.669452055066336982e+01,-1.290502499481202392e+01,-6.794800545786176826e+01
9.659999999999999698e-01,2.069384363070548571e-01,1.469773257538861677e-02,1.063836174691884073e+00,1.117135391258543450e+03,-1.379258643278670320e+02,-2.619396182728993949e+02,-1.379258643278670320e+02,6.774473778803383084e+02,3.732021045534407904e+02,-2.619396182728993949e+02,3.732021045534407904e+02,-3.831260607507415443e+02,-3.877805464865056706e+01,-2.544077514626519587e+01,-2.687373732854328168e+01,-2.544077514626519587e+01,-2.207940989511933338e+01,-1.286751952816667810e+01,-2.687373732854328168e+01,-1.286751952816667810e+01,-6.801490103705258150e+01
9.669999999999999707e-01,2.084415876830729430e-01,1.316891233823405671e-03,1.073245784529282432e+00,1.119696131921145025e+03,-1.381736966184711264e+02,-2.628456982045574932e+02,-1.381736966184711264e+02,6.796243367507812536e+02,3.738632792528431992e+02,-2.628456982045574932e+02,3.738632792528431992e+02,-3.832985988855866708e+02,-3.910787031391053148e+01,-2.545427471432558519e+01,-2.705206786928268059e+01,-2.545427471432558519e+01,-2.187755774670874587e+01,-1.283043131302930817e+01,-2.705206786928268059e+01,-1.283043131302930817e+01,-6.808191569955111788e+01
9.679999999999999716e-01,2.107990505270346815e-01,-1.286206392299164836e-02,1.082068488987979027e+00,1.122263545754529559e+03,-1.384190609785249251e+02,-2.637530392128445555e+02,-1.384190609785249251e+02,6.818030275131422968e+02,3.745237464348721232e+02,-2.637530392128445555e+02,3.745237464348721232e+02,-3.834733835449835055e+02,-3.943660986428434967e+01,-2.546685012230037515e+01,-2.722949150174613919e+01,-2.546685012230037515e+01,-2.167798713344417649e+01,-1.279376201751379938e+01,-2.722949150174613919e+01,-1.279376201751379938e+01,-6.814903398781734722e+01
9.689999999999999725e-01,2.141196670115254885e-01,-2.818676739240556783e-02,1.089917867871014634e+00,1.124837694536148092e+03,-1.386619828867981710e+02,-2.646616206875065131e+02,-1.386619828867981710e+02,6.839834670019880605e+02,3.751835152553752550e+02,-2.646616206875065131e+02,3.751835152553752550e+02,-3.836503852444897120e+02,-3.976422232700454629e+01,-2.547851897907928986e+01,-2.740598806389559883e+01,-2.547851897907928986e+01,-2.148069696137954310e+01,-1.275751303329384889e+01,-2.740598806389559883e+01,-1.275751303329384889e+01,-6.821624046430936517e+01
9.699999999999999734e-01,2.185460370472026570e-01,-4.458707012370950046e-02,1.096370160512068592e+00,1.127418639184493713e+03,-1.389024881590425764e+02,-2.655714224844687692e+02,-1.389024881590425764e+02,6.861656728766091646e+02,3.758425952581861225e+02,-2.655714224844687692e+02,3.758425952581861225e+02,-3.838295744355933721e+02,-4.009065765434429807e+01,-2.548929899351495010e+01,-2.758153790896105306e+01,-2.548929899351495010e+01,-2.128568520643070983e+01,-1.272168548340581395e+01,-2.758153790896105306e+01,-1.272168548340581395e+01,-6.828351972652392021e+01
9.709999999999999742e-01,2.242497855326981981e-01,-6.169660925270836066e-02,1.101000985066263649e+00,1.130006439737465598e+03,-1.391406029254542034e+02,-2.664824249330960129e+02,-1.391406029254542034e+02,6.883496635908987855e+02,3.765009963629698291e+02,-2.664824249330960129e+02,3.765009963629698291e+02,-3.840109215290336806e+02,-4.041586674542160296e+01,-2.549920795788343497e+01,-2.775612191104275794e+01,-2.549920795788343497e+01,-2.109294894083953054e+01,-1.268628023006703032e+01,-2.775612191104275794e+01,-1.268628023006703032e+01,-6.835085642164843023e+01
9.719999999999999751e-01,2.313032741156532957e-01,-7.912947341333710638e-02,1.103444634583663486e+00,1.132601155331979498e+03,-1.393763536084098291e+02,-2.673946088429020733e+02,-1.393763536084098291e+02,6.905354583634029950e+02,3.771587288530695901e+02,-2.673946088429020733e+02,3.771587288530695901e+02,-3.841943969175464417e+02,-4.073980146670872671e+01,-2.550826373166088956e+01,-2.792972147014767970e+01,-2.550826373166088956e+01,-2.090248435971466279e+01,-1.265129788249842235e+01,-2.792972147014767970e+01,-1.265129788249842235e+01,-6.841823526081053330e+01
9.729999999999999760e-01,2.396282544964259686e-01,-9.642947330898020419e-02,1.103467702631037106e+00,1.135202844184828564e+03,-1.396097669004985562e+02,-2.683079555097115190e+02,-1.396097669004985562e+02,6.927230771475760776e+02,3.778158033633696391e+02,-2.683079555097115190e+02,3.778158033633696391e+02,-3.843799709980182797e+02,-4.106241467124512923e+01,-2.551648422563236096e+01,-2.810231851666487657e+01,-2.551648422563236096e+01,-2.071428680761216512e+01,-1.261673880474087106e+01,-2.810231851666487657e+01,-1.261673880474087106e+01,-6.848564103291410277e+01
9.739999999999999769e-01,2.491477321319071625e-01,-1.126529420223659067e-01,1.101042394558185311e+00,1.137811563574793581e+03,-1.398408697428693017e+02,-2.692224467212759578e+02,-1.398408697428693017e+02,6.949125406022720881e+02,3.784722308681862160e+02,-2.692224467212759578e+02,3.784722308681862160e+02,-3.845676141930382528e+02,-4.138366021655316018e+01,-2.552388738634727261e+01,-2.827389551528467848e+01,-2.552388738634727261e+01,-2.052835080511999521e+01,-1.258260312345518095e+01,-2.827389551528467848e+01,-1.258260312345518095e+01,-6.855305861805076972e+01
9.749999999999999778e-01,2.596224650141233936e-01,-1.268350780027705238e-01,1.096408202101700535e+00,1.140427369826001950e+03,-1.400696893039136057e+02,-2.701380647623502114e+02,-1.400696893039136057e+02,6.971038700625041429e+02,3.791280226692019255e+02,-2.701380647623502114e+02,3.791280226692019255e+02,-3.847572969718340232e+02,-4.170349298125860571e+01,-2.553049118093526459e+01,-2.844443546836754777e+01,-2.553049118093526459e+01,-2.034467007541184813e+01,-1.254889073569563607e+01,-2.844443546836754777e+01,-1.254889073569563607e+01,-6.862047300047727560e+01
9.759999999999999787e-01,2.707867049658342906e-01,-1.382038172875218462e-01,1.090322125668247377e+00,1.143050318292536076e+03,-1.402962529583019489e+02,-2.710547924192322284e+02,-1.402962529583019489e+02,6.992970875105004325e+02,3.797831903834542118e+02,-2.710547924192322284e+02,3.797831903834542118e+02,-3.849489898705832616e+02,-4.202186888042071899e+01,-2.553631358229471715e+01,-2.861392191876928592e+01,-2.553631358229471715e+01,-2.016323757073678635e+01,-1.251560131664771625e+01,-2.861392191876928592e+01,-1.251560131664771625e+01,-6.868786928114951706e+01
9.769999999999999796e-01,2.821148910473814664e-01,-1.461835040392126805e-01,1.083524715454170950e+00,1.145680463344281407e+03,-1.405205882663900923e+02,-2.719726129837728763e+02,-1.405205882663900923e+02,7.014922155470832195e+02,3.804377459313914187e+02,-2.719726129837728763e+02,3.804377459313914187e+02,-3.851426635120917581e+02,-4.233874487957817223e+01,-2.554137255466558898e+01,-2.878233895213032767e+01,-2.554137255466558898e+01,-1.998404549881294301e+01,-1.248273432732120902e+01,-2.878233895213032767e+01,-1.248273432732120902e+01,-6.875523268980779790e+01
9.779999999999999805e-01,2.929573167516733023e-01,-1.505377860604905360e-01,1.076731365405041441e+00,1.148317858354010241e+03,-1.407427229540119811e+02,-2.728915102568620341e+02,-1.407427229540119811e+02,7.036892773633994693e+02,3.810917015250073518e+02,-2.728915102568620341e+02,3.810917015250073518e+02,-3.853382886248303407e+02,-4.265407900751939962e+01,-2.554568603959646822e+01,-2.894967119863674299e+01,-2.554568603959646822e+01,-1.980708534909410545e+01,-1.245028902218964717e+01,-2.894967119863674299e+01,-1.245028902218964717e+01,-6.882254859660486090e+01
9.789999999999999813e-01,3.026742419584557142e-01,-1.517381110767599683e-01,1.069726393042749635e+00,1.150962555685689267e+03,-1.409626848926728826e+02,-2.738114685513981499e+02,-1.409626848926728826e+02,7.058882967130255111e+02,3.817450696560661640e+02,-2.738114685513981499e+02,3.817450696560661640e+02,-3.855358360613251421e+02,-4.296783036778823828e+01,-2.554927194231536802e+01,-2.911590383426226580e+01,-2.554927194231536802e+01,-1.963234791888006825e+01,-1.241826445676825941e+01,-2.911590383426226580e+01,-1.241826445676825941e+01,-6.888980252327294806e+01
9.799999999999999822e-01,3.105038389192677495e-01,-1.504433309239953664e-01,1.063072810941003032e+00,1.153614606684001956e+03,-1.411805020801569697e+02,-2.747324726947491627e+02,-1.411805020801569697e+02,7.080892978844689196e+02,3.823978630844271720e+02,-2.747324726947491627e+02,3.823978630844271720e+02,-3.857352768158960998e+02,-4.327995914893752172e+01,-2.555214811851219281e+01,-2.928102258150067527e+01,-2.555214811851219281e+01,-1.945982333924247598e+01,-1.238665949512239273e+01,-2.928102258150067527e+01,-1.238665949512239273e+01,-6.895698015382542678e+01
9.809999999999999831e-01,3.159337878833933244e-01,-1.475093833571157476e-01,1.057180275241403677e+00,1.156274061665071258e+03,-1.413962026215608887e+02,-2.756545080307128615e+02,-1.413962026215608887e+02,7.102923056740906986e+02,3.830500948264806880e+02,-2.756545080307128615e+02,3.830500948264806880e+02,-3.859365820417411896e+02,-4.359042663354485114e+01,-2.555433236153999133e+01,-2.944501370959844877e+01,-2.555433236153999133e+01,-1.928950110073936841e+01,-1.235547281729914637e+01,-2.944501370959844877e+01,-1.235547281729914637e+01,-6.902406734478971373e+01
9.819999999999999840e-01,3.187324579731698471e-01,-1.437084750111829734e-01,1.052269080674859358e+00,1.158940969908369425e+03,-1.416098147107649083e+02,-2.765775604209865719e+02,-1.416098147107649083e+02,7.124973453594665216e+02,3.837017781437042458e+02,-2.765775604209865719e+02,3.837017781437042458e+02,-3.861397230673630929e+02,-4.389919520600720659e+01,-2.555584239004116753e+01,-2.960786403429866809e+01,-2.555584239004116753e+01,-1.912137007889316465e+01,-1.232470292667521861e+01,-2.960786403429866809e+01,-1.232470292667521861e+01,-6.909105013496967729e+01
9.829999999999999849e-01,3.190726634085243596e-01,-1.393079851676214120e-01,1.048345185079569974e+00,1.161615379649794249e+03,-1.418213666123514258e+02,-2.775016162461548106e+02,-1.418213666123514258e+02,7.147044426732049942e+02,3.843529265313472933e+02,-2.775016162461548106e+02,3.843529265313472933e+02,-3.863446714123375045e+02,-4.420622835913207638e+01,-2.555669583600355566e+01,-2.976956091710706076e+01,-2.555669583600355566e+01,-1.895541855940786391e+01,-1.229434815721435115e+01,-2.976956091710706076e+01,-1.229434815721435115e+01,-6.915791475473618277e+01
9.839999999999999858e-01,3.170388262235284138e-01,-1.350094825163430934e-01,1.045213110584738647e+00,1.164297338075901735e+03,-1.420308866439796702e+02,-2.784266624062062192e+02,-1.420308866439796702e+02,7.169136237772435152e+02,3.850035537072549801e+02,-2.784266624062062192e+02,3.850035537072549801e+02,-3.865513988024248988e+02,-4.451149069954470150e+01,-2.555691023325056932e+01,-2.993009226409209589e+01,-2.555691023325056932e+01,-1.879163426310279306e+01,-1.226440668062844175e+01,-2.993009226409209589e+01,-1.226440668062844175e+01,-6.922464763484585148e+01
9.849999999999999867e-01,3.128148896488057162e-01,-1.314021047604619352e-01,1.042513717527969730e+00,1.166986891319265169e+03,-1.422384031592242764e+02,-2.793526863205893278e+02,-1.422384031592242764e+02,7.191249152376320808e+02,3.856536736008367257e+02,-2.793526863205893278e+02,3.856536736008367257e+02,-3.867598771840242762e+02,-4.481494795193256664e+01,-2.555650300636844463e+01,-3.008944652423094368e+01,-2.555650300636844463e+01,-1.863000437054158454e+01,-1.223487651343623561e+01,-3.008944652423094368e+01,-1.223487651343623561e+01,-6.929123541478834625e+01
9.859999999999999876e-01,3.066848711254719362e-01,-1.289088972384337117e-01,1.039784007881290107e+00,1.169684084454948788e+03,-1.424439445308847212e+02,-2.802796759278192553e+02,-1.424439445308847212e+02,7.213383439998247013e+02,3.863033003421891181e+02,-2.802796759278192553e+02,3.863033003421891181e+02,-3.869700787379738927e+02,-4.511656696214968321e+01,-2.555549146007291839e+01,-3.024761268731431585e+01,-2.555549146007291839e+01,-1.847051554633623027e+01,-1.220575552391467333e+01,-3.024761268731431585e+01,-1.220575552391467333e+01,-6.935766495066437187e+01
9.869999999999999885e-01,2.990046107768320471e-01,-1.277757853445732616e-01,1.036525413472660251e+00,1.172388961498068738e+03,-1.426475391347710513e+02,-2.812076196846462040e+02,-1.426475391347710513e+02,7.235539373644876378e+02,3.869524482513786552e+02,-2.812076196846462040e+02,3.869524482513786552e+02,-3.871819758927004500e+02,-4.541631569920422606e+01,-2.555389276901660267e+01,-3.040458028142257163e+01,-2.555389276901660267e+01,-1.831315396310765209e+01,-1.217704143893767821e+01,-3.040458028142257163e+01,-1.217704143893767821e+01,-6.942392332259628063e+01
9.879999999999999893e-01,2.901071510000043374e-01,-1.280544145061879580e-01,1.032760336936828338e+00,1.175101565402417691e+03,-1.428492153339706192e+02,-2.821365065647978554e+02,-1.428492153339706192e+02,7.257717229638371919e+02,3.876011318278918338e+02,-2.821365065647978554e+02,3.876011318278918338e+02,-3.873955413367219762e+02,-4.571416325615460607e+01,-2.555172396803740043e+01,-3.056033936998667144e+01,-2.555172396803740043e+01,-1.815790532508509969e+01,-1.214873185069789940e+01,-3.056033936998667144e+01,-1.214873185069789940e+01,-6.948999784167462224e+01
9.889999999999999902e-01,2.803446132265146051e-01,-1.296607760957400046e-01,1.028532877505929477e+00,1.177821938060131743e+03,-1.430490014635994953e+02,-2.830663260573085722e+02,-1.430490014635994953e+02,7.279917287385184181e+02,3.882493657402582699e+02,-2.830663260573085722e+02,3.882493657402582699e+02,-3.876107480305100808e+02,-4.601007984994048172e+01,-2.554900194284793002e+01,-3.071488054844743232e+01,-2.554900194284793002e+01,-1.800475489132861995e+01,-1.212082422330733777e+01,-3.071488054844743232e+01,-1.212082422330733777e+01,-6.955587605644501537e+01
9.899999999999999911e-01,2.698548290520491610e-01,-1.323430713572522066e-01,1.023320353297063834e+00,1.180550120302371170e+03,-1.432469258160416246e+02,-2.839970681644470574e+02,-1.432469258160416246e+02,7.302139829150319201e+02,3.888971648158526477e+02,-2.839970681644470574e+02,3.888971648158526477e+02,-3.878275692177164728e+02,-4.630403682017527700e+01,-2.554574342116440988e+01,-3.086819494052696555e+01,-2.554574342116440988e+01,-1.785368749855938120e+01,-1.209331589927304229e+01,-3.086819494052696555e+01,-1.209331589927304229e+01,-6.962154575893937647e+01
9.909999999999999920e-01,2.588985636925225098e-01,-1.358856096702131810e-01,1.016844692423916063e+00,1.183286151900987534e+03,-1.434430166266768651e+02,-2.849287233992557162e+02,-1.434430166266768651e+02,7.324385139837168026e+02,3.895445440308803313e+02,-2.849287233992557162e+02,3.895445440308803313e+02,-3.880459784357722128e+02,-4.659600662692865569e+01,-2.554196496427324803e+01,-3.102027419412599940e+01,-2.554196496427324803e+01,-1.770468758358436290e+01,-1.206620410584432257e+01,-3.102027419412599940e+01,-1.206620410584432257e+01,-6.968699499025736088e+01
9.919999999999999929e-01,2.477367952902700954e-01,-1.400656832753493786e-01,1.008923408687455447e+00,1.186030071571153940e+03,-1.436373020600997279e+02,-2.858612827827150795e+02,-1.436373020600997279e+02,7.346653506772981927e+02,3.901915185005510125e+02,-2.858612827827150795e+02,3.901915185005510125e+02,-3.882659495258661764e+02,-4.688596284752814825e+01,-2.553768295903287466e+01,-3.117111047686194070e+01,-2.553768295903287466e+01,-1.755773920530312893e+01,-1.203948596122871884e+01,-3.117111047686194070e+01,-1.203948596122871884e+01,-6.975221204570414102e+01
9.929999999999999938e-01,2.365876635363609592e-01,-1.446505250577654889e-01,9.994022601212118051e-01,1.188781916974922297e+03,-1.438298101968280776e+02,-2.867947378405461905e+02,-1.438298101968280776e+02,7.368945219500002395e+02,3.908381034694453433e+02,-2.867947378405461905e+02,3.908381034694453433e+02,-3.884874566423119973e+02,-4.717388017240910614e+01,-2.553291361030708018e+01,-3.132069647126119349e+01,-2.553291361030708018e+01,-1.741282606628522700e+01,-1.201315848067362246e+01,-3.132069647126119349e+01,-1.201315848067362246e+01,-6.981718547949037657e+01
9.939999999999999947e-01,2.259550866891535670e-01,-1.486132710534066592e-01,9.881607459898233969e-01,1.191541724725691211e+03,-1.440205690205018527e+02,-2.877290805996647123e+02,-1.440205690205018527e+02,7.391260569572358463e+02,3.914843143020784737e+02,-2.877290805996647123e+02,3.914843143020784737e+02,-3.887104742613135500e+02,-4.745973440004402732e+01,-2.552767293382623492e+01,-3.146902536962118191e+01,-2.552767293382623492e+01,-1.726993153390833058e+01,-1.198721858241161797e+01,-3.146902536962118191e+01,-1.198721858241161797e+01,-6.988190410900270422e+01
9.949999999999999956e-01,2.158460770983512411e-01,-1.518779167108848804e-01,9.753767695809607563e-01,1.194309530393537443e+03,-1.442096064055696445e+02,-2.886643035843001712e+02,-1.442096064055696445e+02,7.413599850358665435e+02,3.921301664736618022e+02,-2.886643035843001712e+02,3.921301664736618022e+02,-3.889349771891360206e+02,-4.774350243098149349e+01,-2.552197674947144890e+01,-3.161609086855566986e+01,-2.552197674947144890e+01,-1.712903866104806383e+01,-1.196166309346707024e+01,-3.161609086855566986e+01,-1.196166309346707024e+01,-6.994635701865141186e+01
9.959999999999999964e-01,2.062622610868858342e-01,-1.544111631095762827e-01,9.612503552329154655e-01,1.197085368511399111e+03,-1.443969501054614284e+02,-2.896003998117940341e+02,-1.443969501054614284e+02,7.435963356850444370e+02,3.927756755610683967e+02,-2.896003998117940341e+02,3.927756755610683967e+02,-3.891609405696967769e+02,-4.802516226102724772e+01,-2.551584067497689645e+01,-3.176188716323902383e+01,-2.551584067497689645e+01,-1.699013020631192461e+01,-1.193648875532268505e+01,-3.176188716323902383e+01,-1.193648875532268505e+01,-7.001053356330436372e+01
9.969999999999999973e-01,1.972458380706125780e-01,-1.560469286153090551e-01,9.459789912971753312e-01,1.199869272582066287e+03,-1.445826277412444369e+02,-2.905373627880908884e+02,-1.445826277412444369e+02,7.458351385476305495e+02,3.934208572340036199e+02,-2.905373627880908884e+02,3.934208572340036199e+02,-3.893883398915846215e+02,-4.830469297359813652e+01,-2.550928012004401424e+01,-3.190640894136305050e+01,-2.550928012004401424e+01,-1.685318865381012543e+01,-1.191169222944417072e+01,-3.190640894136305050e+01,-1.191169222944417072e+01,-7.007442337131506349e+01
9.979999999999999982e-01,1.888655117514592141e-01,-1.566048455205487355e-01,9.297462757921556298e-01,1.202661275085953775e+03,-1.447666667907579097e+02,-2.914751865029352871e+02,-1.447666667907579097e+02,7.480764233921906907e+02,3.940657272463815843e+02,-2.914751865029352871e+02,3.940657272463815843e+02,-3.896171509945187950e+02,-4.858207473128223342e+01,-2.550231028086173168e+01,-3.204965137682206944e+01,-2.550231028086173168e+01,-1.671819623245803754e+01,-1.188727010266227602e+01,-3.204965137682206944e+01,-1.188727010266227602e+01,-7.013801634715467515e+01
9.989999999999999991e-01,1.812259796956919855e-01,-1.559600141315873323e-01,9.127172968345743653e-01,1.205461407489625799e+03,-1.449490945782238782e+02,-2.924138654247902309e+02,-1.449490945782238782e+02,7.503202200955714716e+02,3.947103014279121567e+02,-2.924138654247902309e+02,3.947103014279121567e+02,-3.898473500752618293e+02,-4.885728876663685583e+01,-2.549494613502580265e+01,-3.219161012313991677e+01,-2.549494613502580265e+01,-1.658513493480517198e+01,-1.186321889241107819e+01,-3.219161012313991677e+01,-1.186321889241107819e+01,-7.020130267365685484e+01
1.000000000000000000e+00,1.744863372817136438e-01,-1.540358724070990948e-01,8.950399037005237757e-01,1.208268965739820715e+03,-1.451299247865501059e+02,-2.933537879463385138e+02,-1.451299247865501059e+02,7.525668984720751951e+02,3.953546493220119942e+02,-2.933537879463385138e+02,3.953546493220119942e+02,-3.900791121493735432e+02,-4.913031737225788476e+01,-2.548720243685019682e+01,-3.233228130665422384e+01,-2.548720243685019682e+01,-1.645398653538719813e+01,-1.183953505182221555e+01,-3.233228130665422384e+01,-1.183953505182221555e+01,-7.026427281388562562e+01
